dataTime,locType,longitude,latitude,heading,accuracy,speed,distance,isBackForeground,stepType,altitude
1789394550,1,-123.120364,49.263672,0.000000,2.001133,-1.000000,0.000000,1,0,64.230324
1789404440,1,-123.119615,49.263395,0.000000,20.263364,-1.000000,62.618580,1,0,29.311518
1789404481,1,-123.118874,49.263301,0.000000,27.012434,1.276877,54.937771,1,0,30.783272
1789404518,1,-123.118041,49.263269,0.000000,22.392863,-1.000000,60.734528,1,0,29.581636
1789404580,1,-123.117112,49.263259,0.000000,23.422824,-1.000000,67.626689,1,0,28.182704
1789404611,1,-123.116174,49.263218,0.000000,19.219557,-1.000000,68.424705,1,0,27.947822
1789404688,1,-123.115615,49.263251,0.000000,15.056552,0.380410,40.852160,1,0,24.929050
1789404757,1,-123.114922,49.262954,0.000000,25.235995,-1.000000,60.293084,1,0,27.182251
1789405277,1,-123.115656,49.263233,0.000000,16.742854,-1.000000,61.781644,1,0,30.595980
1789405319,1,-123.116636,49.263321,0.000000,24.307885,-1.000000,71.997883,1,0,26.981928
1789405612,1,-123.117438,49.263193,0.000000,21.124405,-1.000000,60.084535,1,0,27.795403
1789405656,1,-123.117923,49.263331,0.000000,18.031385,1.482534,38.492903,1,0,28.706087
1789405703,1,-123.119020,49.263275,0.000000,18.225855,-1.000000,80.088002,1,0,28.635090
1789405748,1,-123.120045,49.263254,0.000000,19.505909,-1.000000,74.641488,1,0,30.349133
1789409504,1,-123.120785,49.263564,0.000000,32.207283,-1.000000,63.950509,1,0,27.988030
1789409562,1,-123.121567,49.263370,0.000000,8.000000,5.850939,60.870251,1,0,34.360667
1789409571,1,-123.122303,49.263373,0.000000,8.000000,3.808109,53.571070,1,0,35.496428
1789409584,1,-123.122617,49.263366,0.000000,8.000000,0.027565,22.867865,1,0,36.222541
1789409610,1,-123.123339,49.263398,0.000000,8.000000,4.687124,52.671425,1,0,37.903346
1789409679,1,-123.124120,49.263430,0.000000,8.000000,5.482888,56.956705,1,0,39.950515
1789409689,1,-123.124891,49.263436,0.000000,8.000000,5.920039,56.121536,1,0,41.172827
1789409697,1,-123.125620,49.263440,0.000000,8.000000,4.810108,53.062459,1,0,43.105557
1789409729,1,-123.125936,49.263445,0.000000,8.000000,0.011932,23.006928,1,0,43.515015
1789409746,1,-123.126528,49.263456,0.000000,8.000000,1.836681,43.106366,1,0,45.380344
1789409765,1,-123.126544,49.264065,0.000000,8.000000,6.803635,67.740303,1,0,39.958226
1789409774,1,-123.126544,49.264569,0.000000,8.000000,5.837217,56.052614,1,0,36.028059
1789409785,1,-123.126540,49.264996,0.000000,8.000000,2.025579,47.489866,1,0,27.532261
1789409800,1,-123.126504,49.265445,0.000000,8.000000,4.198654,50.004351,1,0,20.592180
1789409814,1,-123.126467,49.265867,0.000000,7.452754,1.425893,47.009983,1,0,11.555049
1789409830,1,-123.125320,49.265944,0.000000,2.205908,12.625421,83.922573,1,0,11.526235
1789409837,1,-123.124032,49.265927,0.000000,2.986562,12.331103,93.766277,1,0,11.872368
1789409845,1,-123.122755,49.265933,0.000000,2.024376,11.789703,92.948975,1,0,11.827065
1789409853,1,-123.122000,49.265917,0.000000,2.067774,2.749441,54.981556,1,0,11.422771
1789409867,1,-123.120935,49.265894,0.000000,2.010669,9.771083,77.558330,1,0,12.133798
1789409875,1,-123.119952,49.265877,0.000000,6.842686,9.002447,71.572738,1,0,12.077011
1789409882,1,-123.118940,49.265863,0.000000,7.975111,10.079291,73.674983,1,0,11.884450
1789409889,1,-123.117895,49.265859,0.000000,7.999599,11.257960,76.061736,1,0,11.712883
1789409896,1,-123.116814,49.265874,0.000000,7.999995,11.121448,78.698380,1,0,11.603659
1789409903,1,-123.116156,49.265991,0.000000,8.000000,2.202491,49.628793,1,0,11.173806
1789409952,1,-123.115228,49.266383,0.000000,8.000000,11.805672,80.392194,1,0,10.042426
1789409958,1,-123.114303,49.266848,0.000000,8.000000,12.858736,84.895560,1,0,9.181944
1789409964,1,-123.113582,49.267208,0.000000,4.299302,7.114984,66.007098,1,0,7.573192
1789409984,1,-123.112739,49.267619,0.000000,4.321621,10.205298,76.512253,1,0,7.390590
1789409991,1,-123.111856,49.268048,0.000000,7.946767,11.375004,80.043055,1,0,6.881503
1789409998,1,-123.110999,49.268489,0.000000,7.999295,11.235123,79.349566,1,0,6.659420
1789410005,1,-123.110108,49.268895,0.000000,7.999990,11.262695,79.016825,1,0,6.295110
1789410013,1,-123.109658,49.269129,0.000000,8.000000,0.910965,41.830830,1,0,6.254189
1789410051,1,-123.108534,49.269282,0.000000,8.000000,13.145782,83.552891,1,0,6.767260
1789410058,1,-123.107266,49.269253,0.000000,8.000000,12.283663,92.338166,1,0,7.080525
1789410065,1,-123.106035,49.269232,0.000000,2.102300,12.884277,89.619498,1,0,7.356865
1789410072,1,-123.105260,49.269209,0.000000,2.098005,4.709206,56.460510,1,0,7.249428
1789410087,1,-123.104197,49.269188,0.000000,2.097492,11.767875,77.397699,1,0,8.371747
1789410094,1,-123.103179,49.269195,0.000000,2.124578,7.847508,74.091561,1,0,7.883126
1789410103,1,-123.102822,49.269192,0.000000,2.031967,0.160889,25.983700,1,0,7.726984
1789410131,1,-123.102547,49.269734,0.000000,5.252412,4.888865,63.514233,1,0,6.730893
1789410143,1,-123.102512,49.270481,0.000000,8.043444,11.138662,83.116693,1,0,7.466886
1789410149,1,-123.102276,49.271144,0.000000,8.000791,12.206081,75.709541,1,0,7.279017
1789410157,1,-123.101829,49.271941,0.000000,8.141042,13.757161,94.419632,1,0,6.659695
1789410163,1,-123.101625,49.272569,0.000000,8.002434,9.308166,71.403595,1,0,5.934531
1789410177,1,-123.101000,49.272872,0.000000,8.000098,4.707879,56.608601,1,0,6.079669
1789410196,1,-123.100143,49.272739,0.000000,8.000013,8.237635,64.100261,1,0,6.818598
1789410203,1,-123.099415,49.272617,0.000000,8.000001,4.768028,54.691755,1,0,5.905245
1789410213,1,-123.098365,49.272441,0.000000,8.000000,10.121676,78.883395,1,0,5.924287
1789410220,1,-123.097378,49.272279,0.000000,8.000000,11.092640,74.056388,1,0,6.052469
1789410227,1,-123.096278,49.272093,0.000000,5.149617,11.881798,82.684614,1,0,6.229049
1789410233,1,-123.095296,49.271924,0.000000,2.062057,12.751109,73.897652,1,0,6.398402
1789410239,1,-123.094277,49.271746,0.000000,2.001035,12.820262,76.756968,1,0,6.377540
1789410246,1,-123.092975,49.271524,0.000000,2.045470,14.154537,97.920027,1,0,7.532751
1789410252,1,-123.091842,49.271327,0.000000,2.337018,13.740656,85.317970,1,0,7.280835
1789410258,1,-123.090805,49.271146,0.000000,2.333501,12.836648,78.108707,1,0,7.359352
1789410264,1,-123.089788,49.270971,0.000000,2.039849,12.790370,76.530828,1,0,7.243767
1789410271,1,-123.088547,49.270779,0.000000,2.012408,13.830532,92.806754,1,0,6.975023
1789410278,1,-123.087270,49.270550,0.000000,2.072206,13.282124,96.363288,1,0,6.316410
1789410284,1,-123.086182,49.270369,0.000000,2.280131,14.426482,81.700566,1,0,6.153292
1789410290,1,-123.085002,49.270188,0.000000,2.360937,14.449767,88.205110,1,0,6.667474
1789410297,1,-123.083796,49.269998,0.000000,2.386339,13.021593,90.277462,1,0,7.698589
1789410304,1,-123.082612,49.269804,0.000000,2.079830,15.795247,88.828665,1,0,11.696956
1789410310,1,-123.081505,49.269658,0.000000,2.004763,13.100853,82.184727,1,0,14.739942
1789410316,1,-123.080617,49.269639,0.000000,2.047710,9.290206,64.661008,1,0,15.930847
1789410352,1,-123.079857,49.269636,0.000000,2.393930,5.475012,55.311951,1,0,14.750209
1789410362,1,-123.079241,49.269635,0.000000,2.647982,1.965626,44.831112,1,0,15.447284
1789410395,1,-123.078382,49.269632,0.000000,2.996800,8.463851,62.516815,1,0,15.643787
1789410402,1,-123.077498,49.269628,0.000000,3.080331,8.292777,64.336903,1,0,15.781376
1789410411,1,-123.076416,49.269623,0.000000,3.093476,11.003538,78.747318,1,0,20.803760
1789410418,1,-123.075444,49.269612,0.000000,3.110822,9.537277,70.750455,1,0,26.206309
1789410425,1,-123.074430,49.269610,0.000000,3.101445,10.711209,73.796937,1,0,31.870606
1789410432,1,-123.073945,49.269602,0.000000,3.112748,0.502420,35.308425,1,0,34.122351
1789410464,1,-123.072966,49.269602,0.000000,3.138610,10.276834,71.249460,1,0,37.948059
1789410471,1,-123.071739,49.269593,0.000000,3.240380,14.070298,89.304005,1,0,40.188125
1789410477,1,-123.070786,49.269575,0.000000,3.249907,8.473379,69.386179,1,0,42.348302
1789410495,1,-123.069846,49.269565,0.000000,3.225306,8.288054,68.420259,1,0,47.146637
1789410502,1,-123.068702,49.269558,0.000000,3.311217,14.030183,83.261592,1,0,48.916004
1789410508,1,-123.067533,49.269550,0.000000,3.357299,14.297990,85.082069,1,0,49.487796
1789410515,1,-123.066214,49.269543,0.000000,3.375835,12.179698,95.997219,1,0,42.874531
1789410522,1,-123.065063,49.269532,0.000000,3.356848,12.078252,83.776276,1,0,44.788838
1789410528,1,-123.064005,49.269528,0.000000,3.350265,13.479429,77.000327,1,0,49.842606
1789410535,1,-123.062855,49.269520,0.000000,3.325575,13.178276,83.699384,1,0,51.523333
1789410541,1,-123.061903,49.269511,0.000000,3.323297,11.050095,69.291878,1,0,55.273263
1789410548,1,-123.061396,49.269507,0.000000,3.304942,0.271214,36.901138,1,0,56.630996
1789410562,1,-123.060232,49.269488,0.000000,3.547941,10.623041,84.739972,1,0,56.104538
1789410570,1,-123.059059,49.269480,0.000000,3.648380,10.059102,85.373262,1,0,56.888125
1789410577,1,-123.058438,49.269468,0.000000,3.713688,2.419623,45.214861,1,0,57.728565
1789410599,1,-123.057624,49.269448,0.000000,3.601506,7.249442,59.283080,1,0,60.240403
1789410606,1,-123.056629,49.269420,0.000000,3.678059,12.462837,72.481124,1,0,63.526029
1789410612,1,-123.055404,49.269411,0.000000,3.747407,15.592560,89.158796,1,0,62.907307
1789410618,1,-123.054132,49.269409,0.000000,3.761511,15.051581,92.573975,1,0,57.972447
1789410624,1,-123.052908,49.269406,0.000000,3.769822,14.725285,89.080932,1,0,55.328312
1789410631,1,-123.051627,49.269406,0.000000,3.754201,12.931825,93.228634,1,0,55.184222
1789410637,1,-123.050560,49.269405,0.000000,3.744989,12.797397,77.654224,1,0,56.142893
1789410644,1,-123.049329,49.269406,0.000000,3.735748,12.388869,89.589826,1,0,57.678396
1789410650,1,-123.048567,49.269405,0.000000,3.732332,5.626754,55.456982,1,0,58.619356
1789410680,1,-123.047741,49.269410,0.000000,3.947828,6.215286,60.117249,1,0,60.145476
1789410696,1,-123.046979,49.269406,0.000000,3.921475,3.909169,55.458677,1,0,61.126759
1789410712,1,-123.046295,49.269400,0.000000,3.835150,2.904625,49.784683,1,0,62.152074
1789410739,1,-123.045534,49.269412,0.000000,3.602821,5.275592,55.400215,1,0,64.399752
1789410749,1,-123.045066,49.269406,0.000000,3.576003,0.825530,34.066697,1,0,65.165392
1789410793,1,-123.043884,49.269403,0.000000,3.404419,13.640833,86.024421,1,0,69.523845
1789410800,1,-123.042567,49.269399,0.000000,3.508636,13.460385,95.849891,1,0,69.741298
1789410806,1,-123.041453,49.269397,0.000000,3.525130,13.646824,81.075185,1,0,68.068585
1789410812,1,-123.040297,49.269399,0.000000,3.511027,13.884351,84.131813,1,0,63.111199
1789410819,1,-123.038969,49.269400,0.000000,3.508294,13.672432,96.649349,1,0,58.453002
1789410824,1,-123.037823,49.269397,0.000000,3.486607,14.014586,83.404278,1,0,53.275520
1789410830,1,-123.036676,49.269398,0.000000,3.492437,13.534571,83.476400,1,0,48.787175
1789410837,1,-123.035647,49.269393,0.000000,3.490405,7.341047,74.890562,1,0,48.484708
1789410847,1,-123.035216,49.269387,0.000000,3.629904,0.535579,31.374388,1,0,48.737600
1789410864,1,-123.034016,49.269383,0.000000,3.789897,10.988442,87.334653,1,0,47.808677
1789410871,1,-123.032913,49.269384,0.000000,3.815136,12.027789,80.274101,1,0,42.900270
1789410879,1,-123.031826,49.269385,0.000000,3.829799,8.721507,79.109589,1,0,37.035558
1789410887,1,-123.030768,49.269379,0.000000,3.783804,10.007919,77.001786,1,0,33.190959
1789410895,1,-123.029532,49.269380,0.000000,3.732336,11.599332,89.953343,1,0,27.607475
1789410902,1,-123.028460,49.269299,0.000000,3.618801,10.550998,78.536033,1,0,23.516130
1789410909,1,-123.027711,49.268703,0.000000,3.324325,13.419305,85.819627,1,0,26.175608
1789410916,1,-123.027227,49.267989,0.000000,3.304303,16.218854,86.869785,1,0,29.255257
1789410921,1,-123.026773,49.267225,0.000000,3.313039,18.480535,91.166748,1,0,28.476583
1789410926,1,-123.026465,49.266435,0.000000,3.390291,17.774793,90.674529,1,0,28.458092
1789410932,1,-123.026247,49.265437,0.000000,3.416438,19.919764,112.121213,1,0,30.274973
1789410938,1,-123.026128,49.264347,0.000000,3.420627,20.324259,121.533848,1,0,32.079080
1789410943,1,-123.025882,49.263269,0.000000,3.413301,20.412267,121.219876,1,0,33.908442
1789410948,1,-123.025320,49.262379,0.000000,3.404953,21.665293,107.100969,1,0,34.972824
1789410954,1,-123.024389,49.261458,0.000000,3.400946,20.570393,122.815259,1,0,35.479558
1789410960,1,-123.023187,49.260617,0.000000,3.398270,21.496989,128.071641,1,0,36.527834
1789410965,1,-123.022159,49.259914,0.000000,3.394853,21.741829,108.218722,1,0,37.764236
1789410970,1,-123.021113,49.259200,0.000000,3.393597,21.921135,110.008460,1,0,38.517656
1789410975,1,-123.020051,49.258477,0.000000,3.389369,23.145499,111.542357,1,0,38.262200
1789410980,1,-123.018814,49.257803,0.000000,3.379873,23.189652,117.161477,1,0,35.088960
1789410984,1,-123.017675,49.257485,0.000000,3.375710,22.498984,90.138341,1,0,33.096984
1789410989,1,-123.016172,49.257373,0.000000,3.369764,21.970664,110.113542,1,0,32.613460
1789410994,1,-123.014751,49.257475,0.000000,3.369097,20.129889,104.057960,1,0,31.739677
1789410999,1,-123.013385,49.257577,0.000000,3.362859,20.111967,100.079176,1,0,29.517944
1789411004,1,-123.011957,49.257592,0.000000,3.354082,21.199159,103.960638,1,0,26.294988
1789411009,1,-123.010466,49.257579,0.000000,3.352402,21.919179,108.542737,1,0,23.165758
1789411015,1,-123.008630,49.257562,0.000000,3.355343,22.635371,133.659720,1,0,21.135752
1789411019,1,-123.007357,49.257552,0.000000,3.352240,23.425241,92.671035,1,0,20.645000
1789411024,1,-123.005748,49.257547,0.000000,3.351078,23.453361,117.123825,1,0,20.413137
1789411028,1,-123.004461,49.257554,0.000000,3.346417,23.435281,93.686675,1,0,19.993801
1789411032,1,-123.003165,49.257550,0.000000,3.355014,24.215602,94.339613,1,0,19.737360
1789411036,1,-123.001799,49.257561,0.000000,3.346272,24.800931,99.441534,1,0,19.626538
1789411042,1,-123.000110,49.257597,0.000000,3.344945,24.636133,123.011035,1,0,20.151899
1789411047,1,-122.998412,49.257658,0.000000,3.343485,24.787133,123.787032,1,0,19.750274
1789411051,1,-122.997024,49.257720,0.000000,3.343057,26.104150,101.270453,1,0,19.535448
1789411056,1,-122.995227,49.257776,0.000000,3.343881,25.956934,130.955591,1,0,20.356652
1789411059,1,-122.993793,49.257795,0.000000,3.343614,26.084205,104.405273,1,0,20.914665
1789411063,1,-122.992356,49.257798,0.000000,3.342630,26.019919,104.602805,1,0,21.452405
1789411068,1,-122.990578,49.257784,0.000000,3.342965,25.784358,129.433779,1,0,23.761856
1789411072,1,-122.989153,49.257816,0.000000,3.340356,25.951858,103.789862,1,0,26.066023
1789411076,1,-122.987719,49.257815,0.000000,3.337509,26.154245,104.384049,1,0,27.747715
1789411080,1,-122.986276,49.257810,0.000000,3.335475,26.260820,105.040608,1,0,28.113785
1789411084,1,-122.984828,49.257756,0.000000,3.330543,26.418376,105.574045,1,0,26.943699
1789411088,1,-122.983398,49.257565,0.000000,3.326966,26.470247,106.238123,1,0,24.766851
1789411092,1,-122.982062,49.257241,0.000000,3.328013,25.475846,103.711395,1,0,24.253149
1789411096,1,-122.980836,49.256801,0.000000,3.322700,25.529720,101.778926,1,0,25.661458
1789411101,1,-122.979445,49.256087,0.000000,3.318338,25.838125,128.677637,1,0,27.834350
1789411105,1,-122.978493,49.255393,0.000000,3.314447,25.988034,103.728067,1,0,29.399218
1789411109,1,-122.977697,49.254614,0.000000,3.310302,26.102803,104.226979,1,0,30.664298
1789411113,1,-122.976970,49.253796,0.000000,3.305791,26.339414,105.248843,1,0,30.492203
1789411118,1,-122.976066,49.252774,0.000000,3.303818,26.218692,131.339369,1,0,29.301728
1789411122,1,-122.975347,49.251958,0.000000,3.303529,26.163293,104.764426,1,0,28.456981
1789411126,1,-122.974628,49.251145,0.000000,3.302309,26.114939,104.475525,1,0,27.446897
1789411130,1,-122.973910,49.250332,0.000000,3.301280,26.088655,104.439053,1,0,26.219442
1789411134,1,-122.973187,49.249514,0.000000,3.308716,26.338245,105.102636,1,0,25.374724
1789411139,1,-122.972243,49.248454,0.000000,3.314173,27.557199,136.459871,1,0,24.296920
1789411143,1,-122.971486,49.247600,0.000000,3.315956,27.357038,109.810587,1,0,23.703908
1789411148,1,-122.970541,49.246532,0.000000,3.315671,27.543539,137.265684,1,0,23.428292
1789411152,1,-122.969782,49.245675,0.000000,3.315169,27.506417,110.172244,1,0,23.199108
1789411156,1,-122.969030,49.244836,0.000000,3.313948,26.017880,108.186234,1,0,22.503272
1789411160,1,-122.968288,49.244137,0.000000,3.312583,22.246788,94.666900,1,0,21.525681
1789411166,1,-122.967350,49.243439,0.000000,3.315547,19.966034,103.397079,1,0,20.407205
1789411171,1,-122.966302,49.242848,0.000000,3.311385,21.098618,100.713831,1,0,19.603640
1789411176,1,-122.965298,49.242413,0.000000,3.306736,13.336955,87.663473,1,0,18.585262
1789411183,1,-122.964265,49.242062,0.000000,3.426387,9.291764,84.743431,1,0,17.709959
1789411191,1,-122.963511,49.241862,0.000000,3.493222,5.921245,59.236553,1,0,17.835977
1789411202,1,-122.962646,49.241678,0.000000,3.502039,6.929275,66.225196,1,0,17.657381
1789411212,1,-122.961742,49.241506,0.000000,3.498902,6.644669,68.547221,1,0,18.102263
1789411222,1,-122.960758,49.241320,0.000000,3.495450,9.717037,74.575569,1,0,19.283142
1789411230,1,-122.959663,49.241102,0.000000,3.493213,11.227450,83.336293,1,0,20.574452
1789411236,1,-122.958680,49.240885,0.000000,3.544206,12.987004,75.535513,1,0,22.072947
1789411243,1,-122.957486,49.240589,0.000000,3.620817,12.971764,92.963990,1,0,22.766765
1789411249,1,-122.956571,49.240335,0.000000,3.632430,11.900060,72.366293,1,0,23.415251
1789411255,1,-122.955602,49.240049,0.000000,3.632799,13.326649,77.395150,1,0,23.835065
1789411261,1,-122.954542,49.239732,0.000000,3.630785,14.817006,84.853759,1,0,24.438244
1789411267,1,-122.953321,49.239367,0.000000,3.630137,18.093908,97.735092,1,0,25.285298
1789411272,1,-122.952033,49.238983,0.000000,3.633210,22.138844,103.050667,1,0,26.334452
1789411276,1,-122.950866,49.238632,0.000000,3.702050,23.435809,93.519648,1,0,26.486667
1789411280,1,-122.949678,49.238272,0.000000,3.738485,24.153613,95.327496,1,0,26.383004
1789411285,1,-122.948109,49.237825,0.000000,3.754207,25.534098,124.603691,1,0,26.750845
1789411290,1,-122.946403,49.237446,0.000000,3.757098,26.304191,131.189454,1,0,26.858691
1789411295,1,-122.944645,49.237167,0.000000,3.757613,26.461593,131.727083,1,0,25.785453
1789411300,1,-122.942829,49.236992,0.000000,3.758159,26.991978,133.668558,1,0,24.646199
1789411304,1,-122.941326,49.236891,0.000000,3.756536,27.544742,110.025759,1,0,23.897650
1789411309,1,-122.939475,49.236763,0.000000,3.756360,26.135166,135.542403,1,0,23.367948
1789411314,1,-122.937739,49.236644,0.000000,3.757100,25.448339,127.109166,1,0,24.120045
1789411319,1,-122.936023,49.236528,0.000000,3.756196,24.808055,125.626058,1,0,25.178748
1789411323,1,-122.934687,49.236437,0.000000,3.755123,24.286391,97.814664,1,0,25.783153
1789411327,1,-122.933379,49.236351,0.000000,3.753661,23.751345,95.729684,1,0,25.933321
1789411331,1,-122.932084,49.236302,0.000000,3.753412,23.585681,94.461330,1,0,25.895042
1789411335,1,-122.930775,49.236318,0.000000,3.751388,24.035882,95.340112,1,0,25.493992
1789411340,1,-122.929112,49.236444,0.000000,3.750603,24.540152,121.910400,1,0,25.056642
1789411345,1,-122.927448,49.236688,0.000000,3.750706,24.975967,124.176509,1,0,24.592663
1789411349,1,-122.926138,49.236968,0.000000,3.750136,25.119829,100.350206,1,0,24.198493
1789411354,1,-122.924526,49.237431,0.000000,3.752293,25.868463,128.185465,1,0,23.507203
1789411359,1,-122.922954,49.238029,0.000000,3.751863,26.833168,132.392435,1,0,23.111736
1789411363,1,-122.921743,49.238609,0.000000,3.749064,27.493764,109.260130,1,0,22.608145
1789411367,1,-122.920598,49.239257,0.000000,3.746615,27.520306,110.208982,1,0,22.336308
1789411372,1,-122.919186,49.240077,0.000000,3.744573,27.489694,137.439149,1,0,22.520190
1789411376,1,-122.918061,49.240731,0.000000,3.742720,27.320520,109.553135,1,0,22.819558
1789411380,1,-122.916935,49.241382,0.000000,3.741655,27.394539,109.386489,1,0,23.166830
1789411385,1,-122.915520,49.242203,0.000000,3.739211,27.526860,137.676422,1,0,23.666259
1789411390,1,-122.914110,49.243019,0.000000,3.740051,27.289282,137.035241,1,0,24.094128
1789411394,1,-122.912975,49.243676,0.000000,3.736885,27.535175,110.319486,1,0,24.439521
1789411399,1,-122.911556,49.244491,0.000000,3.736358,27.494929,137.445439,1,0,25.087821
1789411404,1,-122.910016,49.245206,0.000000,3.732615,27.570564,137.466748,1,0,26.330440
1789411409,1,-122.908305,49.245715,0.000000,3.727376,27.625871,136.842349,1,0,30.112257
1789411413,1,-122.906885,49.245981,0.000000,3.722135,26.662836,107.544659,1,0,32.946736
1789411417,1,-122.905454,49.246104,0.000000,3.715598,26.215896,105.090881,1,0,33.541216
1789411421,1,-122.904010,49.246081,0.000000,3.707926,26.632521,105.174447,1,0,31.693320
1789411425,1,-122.902536,49.245901,0.000000,3.703748,27.752778,109.178687,1,0,28.262642
1789411430,1,-122.900720,49.245514,0.000000,3.701432,27.802336,139.058364,1,0,24.555568
1789411435,1,-122.898983,49.245064,0.000000,3.702952,27.022249,136.019369,1,0,23.552739
1789411439,1,-122.897647,49.244622,0.000000,3.703101,27.382197,108.993907,1,0,25.087178
1789411444,1,-122.896054,49.243973,0.000000,3.703964,27.428240,136.616244,1,0,29.039212
1789411449,1,-122.894533,49.243243,0.000000,3.701569,27.477133,137.320358,1,0,33.224732
1789411454,1,-122.893072,49.242458,0.000000,3.698080,27.649675,137.618757,1,0,36.846065
1789411459,1,-122.891672,49.241625,0.000000,3.694571,27.564366,137.747064,1,0,36.558887
1789411464,1,-122.890256,49.240784,0.000000,3.691521,27.974962,139.207644,1,0,33.638741
1789411468,1,-122.889143,49.240102,0.000000,3.690577,27.651208,110.999146,1,0,31.227352
1789411473,1,-122.887772,49.239257,0.000000,3.688766,27.378382,137.102938,1,0,27.688135
1789411478,1,-122.886398,49.238418,0.000000,3.687521,27.375542,136.813696,1,0,24.535249
1789411482,1,-122.885299,49.237743,0.000000,3.686182,27.488718,109.728950,1,0,21.803979
1789411486,1,-122.884197,49.237061,0.000000,3.685475,27.652238,110.421639,1,0,19.143043
1789411490,1,-122.883090,49.236378,0.000000,3.684147,27.687204,110.762732,1,0,16.523840
1789411494,1,-122.881952,49.235722,0.000000,3.681735,27.477957,110.409540,1,0,13.609237
1789411499,1,-122.880380,49.235046,0.000000,3.675743,27.310394,136.955393,1,0,10.425196
1789411503,1,-122.879019,49.234636,0.000000,3.673188,27.172180,109.096058,1,0,8.720605
1789411507,1,-122.877620,49.234296,0.000000,3.675293,27.366182,108.668143,1,0,8.720883
1789411511,1,-122.876173,49.234012,0.000000,3.671921,27.512575,110.004456,1,0,8.527232
1789411516,1,-122.874326,49.233748,0.000000,3.670029,27.533273,137.681553,1,0,8.118193
1789411520,1,-122.872839,49.233577,0.000000,3.669924,27.495926,109.953374,1,0,8.024740
1789411524,1,-122.871349,49.233411,0.000000,3.669898,27.469580,110.073946,1,0,8.143178
1789411528,1,-122.869863,49.233242,0.000000,3.681847,27.513001,109.843366,1,0,8.103167
1789411532,1,-122.868374,49.233069,0.000000,3.739258,27.539380,110.135479,1,0,8.080904
1789411537,1,-122.866514,49.232856,0.000000,3.765900,27.492440,137.516989,1,0,8.070384
1789411541,1,-122.865028,49.232687,0.000000,3.773023,27.502803,109.843366,1,0,8.186891
1789411546,1,-122.863168,49.232476,0.000000,3.776129,27.476987,137.478854,1,0,8.483233
1789411551,1,-122.861306,49.232265,0.000000,3.776623,27.550515,137.622381,1,0,8.625159
1789411556,1,-122.859443,49.232054,0.000000,3.776627,27.515626,137.694144,1,0,8.494449
1789411561,1,-122.857583,49.231844,0.000000,3.776098,27.511900,137.459917,1,0,8.416151
1789411565,1,-122.856097,49.231670,0.000000,3.775500,27.544519,109.939886,1,0,8.426555
1789411569,1,-122.854617,49.231479,0.000000,3.774609,27.438677,109.859620,1,0,8.639244
1789411574,1,-122.852752,49.231273,0.000000,3.771963,27.556398,137.744092,1,0,8.302885
1789411579,1,-122.850882,49.231117,0.000000,3.771060,27.434704,137.290258,1,0,8.686351
1789411583,1,-122.849380,49.231007,0.000000,3.770591,27.542113,110.070619,1,0,8.569328
1789411587,1,-122.847881,49.230894,0.000000,3.770918,27.461745,109.891142,1,0,8.394048
1789411591,1,-122.846389,49.230750,0.000000,3.774545,27.523883,109.834210,1,0,8.362715
1789411596,1,-122.844529,49.230541,0.000000,3.770238,27.500475,137.441064,1,0,8.482583
1789411600,1,-122.843051,49.230344,0.000000,3.816198,27.440287,109.847864,1,0,9.383400
1789411604,1,-122.841577,49.230129,0.000000,3.849898,27.459214,109.980234,1,0,9.839034
1789411609,1,-122.839726,49.229899,0.000000,3.865456,27.263699,137.211285,1,0,11.392689
1789411613,1,-122.838262,49.229732,0.000000,3.871317,27.089914,108.226813,1,0,15.836503
1789411617,1,-122.836782,49.229564,0.000000,3.870835,27.488601,109.393971,1,0,18.695446
1789411622,1,-122.834906,49.229351,0.000000,3.867635,27.878335,138.665210,1,0,19.200244
1789411626,1,-122.833393,49.229184,0.000000,3.863784,27.965831,111.744237,1,0,17.068495
1789411631,1,-122.831505,49.228956,0.000000,3.862176,27.949878,139.819184,1,0,11.742816
1789411635,1,-122.830022,49.228744,0.000000,3.863485,27.391811,110.559190,1,0,9.159577
1789411640,1,-122.828225,49.228482,0.000000,3.868006,26.721182,134.090591,1,0,8.643610
1789411645,1,-122.826407,49.228254,0.000000,3.866902,27.051160,134.821981,1,0,10.886238
1789411649,1,-122.824944,49.228069,0.000000,3.866988,27.154047,108.527352,1,0,13.928174
1789411653,1,-122.823499,49.227808,0.000000,3.861946,27.508545,109.177624,1,0,16.345440
1789411658,1,-122.821711,49.227402,0.000000,3.860586,27.568590,137.836609,1,0,18.282124
1789411662,1,-122.820329,49.227022,0.000000,3.859889,27.200855,109.171405,1,0,21.638768
1789411667,1,-122.818722,49.226395,0.000000,3.855767,27.390041,136.244952,1,0,26.700826
1789411671,1,-122.817543,49.225786,0.000000,3.853597,27.468297,109.369372,1,0,30.593554
1789411675,1,-122.816494,49.225080,0.000000,3.850270,27.479544,109.557233,1,0,34.435129
1789411680,1,-122.815438,49.224063,0.000000,3.848324,27.444499,136.780108,1,0,39.174019
1789411684,1,-122.814770,49.223181,0.000000,3.847259,27.456434,109.497553,1,0,42.998074
1789411689,1,-122.814166,49.222017,0.000000,3.845327,27.523231,136.726650,1,0,47.812346
1789411693,1,-122.813808,49.221060,0.000000,3.843823,27.453705,109.580985,1,0,51.577962
1789411697,1,-122.813445,49.220101,0.000000,3.842126,27.525507,109.884176,1,0,55.009386
1789411701,1,-122.813064,49.219137,0.000000,3.839505,27.797891,110.745339,1,0,56.948200
1789411705,1,-122.812670,49.218175,0.000000,3.836647,27.662855,110.772272,1,0,57.353871
1789411709,1,-122.812281,49.217210,0.000000,3.834867,27.817122,111.000991,1,0,55.954607
1789411714,1,-122.811787,49.215996,0.000000,3.852881,28.039003,139.729061,1,0,52.264813
1789411718,1,-122.811371,49.215033,0.000000,3.905439,27.672404,111.305247,1,0,49.006711
1789411722,1,-122.810951,49.214092,0.000000,3.926246,27.081264,109.034360,1,0,45.746679
1789411726,1,-122.810520,49.213155,0.000000,3.934118,27.095544,108.836719,1,0,43.882067
1789411731,1,-122.809723,49.212062,0.000000,3.937260,26.907396,134.715274,1,0,45.068985
1789411735,1,-122.808848,49.211278,0.000000,3.938858,26.993680,108.012755,1,0,47.567403
1789411739,1,-122.807880,49.210539,0.000000,3.937396,27.127962,108.300212,1,0,52.008374
1789411743,1,-122.806910,49.209793,0.000000,3.936180,27.300186,108.986704,1,0,56.878107
1789411747,1,-122.805958,49.209036,0.000000,3.937154,27.383482,109.082362,1,0,61.713000
1789411751,1,-122.805031,49.208259,0.000000,3.935400,27.480255,109.681322,1,0,66.570119
1789411755,1,-122.804130,49.207466,0.000000,3.934140,27.554321,109.947094,1,0,71.530579
1789411759,1,-122.803260,49.206661,0.000000,3.934232,27.482950,109.699900,1,0,76.556633
1789411763,1,-122.802413,49.205846,0.000000,3.933065,27.470568,109.657568,1,0,81.273593
1789411767,1,-122.801586,49.205022,0.000000,3.933970,27.467680,109.679029,1,0,86.138424
1789411772,1,-122.800565,49.203981,0.000000,3.930814,27.567311,137.618239,1,0,90.650419
1789411776,1,-122.799741,49.203151,0.000000,3.929096,27.622579,110.121269,1,0,92.782139
1789411780,1,-122.798931,49.202313,0.000000,3.927075,27.640238,110.318917,1,0,93.931713
1789411785,1,-122.797924,49.201264,0.000000,3.924664,27.503272,137.825792,1,0,93.466326
1789411789,1,-122.797111,49.200427,0.000000,3.924842,27.586247,110.342202,1,0,92.313527
1789411793,1,-122.796260,49.199610,0.000000,3.922532,27.492978,110.009261,1,0,90.518727
1789411798,1,-122.795133,49.198616,0.000000,3.934766,27.563657,137.717283,1,0,88.619492
1789411802,1,-122.794199,49.197828,0.000000,3.985889,27.757804,110.968907,1,0,86.806640
1789411806,1,-122.793223,49.197052,0.000000,4.005337,27.974375,111.839451,1,0,83.893257
1789411810,1,-122.792128,49.196349,0.000000,4.011167,27.804735,111.721580,1,0,80.345830
1789411814,1,-122.790967,49.195730,0.000000,4.015423,26.931096,109.082888,1,0,79.122612
1789411819,1,-122.789423,49.195054,0.000000,4.015291,27.194454,135.333448,1,0,77.411678
1789411823,1,-122.788063,49.194624,0.000000,4.013614,27.628151,110.052811,1,0,74.509122
1789411828,1,-122.786244,49.194241,0.000000,4.013772,27.756847,139.246913,1,0,72.638666
1789411832,1,-122.784823,49.193913,0.000000,4.008908,27.364429,109.801629,1,0,72.067520
1789411836,1,-122.783428,49.193549,0.000000,4.006603,27.413477,109.433165,1,0,70.224123
1789411841,1,-122.781675,49.193097,0.000000,4.005673,27.493195,137.307190,1,0,68.215878
1789411845,1,-122.780242,49.192745,0.000000,4.004491,28.533631,111.545081,1,0,66.382154
1789411849,1,-122.778757,49.192386,0.000000,4.003621,28.887127,115.368963,1,0,63.800264
1789411853,1,-122.777281,49.192014,0.000000,4.005573,28.696924,115.264688,1,0,62.328208
1789411857,1,-122.775817,49.191644,0.000000,4.004267,28.479122,114.368491,1,0,60.860401
1789411861,1,-122.774355,49.191270,0.000000,4.003371,28.717069,114.393461,1,0,59.120056
1789411866,1,-122.772517,49.190808,0.000000,4.003708,28.652832,143.484843,1,0,58.445196
1789411871,1,-122.770676,49.190341,0.000000,4.003341,28.790081,143.888804,1,0,58.524714
1789411875,1,-122.769197,49.189965,0.000000,4.001926,28.894493,115.628865,1,0,58.616016
1789411879,1,-122.767718,49.189593,0.000000,4.000987,28.886960,115.468731,1,0,58.738089
1789411884,1,-122.765867,49.189124,0.000000,4.000280,28.918201,144.648855,1,0,58.622097
1789411889,1,-122.764020,49.188657,0.000000,3.999305,28.903139,144.296737,1,0,58.038902
1789411894,1,-122.762189,49.188194,0.000000,3.999315,28.339118,143.060820,1,0,57.346532
1789411899,1,-122.760379,49.187747,0.000000,3.998865,28.246880,140.996474,1,0,56.672817
1789411903,1,-122.758915,49.187393,0.000000,3.997775,28.481940,113.750153,1,0,56.021570
1789411907,1,-122.757448,49.187036,0.000000,3.998061,28.592563,114.071050,1,0,56.737571
1789411911,1,-122.755964,49.186672,0.000000,3.996512,28.935217,115.504165,1,0,58.105021
1789411916,1,-122.754110,49.186219,0.000000,3.996187,28.892052,144.234127,1,0,59.789153
1789411920,1,-122.752627,49.185856,0.000000,3.997619,28.850782,115.396996,1,0,61.137292
1789411925,1,-122.750772,49.185395,0.000000,4.062120,28.923552,144.615531,1,0,62.828415
1789411929,1,-122.749289,49.185027,0.000000,4.083523,28.868909,115.592762,1,0,64.155254
1789411933,1,-122.747806,49.184663,0.000000,4.091909,28.874196,115.436030,1,0,65.545253
1789411937,1,-122.746322,49.184298,0.000000,4.094757,28.870436,115.543350,1,0,66.979248
1789411942,1,-122.744455,49.183854,0.000000,4.094378,29.006223,144.778213,1,0,67.246237
1789411947,1,-122.742597,49.183399,0.000000,4.093908,28.861868,144.597513,1,0,66.493964
1789411951,1,-122.741113,49.183031,0.000000,4.093578,28.921685,115.670762,1,0,65.921491
1789411956,1,-122.739260,49.182572,0.000000,4.093174,28.907397,144.412723,1,0,65.260244
1789411961,1,-122.737420,49.182088,0.000000,4.093133,28.852475,144.538782,1,0,64.558159
1789411966,1,-122.735583,49.181602,0.000000,4.091959,28.942066,144.418910,1,0,63.830936
1789411971,1,-122.733744,49.181116,0.000000,4.094090,28.884621,144.554117,1,0,63.383112
1789411975,1,-122.732273,49.180729,0.000000,4.091225,28.930617,115.555051,1,0,62.888033
1789411979,1,-122.730800,49.180341,0.000000,4.089594,29.032643,115.731777,1,0,60.896064
1789411983,1,-122.729319,49.179949,0.000000,4.088813,29.072678,116.438936,1,0,58.424303
1789411987,1,-122.727839,49.179560,0.000000,4.088057,29.101537,116.246713,1,0,55.910845
1789411991,1,-122.726370,49.179167,0.000000,4.087742,28.887345,115.670083,1,0,53.438340
1789411995,1,-122.724907,49.178777,0.000000,4.101646,28.796469,115.139068,1,0,50.962633
1789411999,1,-122.723438,49.178396,0.000000,4.153796,28.750107,115.182440,1,0,48.519767
1789412003,1,-122.721976,49.178013,0.000000,4.173893,28.641234,114.790321,1,0,46.640389
1789412007,1,-122.720524,49.177632,0.000000,4.181638,28.593310,114.030721,1,0,44.875212
1789412011,1,-122.719065,49.177248,0.000000,4.184837,28.712047,114.628558,1,0,43.048153
1789412015,1,-122.717599,49.176862,0.000000,4.185652,28.851011,115.185023,1,0,41.220395
1789412019,1,-122.716129,49.176475,0.000000,4.185668,28.957047,115.497069,1,0,39.419530
1789412023,1,-122.714655,49.176085,0.000000,4.184354,28.970467,115.892181,1,0,38.092438
1789412027,1,-122.713180,49.175696,0.000000,4.183675,29.009971,115.918216,1,0,36.419026
1789412031,1,-122.711697,49.175317,0.000000,4.183204,29.011962,116.050987,1,0,35.001150
1789412035,1,-122.710209,49.174958,0.000000,4.182967,28.803758,115.603785,1,0,33.992477
1789412040,1,-122.708379,49.174491,0.000000,4.181760,28.642970,143.177673,1,0,32.212349
1789412044,1,-122.706930,49.174083,0.000000,4.179331,28.950138,114.978981,1,0,29.342023
1789412049,1,-122.705107,49.173567,0.000000,4.179686,28.749300,144.786124,1,0,27.926330
1789412053,1,-122.703658,49.173181,0.000000,4.178926,28.467152,114.044901,1,0,27.703724
1789412057,1,-122.702196,49.172798,0.000000,4.224620,28.792501,114.799437,1,0,26.664478
1789412061,1,-122.700730,49.172411,0.000000,4.252775,28.820693,115.235726,1,0,25.443115
1789412066,1,-122.698895,49.171928,0.000000,4.265045,28.916933,144.182649,1,0,24.120167
1789412070,1,-122.697412,49.171559,0.000000,4.266891,28.908959,115.661163,1,0,23.085000
1789412075,1,-122.695556,49.171102,0.000000,4.267198,28.858687,144.562977,1,0,21.676049
1789412079,1,-122.694088,49.170712,0.000000,4.267195,28.893526,115.495811,1,0,20.612513
1789412084,1,-122.692258,49.170212,0.000000,4.266647,28.908154,144.560927,1,0,19.269564
1789412089,1,-122.690436,49.169715,0.000000,4.266450,28.794661,143.894144,1,0,19.201201
1789412093,1,-122.688980,49.169307,0.000000,4.266010,28.908208,115.457242,1,0,18.967378
1789412097,1,-122.687508,49.168921,0.000000,4.265586,28.907653,115.600208,1,0,18.790570
1789412101,1,-122.686038,49.168534,0.000000,4.265332,28.839829,115.516407,1,0,18.945830
1789412105,1,-122.684577,49.168139,0.000000,4.264077,28.821329,115.243807,1,0,19.324887
1789412109,1,-122.683103,49.167761,0.000000,4.263254,28.877047,115.418850,1,0,19.578308
1789412113,1,-122.681624,49.167389,0.000000,4.262021,28.885805,115.517854,1,0,19.985576
1789412117,1,-122.680145,49.167015,0.000000,4.261763,28.910090,115.597707,1,0,20.311712
1789412121,1,-122.678665,49.166638,0.000000,4.260888,28.916492,115.786153,1,0,20.667673
1789412125,1,-122.677187,49.166264,0.000000,4.260315,28.892503,115.529684,1,0,21.268808
1789412129,1,-122.675713,49.165890,0.000000,4.259997,28.821516,115.257607,1,0,22.090724
1789412134,1,-122.673870,49.165423,0.000000,4.259293,28.762821,144.085987,1,0,23.544761
1789412139,1,-122.672142,49.164772,0.000000,23.192260,28.888020,145.331349,1,0,25.125134
1789412144,1,-122.670184,49.164478,0.000000,4.256101,28.956119,146.482175,1,0,26.835656
1789412149,1,-122.668350,49.163994,0.000000,4.256451,28.779374,144.169249,1,0,27.584815
1789412154,1,-122.666535,49.163483,0.000000,4.254077,28.886653,144.055091,1,0,28.794522
1789412158,1,-122.665100,49.163047,0.000000,4.253405,28.876437,115.344512,1,0,30.577739
1789412163,1,-122.663280,49.162536,0.000000,4.251381,28.837004,144.390331,1,0,33.274825
1789412167,1,-122.661812,49.162151,0.000000,4.250342,28.742374,115.308548,1,0,36.286366
1789412171,1,-122.660357,49.161750,0.000000,4.249011,28.913072,115.106475,1,0,39.816831
1789412175,1,-122.658909,49.161341,0.000000,4.244689,28.536786,114.985089,1,0,42.006736
1789412180,1,-122.657134,49.160857,0.000000,4.244094,27.731071,140.199370,1,0,43.720022
1789412184,1,-122.655730,49.160490,0.000000,4.244113,27.629510,110.231530,1,0,45.897534
1789412189,1,-122.653944,49.160011,0.000000,4.243028,28.832701,140.729142,1,0,48.791144
1789412193,1,-122.652472,49.159627,0.000000,4.241236,28.865847,115.538590,1,0,51.209622
1789412197,1,-122.651004,49.159237,0.000000,4.240188,28.891106,115.516505,1,0,53.855430
1789412201,1,-122.649535,49.158850,0.000000,4.239455,28.889465,115.459364,1,0,56.259766
1789412206,1,-122.647698,49.158364,0.000000,4.238817,28.878486,144.481278,1,0,59.403949
1789412210,1,-122.646228,49.157977,0.000000,4.238318,28.875729,115.537409,1,0,61.816203
1789412215,1,-122.644386,49.157492,0.000000,4.240005,28.972030,144.778205,1,0,63.998410
1789412220,1,-122.642551,49.156999,0.000000,4.301577,28.905583,144.639467,1,0,65.690161
1789412224,1,-122.641085,49.156605,0.000000,4.321893,28.878215,115.559747,1,0,67.131676
1789412228,1,-122.639616,49.156214,0.000000,4.328841,28.887473,115.636402,1,0,68.393143
1789412233,1,-122.637781,49.155727,0.000000,4.331500,28.937070,144.387938,1,0,69.927640
1789412237,1,-122.636312,49.155338,0.000000,4.332022,28.887752,115.552995,1,0,71.346774
1789412241,1,-122.634840,49.154948,0.000000,4.331390,28.915650,115.797560,1,0,72.204770
1789412246,1,-122.633042,49.154473,0.000000,4.330237,27.919041,141.385857,1,0,72.005948
1789412250,1,-122.631630,49.154098,0.000000,4.329895,27.720710,111.114936,1,0,70.541804
1789412255,1,-122.629867,49.153633,0.000000,4.328615,27.722120,138.602275,1,0,68.023831
1789412259,1,-122.628446,49.153256,0.000000,4.328142,28.176346,111.816789,1,0,65.792911
1789412263,1,-122.626987,49.152871,0.000000,4.327158,28.947388,114.720317,1,0,63.554109
1789412267,1,-122.625507,49.152480,0.000000,4.326725,29.178024,116.390536,1,0,61.271397
1789412271,1,-122.624021,49.152087,0.000000,4.325971,29.187921,116.879594,1,0,59.009207
1789412275,1,-122.622547,49.151694,0.000000,4.327100,28.894223,116.068155,1,0,56.878852
1789412279,1,-122.621084,49.151305,0.000000,4.325813,28.710453,115.157296,1,0,54.584990
1789412283,1,-122.619634,49.150904,0.000000,4.323887,28.753956,114.790823,1,0,52.145354
1789412287,1,-122.618205,49.150462,0.000000,4.322165,28.910470,115.250567,1,0,49.804719
1789412291,1,-122.616786,49.149990,0.000000,4.321779,29.129103,116.061516,1,0,47.425555
1789412295,1,-122.615467,49.149505,0.000000,4.320231,26.073391,110.304874,1,0,43.725112
1789412299,1,-122.614348,49.149073,0.000000,4.318435,22.385995,94.717299,1,0,39.113042
1789412304,1,-122.613125,49.148599,0.000000,4.378134,19.775068,103.624768,1,0,34.501575
1789412309,1,-122.611912,49.148127,0.000000,4.422168,21.455256,102.891433,1,0,30.283277
1789412314,1,-122.610579,49.147608,0.000000,4.434667,23.264239,113.087585,1,0,25.677011
1789412318,1,-122.609455,49.147169,0.000000,4.438026,24.187115,95.434677,1,0,22.790233
1789412322,1,-122.608305,49.146726,0.000000,4.438117,24.352717,97.293809,1,0,21.078793
1789412327,1,-122.606887,49.146174,0.000000,4.437092,24.090310,120.293215,1,0,19.863296
1789412331,1,-122.605742,49.145723,0.000000,4.436563,24.588214,97.434396,1,0,18.595935
1789412335,1,-122.604572,49.145258,0.000000,4.434960,24.966223,99.800301,1,0,17.421827
1789412339,1,-122.603396,49.144796,0.000000,4.434146,25.367666,100.003086,1,0,16.100366
1789412343,1,-122.602184,49.144320,0.000000,4.432735,25.868492,103.056224,1,0,15.059175
1789412348,1,-122.600636,49.143715,0.000000,4.432372,26.420081,131.457422,1,0,13.342278
1789412353,1,-122.599092,49.143106,0.000000,4.431799,26.298694,131.445063,1,0,13.459247
1789412357,1,-122.597855,49.142615,0.000000,4.431044,26.355645,105.486776,1,0,14.082654
1789412361,1,-122.596600,49.142125,0.000000,4.429233,26.611608,106.555689,1,0,14.374886
1789412365,1,-122.595365,49.141640,0.000000,4.427779,26.071549,105.017688,1,0,14.546374
1789412370,1,-122.593862,49.141045,0.000000,4.426830,25.400042,128.079253,1,0,14.826139
1789412375,1,-122.592430,49.140448,0.000000,4.420599,24.246026,123.792022,1,0,14.975784
1789412379,1,-122.591333,49.140009,0.000000,4.417742,22.696358,93.754247,1,0,14.995575
1789412384,1,-122.590197,49.139567,0.000000,4.419352,17.278501,96.364657,1,0,14.707151
1789412389,1,-122.589172,49.139191,0.000000,4.480545,16.947844,85.682436,1,0,16.371942
1789412395,1,-122.587994,49.138728,0.000000,4.501901,16.290628,100.192740,1,0,18.438697
1789412401,1,-122.586823,49.138247,0.000000,4.501517,17.497479,100.810029,1,0,20.321398
1789412406,1,-122.585740,49.137823,0.000000,4.495520,18.661375,92.024620,1,0,21.941658
1789412412,1,-122.584387,49.137292,0.000000,4.493305,19.340253,115.040867,1,0,24.222779
1789412418,1,-122.582960,49.136736,0.000000,4.490525,20.565971,121.102721,1,0,26.035653
1789412423,1,-122.581781,49.136274,0.000000,4.487757,19.860101,100.205696,1,0,26.781419
1789412429,1,-122.580371,49.135714,0.000000,4.491734,20.239613,120.267605,1,0,27.757705
1789412435,1,-122.578891,49.135136,0.000000,4.485646,21.321858,125.677356,1,0,29.456931
1789412440,1,-122.577572,49.134619,0.000000,4.479605,22.709723,112.112636,1,0,30.594704
1789412445,1,-122.576203,49.134103,0.000000,4.477510,22.928499,115.204521,1,0,31.541576
1789412449,1,-122.575087,49.133688,0.000000,4.472496,23.619508,93.603139,1,0,32.008407
1789412453,1,-122.574023,49.133206,0.000000,7.451677,22.872324,94.353097,1,0,32.629968
1789412458,1,-122.572626,49.132743,0.000000,4.467221,23.194677,114.213870,1,0,33.495681
1789412463,1,-122.571264,49.132228,0.000000,4.464840,23.215340,114.715092,1,0,35.064048
1789412467,1,-122.570158,49.131787,0.000000,4.463416,23.408908,94.444884,1,0,37.361205
1789412471,1,-122.569078,49.131340,0.000000,4.461981,23.596642,93.182923,1,0,40.130976
1789412475,1,-122.567937,49.130891,0.000000,4.459624,24.551959,97.091420,1,0,42.798206
1789412479,1,-122.566770,49.130429,0.000000,4.459118,25.094048,99.462598,1,0,45.760958
1789412484,1,-122.565272,49.129843,0.000000,4.458056,25.387745,127.270960,1,0,49.482932
1789412488,1,-122.564105,49.129384,0.000000,4.457711,24.613025,99.290759,1,0,52.135519
1789412493,1,-122.562633,49.128805,0.000000,4.456538,24.643361,125.243050,1,0,55.635878
1789412497,1,-122.561472,49.128348,0.000000,4.452858,24.673565,98.808036,1,0,57.729992
1789412501,1,-122.560281,49.127885,0.000000,4.451429,25.588129,101.030468,1,0,59.073981
1789412505,1,-122.559079,49.127411,0.000000,4.450282,25.584765,102.346726,1,0,59.256633
1789412510,1,-122.557594,49.126826,0.000000,4.448916,25.340619,126.409037,1,0,59.198688
1789412514,1,-122.556384,49.126356,0.000000,4.447985,25.697456,102.620333,1,0,59.244396
1789412518,1,-122.555157,49.125872,0.000000,4.446936,26.078536,104.483506,1,0,59.247656
1789412523,1,-122.553589,49.125259,0.000000,4.446271,27.219229,133.206227,1,0,59.160010
1789412528,1,-122.551960,49.124617,0.000000,4.470843,27.692463,138.682493,1,0,59.025555
1789412532,1,-122.550646,49.124100,0.000000,4.508348,28.089306,111.816427,1,0,58.273418
1789412536,1,-122.549314,49.123574,0.000000,4.522636,28.552772,113.465885,1,0,57.929882
1789412541,1,-122.547620,49.122910,0.000000,4.528970,28.628830,144.019548,1,0,57.745296
1789412545,1,-122.546286,49.122383,0.000000,4.531493,28.499187,113.648299,1,0,57.386750
1789412550,1,-122.544623,49.121729,0.000000,4.531737,28.316427,141.506819,1,0,58.060988
1789412554,1,-122.543289,49.121206,0.000000,4.531061,28.370974,113.419540,1,0,58.711653
1789412558,1,-122.541959,49.120684,0.000000,4.531064,28.205124,113.111887,1,0,59.894339
1789412562,1,-122.540630,49.120163,0.000000,4.529682,28.220473,112.992212,1,0,62.421487
1789412567,1,-122.538975,49.119511,0.000000,4.528537,28.240248,140.891815,1,0,68.324287
1789412571,1,-122.537645,49.118988,0.000000,4.527914,28.286658,113.169207,1,0,72.859889
1789412575,1,-122.536340,49.118474,0.000000,4.528233,27.410533,111.097920,1,0,77.196795
1789412580,1,-122.534733,49.117844,0.000000,4.527179,27.241292,136.639601,1,0,82.751303
1789412585,1,-122.533113,49.117207,0.000000,4.524812,27.808536,137.853730,1,0,86.103453
1789412589,1,-122.531781,49.116686,0.000000,4.523223,28.472539,113.189257,1,0,87.099055
1789412593,1,-122.530448,49.116159,0.000000,4.522932,28.422478,113.594829,1,0,87.643799
1789412598,1,-122.528782,49.115504,0.000000,4.522105,28.307343,141.763162,1,0,88.086312
1789412602,1,-122.527449,49.114981,0.000000,4.520762,28.323205,113.365963,1,0,88.559116
1789412607,1,-122.525785,49.114328,0.000000,4.518906,28.328451,141.523690,1,0,89.239670
1789412612,1,-122.524118,49.113675,0.000000,4.519714,28.274358,141.721616,1,0,89.611074
1789412616,1,-122.522815,49.113159,0.000000,4.518908,27.425212,111.095473,1,0,90.047094
1789412621,1,-122.521232,49.112535,0.000000,4.517554,26.836197,134.803331,1,0,90.640177
1789412625,1,-122.519995,49.112050,0.000000,4.516657,26.129053,105.189874,1,0,90.967833
1789412629,1,-122.518746,49.111562,0.000000,4.516055,26.924140,106.113213,1,0,91.387611
1789412633,1,-122.517452,49.111050,0.000000,4.515350,28.002224,110.303119,1,0,91.997891
1789412638,1,-122.515785,49.110396,0.000000,4.514355,28.373790,141.778700,1,0,92.509153
1789412642,1,-122.514454,49.109874,0.000000,4.514320,28.300863,113.191574,1,0,93.180745
1789412646,1,-122.513124,49.109349,0.000000,4.514586,28.312865,113.300490,1,0,93.531621
1789412650,1,-122.511809,49.108833,0.000000,4.515021,27.200489,111.854705,1,0,93.889505
1789412655,1,-122.510331,49.108287,0.000000,4.508947,23.402594,123.824344,1,0,93.703950
1789412660,1,-122.508980,49.107766,0.000000,4.520608,22.828524,114.399487,1,0,93.792426
1789412664,1,-122.507900,49.107339,0.000000,16.920658,23.389516,92.049292,1,0,93.603883
1789412668,1,-122.506633,49.107086,0.000000,4.533866,23.599405,96.691810,1,0,93.745795
1789412672,1,-122.505473,49.106672,0.000000,4.532255,24.504951,96.400955,1,0,94.334255
1789412677,1,-122.503978,49.106084,0.000000,4.530758,26.085053,127.243802,1,0,94.964600
1789412681,1,-122.502731,49.105580,0.000000,4.529294,27.035620,106.917559,1,0,95.257725
1789412685,1,-122.501441,49.105079,0.000000,4.528628,27.519199,109.433207,1,0,95.648797
1789412689,1,-122.500118,49.104593,0.000000,4.527509,27.621656,110.689615,1,0,96.000276
1789412693,1,-122.498802,49.104099,0.000000,4.519347,27.783238,110.682803,1,0,96.203443
1789412697,1,-122.497493,49.103567,0.000000,4.720267,28.361734,112.413853,1,0,96.658822
1789412701,1,-122.496188,49.103015,0.000000,4.748523,28.359807,113.354629,1,0,97.049594
1789412705,1,-122.494864,49.102482,0.000000,4.748651,28.391136,113.404749,1,0,97.002235
1789412709,1,-122.493547,49.101946,0.000000,4.748652,28.264611,113.144730,1,0,97.237797
1789412713,1,-122.492229,49.101412,0.000000,4.748652,28.218851,113.089845,1,0,97.838076
1789412717,1,-122.490913,49.100920,0.000000,4.748652,27.198335,110.581400,1,0,98.486201
1789412721,1,-122.489646,49.100451,0.000000,4.748652,26.405801,106.207396,1,0,99.283640
1789412725,1,-122.488392,49.099972,0.000000,4.748652,26.555462,105.936397,1,0,100.072297
1789412729,1,-122.487134,49.099478,0.000000,4.748652,26.935440,107.035587,1,0,100.962973
1789412734,1,-122.485547,49.098842,0.000000,4.491857,27.183093,135.764739,1,0,101.679231
1789412738,1,-122.484276,49.098330,0.000000,4.490423,27.306638,108.893068,1,0,101.667343
1789412743,1,-122.482692,49.097706,0.000000,4.488750,26.619726,134.896781,1,0,100.823866
1789412747,1,-122.481494,49.097229,0.000000,4.486966,24.538630,102.314864,1,0,99.789440
1789412752,1,-122.480127,49.096709,0.000000,4.485731,22.820409,115.370768,1,0,98.822229
1789412756,1,-122.479018,49.096290,0.000000,4.483967,23.637866,93.437394,1,0,98.470682
1789412760,1,-122.477895,49.095851,0.000000,4.482808,24.060203,95.443373,1,0,97.862652
1789412764,1,-122.476732,49.095394,0.000000,4.482269,25.175429,98.977657,1,0,97.515801
1789412769,1,-122.475216,49.094803,0.000000,4.481353,25.964352,128.751623,1,0,96.897596
1789412773,1,-122.473996,49.094322,0.000000,4.481213,26.085608,103.920242,1,0,96.157593
1789412777,1,-122.472765,49.093838,0.000000,4.480103,26.311568,104.780759,1,0,95.351485
1789412782,1,-122.471225,49.093231,0.000000,4.479165,26.127362,131.178359,1,0,95.583329
1789412786,1,-122.469998,49.092751,0.000000,4.478652,25.989269,104.309657,1,0,96.166455
1789412790,1,-122.468778,49.092269,0.000000,4.477344,26.030100,103.985254,1,0,96.555927
1789412794,1,-122.467554,49.091787,0.000000,4.476315,26.022676,104.235704,1,0,97.077978
1789412798,1,-122.466322,49.091307,0.000000,4.475600,26.259417,104.623581,1,0,97.581804
1789412802,1,-122.465078,49.090815,0.000000,4.474734,26.609823,106.060601,1,0,98.114575
1789412806,1,-122.463812,49.090319,0.000000,4.475017,27.045645,107.667490,1,0,98.443402
1789412810,1,-122.462542,49.089807,0.000000,4.525966,27.169410,108.838771,1,0,99.041318
1789412814,1,-122.461273,49.089297,0.000000,4.551061,27.201443,108.660277,1,0,99.683660
1789412818,1,-122.459997,49.088783,0.000000,4.560488,27.386443,109.328627,1,0,100.469453
1789412822,1,-122.458726,49.088275,0.000000,4.562203,27.024831,108.677064,1,0,101.222711
1789412827,1,-122.457174,49.087656,0.000000,4.563131,26.234007,132.628261,1,0,101.974217
1789412832,1,-122.455694,49.087021,0.000000,4.561332,25.450202,129.126680,1,0,102.493472
1789412837,1,-122.454296,49.086384,0.000000,4.551681,24.907058,124.282160,1,0,102.754092
1789412841,1,-122.453151,49.085862,0.000000,4.543006,25.778573,101.808206,1,0,103.140062
1789412845,1,-122.451963,49.085327,0.000000,4.539400,26.665013,105.214541,1,0,103.876003
1789412849,1,-122.450714,49.084797,0.000000,4.536746,27.319747,108.615708,1,0,104.773499
1789412854,1,-122.449119,49.084168,0.000000,4.531238,27.159159,135.891915,1,0,105.476662
1789412858,1,-122.447854,49.083667,0.000000,4.531189,26.856141,107.898945,1,0,106.048259
1789412862,1,-122.446601,49.083174,0.000000,4.530588,26.545270,106.697385,1,0,106.367132
1789412866,1,-122.445355,49.082685,0.000000,4.530205,26.493192,106.030186,1,0,106.757616
1789412870,1,-122.444089,49.082186,0.000000,4.529276,27.447499,107.855009,1,0,107.365499
1789412874,1,-122.442764,49.081662,0.000000,4.528679,28.389377,112.981408,1,0,108.046390
1789412878,1,-122.441433,49.081137,0.000000,4.528340,28.334981,113.414360,1,0,108.779202
1789412882,1,-122.440103,49.080615,0.000000,4.542200,28.320360,113.180256,1,0,109.369748
1789412886,1,-122.438771,49.080094,0.000000,4.584724,28.223429,113.248768,1,0,109.916122
1789412890,1,-122.437455,49.079579,0.000000,4.601033,27.811265,111.903132,1,0,110.659574
1789412894,1,-122.436155,49.079069,0.000000,4.607547,27.578753,110.614488,1,0,111.515975
1789412898,1,-122.434861,49.078561,0.000000,4.609115,27.528761,110.124157,1,0,112.318840
1789412902,1,-122.433576,49.078054,0.000000,4.609483,27.241648,109.511270,1,0,112.635865
1789412906,1,-122.432304,49.077555,0.000000,4.609128,27.061413,108.239337,1,0,112.870068
1789412910,1,-122.431021,49.077019,0.000000,4.605601,28.353376,111.082908,1,0,112.816179
1789412914,1,-122.429681,49.076500,0.000000,4.604451,28.431764,113.646835,1,0,112.976805
1789412918,1,-122.428381,49.075964,0.000000,4.603032,27.801874,112.132908,1,0,113.190068
1789412922,1,-122.427111,49.075450,0.000000,4.601906,26.870329,108.979629,1,0,114.351892
1789412928,1,-122.425561,49.074838,0.000000,4.600767,26.180727,132.120769,1,0,116.101558
1789412932,1,-122.424336,49.074361,0.000000,4.599960,25.945054,104.037438,1,0,117.539722
1789412937,1,-122.422824,49.073755,0.000000,4.597997,25.888623,129.400441,1,0,119.393367
1789412942,1,-122.421305,49.073152,0.000000,4.598213,25.927395,129.673681,1,0,121.639741
1789412947,1,-122.419789,49.072568,0.000000,4.595552,25.375522,128.404528,1,0,123.800396
1789412951,1,-122.418619,49.072125,0.000000,4.595228,24.176987,98.667441,1,0,125.587664
1789412955,1,-122.417475,49.071723,0.000000,4.593579,23.433604,94.792272,1,0,126.951849
1789412960,1,-122.416071,49.071222,0.000000,4.589665,23.306688,116.738944,1,0,128.355488
1789412965,1,-122.414697,49.070692,0.000000,4.588267,23.294569,116.416809,1,0,129.981479
1789412969,1,-122.413601,49.070260,0.000000,4.587304,23.391300,93.386510,1,0,131.178634
1789412973,1,-122.412500,49.069825,0.000000,4.586477,23.494945,93.871498,1,0,132.392563
1789412978,1,-122.411122,49.069283,0.000000,4.585537,23.501832,117.348903,1,0,133.784704
1789412982,1,-122.410015,49.068848,0.000000,4.584677,23.550672,94.247499,1,0,135.005293
1789412985,1,-122.408912,49.068416,0.000000,4.584090,23.401660,93.832212,1,0,136.063132
1789412989,1,-122.407825,49.067987,0.000000,4.583558,22.921280,92.657642,1,0,137.143758
1789412993,1,-122.406788,49.067549,0.000000,4.583126,22.291650,90.082648,1,0,138.097766
1789412998,1,-122.405500,49.067041,0.000000,4.581916,21.755432,109.772494,1,0,139.298723
1789413003,1,-122.404214,49.066535,0.000000,4.580539,22.031370,109.532791,1,0,139.905920
1789413007,1,-122.403173,49.066126,0.000000,4.614121,22.186597,88.631066,1,0,139.526468
1789413011,1,-122.402123,49.065713,0.000000,4.642206,22.479035,89.423811,1,0,138.371253
1789413015,1,-122.401053,49.065292,0.000000,4.652500,22.955621,91.134713,1,0,135.886509
1789413020,1,-122.399699,49.064758,0.000000,4.653125,22.969200,115.395615,1,0,131.621651
1789413025,1,-122.398402,49.064247,0.000000,4.653562,21.654845,110.507921,1,0,126.568003
1789413030,1,-122.397117,49.063759,0.000000,4.653634,21.884277,108.454373,1,0,121.770129
1789413035,1,-122.395801,49.063242,0.000000,4.653156,22.699129,112.050190,1,0,116.849264
1789413040,1,-122.394463,49.062695,0.000000,4.652469,23.090725,115.160130,1,0,112.226129
1789413044,1,-122.393400,49.062255,0.000000,4.650640,22.895200,91.811299,1,0,109.926869
1789413048,1,-122.392324,49.061827,0.000000,4.649329,23.001792,91.918387,1,0,108.470538
1789413054,1,-122.390956,49.061304,0.000000,4.648235,23.128162,115.662291,1,0,106.892700
1789413059,1,-122.389623,49.060828,0.000000,4.646873,21.193089,110.869967,1,0,105.344145
1789413064,1,-122.388384,49.060369,0.000000,4.645946,20.999789,103.943953,1,0,103.760918
1789413069,1,-122.387090,49.059881,0.000000,4.644380,22.395514,109.032318,1,0,102.377831
1789413073,1,-122.386018,49.059458,0.000000,4.637734,23.086067,91.380828,1,0,100.796031
1789413077,1,-122.384973,49.059003,0.000000,4.627919,22.723970,91.611592,1,0,99.677373
1789413082,1,-122.383698,49.058481,0.000000,4.651082,21.399317,109.789462,1,0,98.082402
1789413087,1,-122.382452,49.058038,0.000000,4.678975,20.375188,103.538891,1,0,96.311188
1789413092,1,-122.381291,49.057583,0.000000,4.685455,19.357943,98.796231,1,0,94.699734
1789413098,1,-122.379798,49.056991,0.000000,4.688110,23.087325,127.442062,1,0,93.822362
1789413102,1,-122.378630,49.056533,0.000000,4.687551,25.642422,99.406495,1,0,93.297023
1789413106,1,-122.377433,49.056048,0.000000,4.685712,24.781339,102.776042,1,0,92.239332
1789413110,1,-122.376405,49.055587,0.000000,4.682121,22.011450,90.958789,1,0,91.675982
1789413116,1,-122.374852,49.054891,0.000000,4.676094,23.665690,137.384326,1,0,90.159285
1789413121,1,-122.373526,49.054277,0.000000,4.672988,23.525004,118.553326,1,0,87.372884
1789413125,1,-122.372511,49.053778,0.000000,4.667067,22.803021,92.643442,1,0,83.956727
1789413131,1,-122.371071,49.053140,0.000000,4.663623,20.328821,126.937732,1,0,78.521247
1789413135,1,-122.369922,49.052669,0.000000,4.658462,19.580759,98.981328,1,0,74.576785
1789413141,1,-122.368574,49.052095,0.000000,4.656715,19.692921,117.402607,1,0,69.827439
1789413146,1,-122.367384,49.051580,0.000000,4.654507,21.584772,104.145188,1,0,65.957212
1789413151,1,-122.366133,49.051043,0.000000,4.653735,21.658320,109.215379,1,0,63.579461
1789413157,1,-122.364553,49.050400,0.000000,4.648148,23.475319,135.835314,1,0,62.856813
1789413161,1,-122.363482,49.049935,0.000000,4.646221,23.624251,93.822437,1,0,62.429226
1789413166,1,-122.362014,49.049303,0.000000,4.644814,27.015760,128.272669,1,0,62.750840
1789413171,1,-122.360437,49.048633,0.000000,4.643839,27.521238,137.255574,1,0,63.782954
1789413175,1,-122.359179,49.048091,0.000000,4.642747,27.408435,109.955809,1,0,64.523269
1789413180,1,-122.357920,49.047549,0.000000,4.641085,27.436838,110.016968,1,0,65.314694
1789413184,1,-122.356661,49.047006,0.000000,4.638684,27.537827,110.077951,1,0,65.924239
1789413188,1,-122.355411,49.046468,0.000000,4.634446,26.997425,109.222884,1,0,66.479033
1789413193,1,-122.353893,49.045814,0.000000,4.626722,26.331875,132.680074,1,0,67.793323
1789413197,1,-122.352690,49.045289,0.000000,4.624456,26.562819,105.558667,1,0,68.369322
1789413201,1,-122.351479,49.044734,0.000000,4.623409,27.252684,107.919235,1,0,69.341535
1789413206,1,-122.349983,49.044000,0.000000,4.621714,27.131938,136.466212,1,0,69.952169
1789413211,1,-122.348526,49.043253,0.000000,4.620809,26.762667,135.084641,1,0,70.611832
1789413215,1,-122.347384,49.042655,0.000000,4.618874,26.498488,106.740186,1,0,70.194580
1789413220,1,-122.345964,49.041915,0.000000,4.618431,26.467285,132.477022,1,0,69.390378
1789413225,1,-122.344539,49.041171,0.000000,4.617388,26.507398,133.039864,1,0,68.789868
1789413229,1,-122.343407,49.040583,0.000000,4.616209,26.266221,105.476219,1,0,68.139180
1789413234,1,-122.342002,49.039852,0.000000,4.614793,26.198474,130.995882,1,0,67.592323
1789413238,1,-122.340878,49.039268,0.000000,4.613662,26.229416,104.741506,1,0,67.075116
1789413242,1,-122.339751,49.038678,0.000000,4.612802,26.414305,105.328042,1,0,66.905782
1789413246,1,-122.338597,49.038078,0.000000,4.633761,27.150205,107.572486,1,0,66.508805
1789413250,1,-122.337392,49.037486,0.000000,4.665537,27.505825,109.986674,1,0,66.195941
1789413253,1,-122.336087,49.036998,0.000000,4.676134,27.375158,109.771291,1,0,66.487681
1789413257,1,-122.334699,49.036609,0.000000,4.679130,27.489711,110.321533,1,0,67.218618
1789413262,1,-122.332926,49.036302,0.000000,4.678788,25.745117,134.055861,1,0,67.872796
1789413266,1,-122.331604,49.036182,0.000000,4.677303,23.581602,97.576718,1,0,68.069230
1789413270,1,-122.330342,49.036117,0.000000,4.673119,22.995648,92.555540,1,0,68.350003
1789413274,1,-122.329077,49.036046,0.000000,4.669902,23.425874,92.828603,1,0,68.837970
1789413278,1,-122.327774,49.035975,0.000000,4.666578,24.199758,95.597254,1,0,69.444280
1789413282,1,-122.326435,49.035900,0.000000,4.665603,24.614984,98.257462,1,0,70.273337
1789413287,1,-122.324750,49.035806,0.000000,4.663119,24.685261,123.643797,1,0,70.623311
1789413291,1,-122.323428,49.035733,0.000000,4.661832,23.934236,97.000167,1,0,70.131816
1789413295,1,-122.322166,49.035663,0.000000,4.659705,22.574833,92.600652,1,0,69.511074
1789413299,1,-122.320956,49.035595,0.000000,4.658458,21.993793,88.793407,1,0,68.715595
1789413306,1,-122.319188,49.035498,0.000000,4.657663,21.538363,129.719015,1,0,67.838991
1789413312,1,-122.317378,49.035400,0.000000,4.655626,22.561280,132.788575,1,0,67.116222
1789413317,1,-122.315826,49.035316,0.000000,4.654431,22.838717,113.860408,1,0,66.611429
1789413322,1,-122.314265,49.035230,0.000000,4.652961,22.910460,114.534598,1,0,66.021121
1789413326,1,-122.313027,49.035164,0.000000,4.650456,22.632899,90.815098,1,0,65.554702
1789413330,1,-122.311801,49.035096,0.000000,4.649712,22.341589,89.959018,1,0,64.876778
1789413334,1,-122.310585,49.035029,0.000000,4.648886,22.316275,89.221098,1,0,64.159419
1789413338,1,-122.309358,49.034963,0.000000,4.648010,22.675721,90.013448,1,0,63.708180
1789413342,1,-122.308099,49.034895,0.000000,4.647346,23.278678,92.363513,1,0,63.262847
1789413346,1,-122.306810,49.034823,0.000000,4.685051,23.955719,94.586421,1,0,62.904469
1789413351,1,-122.305143,49.034726,0.000000,4.716543,24.660415,122.361278,1,0,62.318561
1789413355,1,-122.303786,49.034648,0.000000,4.725778,25.002210,99.597250,1,0,61.701190
1789413360,1,-122.302105,49.034553,0.000000,4.728740,24.318720,123.361680,1,0,60.984364
1789413364,1,-122.300804,49.034481,0.000000,4.728605,23.640702,95.460658,1,0,60.162283
1789413369,1,-122.299180,49.034389,0.000000,4.729113,24.086501,119.180759,1,0,58.661398
1789413372,1,-122.297855,49.034316,0.000000,4.728276,24.476715,97.218563,1,0,57.744518
1789413376,1,-122.296494,49.034241,0.000000,4.727389,25.154185,99.860113,1,0,56.860353
1789413380,1,-122.295111,49.034167,0.000000,4.726653,25.502446,101.454043,1,0,55.993955
1789413384,1,-122.293723,49.034089,0.000000,4.724604,25.325445,101.855331,1,0,55.243343
1789413389,1,-122.292013,49.033992,0.000000,4.715333,25.109230,125.493193,1,0,54.821535
1789413393,1,-122.290623,49.033918,0.000000,4.711451,25.763038,101.964148,1,0,54.251357
1789413397,1,-122.289206,49.033840,0.000000,4.710794,26.101031,103.968125,1,0,53.421589
1789413402,1,-122.287425,49.033743,0.000000,4.710578,26.523381,130.665947,1,0,52.573571
1789413406,1,-122.285929,49.033656,0.000000,4.708129,27.609752,109.808854,1,0,51.819686
1789413411,1,-122.284058,49.033524,0.000000,4.705171,27.273968,137.585690,1,0,50.325152
1789413416,1,-122.282493,49.033428,0.000000,4.702876,21.313064,114.923712,1,0,48.150260
1789413421,1,-122.281048,49.033374,0.000000,4.701591,21.209117,105.833830,1,0,46.953602
1789413427,1,-122.279297,49.033352,0.000000,4.701239,21.501150,128.062397,1,0,43.686332
1789413433,1,-122.277792,49.033350,0.000000,4.698192,22.434187,110.050832,1,0,39.283147
1789413438,1,-122.276210,49.033347,0.000000,4.696505,23.463672,115.681499,1,0,34.230458
1789413443,1,-122.274566,49.033376,0.000000,4.695012,24.319907,120.257823,1,0,29.498875
1789413447,1,-122.273236,49.033405,0.000000,4.689453,24.306776,97.307284,1,0,26.989883
1789413452,1,-122.271619,49.033411,0.000000,4.681612,23.197602,118.242018,1,0,25.140531
1789413456,1,-122.270388,49.033404,0.000000,4.676698,22.085639,90.017942,1,0,23.681707
1789413461,1,-122.268932,49.033364,0.000000,4.671853,20.778849,106.560146,1,0,21.998784
1789413466,1,-122.267585,49.033331,0.000000,4.669754,18.930025,98.565157,1,0,20.535578
1789413471,1,-122.266338,49.033326,0.000000,4.723802,17.815877,91.186179,1,0,19.571176
1789413476,1,-122.265105,49.033328,0.000000,4.750140,18.146310,90.161020,1,0,18.413191
1789413481,1,-122.263732,49.033348,0.000000,4.756301,21.594587,100.422598,1,0,18.133767
1789413485,1,-122.262445,49.033350,0.000000,4.757824,24.647477,94.109643,1,0,18.317759
1789413490,1,-122.260628,49.033333,0.000000,4.756837,27.274330,132.878052,1,0,18.096799
1789413493,1,-122.259131,49.033332,0.000000,4.756589,27.446301,109.465276,1,0,17.989750
1789413498,1,-122.257304,49.033324,0.000000,4.755897,25.881846,133.598788,1,0,17.791291
1789413502,1,-122.255895,49.033303,0.000000,4.754318,25.780172,103.056845,1,0,16.979725
1789413507,1,-122.254104,49.033246,0.000000,4.751179,26.523040,131.116684,1,0,15.375870
1789413511,1,-122.252643,49.033222,0.000000,4.749195,26.753409,106.866069,1,0,14.025922
1789413515,1,-122.251193,49.033221,0.000000,4.747186,26.203492,106.028417,1,0,12.750547
1789413520,1,-122.249496,49.033219,0.000000,4.748107,23.521708,124.089917,1,0,11.669116
1789413524,1,-122.248326,49.033215,0.000000,4.746619,20.268625,85.555045,1,0,10.876274
1789413530,1,-122.246719,49.033212,0.000000,4.745771,20.047734,117.509096,1,0,10.680106
1789413536,1,-122.244929,49.033210,0.000000,4.744616,22.854629,130.890315,1,0,10.801016
1789413541,1,-122.243328,49.033208,0.000000,4.743939,23.589935,117.070097,1,0,10.931051
1789413545,1,-122.242050,49.033214,0.000000,4.743072,23.055995,93.453547,1,0,10.900151
1789413549,1,-122.240827,49.033247,0.000000,4.739884,22.105583,89.504670,1,0,10.628470
1789413554,1,-122.239315,49.033327,0.000000,4.733782,22.616986,110.919322,1,0,10.735403
1789413560,1,-122.237703,49.033455,0.000000,4.732208,24.524702,118.730665,1,0,11.284260
1789413565,1,-122.235985,49.033652,0.000000,4.730896,25.906065,127.521347,1,0,11.551611
1789413569,1,-122.234591,49.033851,0.000000,4.729907,26.142390,104.308215,1,0,11.806825
1789413573,1,-122.233207,49.034083,0.000000,4.728332,25.988483,104.439326,1,0,11.994350
1789413577,1,-122.231863,49.034350,0.000000,4.727026,25.386945,102.665063,1,0,12.019849
1789413581,1,-122.230585,49.034640,0.000000,4.723327,24.280728,98.859773,1,0,11.891475
1789413585,1,-122.229363,49.034964,0.000000,4.719816,24.072901,96.347643,1,0,11.688336
1789413589,1,-122.228147,49.035334,0.000000,4.717263,24.809154,97.976945,1,0,11.512380
1789413594,1,-122.226605,49.035875,0.000000,4.712308,26.217224,127.803179,1,0,11.242053
1789413599,1,-122.225048,49.036514,0.000000,4.708006,26.823890,134.210348,1,0,11.300251
1789413603,1,-122.223843,49.037057,0.000000,4.704427,26.519906,106.820253,1,0,11.282414
1789413607,1,-122.222673,49.037588,0.000000,4.702827,25.577394,103.955293,1,0,11.088243
1789413611,1,-122.221545,49.038098,0.000000,4.700546,24.662284,100.101259,1,0,10.986733
1789413615,1,-122.220449,49.038593,0.000000,4.698566,24.269713,97.221480,1,0,10.827313
1789413618,1,-122.219337,49.039097,0.000000,4.697057,25.054963,98.752596,1,0,10.771367
1789413622,1,-122.218162,49.039613,0.000000,4.694478,26.390381,103.313607,1,0,10.957314
1789413627,1,-122.216592,49.040258,0.000000,4.692343,27.442167,135.360461,1,0,11.254978
1789413631,1,-122.215304,49.040768,0.000000,4.690480,27.520009,109.933775,1,0,11.234630
1789413635,1,-122.214021,49.041283,0.000000,4.688509,27.470699,109.909501,1,0,11.368392
1789413639,1,-122.212742,49.041804,0.000000,4.686439,27.495989,110.009963,1,0,11.244085
1789413644,1,-122.211191,49.042504,0.000000,4.684053,27.410397,137.551287,1,0,11.080390
1789413648,1,-122.209989,49.043048,0.000000,4.682206,26.202884,106.695237,1,0,10.900942
1789413652,1,-122.208813,49.043581,0.000000,4.681110,26.255470,104.428723,1,0,10.917109
1789413657,1,-122.207341,49.044248,0.000000,4.680070,25.612628,130.703629,1,0,10.986553
1789413661,1,-122.206210,49.044762,0.000000,4.679034,24.959309,100.520891,1,0,10.651277
1789413665,1,-122.205089,49.045271,0.000000,4.678545,24.862016,99.603319,1,0,10.446077
1789413670,1,-122.203678,49.045913,0.000000,4.677947,25.382832,125.454127,1,0,10.348797
1789413674,1,-122.202517,49.046444,0.000000,4.676613,26.140240,103.400552,1,0,10.463641
1789413678,1,-122.201340,49.046981,0.000000,4.692847,26.094543,104.741908,1,0,10.340055
1789413683,1,-122.200176,49.047500,0.000000,4.738747,25.515656,102.825677,1,0,10.470723
1789413688,1,-122.198749,49.048143,0.000000,4.759300,25.336153,126.480552,1,0,10.657706
1789413692,1,-122.197591,49.048666,0.000000,4.764711,26.009079,102.707101,1,0,10.680907
1789413696,1,-122.196397,49.049207,0.000000,4.766151,26.683628,106.009831,1,0,10.785266
1789413701,1,-122.194878,49.049896,0.000000,4.765867,27.231050,134.912010,1,0,10.785606
1789413706,1,-122.193331,49.050599,0.000000,4.764691,27.520894,137.481000,1,0,10.631671
1789413711,1,-122.191781,49.051302,0.000000,4.763446,27.519784,137.661446,1,0,10.648481
1789413716,1,-122.190231,49.052005,0.000000,4.762406,27.530932,137.661446,1,0,10.697846
1789413720,1,-122.189004,49.052561,0.000000,4.761515,26.980500,108.942762,1,0,10.579088
1789413724,1,-122.187802,49.053105,0.000000,4.760040,26.488867,106.680691,1,0,10.380428
1789413728,1,-122.186619,49.053641,0.000000,4.758956,26.104434,105.025117,1,0,10.549561
1789413732,1,-122.185452,49.054172,0.000000,4.757869,25.928811,103.746843,1,0,10.330832
1789413736,1,-122.183970,49.054839,0.000000,4.756574,26.386501,131.288257,1,0,10.353004
1789413740,1,-122.182783,49.055376,0.000000,4.753187,26.191596,105.328980,1,0,10.324082
1789413745,1,-122.181336,49.056034,0.000000,4.751841,25.302758,128.613428,1,0,10.412570
1789413750,1,-122.179934,49.056671,0.000000,4.748682,24.748381,124.579734,1,0,10.345783
1789413755,1,-122.178561,49.057292,0.000000,4.748652,24.147121,121.824528,1,0,9.912569
1789413759,1,-122.177483,49.057781,0.000000,4.748652,23.844095,95.739595,1,0,9.794432
1789413763,1,-122.176414,49.058266,0.000000,4.748652,23.713177,94.945499,1,0,9.716931
1789413767,1,-122.175350,49.058748,0.000000,4.748652,23.559088,94.448654,1,0,9.741393
1789413771,1,-122.174292,49.059224,0.000000,4.748652,23.491162,93.709382,1,0,9.611299
1789413776,1,-122.172963,49.059844,0.000000,4.748652,23.944704,119.116534,1,0,9.702605
1789413780,1,-122.171914,49.060379,0.000000,4.748652,24.521685,97.045807,1,0,9.800629
1789413785,1,-122.170611,49.061111,0.000000,4.748652,25.496370,125.283717,1,0,9.723625
1789413789,1,-122.169569,49.061747,0.000000,4.748652,26.212331,103.934917,1,0,9.678681
1789413793,1,-122.168512,49.062392,0.000000,4.748652,26.315126,105.419335,1,0,9.687881
1789413797,1,-122.167463,49.063033,0.000000,4.748652,25.973140,104.688207,1,0,9.640680
1789413801,1,-122.166430,49.063670,0.000000,4.783202,25.900748,103.524668,1,0,9.264865
1789413805,1,-122.165393,49.064310,0.000000,4.805704,26.124566,103.966136,1,0,9.187097
1789413810,1,-122.164348,49.064950,0.000000,4.814400,25.996841,104.393051,1,0,8.959986
1789413814,1,-122.163315,49.065583,0.000000,4.816939,25.654674,103.220764,1,0,8.864192
1789413818,1,-122.162298,49.066205,0.000000,4.817214,25.200310,101.531358,1,0,8.724229
1789413823,1,-122.161060,49.066962,0.000000,4.816763,24.496669,123.582265,1,0,8.303091
1789413827,1,-122.160098,49.067553,0.000000,4.815093,23.732695,96.240599,1,0,8.309683
1789413832,1,-122.158918,49.068276,0.000000,4.813942,23.437410,117.903527,1,0,8.002152
1789413836,1,-122.157984,49.068846,0.000000,4.812627,23.284571,93.146250,1,0,7.588738
1789413840,1,-122.157043,49.069423,0.000000,4.810775,23.766921,94.051079,1,0,7.637962
1789413844,1,-122.156079,49.070014,0.000000,4.808730,24.395130,96.342062,1,0,7.560925
1789413848,1,-122.155088,49.070620,0.000000,4.807075,24.750244,98.922701,1,0,7.566185
1789413852,1,-122.154101,49.071224,0.000000,4.805388,24.606332,98.557215,1,0,7.461308
1789413856,1,-122.153121,49.071822,0.000000,4.803143,24.370890,97.728237,1,0,7.400753
1789413859,1,-122.152141,49.072421,0.000000,4.800106,24.539186,97.803950,1,0,7.431076
1789413863,1,-122.151153,49.073025,0.000000,4.799034,24.729867,98.610699,1,0,7.553809
1789413867,1,-122.150155,49.073635,0.000000,4.798166,24.964080,99.595126,1,0,7.634342
1789413871,1,-122.149145,49.074252,0.000000,4.797206,25.474912,100.767316,1,0,7.802958
1789413876,1,-122.147843,49.075050,0.000000,4.796536,26.438788,130.098618,1,0,7.868250
1789413881,1,-122.146502,49.075870,0.000000,4.795272,26.962425,133.851288,1,0,7.910573
1789413886,1,-122.145138,49.076704,0.000000,4.794203,27.382813,136.142167,1,0,8.191526
1789413891,1,-122.143761,49.077547,0.000000,4.792076,27.476398,137.519394,1,0,8.331882
1789413895,1,-122.142665,49.078216,0.000000,4.791544,27.034781,109.306884,1,0,8.373144
1789413899,1,-122.141614,49.078859,0.000000,4.790585,25.758587,104.924285,1,0,8.310664
1789413903,1,-122.140599,49.079475,0.000000,4.789637,25.014268,100.954022,1,0,8.393587
1789413908,1,-122.139330,49.080252,0.000000,4.788864,25.747487,126.735448,1,0,8.684458
1789413913,1,-122.138032,49.081045,0.000000,4.787563,25.822190,129.498583,1,0,8.974280
1789413917,1,-122.137008,49.081672,0.000000,4.786720,25.399222,102.268119,1,0,8.751670
1789413921,1,-122.135998,49.082288,0.000000,4.786061,25.150358,100.686023,1,0,8.502817
1789413926,1,-122.134750,49.083051,0.000000,4.782901,24.645542,124.551622,1,0,8.333212
1789413931,1,-122.133530,49.083793,0.000000,4.779771,24.247134,121.457158,1,0,8.227643
1789413937,1,-122.132309,49.084540,0.000000,4.777720,24.436061,121.889077,1,0,8.394422
1789413941,1,-122.131324,49.085142,0.000000,4.777197,24.787921,98.283114,1,0,8.368176
1789413946,1,-122.130056,49.085916,0.000000,4.775784,25.661593,126.448072,1,0,8.772180
1789413950,1,-122.129003,49.086558,0.000000,4.775186,26.415597,104.950092,1,0,8.941863
1789413955,1,-122.127694,49.087359,0.000000,4.774445,25.952221,130.686182,1,0,9.120629
1789413959,1,-122.126768,49.087936,0.000000,4.773364,20.326015,93.238238,1,0,8.819430
1789413965,1,-122.125646,49.088632,0.000000,4.770214,18.518120,112.728299,1,0,8.456662
1789413971,1,-122.124602,49.089444,0.000000,4.760770,20.423972,118.193948,1,0,8.357283
1789413976,1,-122.123659,49.090437,0.000000,4.753444,22.587683,130.152978,1,0,8.691381
1789413980,1,-122.123080,49.091191,0.000000,4.749800,23.886085,93.914837,1,0,8.955829
1789413984,1,-122.122488,49.091980,0.000000,4.748652,24.801889,97.822033,1,0,9.116140
1789413988,1,-122.121871,49.092799,0.000000,4.748652,25.801994,101.622047,1,0,9.291244
1789413993,1,-122.121074,49.093860,0.000000,4.748652,26.398492,131.572224,1,0,9.284656
1789413997,1,-122.120439,49.094702,0.000000,4.748652,25.987030,104.495694,1,0,9.287561
1789414002,1,-122.119652,49.095738,0.000000,4.748652,25.598562,128.756991,1,0,9.206301
1789414006,1,-122.119034,49.096553,0.000000,4.748652,25.234830,101.254106,1,0,9.379348
1789414010,1,-122.118419,49.097365,0.000000,4.748652,25.250935,100.857797,1,0,9.588911
1789414014,1,-122.117800,49.098183,0.000000,4.748652,25.457436,101.585355,1,0,9.665054
1789414018,1,-122.117165,49.099013,0.000000,4.789652,26.021624,103.299367,1,0,9.659800
1789414023,1,-122.116363,49.100065,0.000000,4.818945,26.275321,130.835755,1,0,9.774928
1789414028,1,-122.115572,49.101157,0.000000,4.824145,27.152869,134.481341,1,0,9.980110
1789414032,1,-122.114919,49.102031,0.000000,4.825694,27.013892,108.266841,1,0,9.950055
1789414036,1,-122.114263,49.102898,0.000000,4.825750,26.846439,107.665785,1,0,9.633469
1789414040,1,-122.113611,49.103758,0.000000,4.825295,26.698778,106.836722,1,0,9.744916
1789414044,1,-122.112956,49.104624,0.000000,4.825010,26.985915,107.531746,1,0,9.928358
1789414048,1,-122.112293,49.105501,0.000000,4.824431,27.369833,108.887238,1,0,10.007945
1789414052,1,-122.111621,49.106386,0.000000,4.822949,27.446358,109.976520,1,0,9.921777
1789414056,1,-122.110949,49.107272,0.000000,4.817837,27.509590,110.076058,1,0,9.832412
1789414061,1,-122.110255,49.108150,0.000000,4.810704,27.513143,110.011075,1,0,9.879520
1789414065,1,-122.109569,49.109021,0.000000,4.806975,27.167742,109.048779,1,0,9.893537
1789414069,1,-122.108901,49.109891,0.000000,4.806042,27.106484,108.352110,1,0,9.850210
1789414073,1,-122.108237,49.110772,0.000000,4.805116,27.583558,109.316052,1,0,9.919693
1789414077,1,-122.107565,49.111661,0.000000,4.803607,27.586815,110.372588,1,0,10.015104
1789414081,1,-122.106893,49.112545,0.000000,4.802619,27.503655,109.874770,1,0,10.089329
1789414086,1,-122.106053,49.113654,0.000000,4.801807,27.564097,137.739249,1,0,10.135247
1789414091,1,-122.105215,49.114762,0.000000,4.800596,27.539133,137.574686,1,0,10.407113
1789414095,1,-122.104542,49.115649,0.000000,4.799724,27.540551,110.204017,1,0,10.328395
1789414099,1,-122.103760,49.116672,0.000000,4.796827,24.204473,127.290866,1,0,9.993177
1789414104,1,-122.103023,49.117646,0.000000,4.795719,24.640951,120.947842,1,0,10.062663
1789414109,1,-122.102255,49.118662,0.000000,4.794279,25.699115,126.135479,1,0,10.225672
1789414113,1,-122.101605,49.119519,0.000000,4.793867,26.832046,106.466894,1,0,10.338066
1789414117,1,-122.100916,49.120367,0.000000,4.789220,26.687116,106.881648,1,0,10.748161
1789414121,1,-122.100047,49.121132,0.000000,4.776235,26.638712,106.123817,1,0,12.331299
1789414125,1,-122.098978,49.121781,0.000000,4.764297,26.697350,106.296954,1,0,14.569311
1789414129,1,-122.097747,49.122296,0.000000,4.755651,26.649651,106.561851,1,0,16.686842
1789414134,1,-122.096117,49.122840,0.000000,4.750051,26.826160,133.485315,1,0,18.762675
1789414138,1,-122.094803,49.123275,0.000000,4.746643,26.959751,107.421031,1,0,17.300517
1789414143,1,-122.093210,49.123803,0.000000,4.743878,23.922830,130.261479,1,0,14.297707
1789414148,1,-122.091992,49.124207,0.000000,4.746893,19.511847,99.611976,1,0,11.442733
1789414153,1,-122.090704,49.124637,0.000000,4.797280,22.292746,105.476660,1,0,10.136092
1789414157,1,-122.089529,49.125029,0.000000,4.810933,25.217778,96.209020,1,0,10.048959
1789414162,1,-122.087940,49.125619,0.000000,4.815318,26.815544,133.257359,1,0,10.325883
1789414166,1,-122.086742,49.126171,0.000000,4.815765,26.627084,106.841235,1,0,10.572276
1789414170,1,-122.085630,49.126797,0.000000,4.814942,26.646148,106.933610,1,0,10.695041
1789414175,1,-122.084361,49.127663,0.000000,4.812501,26.736776,133.623351,1,0,10.638097
1789414180,1,-122.083150,49.128563,0.000000,4.808573,26.713602,133.528719,1,0,10.420313
1789414185,1,-122.082183,49.129281,0.000000,4.806527,26.698723,106.569302,1,0,10.393450
1789414189,1,-122.081214,49.130003,0.000000,4.804802,26.790009,106.999446,1,0,10.155181
1789414194,1,-122.080002,49.130899,0.000000,4.802741,26.677499,133.244024,1,0,10.152107
1789414198,1,-122.079033,49.131619,0.000000,4.801457,26.684101,106.832632,1,0,10.247364
1789414202,1,-122.078064,49.132336,0.000000,4.800483,26.663585,106.582798,1,0,10.624482
1789414207,1,-122.076857,49.133234,0.000000,4.799082,26.693327,133.163376,1,0,11.735431
1789414212,1,-122.075647,49.134133,0.000000,4.797651,26.680484,133.391656,1,0,13.139265
1789414215,1,-122.074679,49.134853,0.000000,4.796786,26.704686,106.780046,1,0,14.152448
1789414220,1,-122.073406,49.135714,0.000000,4.785200,26.812517,133.413821,1,0,14.533515
1789414225,1,-122.071894,49.136383,0.000000,4.768300,26.695978,133.081963,1,0,14.915943
1789414229,1,-122.070538,49.136738,0.000000,4.757447,26.716563,106.542129,1,0,14.882150
1789414233,1,-122.069123,49.136968,0.000000,4.751928,26.715704,106.383687,1,0,15.341330
1789414237,1,-122.067693,49.137176,0.000000,4.749178,26.707294,106.890517,1,0,15.331263
1789414241,1,-122.066267,49.137385,0.000000,4.747363,26.710461,106.629732,1,0,15.377048
1789414245,1,-122.064839,49.137594,0.000000,4.746269,26.715147,106.772180,1,0,15.186970
1789414249,1,-122.063412,49.137802,0.000000,4.744262,26.717027,106.666739,1,0,15.199900
1789414253,1,-122.061982,49.138012,0.000000,4.743139,26.766480,106.928811,1,0,15.247747
1789414257,1,-122.060554,49.138219,0.000000,4.742489,26.677086,106.713929,1,0,15.316614
1789414262,1,-122.058769,49.138476,0.000000,4.741646,26.729004,133.350563,1,0,15.442948
1789414266,1,-122.057333,49.138664,0.000000,4.740811,26.719370,106.850537,1,0,15.402170
1789414271,1,-122.055538,49.138897,0.000000,4.740129,26.732227,133.519827,1,0,15.552264
1789414275,1,-122.054102,49.139082,0.000000,4.739136,26.673267,106.785756,1,0,15.680491
1789414279,1,-122.052666,49.139267,0.000000,4.738794,26.709615,106.785758,1,0,15.724826
1789414283,1,-122.051231,49.139452,0.000000,4.738314,26.679899,106.714156,1,0,15.675861
1789414287,1,-122.049795,49.139636,0.000000,4.737415,26.717570,106.764385,1,0,15.612441
1789414292,1,-122.048003,49.139868,0.000000,4.736743,26.692864,133.283515,1,0,15.587252
1789414296,1,-122.046567,49.140054,0.000000,4.736207,26.729774,106.807238,1,0,15.422436
1789414301,1,-122.044771,49.140284,0.000000,4.736104,26.656629,133.527096,1,0,15.543838
1789414306,1,-122.042977,49.140514,0.000000,4.735410,26.702310,133.383864,1,0,15.604252
1789414312,1,-122.041144,49.140749,0.000000,4.734906,27.571494,136.283518,1,0,16.051291
1789414317,1,-122.039297,49.140986,0.000000,4.756619,27.479243,137.328797,1,0,15.848758
1789414322,1,-122.037446,49.141234,0.000000,4.794478,27.565218,137.854792,1,0,15.524478
1789414327,1,-122.035593,49.141477,0.000000,4.805511,27.549342,137.887721,1,0,15.597198
1789414331,1,-122.034112,49.141666,0.000000,4.808356,27.503838,110.093769,1,0,15.648794
1789414335,1,-122.032631,49.141859,0.000000,4.809172,27.566844,110.179566,1,0,15.618801
1789414339,1,-122.030779,49.142098,0.000000,4.809004,27.562764,137.729626,1,0,15.531601
1789414344,1,-122.028930,49.142337,0.000000,4.808534,27.510139,137.514839,1,0,15.684166
1789414348,1,-122.027455,49.142547,0.000000,4.806656,27.537591,110.135527,1,0,15.644992
1789414353,1,-122.025651,49.142915,0.000000,4.801654,27.475780,137.840515,1,0,15.562306
1789414357,1,-122.024262,49.143306,0.000000,4.799104,27.518767,110.280144,1,0,14.951021
1789414361,1,-122.022888,49.143718,0.000000,4.797132,27.536014,110.225402,1,0,14.067671
1789414366,1,-122.021125,49.144145,0.000000,4.844384,27.522724,137.118853,1,0,14.149611
1789414371,1,-122.019327,49.144366,0.000000,4.862436,25.870499,133.469339,1,0,14.335805
1789414376,1,-122.017768,49.144406,0.000000,4.866112,20.547470,113.835715,1,0,14.063294
1789414381,1,-122.016449,49.144390,0.000000,4.867041,18.908294,96.254176,1,0,14.342891
1789414387,1,-122.014792,49.144360,0.000000,4.864219,20.774674,120.945132,1,0,14.419045
1789414393,1,-122.013043,49.144330,0.000000,4.861899,21.566878,127.655273,1,0,14.151675
1789414398,1,-122.011562,49.144303,0.000000,4.857432,21.820679,108.099383,1,0,13.615510
1789414402,1,-122.010328,49.144281,0.000000,4.856036,23.023792,90.069132,1,0,13.623482
1789414406,1,-122.009036,49.144258,0.000000,4.854151,24.193656,94.302425,1,0,13.708375
1789414410,1,-122.007671,49.144235,0.000000,4.852506,25.356943,99.626842,1,0,13.571170
1789414414,1,-122.006265,49.144210,0.000000,4.852906,25.830992,102.623136,1,0,13.488823
1789414419,1,-122.004479,49.144177,0.000000,4.850090,25.993481,130.362938,1,0,13.508775
1789414423,1,-122.003058,49.144152,0.000000,4.848689,25.899357,103.717179,1,0,13.564050
1789414427,1,-122.001659,49.144123,0.000000,4.846326,25.080199,102.125666,1,0,13.447713
1789414432,1,-122.000021,49.144088,0.000000,4.845285,22.272135,119.576164,1,0,13.138278
1789414439,1,-121.998289,49.144052,0.000000,4.842714,20.920127,126.434682,1,0,12.981141
1789414444,1,-121.996890,49.144027,0.000000,4.840883,20.142375,102.112577,1,0,12.868025
1789414449,1,-121.995490,49.143999,0.000000,4.839395,20.822732,102.195132,1,0,12.658737
1789414454,1,-121.994054,49.143974,0.000000,4.838145,20.970805,104.811214,1,0,12.654642
1789414458,1,-121.992589,49.143946,0.000000,4.836827,21.483193,106.935595,1,0,12.538080
1789414463,1,-121.991120,49.143918,0.000000,4.835132,21.526311,107.227322,1,0,12.660893
1789414469,1,-121.989329,49.143886,0.000000,4.833740,21.987141,130.724514,1,0,12.586431
1789414474,1,-121.987796,49.143859,0.000000,4.832528,22.747405,111.892002,1,0,12.524517
1789414478,1,-121.986519,49.143837,0.000000,4.831866,23.655306,93.205392,1,0,12.729475
1789414483,1,-121.984853,49.143806,0.000000,4.834352,24.691553,121.604619,1,0,12.876412
1789414487,1,-121.983490,49.143741,0.000000,4.881066,25.396855,99.710447,1,0,12.852198
1789414492,1,-121.981675,49.143654,0.000000,4.899695,26.168651,132.780160,1,0,12.840621
1789414497,1,-121.979967,49.143598,0.000000,4.903689,23.746197,124.775694,1,0,12.993624
1789414502,1,-121.978669,49.143595,0.000000,4.903195,14.654399,94.706110,1,0,16.852993
1789414509,1,-121.978125,49.143593,0.000000,4.975894,0.589994,39.692324,1,0,18.736141
1789414531,1,-121.977652,49.144304,0.000000,2.600886,11.773226,86.275519,1,0,18.265295
1789414537,1,-121.977566,49.144841,0.000000,2.585533,6.845117,60.050001,1,0,14.312574
1789414546,1,-121.977397,49.145400,0.000000,2.200773,8.798010,63.378987,1,0,12.499417
1789414555,1,-121.977423,49.146236,0.000000,2.164516,12.843214,92.993176,1,0,11.193528
1789414561,1,-121.977057,49.146973,0.000000,2.159952,15.065578,86.204285,1,0,11.755339
1789414568,1,-121.976809,49.147743,0.000000,2.144771,14.351373,87.524368,1,0,11.594508
1789414574,1,-121.976805,49.148518,0.000000,2.142111,14.725247,86.190407,1,0,11.194284
1789414579,1,-121.976796,49.149345,0.000000,2.141442,15.379600,91.975332,1,0,13.016897
1789414584,1,-121.976782,49.150034,0.000000,2.141026,15.056697,76.632439,1,0,12.931415
1789414590,1,-121.976804,49.150637,0.000000,2.137549,6.140906,67.080526,1,0,11.472600
1789414667,1,-121.976906,49.151153,0.000000,10.357127,6.023410,57.866275,1,0,11.064357
1789414675,1,-121.977641,49.151097,0.000000,2.126186,4.027104,53.982982,1,0,11.767937
1789414699,1,-121.978229,49.150958,0.000000,2.023203,2.837285,45.598334,1,0,11.673195
1789414727,1,-121.978941,49.151029,0.000000,2.007844,4.131321,52.541265,1,0,12.249754
1789414862,1,-121.979467,49.151012,0.000000,14.319648,1.318074,38.421310,1,0,12.233140
1789417558,1,-121.978781,49.151312,0.000000,71.606081,-1.000000,60.149113,1,0,8.216775
1789417602,1,-121.978287,49.150834,0.000000,72.031035,-1.000000,64.224958,1,0,8.216775
1789417616,1,-121.977249,49.150573,0.000000,92.536899,-1.000000,81.100460,1,0,8.216775
1789417897,1,-121.978131,49.150800,0.000000,36.342822,-1.000000,69.122074,1,0,8.216775
1789418073,1,-121.977238,49.150829,0.000000,31.012421,-1.000000,65.229295,1,0,8.216775
1789418282,1,-121.977707,49.150491,0.000000,2.108702,4.096944,50.830645,1,0,10.564760
1789418306,1,-121.978179,49.150763,0.000000,2.036060,2.806921,45.834856,1,0,10.860565
1789418344,1,-121.977480,49.151089,0.000000,3.246906,6.739823,62.570400,1,0,10.601710
1789418445,1,-121.976861,49.150574,0.000000,2.022756,10.673558,72.936763,1,0,10.862891
1789418452,1,-121.976876,49.149730,0.000000,2.049743,14.478216,93.869979,1,0,12.505070
1789418458,1,-121.976912,49.148951,0.000000,2.029846,14.126662,86.674576,1,0,11.749377
1789418464,1,-121.976906,49.148137,0.000000,2.000276,15.553673,90.528273,1,0,11.463037
1789418469,1,-121.976971,49.147437,0.000000,2.000004,15.165723,77.993252,1,0,11.262540
1789418475,1,-121.977338,49.146705,0.000000,2.000000,13.308659,85.697802,1,0,11.826979
1789418482,1,-121.977671,49.146047,0.000000,2.028020,7.357367,77.105351,1,0,11.616304
1789418495,1,-121.977718,49.145596,0.000000,2.043877,3.494886,50.274044,1,0,12.341437
1789418511,1,-121.977929,49.145044,0.000000,2.012536,7.018316,63.290073,1,0,13.915874
1789418520,1,-121.977787,49.144314,0.000000,2.000390,11.144674,81.843700,1,0,16.814639
1789418528,1,-121.977747,49.143472,0.000000,2.000003,13.077123,93.686721,1,0,18.307112
1789418535,1,-121.977689,49.142551,0.000000,2.000000,16.319085,102.514419,1,0,13.380045
1789418540,1,-121.977666,49.141799,0.000000,2.000000,16.549101,83.648792,1,0,11.397863
1789418546,1,-121.977663,49.140964,0.000000,2.002518,14.518158,92.862850,1,0,10.802406
1789418552,1,-121.977670,49.140402,0.000000,2.009150,7.104615,62.503610,1,0,10.127758
1789418593,1,-121.976821,49.139954,0.000000,2.148071,11.294882,79.496280,1,0,10.685336
1789418599,1,-121.975753,49.139962,0.000000,2.030848,14.137860,77.930011,1,0,10.594446
1789418605,1,-121.974560,49.139968,0.000000,2.004653,14.512426,87.047917,1,0,10.707712
1789418612,1,-121.973364,49.139955,0.000000,2.006379,14.821100,87.276227,1,0,10.881289
1789418619,1,-121.971921,49.139902,0.000000,2.000024,14.918403,105.451085,1,0,11.548352
1789418624,1,-121.970653,49.139857,0.000000,2.000000,15.687043,92.652882,1,0,10.880344
1789418629,1,-121.969591,49.139817,0.000000,2.000000,15.669278,77.614743,1,0,10.976642
1789418635,1,-121.968296,49.139771,0.000000,2.001447,15.778619,94.626025,1,0,11.339303
1789418641,1,-121.967262,49.139738,0.000000,2.023203,8.633237,75.533393,1,0,10.874306
1789418662,1,-121.966576,49.140155,0.000000,3.953116,9.832169,68.234879,1,0,11.832175
1789418669,1,-121.966567,49.140653,0.000000,4.534856,3.389596,55.387818,1,0,12.234862
1789418699,1,-121.965453,49.140748,0.000000,2.013015,12.230691,81.965049,1,0,13.044529
1789418706,1,-121.964328,49.140756,0.000000,2.051685,10.593345,82.088700,1,0,13.104281
1789418714,1,-121.963757,49.140758,0.000000,2.037300,1.154862,41.662721,1,0,12.554433
1789418739,1,-121.962785,49.140761,0.000000,2.068090,10.248075,70.921251,1,0,12.780871
1789418747,1,-121.961736,49.140760,0.000000,2.002860,8.512689,76.538732,1,0,12.486382
1789418755,1,-121.960926,49.140753,0.000000,5.013882,5.110985,59.105514,1,0,12.438116
1789418773,1,-121.960133,49.140900,0.000000,2.008535,6.845902,60.125259,1,0,13.104117
1789418782,1,-121.960290,49.141603,0.000000,2.469327,12.164836,79.017292,1,0,12.613247
1789418789,1,-121.960531,49.142155,0.000000,2.122956,6.885915,63.858153,1,0,11.851225
1789418798,1,-121.960833,49.142940,0.000000,2.627106,12.699527,90.039851,1,0,13.215988
1789418804,1,-121.961244,49.143623,0.000000,2.144759,13.312011,81.663604,1,0,16.681462
1789418810,1,-121.961412,49.144231,0.000000,2.024778,10.840438,68.719470,1,0,18.383007
1789418817,1,-121.960569,49.144859,0.000000,2.097335,17.556076,93.065105,1,0,14.685925
1789418822,1,-121.959362,49.145314,0.000000,2.000733,21.520833,101.569286,1,0,13.551815
1789418827,1,-121.957961,49.145684,0.000000,2.000004,22.240818,110.193063,1,0,13.076460
1789418831,1,-121.956768,49.145996,0.000000,2.000000,23.571463,93.706330,1,0,12.501332
1789418835,1,-121.955557,49.146298,0.000000,2.042232,23.641931,94.526713,1,0,12.112757
1789418839,1,-121.954317,49.146606,0.000000,2.000628,25.062867,96.741756,1,0,12.141586
1789418844,1,-121.952676,49.147015,0.000000,2.024895,26.082824,128.081877,1,0,12.266908
1789418848,1,-121.951320,49.147362,0.000000,2.047501,26.612923,106.188939,1,0,12.946561
1789418852,1,-121.949955,49.147716,0.000000,3.034907,26.872903,107.084693,1,0,14.760272
1789418856,1,-121.948568,49.148071,0.000000,2.157424,27.255563,108.619323,1,0,16.049056
1789418860,1,-121.947162,49.148426,0.000000,2.000989,27.573514,109.911847,1,0,16.167966
1789418864,1,-121.945747,49.148775,0.000000,2.005391,27.543963,110.288278,1,0,15.339985
1789418869,1,-121.943976,49.149214,0.000000,2.178166,27.587064,138.121787,1,0,13.297354
1789418873,1,-121.942554,49.149566,0.000000,2.141601,27.616506,110.883739,1,0,11.607408
1789418877,1,-121.941152,49.149913,0.000000,2.000892,27.147811,109.322245,1,0,11.522638
1789418882,1,-121.939399,49.150348,0.000000,2.001951,27.516060,136.736059,1,0,11.603364
1789418886,1,-121.937989,49.150700,0.000000,2.000012,27.575827,110.065060,1,0,11.556031
1789418890,1,-121.936578,49.151050,0.000000,2.246267,27.460590,110.054384,1,0,11.618501
1789418895,1,-121.934813,49.151491,0.000000,2.000220,27.520237,137.791351,1,0,11.688551
1789418899,1,-121.933403,49.151840,0.000000,2.000001,27.566919,109.946838,1,0,11.619508
1789418904,1,-121.931642,49.152278,0.000000,2.246213,27.507269,137.388282,1,0,11.732019
1789418908,1,-121.930230,49.152629,0.000000,2.016241,27.527684,110.152559,1,0,11.782547
1789418912,1,-121.928817,49.152979,0.000000,2.078236,27.478728,110.181437,1,0,11.570965
1789418916,1,-121.927407,49.153331,0.000000,2.000471,27.531140,110.055648,1,0,11.631118
1789418920,1,-121.925996,49.153682,0.000000,2.007227,27.508641,110.084345,1,0,11.651409
1789418924,1,-121.924585,49.154033,0.000000,2.000043,27.512479,110.084345,1,0,11.613909
1789418928,1,-121.923174,49.154384,0.000000,2.000000,27.515334,110.084346,1,0,11.719307
1789418932,1,-121.921758,49.154728,0.000000,2.001203,27.541060,110.152672,1,0,11.466966
1789418937,1,-121.919945,49.155064,0.000000,2.000001,27.486714,137.433927,1,0,11.523045
1789418941,1,-121.918446,49.155176,0.000000,2.024407,27.515808,110.057549,1,0,11.435800
1789418946,1,-121.916558,49.155188,0.000000,2.020449,27.504196,137.734025,1,0,11.786982
1789418950,1,-121.915052,49.155181,0.000000,2.000122,27.493330,109.863835,1,0,11.985091
1789418954,1,-121.913546,49.155174,0.000000,2.083595,27.499158,109.863840,1,0,12.358234
1789418959,1,-121.911665,49.155163,0.000000,2.002397,27.450602,137.222393,1,0,13.018684
1789418964,1,-121.909781,49.155154,0.000000,2.097575,27.453079,137.439448,1,0,13.934397
1789418968,1,-121.908273,49.155145,0.000000,2.109231,27.546956,110.011567,1,0,14.321817
1789418972,1,-121.906762,49.155136,0.000000,2.316660,27.605099,110.230409,1,0,14.482552
1789418976,1,-121.905250,49.155129,0.000000,2.066626,27.562026,110.301563,1,0,14.511058
1789418981,1,-121.903364,49.155120,0.000000,2.000059,27.495727,137.585364,1,0,14.455852
1789418986,1,-121.901478,49.155108,0.000000,2.178369,27.512926,137.588195,1,0,14.481146
1789418990,1,-121.899969,49.155100,0.000000,2.013103,27.538380,110.083564,1,0,14.516450
1789418995,1,-121.898080,49.155091,0.000000,2.002919,27.526959,137.804205,1,0,14.478244
1789418999,1,-121.896570,49.155084,0.000000,2.005316,27.572108,110.155668,1,0,14.408686
1789419003,1,-121.895061,49.155076,0.000000,2.003955,27.476831,110.083565,1,0,14.665888
1789419007,1,-121.893552,49.155068,0.000000,2.000024,27.511677,110.083566,1,0,14.575299
1789419012,1,-121.891665,49.155056,0.000000,2.096888,27.532596,137.661141,1,0,14.348920
1789419017,1,-121.889780,49.155048,0.000000,2.186176,27.479718,137.511649,1,0,14.304502
1789419022,1,-121.887894,49.155037,0.000000,2.002166,27.525977,137.587158,1,0,14.321855
1789419026,1,-121.886386,49.155031,0.000000,2.000013,27.514654,110.009040,1,0,14.312873
1789419030,1,-121.884877,49.155022,0.000000,2.000000,27.510129,110.084517,1,0,14.437163
1789419034,1,-121.883368,49.155013,0.000000,2.087624,27.533962,110.084518,1,0,14.428690
1789419038,1,-121.881858,49.155005,0.000000,2.014932,27.561425,110.156511,1,0,14.617070
1789419042,1,-121.880349,49.154999,0.000000,2.000089,27.539049,110.081994,1,0,14.689796
1789419047,1,-121.878461,49.154986,0.000000,2.214096,27.561021,137.735212,1,0,14.518997
1789419052,1,-121.876573,49.154976,0.000000,2.000654,27.550332,137.732113,1,0,14.586489
1789419056,1,-121.875064,49.154972,0.000000,2.021580,27.523051,110.080869,1,0,14.615069
1789419060,1,-121.873559,49.154964,0.000000,2.317618,27.387040,109.791784,1,0,15.102795
1789419064,1,-121.872053,49.154957,0.000000,2.167048,27.472463,109.863894,1,0,15.536935
1789419068,1,-121.870542,49.154949,0.000000,2.070565,27.511403,110.229475,1,0,15.499509
1789419072,1,-121.869034,49.154944,0.000000,2.057553,27.524936,110.008444,1,0,15.678852
1789419076,1,-121.867525,49.154934,0.000000,2.105515,27.545363,110.085609,1,0,15.897655
1789419081,1,-121.865640,49.154918,0.000000,2.049385,27.479539,137.520320,1,0,16.149610
1789419085,1,-121.864130,49.154910,0.000000,2.077930,27.500431,110.156541,1,0,16.373572
1789419090,1,-121.862243,49.154897,0.000000,2.091654,27.551788,137.662309,1,0,16.718517
1789419095,1,-121.860356,49.154887,0.000000,2.096106,27.548404,137.659213,1,0,16.704470
1789419099,1,-121.858846,49.154877,0.000000,2.097541,27.468454,110.158570,1,0,16.743639
1789419103,1,-121.857338,49.154872,0.000000,2.099257,27.582383,110.008465,1,0,16.862514
1789419107,1,-121.855827,49.154861,0.000000,2.098852,27.562095,110.232697,1,0,17.060813
1789419111,1,-121.854318,49.154852,0.000000,2.100246,27.478945,110.084563,1,0,16.989652
1789419115,1,-121.852808,49.154846,0.000000,2.227772,27.550900,110.154981,1,0,16.920334
1789419120,1,-121.850922,49.154835,0.000000,2.101126,27.434420,137.587221,1,0,17.527095
1789419124,1,-121.849412,49.154829,0.000000,2.134396,27.583264,110.154992,1,0,17.618365
1789419129,1,-121.847526,49.154816,0.000000,2.099988,27.537251,137.589390,1,0,17.872913
1789419133,1,-121.846017,49.154808,0.000000,2.098961,27.548246,110.083623,1,0,17.966401
1789419137,1,-121.844508,49.154800,0.000000,2.098450,27.563320,110.083624,1,0,18.019385
1789419142,1,-121.842622,49.154789,0.000000,2.097466,27.550857,137.587238,1,0,17.966757
1789419146,1,-121.841112,49.154782,0.000000,2.096676,27.519108,110.155727,1,0,17.847313
1789419150,1,-121.839603,49.154776,0.000000,2.108935,27.579646,110.082047,1,0,17.653044
1789419154,1,-121.838095,49.154764,0.000000,2.169224,27.507287,110.015169,1,0,17.716741
1789419159,1,-121.836208,49.154752,0.000000,2.094927,27.552292,137.661213,1,0,17.903928
1789419163,1,-121.834700,49.154742,0.000000,2.095565,27.418055,110.012697,1,0,17.595877
1789419167,1,-121.833190,49.154730,0.000000,2.096865,27.482421,110.161054,1,0,17.472561
1789419171,1,-121.831679,49.154723,0.000000,2.575706,27.600743,110.228666,1,0,17.349624
1789419175,1,-121.830167,49.154721,0.000000,2.098095,27.565907,110.299092,1,0,17.748194
1789419179,1,-121.828659,49.154719,0.000000,2.099254,27.393926,110.007308,1,0,18.582259
1789419183,1,-121.827151,49.154713,0.000000,2.097233,27.435503,110.009120,1,0,19.272093
1789419188,1,-121.825265,49.154773,0.000000,2.095757,27.487202,137.743555,1,0,19.932519
1789419192,1,-121.823776,49.154932,0.000000,2.144896,27.493114,110.051010,1,0,20.683135
1789419196,1,-121.822319,49.155184,0.000000,2.237721,27.475709,109.919561,1,0,22.092899
1789419200,1,-121.820900,49.155509,0.000000,2.273791,27.351783,109.643521,1,0,24.660864
1789419204,1,-121.819539,49.155927,0.000000,2.288166,27.467393,109.628029,1,0,28.144298
1789419208,1,-121.818245,49.156441,0.000000,2.295642,27.901396,110.355397,1,0,32.055081
1789419212,1,-121.816974,49.157033,0.000000,2.300269,28.693868,113.716219,1,0,36.046054
1789419217,1,-121.815417,49.157814,0.000000,2.300309,28.621914,142.976695,1,0,41.220887
1789419222,1,-121.813860,49.158602,0.000000,2.298851,28.717233,143.451056,1,0,44.660419
1789419226,1,-121.812614,49.159229,0.000000,2.298460,28.688806,114.553415,1,0,45.076624
1789419230,1,-121.811341,49.159842,0.000000,2.303774,28.910551,115.193867,1,0,44.047081
1789419235,1,-121.809572,49.160376,0.000000,2.304772,28.266961,142.044123,1,0,39.625066
1789419239,1,-121.808044,49.160584,0.000000,2.392176,28.699100,113.829621,1,0,35.205791
1789419243,1,-121.806468,49.160596,0.000000,2.437591,28.850473,114.963212,1,0,30.625335
1789419247,1,-121.804917,49.160399,0.000000,2.455263,28.854777,115.233766,1,0,25.998209
1789419252,1,-121.803038,49.160053,0.000000,2.460827,28.183168,142.355801,1,0,22.503105
1789419257,1,-121.801115,49.159982,0.000000,2.460309,28.473202,140.487935,1,0,22.036742
1789419261,1,-121.799605,49.160212,0.000000,2.460337,28.360389,113.072371,1,0,22.357148
1789419266,1,-121.797919,49.160841,0.000000,4.736432,28.356246,141.482238,1,0,23.239449
1789419270,1,-121.796742,49.161493,0.000000,4.748595,27.564171,112.376035,1,0,24.666159
1789419274,1,-121.795643,49.162104,0.000000,4.748651,25.569471,105.087521,1,0,28.021158
1789419279,1,-121.794338,49.162834,0.000000,4.748651,24.811418,125.100407,1,0,32.513342
1789419284,1,-121.793048,49.163557,0.000000,4.748651,24.917109,123.762993,1,0,36.993884
1789419288,1,-121.791994,49.164149,0.000000,4.748651,25.510319,101.212950,1,0,40.785960
1789419292,1,-121.790914,49.164760,0.000000,4.748651,26.287643,104.028449,1,0,43.970432
1789419296,1,-121.789797,49.165387,0.000000,4.748651,27.116201,107.234918,1,0,45.648795
1789419300,1,-121.788649,49.166034,0.000000,4.748651,27.740313,110.399192,1,0,46.894454
1789419305,1,-121.787219,49.166883,0.000000,4.748651,28.356502,140.686923,1,0,48.512396
1789419309,1,-121.786134,49.167625,0.000000,4.748651,28.609448,114.326540,1,0,49.827207
1789419313,1,-121.785128,49.168414,0.000000,4.748651,28.606707,114.376707,1,0,51.134084
1789419317,1,-121.784181,49.169234,0.000000,4.748651,28.647618,114.394699,1,0,52.015212
1789419322,1,-121.783000,49.170267,0.000000,4.748651,28.681646,143.583296,1,0,53.688751
1789419326,1,-121.781918,49.171009,0.000000,4.748651,28.299632,114.175319,1,0,54.617812
1789419330,1,-121.780633,49.171548,0.000000,4.748651,27.733185,111.243567,1,0,54.495595
1789419334,1,-121.779214,49.171983,0.000000,4.748651,28.770545,114.233467,1,0,56.240082
1789419339,1,-121.777490,49.172592,0.000000,4.748651,28.707644,142.797691,1,0,57.735309
1789419344,1,-121.776148,49.173498,0.000000,4.748651,28.086108,140.459293,1,0,57.324246
1789419349,1,-121.775066,49.174566,0.000000,4.748651,28.614570,142.593691,1,0,56.086107
1789419353,1,-121.774097,49.175380,0.000000,4.748651,28.537455,114.839388,1,0,55.570142
1789419357,1,-121.772976,49.176101,0.000000,4.748651,28.639322,114.505902,1,0,54.087207
1789419362,1,-121.771533,49.176792,0.000000,4.748651,22.975377,130.298321,1,0,52.281575
1789419367,1,-121.770361,49.177271,0.000000,4.748652,18.279095,100.705417,1,0,51.284535
1789419373,1,-121.769053,49.177842,0.000000,4.748651,20.824251,114.576907,1,0,50.652647
1789419378,1,-121.767693,49.178400,0.000000,4.748652,25.020576,116.978092,1,0,50.665197
1789419382,1,-121.766420,49.178894,0.000000,4.748652,27.997166,107.857996,1,0,50.365083
1789419387,1,-121.764742,49.179565,0.000000,4.748651,28.651314,143.308851,1,0,50.200170
1789419391,1,-121.763398,49.180103,0.000000,4.748651,28.672971,114.816184,1,0,50.569423
1789419396,1,-121.761720,49.180774,0.000000,4.748652,28.718412,143.308848,1,0,49.785142
1789419400,1,-121.760376,49.181310,0.000000,4.748652,28.720259,114.700406,1,0,48.408945
1789419405,1,-121.758693,49.181979,0.000000,4.748652,28.585697,143.504699,1,0,46.528234
1789419409,1,-121.757355,49.182513,0.000000,4.748652,28.520721,114.211003,1,0,44.998737
1789419413,1,-121.756030,49.183045,0.000000,4.748652,28.263418,113.277454,1,0,44.090963
1789419418,1,-121.754383,49.183720,0.000000,4.748652,28.392799,141.608596,1,0,44.195755
1789419423,1,-121.752745,49.184410,0.000000,4.748651,28.382604,141.947555,1,0,46.048717
1789419427,1,-121.751428,49.184963,0.000000,4.748651,28.574151,114.023114,1,0,47.579445
1789419431,1,-121.750110,49.185519,0.000000,4.748651,28.657385,114.264745,1,0,49.047087
1789419436,1,-121.748458,49.186215,0.000000,4.748651,28.600686,143.167057,1,0,50.862579
1789419441,1,-121.746803,49.186912,0.000000,4.748652,28.756459,143.411212,1,0,51.991664
1789419445,1,-121.745496,49.187490,0.000000,4.748652,28.735199,114.941494,1,0,51.968304
1789419449,1,-121.744264,49.188132,0.000000,4.748652,28.677295,114.732494,1,0,51.992252
1789419454,1,-121.742782,49.188978,0.000000,4.748652,28.653515,143.260531,1,0,51.539255
1789419458,1,-121.741637,49.189683,0.000000,4.748652,28.681578,114.517404,1,0,51.353708
1789419462,1,-121.740530,49.190409,0.000000,4.748652,28.518603,114.154188,1,0,51.814212
1789419466,1,-121.739455,49.191155,0.000000,4.748652,28.557437,114.123932,1,0,52.557212
1789419470,1,-121.738420,49.191928,0.000000,4.748652,28.661225,114.381162,1,0,52.876043
1789419475,1,-121.737179,49.192934,0.000000,4.748652,28.888516,143.874597,1,0,50.780129
1789419479,1,-121.736182,49.193749,0.000000,4.748652,29.093828,116.175214,1,0,47.720835
1789419484,1,-121.734848,49.194712,0.000000,4.748652,28.897085,144.654646,1,0,43.799938
1789419488,1,-121.733639,49.195371,0.000000,4.748652,28.531496,114.617988,1,0,40.927817
1789419492,1,-121.732431,49.196018,0.000000,4.748652,28.255579,113.712751,1,0,38.181192
1789419496,1,-121.731235,49.196661,0.000000,4.748652,28.248085,112.754114,1,0,36.033313
1789419501,1,-121.729732,49.197468,0.000000,4.748652,28.349544,141.614832,1,0,33.955330
1789419506,1,-121.728231,49.198270,0.000000,4.748652,28.230185,141.150024,1,0,32.173477
1789419511,1,-121.726739,49.199100,0.000000,4.748652,28.582588,142.637387,1,0,30.167530
1789419516,1,-121.725268,49.199948,0.000000,4.748652,28.604006,142.788194,1,0,28.548967
1789419520,1,-121.724102,49.200639,0.000000,4.748652,28.593817,114.575842,1,0,27.732475
1789419525,1,-121.722645,49.201497,0.000000,2.576625,28.588067,142.764563,1,0,28.174280
1789419530,1,-121.721187,49.202358,0.000000,2.575533,28.635082,143.034243,1,0,28.924724
1789419534,1,-121.720020,49.203048,0.000000,2.576500,28.642955,114.549251,1,0,29.306462
1789419539,1,-121.718554,49.203899,0.000000,2.577373,28.502347,142.727999,1,0,29.320052
1789419543,1,-121.717240,49.204457,0.000000,2.576957,28.668962,114.109155,1,0,29.165003
1789419547,1,-121.715853,49.204941,0.000000,2.576694,28.658403,114.517890,1,0,29.555995
1789419552,1,-121.714122,49.205549,0.000000,2.579347,28.694375,143.127838,1,0,30.369014
1789419556,1,-121.712734,49.206032,0.000000,2.583845,28.575891,114.530040,1,0,31.104253
1789419560,1,-121.711379,49.206548,0.000000,2.582380,28.561384,114.211002,1,0,32.436930
1789419564,1,-121.710178,49.207209,0.000000,2.579042,28.630666,114.293616,1,0,34.752601
1789419569,1,-121.708980,49.208221,0.000000,2.573759,28.519069,142.435859,1,0,37.310143
1789419573,1,-121.708128,49.209084,0.000000,2.572960,28.642116,114.307580,1,0,39.108557
1789419577,1,-121.707269,49.209943,0.000000,2.571875,28.651727,114.213095,1,0,40.916871
1789419582,1,-121.706194,49.211020,0.000000,2.573749,28.685192,143.118707,1,0,42.348384
1789419587,1,-121.705000,49.212050,0.000000,2.571041,28.756110,143.841701,1,0,43.464287
1789419591,1,-121.703896,49.212783,0.000000,2.571043,28.658014,114.525457,1,0,43.296133
1789419595,1,-121.702678,49.213437,0.000000,2.569623,28.730494,114.743637,1,0,42.819043
1789419599,1,-121.701342,49.213982,0.000000,2.569251,28.709788,114.671557,1,0,42.513663
1789419604,1,-121.699558,49.214519,0.000000,2.570617,28.661225,143.048979,1,0,42.577898
1789419608,1,-121.698060,49.214827,0.000000,3.379995,28.648100,114.395976,1,0,42.541026
1789419612,1,-121.696549,49.215115,0.000000,4.743167,28.688864,114.658932,1,0,42.353384
1789419616,1,-121.695103,49.215531,0.000000,4.748630,28.864165,115.068873,1,0,41.124509
1789419620,1,-121.693797,49.216130,0.000000,4.748651,29.117734,116.158779,1,0,38.646504
1789419625,1,-121.692478,49.217090,0.000000,4.748652,28.410811,143.642682,1,0,37.473914
1789419630,1,-121.691501,49.218181,0.000000,4.748652,28.128023,140.672017,1,0,35.494556
1789419634,1,-121.690759,49.219079,0.000000,4.748652,28.446386,113.562358,1,0,34.585884
1789419638,1,-121.690049,49.219995,0.000000,4.748651,28.592062,114.252567,1,0,34.298945
1789419643,1,-121.689254,49.221171,0.000000,4.748651,28.671764,143.039192,1,0,33.998053
1789419648,1,-121.688539,49.222370,0.000000,4.748651,28.530405,143.157734,1,0,33.647125
1789419653,1,-121.687824,49.223569,0.000000,4.748652,28.604096,143.157728,1,0,33.385437
1789419657,1,-121.687247,49.224527,0.000000,4.748652,28.615200,114.535040,1,0,32.835554
1789419662,1,-121.686390,49.225681,0.000000,4.748652,28.428807,142.720163,1,0,33.339797
1789419666,1,-121.685502,49.226519,0.000000,4.748651,28.475443,113.447650,1,0,35.167535
1789419670,1,-121.684534,49.227318,0.000000,4.748651,28.511920,113.435603,1,0,37.611235
1789419674,1,-121.683646,49.228166,0.000000,4.748651,28.777682,114.359389,1,0,39.540921
1789419678,1,-121.683006,49.229108,0.000000,4.748651,28.755316,114.667911,1,0,40.421201
1789419682,1,-121.682635,49.230112,0.000000,4.748651,28.610543,114.883208,1,0,40.899772
1789419687,1,-121.682258,49.231380,0.000000,4.748652,28.680214,143.669188,1,0,41.380952
1789419691,1,-121.681954,49.232392,0.000000,4.748652,28.807309,114.706652,1,0,40.861131
1789419695,1,-121.681650,49.233413,0.000000,4.748652,29.045718,115.688904,1,0,39.156766
1789419700,1,-121.681384,49.234709,0.000000,4.748652,28.937093,145.430633,1,0,34.001340
1789419704,1,-121.681224,49.235733,0.000000,4.748652,28.166588,114.478599,1,0,31.341589
1789419708,1,-121.681050,49.236736,0.000000,4.748652,28.033341,112.265969,1,0,31.067228
1789419712,1,-121.680667,49.237721,0.000000,4.748652,28.334575,113.041632,1,0,31.464370
1789419716,1,-121.679988,49.238642,0.000000,4.748652,28.439751,113.739779,1,0,32.012089
1789419720,1,-121.679189,49.239523,0.000000,4.748652,28.430224,113.955263,1,0,33.636491
1789419724,1,-121.678479,49.240428,0.000000,4.748651,28.311342,113.153627,1,0,37.339826
1789419729,1,-121.677822,49.241622,0.000000,4.748651,28.340609,141.147341,1,0,43.852635
1789419733,1,-121.677497,49.242623,0.000000,4.748651,28.561138,113.814035,1,0,48.422206
1789419737,1,-121.677368,49.243650,0.000000,4.748652,28.818491,114.603723,1,0,51.763257
1789419742,1,-121.677322,49.244933,0.000000,4.748652,28.146877,142.728603,1,0,53.992146
1789419747,1,-121.677302,49.246205,0.000000,4.748652,28.525560,141.473458,1,0,55.151919
1789419751,1,-121.677288,49.247229,0.000000,4.748652,28.354976,113.889233,1,0,57.556525
1789419755,1,-121.677367,49.248247,0.000000,4.748652,28.137727,113.363462,1,0,62.229619
1789419760,1,-121.677721,49.249492,0.000000,4.748651,28.584751,140.842059,1,0,69.065707
1789419765,1,-121.678084,49.250750,0.000000,4.748652,28.557913,142.384031,1,0,76.236879
1789419770,1,-121.678443,49.252010,0.000000,4.748652,28.671944,142.548719,1,0,82.282861
1789419775,1,-121.678761,49.253279,0.000000,4.748652,28.635638,143.019502,1,0,86.420291
1789419780,1,-121.678753,49.254569,0.000000,4.748652,28.765699,143.469998,1,0,88.958315
1789419784,1,-121.678415,49.255577,0.000000,4.748652,28.683119,114.774871,1,0,89.893915
1789419788,1,-121.677943,49.256562,0.000000,4.748652,28.717663,114.810238,1,0,90.150150
1789419793,1,-121.677338,49.257793,0.000000,4.748652,28.751388,143.816898,1,0,89.672677
1789419797,1,-121.676856,49.258776,0.000000,4.748652,28.666588,114.818378,1,0,89.096944
1789419801,1,-121.676372,49.259761,0.000000,4.748652,28.696098,115.074674,1,0,88.562410
1789419806,1,-121.675791,49.260996,0.000000,4.748652,28.809869,143.716572,1,0,87.074002
1789419811,1,-121.675525,49.262279,0.000000,4.748652,28.887017,143.998127,1,0,83.976512
1789419815,1,-121.675562,49.263319,0.000000,4.748652,28.875155,115.696256,1,0,82.312068
1789419820,1,-121.675493,49.264610,0.000000,4.748652,28.592817,143.667960,1,0,80.419606
1789419824,1,-121.675274,49.265620,0.000000,4.748652,28.209004,113.453805,1,0,78.810948
1789419828,1,-121.675133,49.266632,0.000000,4.748652,28.300705,113.017731,1,0,77.570851
1789419832,1,-121.675279,49.267644,0.000000,4.748652,28.431362,113.051347,1,0,77.543581
1789419836,1,-121.675600,49.268648,0.000000,4.748652,28.631054,114.078991,1,0,77.197364
1789419840,1,-121.675823,49.269668,0.000000,4.748652,28.820527,114.595710,1,0,75.278564
1789419844,1,-121.675675,49.270694,0.000000,4.748652,28.367236,114.615090,1,0,71.792445
1789419848,1,-121.675190,49.271651,0.000000,4.748652,28.054156,112.134505,1,0,67.888535
1789419852,1,-121.674440,49.272533,0.000000,4.748652,28.247470,112.254735,1,0,62.628035
1789419856,1,-121.673638,49.273411,0.000000,4.748652,28.541716,113.760396,1,0,56.848838
1789419860,1,-121.672821,49.274293,0.000000,4.748652,28.757216,114.704371,1,0,50.942817
1789419865,1,-121.671873,49.275436,0.000000,4.748652,29.107431,144.633543,1,0,43.640657
1789419870,1,-121.671426,49.276691,0.000000,4.748652,28.461701,143.316265,1,0,38.685262
1789419874,1,-121.671352,49.277701,0.000000,4.748652,27.964960,112.456912,1,0,37.264571
1789419878,1,-121.671312,49.278718,0.000000,4.748651,28.429680,113.143883,1,0,39.053955
1789419882,1,-121.671272,49.279746,0.000000,4.748651,28.636863,114.366892,1,0,41.275229
1789419887,1,-121.671082,49.281027,0.000000,4.748652,28.598286,143.136748,1,0,43.081692
1789419891,1,-121.670581,49.282002,0.000000,4.748652,28.577664,114.399518,1,0,43.550461
1789419895,1,-121.669928,49.282941,0.000000,4.748652,28.591616,114.731283,1,0,43.290401
1789419900,1,-121.669176,49.284158,0.000000,4.748652,29.211320,145.990292,1,0,42.883307
1789419904,1,-121.668920,49.285192,0.000000,4.748652,29.208950,116.495932,1,0,41.835067
1789419909,1,-121.668860,49.286504,0.000000,4.748652,29.215679,145.980591,1,0,41.318636
1789419913,1,-121.668815,49.287552,0.000000,4.748652,29.114667,116.600347,1,0,40.581958
1789419917,1,-121.668613,49.288588,0.000000,4.748652,28.866533,116.153174,1,0,40.249201
1789419922,1,-121.667882,49.289771,0.000000,4.748652,28.212486,141.910145,1,0,42.161382
1789419926,1,-121.666931,49.290572,0.000000,4.748652,28.257174,112.794884,1,0,43.938915
1789419930,1,-121.665721,49.291201,0.000000,4.748652,28.003480,112.439873,1,0,44.920812
1789419934,1,-121.664361,49.291707,0.000000,4.748652,29.276723,113.825677,1,0,44.839060
1789419938,1,-121.662912,49.292183,0.000000,4.748652,29.591096,117.952799,1,0,42.666561
1789419942,1,-121.661460,49.292669,0.000000,4.748652,29.633280,118.650307,1,0,40.059181
1789419946,1,-121.660052,49.293198,0.000000,4.748651,29.380325,118.117884,1,0,39.340793
1789419950,1,-121.658761,49.293825,0.000000,4.748651,29.527729,116.970448,1,0,39.324390
1789419954,1,-121.657594,49.294570,0.000000,4.748651,29.678030,118.624334,1,0,39.621951
1789419958,1,-121.656579,49.295403,0.000000,4.748651,29.746737,118.466449,1,0,39.663142
1789419962,1,-121.655664,49.296290,0.000000,4.748651,29.761165,119.003566,1,0,39.768532
1789419967,1,-121.654529,49.297401,0.000000,4.748651,29.768272,148.602926,1,0,39.833059
1789419971,1,-121.653608,49.298285,0.000000,4.748652,29.784024,118.968703,1,0,40.028788
1789419975,1,-121.652515,49.299071,0.000000,4.748652,29.307719,118.160645,1,0,40.370862
1789419980,1,-121.650850,49.299755,0.000000,4.748652,28.301862,143.016185,1,0,40.655570
1789419985,1,-121.649001,49.300260,0.000000,4.748652,29.508667,145.745958,1,0,41.450495
1789419990,1,-121.647209,49.300879,0.000000,4.748651,29.664269,147.406967,1,0,41.466373
1789419994,1,-121.645886,49.301509,0.000000,4.748651,29.760111,119.035902,1,0,41.651294
1789419998,1,-121.644712,49.302252,0.000000,4.748651,29.694650,118.822300,1,0,42.035867
1789420002,1,-121.643654,49.303065,0.000000,4.748651,29.760274,118.728515,1,0,41.820831
1789420007,1,-121.642336,49.304087,0.000000,4.748651,29.721522,148.687024,1,0,41.592206
1789420011,1,-121.641300,49.304914,0.000000,4.748652,29.797050,118.898167,1,0,41.085087
1789420015,1,-121.640260,49.305745,0.000000,4.748652,29.926603,119.426650,1,0,39.206965
1789420019,1,-121.639194,49.306567,0.000000,4.748652,30.049319,119.867976,1,0,36.267469
1789420023,1,-121.638114,49.307383,0.000000,4.748652,29.912003,120.018407,1,0,34.370757
1789420028,1,-121.636826,49.308394,0.000000,4.748651,29.007952,146.341580,1,0,36.312964
1789420032,1,-121.635829,49.309216,0.000000,4.748651,29.334286,116.680403,1,0,38.797012
1789420037,1,-121.634748,49.310350,0.000000,4.748652,29.899503,148.613358,1,0,39.551743
1789420041,1,-121.634006,49.311313,0.000000,4.748652,29.991109,119.926278,1,0,38.376393
1789420045,1,-121.633268,49.312279,0.000000,4.748652,29.983115,120.091776,1,0,36.349281
1789420049,1,-121.632531,49.313245,0.000000,4.748652,29.989473,120.059261,1,0,34.112752
1789420054,1,-121.631610,49.314437,0.000000,4.748651,29.329854,148.525247,1,0,33.415989
1789420059,1,-121.630570,49.315561,0.000000,4.748651,29.508668,146.101410,1,0,33.454778
1789420064,1,-121.629345,49.316620,0.000000,4.748651,29.563577,147.668734,1,0,33.634468
1789420068,1,-121.628300,49.317439,0.000000,4.748651,29.638160,118.614645,1,0,33.526451
1789420072,1,-121.627258,49.318262,0.000000,4.748651,29.723368,118.817411,1,0,33.660816
1789420076,1,-121.626211,49.319088,0.000000,4.748652,29.836232,119.306256,1,0,33.871632
1789420080,1,-121.625169,49.319911,0.000000,4.748651,29.714687,118.817414,1,0,33.722892
1789420085,1,-121.623859,49.320941,0.000000,4.748651,29.745193,148.976922,1,0,33.578489
1789420089,1,-121.622817,49.321767,0.000000,4.748652,29.753595,119.074626,1,0,33.468833
1789420093,1,-121.621771,49.322588,0.000000,4.748652,29.752119,118.827043,1,0,33.075434
1789420097,1,-121.620732,49.323413,0.000000,4.748651,29.683381,118.845137,1,0,32.981589
1789420102,1,-121.619426,49.324440,0.000000,4.748651,29.736664,148.528174,1,0,33.257503
1789420106,1,-121.618384,49.325264,0.000000,4.748651,29.710289,118.898136,1,0,33.519799
1789420110,1,-121.617338,49.326085,0.000000,4.748651,29.618620,118.827051,1,0,33.926504
1789420115,1,-121.616035,49.327115,0.000000,4.748652,29.744730,148.645842,1,0,33.735958
1789420119,1,-121.614982,49.327935,0.000000,4.748652,29.715911,119.062892,1,0,34.034149
1789420124,1,-121.613642,49.328944,0.000000,4.748652,29.716384,148.595975,1,0,34.308352
1789420129,1,-121.612299,49.329956,0.000000,4.748652,29.796993,148.990905,1,0,34.295099
1789420133,1,-121.611222,49.330761,0.000000,4.748651,29.732770,118.931049,1,0,34.230409
1789420137,1,-121.610143,49.331566,0.000000,4.748652,29.747150,119.026799,1,0,34.196960
1789420141,1,-121.609070,49.332372,0.000000,4.748652,29.691651,118.823729,1,0,34.224819
1789420145,1,-121.607992,49.333176,0.000000,4.748652,29.737053,118.889817,1,0,34.218651
1789420149,1,-121.606917,49.333979,0.000000,4.748652,29.749982,118.662502,1,0,34.423131
1789420154,1,-121.605567,49.334985,0.000000,4.748652,29.708871,148.815692,1,0,34.700881
1789420159,1,-121.604220,49.335990,0.000000,4.748652,29.779125,148.588335,1,0,34.830590
1789420163,1,-121.603143,49.336794,0.000000,4.748652,29.745556,118.841938,1,0,34.664504
1789420167,1,-121.602068,49.337599,0.000000,4.748652,29.720233,118.830004,1,0,34.492686
1789420171,1,-121.600988,49.338402,0.000000,4.748652,29.729087,118.896691,1,0,34.504537
1789420175,1,-121.599910,49.339207,0.000000,4.748652,29.712150,118.968092,1,0,34.745516
1789420179,1,-121.598829,49.340013,0.000000,4.748652,29.775020,119.195405,1,0,34.883933
1789420183,1,-121.597751,49.340817,0.000000,4.748652,29.760258,118.884422,1,0,34.729076
1789420187,1,-121.596672,49.341622,0.000000,4.748652,29.727286,119.015967,1,0,34.866583
1789420191,1,-121.595595,49.342426,0.000000,4.748652,29.723606,118.836542,1,0,34.880198
1789420196,1,-121.594244,49.343429,0.000000,4.748652,29.742553,148.599837,1,0,35.319089
1789420200,1,-121.593164,49.344232,0.000000,4.748652,29.705605,118.891593,1,0,35.445930
1789420204,1,-121.592085,49.345035,0.000000,4.748652,29.730893,118.843639,1,0,35.713646
1789420209,1,-121.590739,49.346041,0.000000,4.748652,29.747476,148.611084,1,0,35.559764
1789420213,1,-121.589662,49.346846,0.000000,4.748652,29.739524,118.915179,1,0,35.726833
1789420217,1,-121.588585,49.347651,0.000000,4.748652,29.729686,118.915181,1,0,35.749506
1789420221,1,-121.587505,49.348454,0.000000,4.748652,29.690996,118.886279,1,0,35.781704
1789420225,1,-121.586431,49.349260,0.000000,4.748652,29.676291,118.850410,1,0,35.748892
1789420229,1,-121.585351,49.350063,0.000000,4.748652,29.729746,118.886280,1,0,35.878829
1789420234,1,-121.584001,49.351068,0.000000,4.748652,29.766703,148.712314,1,0,35.974289
1789420239,1,-121.582659,49.352072,0.000000,4.748651,29.515174,148.245766,1,0,37.769576
1789420244,1,-121.581321,49.353073,0.000000,4.748651,29.554607,147.797536,1,0,40.484074
1789420249,1,-121.579976,49.354078,0.000000,4.748652,29.747087,148.467228,1,0,42.547327
1789420254,1,-121.578631,49.355087,0.000000,4.748652,29.696277,148.802457,1,0,42.402986
1789420259,1,-121.577255,49.356080,0.000000,4.748652,29.658427,148.967162,1,0,41.538509
1789420263,1,-121.576026,49.356786,0.000000,4.748652,29.753109,118.905012,1,0,40.705769
1789420267,1,-121.574691,49.357409,0.000000,4.748652,29.764845,119.199989,1,0,40.798860
1789420271,1,-121.573344,49.358021,0.000000,4.748652,29.741206,119.199417,1,0,40.959032
1789420276,1,-121.571675,49.358787,0.000000,4.748651,29.555469,148.184813,1,0,43.737504
1789420280,1,-121.570341,49.359403,0.000000,4.748651,29.613359,118.681677,1,0,47.166915
1789420285,1,-121.569005,49.360020,0.000000,4.748651,29.735215,118.864580,1,0,50.240356
1789420288,1,-121.567672,49.360641,0.000000,4.748651,29.559418,118.944513,1,0,53.239333
1789420292,1,-121.566323,49.361243,0.000000,4.748651,29.645585,118.688041,1,0,54.275896
1789420297,1,-121.564531,49.361865,0.000000,4.748651,29.407503,147.421904,1,0,55.036679
1789420303,1,-121.562633,49.362310,0.000000,4.748651,29.288893,146.497201,1,0,55.169372
1789420307,1,-121.561052,49.362540,0.000000,4.748652,29.533270,117.668948,1,0,55.343730
1789420311,1,-121.559428,49.362676,0.000000,4.748652,29.799054,118.944348,1,0,55.977433
1789420316,1,-121.557387,49.362821,0.000000,4.748652,29.856797,149.131850,1,0,54.462114
1789420321,1,-121.555339,49.362960,0.000000,4.748652,29.968236,149.566855,1,0,51.232584
1789420325,1,-121.553704,49.363076,0.000000,4.748652,29.759164,119.464257,1,0,49.149226
1789420330,1,-121.551706,49.363291,0.000000,4.748652,29.359380,147.090326,1,0,47.914453
1789420334,1,-121.550129,49.363557,0.000000,4.748652,29.737955,118.310912,1,0,47.487218
1789420337,1,-121.548551,49.363845,0.000000,4.748652,29.811987,119.016279,1,0,46.910890
1789420341,1,-121.546956,49.364074,0.000000,4.748652,29.515214,118.626254,1,0,45.914317
1789420346,1,-121.544939,49.364078,0.000000,4.748652,29.006246,146.514456,1,0,45.209768
1789420351,1,-121.542924,49.363902,0.000000,4.748652,29.735919,147.671550,1,0,44.545796
1789420355,1,-121.541295,49.363827,0.000000,4.748652,29.688526,118.623287,1,0,44.464324
1789420359,1,-121.539663,49.363854,0.000000,4.748652,29.541499,118.585587,1,0,43.472785
1789420364,1,-121.537660,49.363901,0.000000,4.748652,28.904527,145.590645,1,0,43.082243
1789420370,1,-121.535684,49.363955,0.000000,4.748652,28.640815,143.661094,1,0,42.745596
1789420374,1,-121.534117,49.364036,0.000000,4.748652,28.521642,114.181903,1,0,42.214444
1789420378,1,-121.532565,49.364179,0.000000,4.748652,28.378450,113.852669,1,0,41.979701
1789420383,1,-121.530636,49.364390,0.000000,4.748652,28.395718,142.072897,1,0,41.323779
1789420387,1,-121.529098,49.364568,0.000000,4.748652,28.352792,113.459840,1,0,41.022531
1789420392,1,-121.527156,49.364788,0.000000,4.748652,28.848952,143.171966,1,0,40.600815
1789420397,1,-121.525171,49.364902,0.000000,4.748652,28.974628,144.745560,1,0,40.014494
1789420401,1,-121.523599,49.364761,0.000000,4.748652,28.720188,115.260879,1,0,39.855574
1789420406,1,-121.521759,49.364286,0.000000,4.748652,28.865229,143.718058,1,0,39.162085
1789420410,1,-121.520459,49.363698,0.000000,4.748652,28.561094,114.864571,1,0,39.402792
1789420414,1,-121.519276,49.363036,0.000000,4.748652,28.163991,113.159880,1,0,40.230866
1789420418,1,-121.518099,49.362385,0.000000,4.748652,27.936528,112.034800,1,0,41.063856
1789420422,1,-121.516858,49.361780,0.000000,4.748652,28.310948,112.488649,1,0,42.066831
1789420426,1,-121.515425,49.361349,0.000000,4.748652,28.899953,114.599061,1,0,43.199380
1789420430,1,-121.513472,49.361128,0.000000,4.748652,28.846785,143.978317,1,0,43.971239
1789420434,1,-121.511918,49.361199,0.000000,4.748652,28.072245,113.157542,1,0,44.296414
1789420439,1,-121.510067,49.361425,0.000000,4.748652,26.939101,136.784819,1,0,44.529689
1789420444,1,-121.508233,49.361650,0.000000,4.748652,27.412742,135.550595,1,0,44.735498
1789420449,1,-121.506324,49.361889,0.000000,4.748652,28.727309,141.193322,1,0,43.462943
1789420453,1,-121.504739,49.362087,0.000000,4.748652,29.389290,117.220506,1,0,42.114866
1789420457,1,-121.503172,49.362284,0.000000,4.748652,28.748633,115.915438,1,0,40.706540
1789420461,1,-121.501620,49.362482,0.000000,4.748652,28.521315,114.866929,1,0,40.745585
1789420466,1,-121.499720,49.362718,0.000000,4.748652,27.600350,140.488527,1,0,41.551449
1789420471,1,-121.497884,49.362947,0.000000,4.748652,27.119064,135.776069,1,0,42.518759
1789420476,1,-121.496025,49.363179,0.000000,4.748652,27.750995,137.479728,1,0,43.470732
1789420481,1,-121.494116,49.363417,0.000000,4.748652,28.611218,141.172408,1,0,43.122385
1789420486,1,-121.492151,49.363668,0.000000,4.748652,29.341380,145.440640,1,0,42.486193
1789420490,1,-121.490554,49.363872,0.000000,4.748652,29.527975,118.203037,1,0,42.498309
1789420496,1,-121.488556,49.364120,0.000000,4.748652,29.512800,147.731230,1,0,43.144383
1789420500,1,-121.486959,49.364280,0.000000,4.748652,29.143405,117.362066,1,0,43.667915
1789420505,1,-121.485008,49.364366,0.000000,4.748652,27.369002,142.041936,1,0,44.124235
1789420510,1,-121.483123,49.364415,0.000000,4.748652,28.412090,137.033750,1,0,44.274038
1789420515,1,-121.481108,49.364462,0.000000,4.748652,29.493395,146.461782,1,0,44.290581
1789420520,1,-121.479074,49.364515,0.000000,4.748652,29.747028,147.866186,1,0,46.644742
1789420524,1,-121.477439,49.364556,0.000000,4.748651,29.733328,118.853050,1,0,48.306067
1789420528,1,-121.475805,49.364599,0.000000,4.748652,29.757889,118.789241,1,0,49.882010
1789420532,1,-121.474171,49.364642,0.000000,4.748652,29.688648,118.789272,1,0,51.647975
1789420536,1,-121.472537,49.364694,0.000000,4.748651,29.728292,118.833808,1,0,53.046941
1789420540,1,-121.470907,49.364768,0.000000,4.748651,29.753081,118.688159,1,0,54.859693
1789420544,1,-121.469276,49.364872,0.000000,4.748652,29.856109,119.038413,1,0,55.598072
1789420548,1,-121.467642,49.364981,0.000000,4.748652,29.798961,119.310527,1,0,55.418589
1789420552,1,-121.466010,49.365092,0.000000,4.748652,29.633753,119.188817,1,0,53.807529
1789420557,1,-121.464000,49.365222,0.000000,4.748652,29.176616,146.719582,1,0,50.569528
1789420561,1,-121.462405,49.365332,0.000000,4.748652,29.129595,116.504132,1,0,49.987244
1789420565,1,-121.460788,49.365443,0.000000,4.748652,29.691266,118.105048,1,0,49.500678
1789420569,1,-121.459157,49.365551,0.000000,4.748652,29.707434,119.082352,1,0,49.000680
1789420573,1,-121.457534,49.365683,0.000000,4.748652,29.742609,118.804443,1,0,49.246486
1789420576,1,-121.455986,49.365993,0.000000,4.748652,29.194379,117.612860,1,0,49.074313
1789420580,1,-121.454604,49.366530,0.000000,4.748652,29.508270,116.810303,1,0,49.312326
1789420585,1,-121.453413,49.367259,0.000000,4.748652,29.848534,118.567256,1,0,49.065539
1789420589,1,-121.452024,49.368239,0.000000,4.748652,29.698158,148.517823,1,0,49.361933
1789420593,1,-121.450920,49.369025,0.000000,4.748652,29.663934,118.623474,1,0,49.467337
1789420597,1,-121.449835,49.369796,0.000000,4.748652,28.715100,116.461290,1,0,49.602928
1789420601,1,-121.448744,49.370558,0.000000,4.748651,29.395616,116.023494,1,0,51.104013
1789420605,1,-121.447558,49.371273,0.000000,4.748651,29.291051,117.234581,1,0,55.120320
1789420609,1,-121.446249,49.371896,0.000000,4.748651,29.496840,117.644775,1,0,59.481949
1789420614,1,-121.444458,49.372528,0.000000,4.748651,29.643147,147.860075,1,0,65.071083
1789420619,1,-121.442536,49.372979,0.000000,4.748651,29.673808,148.323934,1,0,70.711871
1789420624,1,-121.440934,49.373203,0.000000,4.748651,29.724941,118.982681,1,0,74.727782
1789420628,1,-121.439305,49.373297,0.000000,4.748651,29.670396,118.767265,1,0,78.668090
1789420632,1,-121.437671,49.373257,0.000000,4.748651,29.734036,118.752797,1,0,82.653588
1789420636,1,-121.436070,49.373051,0.000000,4.748651,29.622521,118.508635,1,0,86.425066
1789420640,1,-121.434506,49.372739,0.000000,4.748652,29.828573,118.768003,1,0,89.785258
1789420644,1,-121.432955,49.372417,0.000000,4.748652,29.463478,118.197652,1,0,91.403361
1789420648,1,-121.431400,49.372101,0.000000,4.748652,29.735519,118.274540,1,0,91.214108
1789420652,1,-121.429825,49.371800,0.000000,4.748652,29.739460,119.182898,1,0,90.412915
1789420657,1,-121.427843,49.371493,0.000000,4.748652,29.262249,147.937357,1,0,89.908547
1789420662,1,-121.425932,49.371221,0.000000,4.748652,28.297721,142.045531,1,0,92.614315
1789420667,1,-121.424003,49.371092,0.000000,4.748652,28.262340,140.826883,1,0,95.630648
1789420672,1,-121.422079,49.371216,0.000000,4.748651,28.104245,140.410006,1,0,98.483531
1789420676,1,-121.420575,49.371467,0.000000,4.748651,28.244164,112.739351,1,0,100.473436
1789420680,1,-121.419084,49.371745,0.000000,4.748651,28.068883,112.612096,1,0,102.628192
1789420684,1,-121.417587,49.372021,0.000000,4.748652,28.311154,112.970552,1,0,103.972525
1789420688,1,-121.416042,49.372173,0.000000,4.748651,28.427437,113.472571,1,0,105.256991
1789420692,1,-121.414468,49.372122,0.000000,4.748652,28.701090,114.453020,1,0,106.269862
1789420696,1,-121.412567,49.371790,0.000000,4.748652,28.562574,142.913420,1,0,107.782215
1789420700,1,-121.411102,49.371418,0.000000,4.748652,28.535224,114.157444,1,0,108.882148
1789420705,1,-121.409284,49.370955,0.000000,4.748652,28.078782,141.719422,1,0,110.213667
1789420709,1,-121.407868,49.370597,0.000000,4.748652,27.171248,110.276582,1,0,111.320631
1789420714,1,-121.406157,49.370159,0.000000,4.748651,26.475525,133.469621,1,0,115.358452
1789420719,1,-121.404512,49.369681,0.000000,4.748651,26.125782,130.763605,1,0,122.151454
1789420724,1,-121.403055,49.369024,0.000000,4.748651,25.598322,128.593545,1,0,130.526912
1789420728,1,-121.401976,49.368466,0.000000,4.748651,24.432236,99.961350,1,0,136.706145
1789420733,1,-121.400702,49.367885,0.000000,4.748651,21.543879,112.855971,1,0,143.533127
1789420738,1,-121.399334,49.367467,0.000000,4.748651,22.670938,109.700425,1,0,149.677262
1789420742,1,-121.398116,49.367165,0.000000,4.748651,24.375001,94.629123,1,0,154.996205
1789420748,1,-121.396446,49.366821,0.000000,4.748651,25.990796,127.188732,1,0,160.793891
1789420752,1,-121.395056,49.366539,0.000000,4.748651,26.766454,105.720113,1,0,165.254983
1789420756,1,-121.393602,49.366280,0.000000,4.748651,27.612830,109.467311,1,0,170.644880
1789420760,1,-121.392048,49.366134,0.000000,4.748651,29.296355,114.034749,1,0,177.861330
1789420765,1,-121.389956,49.366033,0.000000,4.748651,30.956726,152.364465,1,0,187.042317
1789420769,1,-121.388222,49.365978,0.000000,4.748651,31.654995,126.095548,1,0,193.880642
1789420774,1,-121.386048,49.365846,0.000000,4.748651,31.699842,158.587144,1,0,200.113547
1789420778,1,-121.384419,49.365491,0.000000,4.748652,30.853011,124.734605,1,0,202.767355
1789420783,1,-121.382477,49.364884,0.000000,4.748652,31.561803,156.378666,1,0,206.339073
1789420787,1,-121.380919,49.364388,0.000000,4.748651,31.303126,125.893907,1,0,211.406936
1789420792,1,-121.378940,49.363806,0.000000,4.748651,31.530840,157.645337,1,0,218.322724
1789420796,1,-121.377285,49.363454,0.000000,4.748651,31.526318,126.424054,1,0,223.117441
1789420801,1,-121.375202,49.363046,0.000000,4.748652,31.529097,157.955679,1,0,229.370684
1789420805,1,-121.373515,49.362752,0.000000,4.748652,31.752336,126.822009,1,0,233.701390
1789420810,1,-121.371352,49.362522,0.000000,4.748652,31.774524,159.192890,1,0,236.067781
1789420813,1,-121.369626,49.362315,0.000000,4.748652,31.815542,127.475964,1,0,236.609233
1789420818,1,-121.367489,49.362014,0.000000,4.748652,31.636752,158.804319,1,0,238.335476
1789420823,1,-121.365352,49.361783,0.000000,4.748651,31.298536,157.347314,1,0,243.735392
1789420827,1,-121.363640,49.361684,0.000000,4.748651,31.173547,124.849440,1,0,250.325479
1789420831,1,-121.361914,49.361651,0.000000,4.748651,31.410968,125.433767,1,0,256.102917
1789420835,1,-121.360212,49.361795,0.000000,4.748651,30.471367,124.669772,1,0,260.023227
1789420840,1,-121.358426,49.362295,0.000000,4.748651,27.413544,141.154816,1,0,261.342352
1789420845,1,-121.357008,49.363102,0.000000,4.748651,27.655864,136.625027,1,0,261.019500
1789420849,1,-121.356166,49.363937,0.000000,4.748651,27.676673,111.202102,1,0,259.630122
1789420854,1,-121.355595,49.365104,0.000000,4.748651,27.064242,136.261815,1,0,260.141111
1789420858,1,-121.355534,49.366090,0.000000,4.748651,27.473333,109.753692,1,0,260.679336
1789420862,1,-121.355832,49.367051,0.000000,4.748651,26.733077,109.053788,1,0,261.321531
1789420866,1,-121.356507,49.367979,0.000000,4.748651,29.669840,114.266454,1,0,262.956426
1789420870,1,-121.357566,49.368849,0.000000,4.748651,31.273543,123.611322,1,0,265.115021
1789420875,1,-121.358917,49.369561,0.000000,4.748652,31.680937,126.097048,1,0,266.056058
1789420879,1,-121.360313,49.370245,0.000000,4.748652,31.752000,126.764012,1,0,266.796657
1789420884,1,-121.362054,49.371108,0.000000,4.748652,31.440984,158.759056,1,0,265.063631
1789420888,1,-121.363214,49.371866,0.000000,4.748652,29.127181,119.191593,1,0,262.190286
1789420893,1,-121.364136,49.373001,0.000000,4.748652,28.432296,142.897226,1,0,255.634822
1789420897,1,-121.364469,49.373988,0.000000,4.748652,28.123723,112.408038,1,0,248.777980
1789420902,1,-121.364360,49.375246,0.000000,4.748652,27.989543,140.140036,1,0,237.860083
1789420906,1,-121.363868,49.376155,0.000000,4.748652,26.233916,107.228788,1,0,228.823410
1789420910,1,-121.363076,49.376963,0.000000,4.748652,27.012111,106.698727,1,0,220.192556
1789420914,1,-121.361994,49.377658,0.000000,4.748652,27.918415,110.222715,1,0,211.408623
1789420919,1,-121.360263,49.378263,0.000000,4.748652,29.022321,142.581434,1,0,200.100358
1789420923,1,-121.358664,49.378495,0.000000,4.748652,30.590695,118.951285,1,0,192.872672
1789420927,1,-121.356977,49.378604,0.000000,4.748652,30.661200,123.107713,1,0,188.399996
1789420931,1,-121.355319,49.378708,0.000000,4.748652,29.934768,120.957655,1,0,186.875095
1789420934,1,-121.353688,49.378769,0.000000,4.748652,29.672429,118.636735,1,0,187.346095
1789420938,1,-121.352111,49.378572,0.000000,4.748652,28.842162,116.598272,1,0,188.196811
1789420942,1,-121.350704,49.378133,0.000000,4.748652,28.237625,113.242441,1,0,189.680738
1789420947,1,-121.348889,49.377557,0.000000,4.748652,30.298771,146.548726,1,0,191.450659
1789420952,1,-121.346877,49.377349,0.000000,4.748652,29.335258,147.930837,1,0,192.767345
1789420957,1,-121.344880,49.377576,0.000000,4.748652,30.005218,147.202750,1,0,193.927377
1789420961,1,-121.343254,49.377827,0.000000,4.748652,30.297234,121.334742,1,0,195.268960
1789420966,1,-121.341223,49.378141,0.000000,4.748652,30.271923,151.568864,1,0,197.094758
1789420971,1,-121.339191,49.378453,0.000000,4.748652,30.313244,151.588499,1,0,198.889934
1789420975,1,-121.337566,49.378705,0.000000,4.748652,30.291198,121.289818,1,0,200.216034
1789420979,1,-121.335925,49.378916,0.000000,4.748652,30.350950,121.457745,1,0,201.031287
1789420984,1,-121.333844,49.378928,0.000000,4.748652,30.237669,151.127649,1,0,202.348921
1789420989,1,-121.331762,49.378883,0.000000,4.748652,30.284005,151.277216,1,0,203.144542
1789420994,1,-121.329680,49.378840,0.000000,4.748652,30.295835,151.270039,1,0,203.981779
1789420999,1,-121.328015,49.378804,0.000000,4.748652,30.243642,120.978255,1,0,204.726281
1789421004,1,-121.325932,49.378759,0.000000,4.748652,30.274130,151.349851,1,0,205.417361
1789421009,1,-121.323853,49.378746,0.000000,4.748652,30.224536,150.983549,1,0,207.253197
1789421013,1,-121.322258,49.378975,0.000000,4.748652,29.408810,118.595844,1,0,208.243677
1789421017,1,-121.320863,49.379499,0.000000,4.748651,29.140428,116.872401,1,0,208.965237
1789421022,1,-121.319562,49.380458,0.000000,4.748651,28.521289,142.487451,1,0,210.913510
1789421027,1,-121.318874,49.381641,0.000000,4.748651,28.219125,140.740919,1,0,213.847412
1789421032,1,-121.318760,49.382925,0.000000,4.748652,29.132316,143.047340,1,0,216.656858
1789421036,1,-121.318742,49.384008,0.000000,4.748652,30.120959,120.459384,1,0,220.598222
1789421040,1,-121.318719,49.385098,0.000000,4.748652,30.245281,121.242413,1,0,224.076521
1789421045,1,-121.318693,49.386466,0.000000,4.748652,30.552094,152.162123,1,0,225.371438
1789421049,1,-121.318671,49.387567,0.000000,4.748652,30.488824,122.464912,1,0,224.736970
1789421054,1,-121.318653,49.388935,0.000000,4.748652,30.335582,152.156141,1,0,224.083025
1789421057,1,-121.318670,49.390026,0.000000,4.748652,30.362108,121.348541,1,0,224.016756
1789421062,1,-121.318949,49.391375,0.000000,4.748652,30.225468,151.398628,1,0,224.650072
1789421066,1,-121.319223,49.392444,0.000000,4.748652,30.162236,120.548071,1,0,226.166526
1789421071,1,-121.319557,49.393786,0.000000,4.748652,30.290903,151.215741,1,0,227.884745
1789421075,1,-121.319625,49.394866,0.000000,4.748652,29.924541,120.220427,1,0,229.912587
1789421080,1,-121.319111,49.396145,0.000000,4.748652,29.478815,147.065016,1,0,230.667246
1789421085,1,-121.318208,49.397353,0.000000,4.748652,30.283071,149.493213,1,0,232.075779
1789421089,1,-121.317464,49.398327,0.000000,4.748652,30.284540,121.046266,1,0,232.942366
1789421093,1,-121.316729,49.399301,0.000000,4.748652,30.126781,120.756208,1,0,234.624033
1789421098,1,-121.315973,49.400565,0.000000,4.748652,30.254553,150.915834,1,0,236.301148
1789421102,1,-121.315673,49.401637,0.000000,4.748652,30.298207,121.202034,1,0,237.803012
1789421106,1,-121.315656,49.402726,0.000000,4.748652,30.313080,121.126700,1,0,239.122191
1789421110,1,-121.315908,49.403806,0.000000,4.748652,30.403907,121.504082,1,0,239.686352
1789421114,1,-121.316287,49.404869,0.000000,4.748652,30.323420,121.386886,1,0,240.782364
1789421118,1,-121.316673,49.405928,0.000000,4.748652,30.238790,121.070207,1,0,242.123229
1789421123,1,-121.317145,49.407252,0.000000,4.748652,30.244147,151.189745,1,0,243.978588
1789421129,1,-121.317491,49.408594,0.000000,4.748652,30.303885,151.357434,1,0,245.438420
1789421133,1,-121.317635,49.409675,0.000000,4.748652,30.245236,120.684259,1,0,247.197365
1789421137,1,-121.317671,49.410763,0.000000,4.748652,30.285043,121.037668,1,0,248.576474
1789421142,1,-121.317593,49.412122,0.000000,4.748652,30.267597,151.256724,1,0,250.146156
1789421147,1,-121.317499,49.413482,0.000000,4.748652,30.207497,151.415770,1,0,251.560358
1789421151,1,-121.317425,49.414566,0.000000,4.748652,30.168584,120.684306,1,0,253.455713
1789421155,1,-121.317289,49.415650,0.000000,4.748652,30.274352,120.968093,1,0,255.504521
1789421159,1,-121.316955,49.416714,0.000000,4.748652,30.199285,120.796773,1,0,257.493699
1789421163,1,-121.316387,49.417736,0.000000,4.748652,30.153900,120.910842,1,0,258.927229
1789421168,1,-121.315397,49.418931,0.000000,4.748652,30.279365,151.082364,1,0,261.454930
1789421172,1,-121.314539,49.419866,0.000000,4.748651,30.368018,121.205343,1,0,263.057980
1789421176,1,-121.313672,49.420800,0.000000,4.748651,30.387370,121.446972,1,0,264.285904
1789421179,1,-121.312806,49.421733,0.000000,4.748651,30.224775,121.310985,1,0,265.432291
1789421183,1,-121.312051,49.422704,0.000000,4.748652,30.362826,121.095706,1,0,266.193825
1789421187,1,-121.311597,49.423750,0.000000,4.748652,30.191533,120.912260,1,0,266.587782
1789421191,1,-121.311438,49.424846,0.000000,4.748652,30.984041,122.444595,1,0,268.092028
1789421195,1,-121.311388,49.426013,0.000000,4.748652,32.959781,129.847461,1,0,271.351810
1789421199,1,-121.311333,49.427203,0.000000,4.748652,33.102896,132.415214,1,0,274.405758
1789421204,1,-121.310874,49.428633,0.000000,4.748652,32.155538,162.497143,1,0,277.616278
1789421208,1,-121.309983,49.429596,0.000000,4.748651,31.041060,125.101583,1,0,280.665988
1789421213,1,-121.308926,49.430820,0.000000,4.748651,31.375921,156.248430,1,0,285.116383
1789421217,1,-121.308582,49.431959,0.000000,4.748652,32.908172,129.117437,1,0,286.998940
1789421221,1,-121.308484,49.433158,0.000000,4.748652,33.273456,133.545850,1,0,287.658243
1789421225,1,-121.308164,49.434328,0.000000,4.748651,32.789969,132.185247,1,0,288.844317
1789421229,1,-121.307363,49.435349,0.000000,4.748651,31.689752,127.561138,1,0,290.294505
1789421234,1,-121.305934,49.436377,0.000000,4.748651,30.938258,154.333061,1,0,292.818635
1789421238,1,-121.304689,49.437196,0.000000,4.748651,32.957070,128.267321,1,0,294.738215
1789421242,1,-121.303385,49.438030,0.000000,4.748652,33.162494,132.478148,1,0,295.891515
1789421247,1,-121.301554,49.438907,0.000000,4.748652,32.931373,164.780619,1,0,297.781061
1789421252,1,-121.299913,49.439414,0.000000,4.748651,32.944436,131.709101,1,0,299.522526
1789421257,1,-121.297712,49.439777,0.000000,4.748651,32.950743,164.671801,1,0,302.490512
1789421261,1,-121.295890,49.439842,0.000000,4.748651,33.138080,132.353195,1,0,303.908268
1789421265,1,-121.294055,49.439799,0.000000,4.748651,33.356910,133.184432,1,0,302.728045
1789421270,1,-121.291773,49.439859,0.000000,4.748652,33.206240,165.655337,1,0,301.004524
1789421274,1,-121.289987,49.440120,0.000000,4.748652,33.255948,132.757060,1,0,299.296174
1789421278,1,-121.288219,49.440405,0.000000,4.748651,32.905139,132.098350,1,0,298.471286
1789421283,1,-121.286023,49.440762,0.000000,4.748651,32.834138,164.157492,1,0,300.192335
1789421287,1,-121.284260,49.441052,0.000000,4.748651,32.955179,131.881261,1,0,301.831616
1789421291,1,-121.282514,49.441376,0.000000,4.748651,32.909392,131.670380,1,0,304.153578
1789421295,1,-121.280838,49.441837,0.000000,4.748651,33.008208,131.925634,1,0,305.742326
1789421299,1,-121.279284,49.442457,0.000000,4.748652,33.074607,132.128233,1,0,307.284711
1789421304,1,-121.277511,49.443392,0.000000,4.748652,33.024773,165.378053,1,0,309.085391
1789421307,1,-121.276129,49.444156,0.000000,4.748652,32.753716,131.404116,1,0,312.584862
1789421312,1,-121.274404,49.445110,0.000000,4.748652,32.872278,164.045047,1,0,318.932601
1789421317,1,-121.272680,49.446076,0.000000,4.748652,33.127676,164.856633,1,0,324.817356
1789421321,1,-121.271279,49.446846,0.000000,4.748652,33.232258,132.880002,1,0,326.963029
1789421325,1,-121.269888,49.447628,0.000000,4.748652,33.261448,133.194088,1,0,328.062231
1789421330,1,-121.268160,49.448604,0.000000,4.748652,33.117796,165.793722,1,0,329.309324
1789421334,1,-121.266785,49.449387,0.000000,4.748652,33.093544,132.390685,1,0,330.176855
1789421339,1,-121.265060,49.450354,0.000000,4.748652,32.967444,164.975059,1,0,331.576919
1789421343,1,-121.263738,49.451172,0.000000,4.748652,33.102556,132.169475,1,0,332.334896
1789421348,1,-121.262240,49.452286,0.000000,4.748652,32.969785,164.775541,1,0,334.705366
1789421353,1,-121.260899,49.453482,0.000000,4.748652,32.979636,164.774714,1,0,337.313179
1789421357,1,-121.259954,49.454497,0.000000,4.748652,33.044186,132.061502,1,0,339.234333
1789421361,1,-121.259132,49.455558,0.000000,4.748652,33.021212,132.207618,1,0,341.170464
1789421366,1,-121.258204,49.456915,0.000000,4.748652,33.090482,165.250121,1,0,343.113632
1789421370,1,-121.257477,49.458004,0.000000,4.748652,33.069058,132.096112,1,0,344.886535
1789421375,1,-121.256555,49.459363,0.000000,4.748652,33.032589,165.276988,1,0,347.348266
1789421380,1,-121.255824,49.460448,0.000000,4.748652,32.987479,131.804733,1,0,349.275063
1789421385,1,-121.254949,49.461816,0.000000,4.748652,32.786396,164.849567,1,0,352.239877
1789421389,1,-121.254432,49.462957,0.000000,4.748652,33.017820,132.326786,1,0,354.399495
1789421394,1,-121.254132,49.464430,0.000000,4.748652,33.108045,165.271573,1,0,357.195617
1789421399,1,-121.254170,49.465916,0.000000,4.748652,33.119712,165.303185,1,0,359.560021
1789421403,1,-121.254253,49.467104,0.000000,4.748652,33.011442,132.272282,1,0,361.592941
1789421407,1,-121.254342,49.468291,0.000000,4.748652,33.044336,132.181730,1,0,363.672200
1789421412,1,-121.254422,49.469776,0.000000,4.748652,33.042143,165.271102,1,0,366.149304
1789421417,1,-121.254289,49.471248,0.000000,4.748652,32.229294,164.007095,1,0,369.197567
1789421421,1,-121.254160,49.472363,0.000000,4.748652,30.924774,124.368227,1,0,371.492237
1789421425,1,-121.253990,49.473817,0.000000,4.748652,32.811654,162.190448,1,0,374.738319
1789421429,1,-121.253825,49.474995,0.000000,4.748652,32.821984,131.568253,1,0,377.447552
1789421433,1,-121.253663,49.476175,0.000000,4.748652,32.972029,131.770284,1,0,379.949202
1789421438,1,-121.253454,49.477655,0.000000,4.748652,33.120999,165.309355,1,0,382.679488
1789421442,1,-121.253286,49.478843,0.000000,4.748652,33.170394,132.695869,1,0,383.833370
1789421447,1,-121.252848,49.480304,0.000000,4.748652,33.106130,165.572241,1,0,385.132055
1789421451,1,-121.252171,49.481406,0.000000,4.748652,33.038837,132.026556,1,0,386.079572
1789421456,1,-121.251111,49.482722,0.000000,4.748652,33.053302,165.304936,1,0,387.657813
1789421460,1,-121.250272,49.483778,0.000000,4.748652,32.995581,132.258156,1,0,389.372906
1789421465,1,-121.249549,49.485165,0.000000,4.748652,32.268743,162.924705,1,0,393.140469
1789421469,1,-121.249373,49.486313,0.000000,4.748652,32.385093,128.322827,1,0,398.097214
1789421474,1,-121.249251,49.487782,0.000000,4.748652,32.819205,163.630221,1,0,405.399545
1789421479,1,-121.248739,49.489200,0.000000,4.748652,32.099456,162.023570,1,0,412.851410
1789421483,1,-121.247892,49.490179,0.000000,4.748652,30.889547,124.995751,1,0,418.462278
1789421488,1,-121.246627,49.491349,0.000000,4.748652,32.855267,159.176446,1,0,426.251309
1789421492,1,-121.245574,49.492319,0.000000,4.748652,33.029571,132.139853,1,0,432.624833
1789421496,1,-121.244448,49.493224,0.000000,4.748652,31.264078,129.569409,1,0,438.014013
1789421501,1,-121.242814,49.494009,0.000000,4.748652,29.029026,147.104022,1,0,445.182034
1789421506,1,-121.241340,49.494368,0.000000,4.748652,28.174894,114.017495,1,0,450.863775
1789421510,1,-121.239798,49.494480,0.000000,4.748652,28.419398,112.416062,1,0,457.081793
1789421514,1,-121.238214,49.494364,0.000000,4.748652,29.209870,115.489845,1,0,463.801916
1789421518,1,-121.236609,49.494233,0.000000,4.748652,29.253017,117.197822,1,0,471.639308
1789421522,1,-121.235020,49.494228,0.000000,4.748652,28.810586,115.130745,1,0,479.034041
1789421527,1,-121.233042,49.494543,0.000000,4.748652,29.949691,147.534838,1,0,487.738512
1789421532,1,-121.231026,49.495007,0.000000,4.748652,32.286250,154.917133,1,0,496.115722
1789421537,1,-121.228839,49.495383,0.000000,4.748652,32.832422,163.883629,1,0,505.556733
1789421540,1,-121.227042,49.495551,0.000000,4.748652,32.866813,131.534623,1,0,513.587568
1789421544,1,-121.225230,49.495596,0.000000,4.748652,32.824903,131.382893,1,0,521.982500
1789421548,1,-121.223418,49.495532,0.000000,4.748652,32.847970,131.480527,1,0,529.351885
1789421552,1,-121.221626,49.495342,0.000000,4.748652,32.869429,131.547406,1,0,537.111287
1789421557,1,-121.219423,49.494988,0.000000,4.748652,32.886706,164.402668,1,0,546.959116
1789421561,1,-121.217664,49.494701,0.000000,4.748652,32.848969,131.385211,1,0,555.046137
1789421565,1,-121.215901,49.494425,0.000000,4.748652,32.823078,131.375251,1,0,563.232120
1789421570,1,-121.213643,49.494255,0.000000,4.748652,33.064947,164.692592,1,0,571.951758
1789421574,1,-121.211821,49.494334,0.000000,4.748652,33.136175,132.305358,1,0,577.458303
1789421578,1,-121.210040,49.494602,0.000000,4.748652,32.836809,132.440997,1,0,582.169954
1789421583,1,-121.208075,49.495161,0.000000,4.748652,29.792244,155.359311,1,0,585.301905
1789421588,1,-121.206460,49.495886,0.000000,4.748652,27.908371,142.111214,1,0,587.043945
1789421592,1,-121.205372,49.496580,0.000000,4.748652,27.404757,110.332141,1,0,587.944211
1789421597,1,-121.204234,49.497563,0.000000,4.748652,27.495768,136.938619,1,0,588.852897
1789421601,1,-121.203423,49.498435,0.000000,4.748652,29.310682,113.400366,1,0,589.912887
1789421605,1,-121.202491,49.499383,0.000000,4.748652,32.384354,125.211440,1,0,591.414424
1789421610,1,-121.201478,49.500712,0.000000,4.748652,33.066658,165.039442,1,0,592.859431
1789421614,1,-121.200953,49.501848,0.000000,4.748652,33.027115,131.957342,1,0,593.746488
1789421618,1,-121.200499,49.503001,0.000000,4.748652,33.030459,132.397674,1,0,594.474868
1789421623,1,-121.199937,49.504441,0.000000,4.748652,33.061820,165.263837,1,0,595.176481
1789421627,1,-121.199485,49.505595,0.000000,4.748652,33.082060,132.469562,1,0,595.583083
1789421633,1,-121.198981,49.507041,0.000000,4.748652,32.942481,164.930122,1,0,598.147467
1789421637,1,-121.198918,49.508208,0.000000,4.748652,32.175224,129.885632,1,0,601.877070
1789421642,1,-121.199451,49.509556,0.000000,4.748652,30.929664,154.828688,1,0,610.474227
1789421646,1,-121.200212,49.510584,0.000000,4.748652,32.470079,126.937116,1,0,616.052218
1789421651,1,-121.201242,49.511921,0.000000,4.748652,33.405669,166.379371,1,0,621.039908
1789421655,1,-121.202068,49.512993,0.000000,4.748652,33.331010,133.404587,1,0,623.169224
1789421660,1,-121.202923,49.514377,0.000000,4.748652,33.100163,165.930714,1,0,625.270371
1789421665,1,-121.203514,49.515809,0.000000,4.748652,33.010267,164.933155,1,0,627.750369
1789421669,1,-121.204187,49.516909,0.000000,4.748652,32.991637,131.705085,1,0,629.542053
1789421672,1,-121.205139,49.517916,0.000000,4.748652,33.049219,131.526003,1,0,631.687236
1789421677,1,-121.206232,49.519216,0.000000,4.748652,32.978653,164.846457,1,0,634.784608
1789421681,1,-121.206817,49.520337,0.000000,4.748652,33.056218,131.690160,1,0,637.166520
1789421686,1,-121.207137,49.521808,0.000000,4.748652,33.128255,165.253552,1,0,639.032263
1789421690,1,-121.207053,49.523000,0.000000,4.748652,33.137202,132.726804,1,0,639.664553
1789421695,1,-121.206564,49.524451,0.000000,4.748652,32.853731,165.234777,1,0,642.689006
1789421699,1,-121.206103,49.525591,0.000000,4.748652,32.703512,131.123731,1,0,647.186818
1789421704,1,-121.205650,49.527030,0.000000,4.748652,32.808954,163.388273,1,0,654.351539
1789421709,1,-121.205395,49.528503,0.000000,4.748652,32.985993,164.880855,1,0,661.175062
1789421713,1,-121.205192,49.529680,0.000000,4.748652,32.970208,131.741978,1,0,667.347259
1789421717,1,-121.204942,49.530857,0.000000,4.748652,32.993503,132.165021,1,0,672.995443
1789421722,1,-121.204424,49.532299,0.000000,4.748652,32.986401,164.722666,1,0,680.523744
1789421726,1,-121.203846,49.533423,0.000000,4.748652,32.953985,131.841458,1,0,686.322826
1789421731,1,-121.203027,49.534807,0.000000,4.748652,33.027803,164.968764,1,0,693.321920
1789421736,1,-121.202180,49.536186,0.000000,4.748652,33.109708,165.191748,1,0,699.844205
1789421740,1,-121.201390,49.537256,0.000000,4.748652,33.032319,132.047104,1,0,703.918065
1789421744,1,-121.200465,49.538281,0.000000,4.748652,33.021168,132.221856,1,0,708.096178
1789421749,1,-121.199174,49.539504,0.000000,4.748652,32.991263,165.044926,1,0,713.995439
1789421753,1,-121.198197,49.540504,0.000000,4.748652,33.032312,131.812670,1,0,718.685719
1789421758,1,-121.197363,49.541560,0.000000,4.748652,32.983869,132.068507,1,0,723.320991
1789421762,1,-121.196674,49.542659,0.000000,4.748652,33.023974,132.028112,1,0,727.647766
1789421766,1,-121.196132,49.543792,0.000000,4.748652,33.008041,131.991780,1,0,731.907114
1789421770,1,-121.195726,49.544951,0.000000,4.748652,33.088932,132.225997,1,0,735.191216
1789421773,1,-121.195286,49.546106,0.000000,4.748652,32.995802,132.362781,1,0,738.788946
1789421778,1,-121.194598,49.547518,0.000000,4.748652,32.982795,164.766811,1,0,743.896725
1789421782,1,-121.194034,49.548647,0.000000,4.748652,32.999443,132.049773,1,0,748.421255
1789421787,1,-121.193576,49.550101,0.000000,4.748652,33.057523,165.095274,1,0,753.574104
1789421791,1,-121.193236,49.551267,0.000000,4.748652,33.006630,132.011978,1,0,757.602955
1789421795,1,-121.192699,49.552397,0.000000,4.748652,32.902843,131.565414,1,0,762.429167
1789421800,1,-121.191756,49.553742,0.000000,4.748652,32.869018,164.438313,1,0,769.666428
1789421805,1,-121.190983,49.555134,0.000000,4.748652,33.091256,164.632731,1,0,776.274940
1789421810,1,-121.190393,49.556571,0.000000,4.748652,33.054151,165.447513,1,0,782.219001
1789421814,1,-121.189654,49.557649,0.000000,4.748652,32.823077,131.295614,1,0,788.131350
1789421819,1,-121.188496,49.558922,0.000000,4.748652,32.904003,164.535948,1,0,795.171846
1789421823,1,-121.187720,49.559994,0.000000,4.748652,33.046683,131.802538,1,0,800.588797
1789421828,1,-121.187060,49.561420,0.000000,4.748652,33.244920,165.653903,1,0,805.088841
1789421832,1,-121.186521,49.562561,0.000000,4.748652,33.100555,132.776117,1,0,807.383639
1789421836,1,-121.185656,49.563580,0.000000,4.748652,31.925656,129.478554,1,0,810.388734
1789421840,1,-121.184601,49.564526,0.000000,4.748652,33.027881,129.998206,1,0,813.896406
1789421844,1,-121.183677,49.565549,0.000000,4.748652,33.068426,131.978580,1,0,817.453535
1789421848,1,-121.183078,49.566671,0.000000,4.748652,33.060429,132.116337,1,0,820.661329
1789421852,1,-121.182827,49.567839,0.000000,4.748652,32.767851,131.185556,1,0,823.597297
1789421857,1,-121.182731,49.569318,0.000000,4.748652,32.828994,164.663320,1,0,828.218087
1789421862,1,-121.182610,49.570791,0.000000,4.748652,32.525150,164.083185,1,0,834.151333
1789421866,1,-121.182495,49.571868,0.000000,4.748652,28.729358,120.088989,1,0,838.262020
1789421870,1,-121.182289,49.572823,0.000000,4.748652,25.697557,107.270095,1,0,842.488642
1789421875,1,-121.181805,49.573876,0.000000,4.748652,24.432966,122.251742,1,0,846.479854
1789421881,1,-121.181006,49.574841,0.000000,4.748652,24.482740,121.913859,1,0,850.216378
1789421885,1,-121.180227,49.575560,0.000000,4.748652,24.460588,97.836662,1,0,853.099405
1789421890,1,-121.179210,49.576440,0.000000,4.748652,24.509586,122.450617,1,0,856.517032
1789421895,1,-121.178098,49.577266,0.000000,4.748652,24.419101,122.117312,1,0,860.126347
1789421900,1,-121.176981,49.578086,0.000000,4.748652,24.451696,121.855555,1,0,864.612242
1789421904,1,-121.175888,49.578926,0.000000,4.748652,24.582165,122.395854,1,0,868.406046
1789421908,1,-121.174988,49.579654,0.000000,4.748652,26.176622,103.900991,1,0,871.919585
1789421912,1,-121.174097,49.580388,0.000000,4.748652,25.930432,104.017502,1,0,876.847986
1789421916,1,-121.173197,49.581117,0.000000,4.748652,26.037793,103.987862,1,0,881.975457
1789421920,1,-121.172281,49.581841,0.000000,4.748652,26.074889,104.286200,1,0,886.884636
1789421925,1,-121.171132,49.582742,0.000000,4.748652,26.006892,130.199047,1,0,892.826678
1789421930,1,-121.169985,49.583643,0.000000,4.748652,26.081452,130.101873,1,0,898.773292
1789421934,1,-121.169062,49.584363,0.000000,4.748652,26.062500,104.262668,1,0,903.628099
1789421938,1,-121.168180,49.585057,0.000000,4.748652,24.146968,100.143466,1,0,908.018166
1789421942,1,-121.167401,49.585664,0.000000,4.748652,20.589811,87.939163,1,0,911.550598
1789421948,1,-121.166396,49.586462,0.000000,4.748652,18.884373,114.729259,1,0,916.912925
1789421956,1,-121.165226,49.587608,0.000000,4.748652,19.169352,153.006447,1,0,924.154486
1789421961,1,-121.164631,49.588431,0.000000,4.748652,20.644125,101.156078,1,0,928.966243
1789421967,1,-121.164107,49.589487,0.000000,4.748652,20.519380,123.427658,1,0,935.039900
1789421973,1,-121.163778,49.590586,0.000000,4.748652,20.746018,124.543740,1,0,943.335459
1789421978,1,-121.163590,49.591513,0.000000,4.748652,20.751351,104.009706,1,0,951.197515
1789421984,1,-121.163345,49.592620,0.000000,4.748652,20.634269,124.408352,1,0,960.609419
1789421989,1,-121.163008,49.593516,0.000000,4.748652,20.319165,102.605021,1,0,968.968987
1789421996,1,-121.162355,49.594520,0.000000,5.384166,19.759196,121.254758,1,0,979.222329
1789422000,1,-121.161444,49.595208,0.000000,9.576321,19.423473,100.978268,1,0,987.581567
1789422005,1,-121.160480,49.595825,0.000000,4.748652,19.122184,97.825003,1,0,994.356816
1789422011,1,-121.159158,49.596396,0.000000,4.748652,19.143063,114.772472,1,0,1003.953657
1789422017,1,-121.157702,49.596803,0.000000,4.748652,19.175539,114.605810,1,0,1013.578915
1789422023,1,-121.156171,49.597049,0.000000,4.748652,18.668985,114.039426,1,0,1022.958503
1789422029,1,-121.154683,49.597254,0.000000,4.748652,17.929019,109.988292,1,0,1031.336312
1789422034,1,-121.153513,49.597415,0.000000,4.748652,17.358211,86.478462,1,0,1037.886900
1789422039,1,-121.152374,49.597565,0.000000,4.748652,16.695827,84.035293,1,0,1044.005404
1789422044,1,-121.151143,49.597707,0.000000,4.748652,18.362821,90.405430,1,0,1050.910528
1789422049,1,-121.149989,49.597805,0.000000,4.748652,16.199638,84.155978,1,0,1057.358676
1789422055,1,-121.148611,49.597896,0.000000,4.748652,17.508871,100.157554,1,0,1065.747557
1789422061,1,-121.147172,49.597986,0.000000,4.748652,17.493032,104.536319,1,0,1074.051433
1789422066,1,-121.145958,49.598070,0.000000,4.748652,17.594004,88.272949,1,0,1081.493849
1789422071,1,-121.144700,49.598190,0.000000,4.748652,19.137416,91.932775,1,0,1089.345133
1789422077,1,-121.143137,49.598391,0.000000,4.748652,19.193399,115.202018,1,0,1098.365629
1789422083,1,-121.141598,49.598641,0.000000,4.748652,19.167914,114.698731,1,0,1107.493553
1789422088,1,-121.140304,49.598884,0.000000,4.748652,20.316095,97.388457,1,0,1115.231207
1789422094,1,-121.138590,49.599152,0.000000,4.748652,22.026380,127.465214,1,0,1125.466563
1789422098,1,-121.137376,49.599223,0.000000,4.748652,21.947006,88.132307,1,0,1132.304059
1789422104,1,-121.135578,49.599083,0.000000,4.748652,21.862390,130.933218,1,0,1143.063654
1789422110,1,-121.133917,49.598623,0.000000,4.748652,21.866572,130.545189,1,0,1153.680331
1789422116,1,-121.132401,49.597988,0.000000,4.748652,21.622101,130.403406,1,0,1164.646941
1789422121,1,-121.131173,49.597448,0.000000,4.748652,21.271484,107.201787,1,0,1173.398905
1789422126,1,-121.129929,49.596949,0.000000,4.748652,21.136383,105.697116,1,0,1181.529545
1789422131,1,-121.128647,49.596509,0.000000,4.748652,20.883562,104.824427,1,0,1188.661754
1789422137,1,-121.127053,49.596057,0.000000,4.748652,20.926490,125.745122,1,0,1196.097307
1789422143,1,-121.125404,49.595693,0.000000,4.748652,21.398051,125.919655,1,0,1202.026558
1789422149,1,-121.123632,49.595402,0.000000,4.748652,22.033384,132.151298,1,0,1207.214691
1789422155,1,-121.121829,49.595210,0.000000,4.748652,21.998535,132.104736,1,0,1210.714399
1789422160,1,-121.120308,49.595130,0.000000,4.748652,22.068442,110.336091,1,0,1212.531220
1789422165,1,-121.118780,49.595122,0.000000,4.748652,22.116739,110.486354,1,0,1213.828687
1789422169,1,-121.117560,49.595154,0.000000,4.748652,22.051163,88.284494,1,0,1214.646139
1789422175,1,-121.115735,49.595219,0.000000,4.748652,21.965843,132.155504,1,0,1216.244037
1789422180,1,-121.114220,49.595290,0.000000,4.748652,21.960437,109.827231,1,0,1217.591244
1789422186,1,-121.112305,49.595378,0.000000,4.748652,24.830493,138.810726,1,0,1219.758954
1789422190,1,-121.110830,49.595408,0.000000,4.748652,27.483519,106.702905,1,0,1221.412332
1789422194,1,-121.109304,49.595352,0.000000,4.748652,27.380174,110.514031,1,0,1222.788599
1789422198,1,-121.107815,49.595154,0.000000,4.748652,27.449079,109.893019,1,0,1224.646551
1789422202,1,-121.106384,49.594822,0.000000,4.748652,27.307816,109.863183,1,0,1226.282862
1789422207,1,-121.104785,49.594334,0.000000,4.748652,25.021876,127.727217,1,0,1227.717520
1789422211,1,-121.103444,49.593911,0.000000,4.748652,27.966071,107.776814,1,0,1228.419206
1789422215,1,-121.102018,49.593444,0.000000,4.748652,29.429125,115.455927,1,0,1228.704995
1789422219,1,-121.100511,49.592952,0.000000,4.748652,30.923877,121.947366,1,0,1229.319668
1789422223,1,-121.098882,49.592515,0.000000,4.748652,32.161333,127.434264,1,0,1229.243887
1789422227,1,-121.097155,49.592178,0.000000,4.748652,32.721641,130.389692,1,0,1228.509671
1789422231,1,-121.095358,49.591964,0.000000,4.748652,33.037059,132.108697,1,0,1228.509662
1789422235,1,-121.093537,49.591873,0.000000,4.748652,33.056303,132.070138,1,0,1229.362872
1789422239,1,-121.091706,49.591913,0.000000,4.748652,33.072951,132.479492,1,0,1229.638903
1789422244,1,-121.089452,49.592156,0.000000,4.748652,33.088974,165.219455,1,0,1230.183161
1789422248,1,-121.087698,49.592489,0.000000,4.748652,33.052667,132.135487,1,0,1230.817415
1789422253,1,-121.085631,49.593110,0.000000,4.748652,32.822624,164.662542,1,0,1233.328294
1789422257,1,-121.084100,49.593747,0.000000,4.748652,32.885777,131.446955,1,0,1238.329170
1789422261,1,-121.082691,49.594501,0.000000,4.748652,33.029172,131.972442,1,0,1243.801325
1789422266,1,-121.081022,49.595522,0.000000,4.748651,33.099401,165.729814,1,0,1248.093460
1789422270,1,-121.079700,49.596341,0.000000,4.748651,32.805535,132.059134,1,0,1249.613593
1789422274,1,-121.078386,49.597152,0.000000,4.748651,32.589441,131.026625,1,0,1249.825135
1789422278,1,-121.077067,49.597939,0.000000,4.748651,32.314485,129.468945,1,0,1247.910766
1789422282,1,-121.075649,49.598653,0.000000,4.748651,32.486957,129.695638,1,0,1244.390823
1789422286,1,-121.074133,49.599295,0.000000,4.748651,32.801256,130.828050,1,0,1239.716504
1789422290,1,-121.072586,49.599923,0.000000,4.748651,33.056737,131.880048,1,0,1235.090267
1789422295,1,-121.070651,49.600739,0.000000,4.748651,33.504840,166.778183,1,0,1229.332587
1789422299,1,-121.069188,49.601471,0.000000,4.748651,33.265371,133.494356,1,0,1224.693187
1789422303,1,-121.067875,49.602295,0.000000,4.748651,32.912385,131.966877,1,0,1219.943657
1789422307,1,-121.066670,49.603177,0.000000,4.748651,32.779755,131.217260,1,0,1214.524626
1789422311,1,-121.065463,49.604056,0.000000,4.748651,32.793904,131.057794,1,0,1209.616566
1789422315,1,-121.064152,49.604879,0.000000,4.748651,33.024932,131.777904,1,0,1204.614196
1789422320,1,-121.062335,49.605779,0.000000,4.748651,32.927335,165.166880,1,0,1200.022275
1789422324,1,-121.060828,49.606431,0.000000,4.748651,32.692517,130.885709,1,0,1198.872191
1789422329,1,-121.058924,49.607251,0.000000,4.748651,33.043485,165.134364,1,0,1197.219743
1789422333,1,-121.057397,49.607906,0.000000,4.748651,33.071679,132.275245,1,0,1195.738181
1789422337,1,-121.055875,49.608565,0.000000,4.748651,33.063031,132.219863,1,0,1194.644523
1789422341,1,-121.054389,49.609256,0.000000,4.748651,33.031301,132.091578,1,0,1193.528676
1789422345,1,-121.053015,49.610043,0.000000,4.748651,33.106947,132.401353,1,0,1192.091495
1789422350,1,-121.051505,49.611159,0.000000,4.748651,33.133667,165.310298,1,0,1190.116068
1789422354,1,-121.050401,49.612108,0.000000,4.748651,33.198861,132.340403,1,0,1188.110430
1789422358,1,-121.049334,49.613054,0.000000,4.748651,32.155906,130.475486,1,0,1185.272695
1789422362,1,-121.048303,49.613965,0.000000,4.748651,31.096634,125.792763,1,0,1182.240571
1789422366,1,-121.047306,49.614861,0.000000,4.748651,30.572789,122.996464,1,0,1179.525755
1789422370,1,-121.046298,49.615793,0.000000,4.748651,32.461474,126.719022,1,0,1176.742301
1789422374,1,-121.045227,49.616745,0.000000,4.748651,32.864356,131.180401,1,0,1174.452441
1789422378,1,-121.044145,49.617700,0.000000,4.748651,33.021667,131.919740,1,0,1172.062430
1789422382,1,-121.043067,49.618661,0.000000,4.748651,33.068567,132.282964,1,0,1169.857564
1789422386,1,-121.041938,49.619597,0.000000,4.748651,33.036016,132.287039,1,0,1168.077918
1789422390,1,-121.040718,49.620488,0.000000,4.748651,33.195443,132.661478,1,0,1165.663096
1789422394,1,-121.039416,49.621331,0.000000,4.748651,33.233744,132.850881,1,0,1163.139564
1789422399,1,-121.037665,49.622296,0.000000,4.748651,33.106529,165.950418,1,0,1160.962912
1789422404,1,-121.035816,49.623177,0.000000,4.748651,33.123254,165.721318,1,0,1158.202386
1789422408,1,-121.034311,49.623877,0.000000,4.748651,33.542895,133.764044,1,0,1154.287379
1789422413,1,-121.032414,49.624743,0.000000,4.748651,33.477452,167.554072,1,0,1148.521197
1789422417,1,-121.030829,49.625347,0.000000,4.748651,32.976605,132.795536,1,0,1145.173773
1789422421,1,-121.029199,49.625843,0.000000,4.748651,32.502964,130.077257,1,0,1144.474163
1789422425,1,-121.027553,49.626322,0.000000,4.748651,32.767735,130.340789,1,0,1143.739920
1789422430,1,-121.025478,49.626927,0.000000,4.748651,32.998563,164.364402,1,0,1142.828016
1789422434,1,-121.023813,49.627413,0.000000,4.748651,33.030193,131.912269,1,0,1141.928702
1789422439,1,-121.021743,49.628039,0.000000,4.748651,33.015410,165.006981,1,0,1141.059003
1789422443,1,-121.020123,49.628591,0.000000,4.748651,32.953862,132.188903,1,0,1140.076350
1789422447,1,-121.018569,49.629215,0.000000,4.748651,33.065869,132.014686,1,0,1139.422512
1789422451,1,-121.017079,49.629908,0.000000,4.748651,33.099217,132.420444,1,0,1138.863094
1789422455,1,-121.015624,49.630632,0.000000,4.748651,33.155300,132.440739,1,0,1137.647570
1789422460,1,-121.013817,49.631545,0.000000,4.748651,33.032380,165.422576,1,0,1136.723939
1789422464,1,-121.012369,49.632275,0.000000,4.748651,33.118032,132.447686,1,0,1135.729274
1789422468,1,-121.010918,49.633004,0.000000,4.748651,33.073489,132.550893,1,0,1134.263464
1789422473,1,-121.009283,49.634047,0.000000,4.748651,33.109422,165.580924,1,0,1131.999011
1789422477,1,-121.008128,49.634971,0.000000,4.748651,33.037173,132.398387,1,0,1130.715545
1789422481,1,-121.007136,49.635970,0.000000,4.748651,33.027468,132.238976,1,0,1128.861191
1789422485,1,-121.006186,49.636987,0.000000,4.748651,33.039054,132.326858,1,0,1127.105013
1789422489,1,-121.005242,49.638007,0.000000,4.748651,33.070920,132.388391,1,0,1125.576049
1789422493,1,-121.004293,49.639024,0.000000,4.748651,33.040979,132.285779,1,0,1123.795361
1789422497,1,-121.003348,49.640043,0.000000,4.748651,33.000491,132.326746,1,0,1122.606406
1789422501,1,-121.002469,49.641085,0.000000,4.748651,33.041119,132.168999,1,0,1122.202593
1789422505,1,-121.001863,49.642201,0.000000,4.748651,32.798661,131.639152,1,0,1123.056790
1789422509,1,-121.001660,49.643351,0.000000,4.748651,31.990500,128.765849,1,0,1124.438364
1789422513,1,-121.001786,49.644515,0.000000,4.748652,32.629394,129.804985,1,0,1125.312806
1789422518,1,-121.002207,49.645961,0.000000,4.748652,32.084374,163.705303,1,0,1126.882058
1789422522,1,-121.002496,49.647022,0.000000,4.748652,27.473208,119.859684,1,0,1127.987299
1789422526,1,-121.002691,49.647789,0.000000,4.748652,18.713859,86.477469,1,0,1128.284360
1789422531,1,-121.002806,49.648551,0.000000,4.748652,16.816596,85.172406,1,0,1128.542357
1789422537,1,-121.002846,49.649493,0.000000,4.748652,18.181695,104.829740,1,0,1124.266646
1789422543,1,-121.002437,49.650267,0.000000,4.748652,13.079536,91.028169,1,0,1118.631103
1789422549,1,-121.001978,49.650422,0.000000,4.748652,0.970079,37.368852,1,0,1116.881586
1789422560,1,-121.000893,49.650555,0.000000,4.748652,9.452491,79.752800,1,0,1118.955622
1789422574,1,-121.000594,49.651110,0.000000,4.748652,7.673078,65.407487,1,0,1121.573350
1789422582,1,-121.000889,49.651533,0.000000,4.748652,4.206002,51.654754,1,0,1119.930129
1789422595,1,-121.001207,49.651993,0.000000,4.748652,4.697378,56.089773,1,0,1118.899243
1789422887,1,-121.000627,49.651982,0.000000,13.273638,0.230754,41.910666,1,0,1114.409717
1789423052,1,-121.000987,49.652085,0.000000,4.748652,0.153911,28.414946,1,0,1114.408105
1789423534,1,-121.001318,49.652162,0.000000,4.748652,0.084484,25.395901,1,0,1116.065065
1789423554,1,-121.001652,49.652604,0.000000,4.748651,5.562134,54.768292,1,0,1113.168061
1789423566,1,-121.002401,49.652604,0.000000,4.748652,3.852101,54.099451,1,0,1110.323171
1789423587,1,-121.002141,49.651857,0.000000,4.748652,12.252934,85.193139,1,0,1111.803614
1789423593,1,-121.001742,49.651206,0.000000,4.748651,12.717555,77.942105,1,0,1112.865315
1789423601,1,-121.001540,49.650738,0.000000,4.748652,1.285750,54.066960,1,0,1113.836633
1789423618,1,-121.002513,49.650804,0.000000,4.748651,11.231376,70.661227,1,0,1116.528868
1789423624,1,-121.003103,49.651424,0.000000,4.748651,14.779539,81.073408,1,0,1120.735766
1789423630,1,-121.003700,49.652163,0.000000,4.748651,16.009223,92.830548,1,0,1123.392150
1789423635,1,-121.004200,49.652928,0.000000,4.748651,20.967060,92.446060,1,0,1120.812777
1789423639,1,-121.004661,49.653791,0.000000,4.748650,27.793424,101.612261,1,0,1116.404597
1789423643,1,-121.005306,49.654817,0.000000,4.748649,31.654804,123.274231,1,0,1110.284156
1789423647,1,-121.006055,49.655851,0.000000,4.748650,31.811193,127.108716,1,0,1106.635972
1789423652,1,-121.007205,49.657115,0.000000,4.748650,32.879210,163.306536,1,0,1104.052706
1789423656,1,-121.008213,49.658100,0.000000,4.748650,32.807801,131.551932,1,0,1103.537330
1789423660,1,-121.009233,49.659077,0.000000,4.748650,32.820149,131.295901,1,0,1105.063667
1789423664,1,-121.010243,49.660060,0.000000,4.748650,32.887365,131.442541,1,0,1107.077213
1789423668,1,-121.011246,49.661052,0.000000,4.748649,32.925150,131.998600,1,0,1108.307243
1789423672,1,-121.012091,49.662103,0.000000,4.748650,32.905894,131.881109,1,0,1109.575165
1789423677,1,-121.012797,49.663512,0.000000,4.748650,32.909311,164.822919,1,0,1112.395368
1789423682,1,-121.013156,49.664971,0.000000,4.748650,32.950742,164.359159,1,0,1115.422555
1789423686,1,-121.013354,49.666150,0.000000,4.748651,33.087980,131.931342,1,0,1117.763289
1789423690,1,-121.013557,49.667326,0.000000,4.748651,33.022598,131.639341,1,0,1119.649038
1789423695,1,-121.013806,49.668803,0.000000,4.748651,33.025061,165.285455,1,0,1122.703199
1789423700,1,-121.014058,49.670278,0.000000,4.748651,33.000230,165.088033,1,0,1125.255360
1789423705,1,-121.014308,49.671758,0.000000,4.748650,33.171775,165.625118,1,0,1126.493331
1789423709,1,-121.014516,49.672948,0.000000,4.748650,33.303584,133.227462,1,0,1125.222371
1789423713,1,-121.014692,49.674145,0.000000,4.748650,33.473066,133.761959,1,0,1121.794991
1789423717,1,-121.014748,49.675349,0.000000,4.748649,33.466125,133.996758,1,0,1116.872059
1789423722,1,-121.014594,49.676850,0.000000,4.748650,33.553129,167.344250,1,0,1108.307587
1789423726,1,-121.014346,49.678039,0.000000,4.748649,33.310360,133.473000,1,0,1101.578983
1789423732,1,-121.014006,49.679507,0.000000,4.748649,32.802881,165.137455,1,0,1094.286731
1789423736,1,-121.013743,49.680663,0.000000,4.748649,32.479617,129.989408,1,0,1089.283425
1789423741,1,-121.013427,49.682112,0.000000,4.748650,32.633581,162.795349,1,0,1084.683130
1789423745,1,-121.013240,49.683579,0.000000,4.748649,32.884894,163.749007,1,0,1081.869440
1789423749,1,-121.013202,49.684763,0.000000,4.748649,32.887903,131.738802,1,0,1080.190889
1789423753,1,-121.013172,49.685947,0.000000,4.748650,32.878363,131.728136,1,0,1079.442092
1789423758,1,-121.013148,49.687431,0.000000,4.748650,32.998520,165.091955,1,0,1078.305088
1789423762,1,-121.013142,49.688619,0.000000,4.748650,33.057903,132.155980,1,0,1077.798174
1789423767,1,-121.013202,49.690103,0.000000,4.748649,33.040580,165.139618,1,0,1076.960055
1789423771,1,-121.013239,49.691291,0.000000,4.748649,33.083988,132.182329,1,0,1075.636578
1789423777,1,-121.012861,49.692751,0.000000,4.748649,33.071323,164.688084,1,0,1073.931128
1789423781,1,-121.012129,49.693837,0.000000,4.748649,33.040295,131.853399,1,0,1072.093072
1789423786,1,-121.011246,49.695206,0.000000,4.748649,33.060527,165.084521,1,0,1069.652900
1789423791,1,-121.010943,49.696670,0.000000,4.748649,33.125119,164.319167,1,0,1066.729138
1789423795,1,-121.011143,49.697854,0.000000,4.748649,33.128334,132.498596,1,0,1065.022006
1789423799,1,-121.011510,49.699023,0.000000,4.748649,33.138402,132.710738,1,0,1063.501203
1789423803,1,-121.012032,49.700161,0.000000,4.748650,32.989858,132.078059,1,0,1061.747279
1789423807,1,-121.012698,49.701262,0.000000,4.748651,32.907459,131.566601,1,0,1058.928175
1789423811,1,-121.013391,49.702355,0.000000,4.748651,32.806585,131.467009,1,0,1056.587384
1789423815,1,-121.014085,49.703444,0.000000,4.748651,32.821385,131.083098,1,0,1055.255712
1789423819,1,-121.014774,49.704539,0.000000,4.748651,32.918806,131.563419,1,0,1054.767693
1789423823,1,-121.015469,49.705635,0.000000,4.748651,32.983015,131.830468,1,0,1053.968478
1789423827,1,-121.016111,49.706746,0.000000,4.748651,33.065504,131.983276,1,0,1052.873538
1789423832,1,-121.016445,49.708211,0.000000,4.748651,32.994608,164.740919,1,0,1051.810796
1789423836,1,-121.016161,49.709380,0.000000,4.748651,32.966471,131.645773,1,0,1051.342662
1789423840,1,-121.015435,49.710470,0.000000,4.748651,33.002524,132.082106,1,0,1050.878527
1789423844,1,-121.014445,49.711474,0.000000,4.748651,33.148053,132.567197,1,0,1049.917916
1789423849,1,-121.013216,49.712728,0.000000,4.748651,33.075835,165.285554,1,0,1047.974302
1789423852,1,-121.012463,49.713813,0.000000,4.748651,33.166593,132.356974,1,0,1045.786374
1789423857,1,-121.012135,49.715275,0.000000,4.748651,33.055539,164.347503,1,0,1043.072219
1789423861,1,-121.012380,49.716448,0.000000,4.748651,33.020063,131.677793,1,0,1041.788707
1789423865,1,-121.012849,49.717596,0.000000,4.748651,33.052305,132.110084,1,0,1039.851607
1789423869,1,-121.013264,49.718753,0.000000,4.748651,33.020378,132.141693,1,0,1038.520231
1789423873,1,-121.013486,49.719928,0.000000,4.748651,33.008043,131.686170,1,0,1037.454252
1789423877,1,-121.013510,49.721086,0.000000,4.748651,31.483906,128.829604,1,0,1036.830159
1789423882,1,-121.013450,49.722473,0.000000,4.748651,31.112828,154.352992,1,0,1035.764145
1789423886,1,-121.013392,49.723636,0.000000,4.748651,32.760731,129.441761,1,0,1035.465744
1789423891,1,-121.013290,49.725115,0.000000,4.748651,32.978467,164.690909,1,0,1034.327808
1789423895,1,-121.013090,49.726294,0.000000,4.748651,32.965879,131.944755,1,0,1033.277493
1789423901,1,-121.012739,49.727759,0.000000,4.748651,32.979288,164.923254,1,0,1032.601296
1789423906,1,-121.012361,49.729220,0.000000,4.748651,33.034308,164.794420,1,0,1031.785880
1789423911,1,-121.012163,49.730698,0.000000,4.748651,33.093435,165.034194,1,0,1030.994519
1789423916,1,-121.012139,49.732188,0.000000,4.748651,33.139687,165.759417,1,0,1029.833183
1789423921,1,-121.012175,49.733675,0.000000,4.748651,33.070560,165.436992,1,0,1028.528206
1789423925,1,-121.012226,49.734865,0.000000,4.748652,33.021744,132.428847,1,0,1027.992068
1789423930,1,-121.012357,49.736345,0.000000,4.748652,33.024136,164.908649,1,0,1027.801427
1789423934,1,-121.012474,49.737526,0.000000,4.748652,32.984414,131.647256,1,0,1028.336225
1789423939,1,-121.012561,49.739008,0.000000,4.748652,32.950132,164.979856,1,0,1029.945977
1789423944,1,-121.012599,49.740495,0.000000,4.748652,33.185405,165.439498,1,0,1030.557136
1789423948,1,-121.012619,49.741689,0.000000,4.748652,33.196642,132.830729,1,0,1028.820525
1789423952,1,-121.012576,49.742888,0.000000,4.748652,33.497445,133.415194,1,0,1024.956138
1789423956,1,-121.012499,49.744088,0.000000,4.748652,33.237812,133.605691,1,0,1020.243944
1789423960,1,-121.012402,49.745269,0.000000,4.748652,32.460752,131.562607,1,0,1016.021078
1789423964,1,-121.012321,49.746449,0.000000,4.748652,33.005831,131.395131,1,0,1012.290991
1789423968,1,-121.012192,49.747630,0.000000,4.748652,32.933984,131.705264,1,0,1009.734876
1789423973,1,-121.012031,49.749106,0.000000,4.748652,32.869133,164.602512,1,0,1007.965253
1789423977,1,-121.011905,49.750289,0.000000,4.748652,33.055479,131.912055,1,0,1007.050187
1789423981,1,-121.011776,49.751476,0.000000,4.748652,33.055811,132.370965,1,0,1006.034223
1789423985,1,-121.011442,49.752941,0.000000,4.748652,33.010370,164.737667,1,0,1004.960457
1789423989,1,-121.010898,49.754076,0.000000,4.748652,33.062219,132.207326,1,0,1003.908710
1789423994,1,-121.009858,49.755404,0.000000,4.748651,33.077810,165.657995,1,0,1002.357650
1789423999,1,-121.008460,49.756583,0.000000,4.748651,33.094888,165.390728,1,0,1000.365872
1789424004,1,-121.006744,49.757571,0.000000,4.748652,33.086203,165.448832,1,0,997.947342
1789424008,1,-121.005222,49.758238,0.000000,4.748652,32.955497,132.425820,1,0,996.339598
1789424012,1,-121.003735,49.758931,0.000000,4.748652,32.923594,132.012054,1,0,995.292514
1789424016,1,-121.002494,49.759789,0.000000,4.748652,32.566266,130.799856,1,0,994.901583
1789424020,1,-121.001490,49.760773,0.000000,4.748651,33.048805,131.214601,1,0,995.093305
1789424025,1,-121.000488,49.761767,0.000000,4.748651,33.107692,132.065168,1,0,995.677618
1789424030,1,-120.999228,49.763015,0.000000,4.748651,33.207100,165.883963,1,0,993.262796
1789424035,1,-120.997959,49.764272,0.000000,4.748651,33.476526,167.076727,1,0,987.952878
1789424040,1,-120.996710,49.765520,0.000000,4.748651,32.746042,165.451238,1,0,985.529710
1789424044,1,-120.995724,49.766499,0.000000,4.748651,32.533355,130.033231,1,0,985.209203
1789424049,1,-120.994544,49.767758,0.000000,4.748651,32.894568,163.840457,1,0,984.745526
1789424054,1,-120.993725,49.769139,0.000000,4.748651,33.092522,164.568815,1,0,982.329824
1789424058,1,-120.993338,49.770303,0.000000,4.748651,33.193469,132.453722,1,0,980.203582
1789424062,1,-120.992987,49.771474,0.000000,4.748651,33.239616,132.696315,1,0,978.124216
1789424067,1,-120.992275,49.772888,0.000000,4.748651,33.066406,165.448632,1,0,975.781058
1789424072,1,-120.991182,49.774188,0.000000,4.748651,32.807839,164.663477,1,0,973.541697
1789424076,1,-120.990055,49.775110,0.000000,4.748651,32.754288,130.813256,1,0,971.420754
1789424080,1,-120.988764,49.775946,0.000000,4.748651,32.942972,131.527501,1,0,969.721905
1789424085,1,-120.987108,49.776970,0.000000,4.748651,33.033174,164.953947,1,0,967.292043
1789424089,1,-120.985786,49.777790,0.000000,4.748651,32.905306,131.871529,1,0,966.024785
1789424093,1,-120.984507,49.778639,0.000000,4.748651,33.057573,131.941837,1,0,964.774012
1789424098,1,-120.982960,49.779734,0.000000,4.748651,33.056762,165.096220,1,0,963.032184
1789424101,1,-120.981729,49.780617,0.000000,4.748651,33.063508,132.333444,1,0,961.904420
1789424105,1,-120.980492,49.781495,0.000000,4.748651,33.058885,132.212027,1,0,961.098639
1789424109,1,-120.979252,49.782373,0.000000,4.748651,33.118371,132.357762,1,0,960.123776
1789424113,1,-120.978016,49.783252,0.000000,4.748651,33.066072,132.239041,1,0,959.057394
1789424118,1,-120.976482,49.784346,0.000000,4.748652,32.612433,164.374805,1,0,957.925551
1789424123,1,-120.974979,49.785415,0.000000,4.748651,31.847935,160.814967,1,0,956.687403
1789424127,1,-120.973820,49.786261,0.000000,4.748651,31.113905,125.801191,1,0,956.007486
1789424131,1,-120.972761,49.787125,0.000000,4.748651,30.480289,122.703265,1,0,955.075424
1789424136,1,-120.971798,49.788327,0.000000,4.748651,29.938699,150.629987,1,0,953.591175
1789424140,1,-120.971336,49.789351,0.000000,4.748651,29.437597,118.671679,1,0,952.428606
1789424144,1,-120.971037,49.790380,0.000000,4.748651,28.968099,116.475586,1,0,950.982717
1789424149,1,-120.970699,49.791655,0.000000,4.748651,28.706262,143.906890,1,0,949.840148
1789424154,1,-120.970357,49.792661,0.000000,4.748652,28.526110,114.587641,1,0,948.856594
1789424159,1,-120.969728,49.793875,0.000000,4.748651,28.433384,142.441390,1,0,947.671506
1789424163,1,-120.969044,49.794800,0.000000,4.748651,28.417116,114.080531,1,0,947.190658
1789424167,1,-120.968204,49.795665,0.000000,4.748651,28.372478,113.658462,1,0,946.303375
1789424171,1,-120.967226,49.796465,0.000000,4.748651,28.410607,113.490340,1,0,945.294227
1789424175,1,-120.966127,49.797197,0.000000,4.748651,28.391266,113.552717,1,0,944.566389
1789424180,1,-120.964600,49.798006,0.000000,4.748651,28.417766,142.095618,1,0,943.916881
1789424184,1,-120.963339,49.798624,0.000000,4.748651,28.462790,113.889100,1,0,943.282966
1789424188,1,-120.962070,49.799237,0.000000,4.748651,28.462149,114.015346,1,0,942.514261
1789424192,1,-120.960804,49.799851,0.000000,4.748651,28.469028,113.908951,1,0,941.776387
1789424197,1,-120.959270,49.800663,0.000000,4.748652,28.524965,142.688185,1,0,940.062940
1789424201,1,-120.958078,49.801338,0.000000,4.748652,28.489957,114.040200,1,0,939.037952
1789424205,1,-120.956933,49.802041,0.000000,4.748652,28.438098,113.635957,1,0,938.091172
1789424209,1,-120.955833,49.802772,0.000000,4.748652,28.453341,113.517386,1,0,937.077194
1789424213,1,-120.954769,49.803529,0.000000,4.748652,28.471714,113.841418,1,0,936.301598
1789424217,1,-120.953754,49.804315,0.000000,4.748652,28.468753,113.954011,1,0,935.411696
1789424221,1,-120.952549,49.805331,0.000000,4.748652,28.501083,142.481060,1,0,934.233421
1789424226,1,-120.951420,49.806382,0.000000,4.748652,28.500381,142.395818,1,0,933.098148
1789424230,1,-120.950571,49.807247,0.000000,4.748652,28.471359,113.997941,1,0,932.313940
1789424234,1,-120.949778,49.808133,0.000000,4.748652,28.493433,113.903014,1,0,931.560721
1789424238,1,-120.949023,49.809030,0.000000,4.748652,28.324784,113.626692,1,0,931.236406
1789424243,1,-120.948092,49.810149,0.000000,4.748652,28.263642,141.376176,1,0,932.359107
1789424247,1,-120.947359,49.811045,0.000000,4.748652,28.137332,112.779375,1,0,934.793472
1789424251,1,-120.946624,49.811934,0.000000,4.748652,28.056277,112.159678,1,0,938.269198
1789424256,1,-120.945718,49.813038,0.000000,4.748652,27.751265,139.056225,1,0,944.321409
1789424260,1,-120.944965,49.813959,0.000000,4.748652,29.919678,115.908665,1,0,951.148103
1789424264,1,-120.944150,49.814955,0.000000,4.748652,32.131959,125.370546,1,0,958.612683
1789424268,1,-120.943301,49.815990,0.000000,4.748652,32.606092,130.350166,1,0,966.211267
1789424272,1,-120.942444,49.817032,0.000000,4.748652,32.757712,131.308195,1,0,973.253371
1789424277,1,-120.941587,49.818076,0.000000,4.748652,32.794364,131.504783,1,0,980.132055
1789424281,1,-120.940721,49.819121,0.000000,4.748652,32.969206,131.905097,1,0,986.563121
1789424285,1,-120.939863,49.820173,0.000000,4.748652,33.118009,132.322297,1,0,992.714992
1789424289,1,-120.939155,49.821272,0.000000,4.748652,33.160091,132.451394,1,0,997.237611
1789424294,1,-120.938695,49.822731,0.000000,4.748651,33.276339,165.646171,1,0,1000.582012
1789424299,1,-120.938585,49.824224,0.000000,4.748652,33.255311,166.274567,1,0,1001.770814
1789424303,1,-120.938510,49.825416,0.000000,4.748652,33.144358,132.711654,1,0,1002.964733
1789424307,1,-120.938273,49.826592,0.000000,4.748652,32.779796,131.929228,1,0,1004.481500
1789424312,1,-120.937492,49.827933,0.000000,4.748651,31.359050,159.415080,1,0,1009.151875
1789424316,1,-120.936530,49.828874,0.000000,4.748651,31.836807,125.500403,1,0,1013.564447
1789424320,1,-120.935432,49.829812,0.000000,4.748651,32.986946,130.887106,1,0,1018.344139
1789424324,1,-120.934362,49.830777,0.000000,4.748651,33.047379,132.109603,1,0,1022.741850
1789424328,1,-120.933540,49.831830,0.000000,4.748651,32.692137,131.227818,1,0,1027.128350
1789424333,1,-120.933119,49.833229,0.000000,4.748652,31.452111,158.551368,1,0,1030.911566
1789424337,1,-120.933129,49.834369,0.000000,4.748652,32.249060,126.820052,1,0,1032.843999
1789424340,1,-120.933176,49.835559,0.000000,4.748652,33.233977,132.423431,1,0,1034.463178
1789424345,1,-120.933076,49.837046,0.000000,4.748652,32.919687,165.576143,1,0,1036.277347
1789424349,1,-120.932566,49.838161,0.000000,4.748651,32.212904,129.351574,1,0,1038.589863
1789424353,1,-120.931895,49.839261,0.000000,4.748651,33.087544,131.547201,1,0,1039.941357
1789424358,1,-120.931036,49.840635,0.000000,4.748651,32.467888,164.871145,1,0,1041.526946
1789424362,1,-120.930388,49.841734,0.000000,4.748651,32.962323,130.845073,1,0,1042.941014
1789424366,1,-120.929795,49.842797,0.000000,4.748651,29.992512,125.713698,1,0,1043.771098
1789424371,1,-120.929119,49.844016,0.000000,4.748651,29.289474,144.063248,1,0,1044.788291
1789424375,1,-120.928475,49.845049,0.000000,4.748651,31.856688,123.903011,1,0,1046.455862
1789424379,1,-120.927636,49.846082,0.000000,4.748651,32.627674,129.802189,1,0,1048.288427
1789424384,1,-120.926238,49.847231,0.000000,4.748651,31.831962,162.642834,1,0,1050.252643
1789424388,1,-120.924990,49.847980,0.000000,4.748651,29.947581,122.487764,1,0,1050.599694
1789424393,1,-120.923456,49.848832,0.000000,4.748651,27.697433,145.462326,1,0,1049.395726
1789424398,1,-120.922077,49.849554,0.000000,4.748651,24.589291,127.635257,1,0,1048.500515
1789424403,1,-120.921042,49.850120,0.000000,4.748652,24.191734,97.505741,1,0,1048.312656
1789424408,1,-120.919808,49.850833,0.000000,4.748652,23.298598,119.039722,1,0,1047.786676
1789424412,1,-120.918937,49.851463,0.000000,4.748652,23.570128,94.006456,1,0,1046.591532
1789424417,1,-120.917976,49.852331,0.000000,4.748651,23.668353,118.753719,1,0,1044.086379
1789424422,1,-120.917218,49.853252,0.000000,4.748651,22.556113,116.061226,1,0,1039.680735
1789424426,1,-120.916734,49.853984,0.000000,4.748651,22.047681,88.559787,1,0,1035.221613
1789424431,1,-120.916342,49.854922,0.000000,4.748651,20.834884,108.089092,1,0,1029.379183
1789424437,1,-120.916097,49.856044,0.000000,4.748651,22.374066,126.053697,1,0,1021.633871
1789424441,1,-120.916080,49.856911,0.000000,4.748651,24.981131,96.456319,1,0,1016.061509
1789424446,1,-120.916262,49.858030,0.000000,4.748651,25.086047,125.168317,1,0,1008.560264
1789424450,1,-120.916575,49.858903,0.000000,4.748651,24.858266,99.690549,1,0,1002.241027
1789424454,1,-120.916961,49.859756,0.000000,4.748651,24.686221,98.868147,1,0,995.656323
1789424459,1,-120.917445,49.860813,0.000000,4.748651,24.496164,122.628353,1,0,987.911489
1789424462,1,-120.917831,49.861657,0.000000,4.748651,24.498235,97.907419,1,0,982.164961
1789424466,1,-120.918252,49.862493,0.000000,4.748652,24.190306,97.803930,1,0,976.286674
1789424470,1,-120.918609,49.863250,0.000000,4.748652,21.336542,88.038051,1,0,970.736079
1789424475,1,-120.918948,49.864213,0.000000,4.748652,22.444910,109.865867,1,0,963.883352
1789424479,1,-120.919067,49.865023,0.000000,4.748652,22.820872,90.512413,1,0,958.431189
1789424484,1,-120.918962,49.866035,0.000000,4.748652,22.560437,112.830940,1,0,952.016361
1789424489,1,-120.918612,49.867041,0.000000,4.748651,23.268802,114.705639,1,0,945.771697
1789424494,1,-120.918214,49.868062,0.000000,4.748651,23.153673,117.129299,1,0,938.812279
1789424499,1,-120.917820,49.869062,0.000000,4.748651,23.281852,114.793365,1,0,931.787211
1789424503,1,-120.917497,49.869889,0.000000,4.748651,24.027399,94.883866,1,0,926.087697
1789424507,1,-120.917167,49.870738,0.000000,4.748651,24.431231,97.379934,1,0,920.448773
1789424512,1,-120.916756,49.871787,0.000000,4.748651,24.019231,120.377082,1,0,913.334154
1789424516,1,-120.916391,49.872620,0.000000,4.748651,24.110884,96.309583,1,0,907.411577
1789424521,1,-120.915794,49.873648,0.000000,4.748651,24.620727,122.146525,1,0,900.241685
1789424525,1,-120.915185,49.874448,0.000000,4.748651,24.843995,99.181190,1,0,894.285418
1789424530,1,-120.914499,49.875179,0.000000,4.748651,23.257583,95.105375,1,0,888.678846
1789424535,1,-120.913583,49.875993,0.000000,4.748651,21.949617,111.965996,1,0,881.948202
1789424541,1,-120.912340,49.876871,0.000000,4.748651,22.217038,132.383931,1,0,873.693440
1789424545,1,-120.911387,49.877436,0.000000,4.748651,24.072936,92.976534,1,0,868.810221
1789424550,1,-120.909981,49.878202,0.000000,4.748652,28.113038,132.199605,1,0,861.937825
1789424555,1,-120.908358,49.879072,0.000000,4.748652,31.902321,151.587900,1,0,853.848425
1789424560,1,-120.906598,49.880027,0.000000,4.748652,33.115608,165.207581,1,0,846.196165
1789424565,1,-120.904850,49.880971,0.000000,4.748652,32.421419,163.760388,1,0,843.054928
1789424569,1,-120.903447,49.881724,0.000000,4.748652,32.819575,131.105712,1,0,844.892433
1789424573,1,-120.902108,49.882519,0.000000,4.748652,32.620139,130.714984,1,0,850.441749
1789424577,1,-120.900972,49.883437,0.000000,4.748652,32.840400,130.751581,1,0,855.874983
1789424581,1,-120.899945,49.884758,0.000000,4.748651,33.042425,164.450069,1,0,862.813981
1789424586,1,-120.899408,49.886197,0.000000,4.748651,33.006800,164.665083,1,0,870.008108
1789424590,1,-120.899330,49.887381,0.000000,4.748651,33.018263,131.829855,1,0,875.877964
1789424595,1,-120.899713,49.888837,0.000000,4.748652,32.995653,164.291206,1,0,883.034776
1789424600,1,-120.900466,49.890239,0.000000,4.748652,32.992285,165.084877,1,0,889.390214
1789424604,1,-120.901120,49.891346,0.000000,4.748652,32.977793,131.811231,1,0,894.759955
1789424608,1,-120.901780,49.892451,0.000000,4.748652,32.941658,131.758148,1,0,900.435555
1789424613,1,-120.902433,49.893872,0.000000,4.748652,32.968138,164.894574,1,0,907.123231
1789424618,1,-120.902805,49.895335,0.000000,4.748652,33.028202,164.929429,1,0,913.705873
1789424623,1,-120.903024,49.896820,0.000000,4.748652,33.230120,165.943856,1,0,918.263093
1789424627,1,-120.903193,49.898011,0.000000,4.748652,33.249249,133.045967,1,0,920.142710
1789424632,1,-120.903408,49.899499,0.000000,4.748651,33.238985,166.249241,1,0,921.518902
1789424637,1,-120.903618,49.900982,0.000000,4.748651,33.073208,165.662362,1,0,922.779440
1789424642,1,-120.903824,49.902464,0.000000,4.748651,33.091426,165.525657,1,0,923.603143
1789424646,1,-120.903992,49.903653,0.000000,4.748651,33.245361,132.817945,1,0,922.915718
1789424651,1,-120.904053,49.905149,0.000000,4.748652,33.377507,166.477674,1,0,919.357908
1789424656,1,-120.903825,49.906345,0.000000,4.748651,33.549862,134.051586,1,0,915.088154
1789424661,1,-120.903462,49.907829,0.000000,4.748651,33.313822,167.132299,1,0,908.357152
1789424665,1,-120.903208,49.909005,0.000000,4.748652,32.690316,132.088560,1,0,904.414989
1789424669,1,-120.903219,49.910165,0.000000,4.748651,32.064968,129.044413,1,0,903.451960
1789424673,1,-120.903668,49.911260,0.000000,4.748652,31.510496,126.009667,1,0,905.042527
1789424677,1,-120.904503,49.912251,0.000000,4.748652,31.228636,125.505732,1,0,908.347891
1789424682,1,-120.905975,49.913227,0.000000,4.748651,30.295872,151.561997,1,0,915.215726
1789424686,1,-120.907291,49.913900,0.000000,4.748652,29.225536,120.595305,1,0,921.178157
1789424691,1,-120.908734,49.914704,0.000000,4.748652,26.307561,136.908700,1,0,926.976245
1789424695,1,-120.909641,49.915402,0.000000,4.748651,24.843208,101.361417,1,0,930.259273
1789424700,1,-120.910461,49.916367,0.000000,4.748652,24.422677,122.448684,1,0,932.866047
1789424704,1,-120.910974,49.917420,0.000000,4.748652,24.793172,122.799280,1,0,935.266461
1789424709,1,-120.911161,49.918559,0.000000,4.748652,26.515786,127.416687,1,0,936.586374
1789424714,1,-120.911235,49.919812,0.000000,4.748652,27.679142,139.489860,1,0,937.567819
1789424719,1,-120.911299,49.921042,0.000000,4.748652,27.531251,136.907164,1,0,938.333652
1789424724,1,-120.911371,49.922303,0.000000,4.748651,28.461475,140.373841,1,0,939.276013
1789424728,1,-120.911424,49.923331,0.000000,4.748652,28.556410,114.422077,1,0,939.881566
1789424732,1,-120.911386,49.924359,0.000000,4.748652,28.522606,114.391393,1,0,939.987620
1789424737,1,-120.911061,49.925622,0.000000,4.748652,28.455410,142.426819,1,0,940.175340
1789424741,1,-120.910564,49.926602,0.000000,4.748651,28.695459,114.713791,1,0,940.881682
1789424745,1,-120.910003,49.927566,0.000000,4.748651,28.545114,114.558275,1,0,941.366150
1789424749,1,-120.909437,49.928525,0.000000,4.748651,28.548340,114.165136,1,0,941.921209
1789424753,1,-120.908871,49.929491,0.000000,4.748651,28.801122,114.891712,1,0,942.909135
1789424757,1,-120.908351,49.930478,0.000000,4.748651,29.131954,115.974295,1,0,944.456389
1789424762,1,-120.907882,49.931762,0.000000,4.748651,29.385026,146.754536,1,0,946.793482
1789424767,1,-120.907445,49.933053,0.000000,4.748651,29.297935,147.004987,1,0,949.796234
1789424771,1,-120.907106,49.934080,0.000000,4.748651,29.081907,116.812378,1,0,952.203333
1789424776,1,-120.906669,49.935348,0.000000,4.748651,28.764934,144.505968,1,0,955.107166
1789424781,1,-120.906342,49.936355,0.000000,4.748651,28.524386,114.457499,1,0,957.405761
1789424786,1,-120.905931,49.937606,0.000000,4.748652,28.363979,142.261658,1,0,960.069546
1789424790,1,-120.905597,49.938601,0.000000,4.748652,28.247799,113.256351,1,0,961.911127
1789424794,1,-120.905267,49.939591,0.000000,4.748652,28.173879,112.652077,1,0,963.368323
1789424798,1,-120.904986,49.940592,0.000000,4.748652,28.431592,113.168861,1,0,964.027137
1789424802,1,-120.904766,49.941612,0.000000,4.748652,28.848545,114.563746,1,0,964.110440
1789424807,1,-120.904598,49.942920,0.000000,4.748652,29.597257,146.007154,1,0,962.993678
1789424812,1,-120.904555,49.944275,0.000000,4.748652,30.792394,150.768263,1,0,960.773521
1789424816,1,-120.904614,49.945395,0.000000,4.748651,31.402624,124.666065,1,0,958.194899
1789424820,1,-120.904762,49.946522,0.000000,4.748652,31.687771,125.822150,1,0,954.193870
1789424824,1,-120.905056,49.947942,0.000000,4.748652,31.949899,159.371094,1,0,948.106880
1789424828,1,-120.905395,49.949064,0.000000,4.748652,31.565797,127.166425,1,0,942.734673
1789424833,1,-120.905932,49.950395,0.000000,4.748651,29.730139,153.001831,1,0,937.233888
1789424837,1,-120.906448,49.951399,0.000000,4.748651,29.963463,117.671051,1,0,935.088775
1789424841,1,-120.907064,49.952451,0.000000,4.748652,31.188998,125.104198,1,0,935.106612
1789424845,1,-120.907739,49.953484,0.000000,4.748652,31.597283,124.712865,1,0,937.141204
1789424849,1,-120.908541,49.954540,0.000000,4.748652,33.072120,130.819457,1,0,939.690592
1789424853,1,-120.909369,49.955604,0.000000,4.748652,33.058632,132.446044,1,0,942.008471
1789424858,1,-120.910375,49.956941,0.000000,4.748652,32.992567,165.334337,1,0,944.752413
1789424863,1,-120.911412,49.958252,0.000000,4.748652,32.567118,163.736718,1,0,947.300068
1789424867,1,-120.912219,49.959293,0.000000,4.748652,32.194441,129.480969,1,0,949.382550
1789424872,1,-120.913234,49.960569,0.000000,4.748652,31.661930,159.548249,1,0,952.034573
1789424877,1,-120.914146,49.961856,0.000000,4.748652,31.318912,157.423843,1,0,954.535251
1789424881,1,-120.914665,49.962928,0.000000,4.748652,31.267178,124.936103,1,0,956.504237
1789424885,1,-120.915012,49.964034,0.000000,4.748652,31.457200,125.531571,1,0,958.623068
1789424890,1,-120.915140,49.965443,0.000000,4.748652,31.457009,157.013271,1,0,961.180626
1789424895,1,-120.914970,49.966843,0.000000,4.748652,30.940654,156.220279,1,0,963.889267
1789424899,1,-120.914618,49.967916,0.000000,4.748652,30.276998,122.009518,1,0,964.875802
1789424903,1,-120.914095,49.968942,0.000000,4.748652,29.883382,120.148618,1,0,964.508825
1789424909,1,-120.913233,49.970140,0.000000,4.748652,28.734770,146.925131,1,0,962.745129
1789424913,1,-120.912392,49.971004,0.000000,4.748651,28.443864,113.488956,1,0,959.849435
1789424917,1,-120.911402,49.971819,0.000000,4.748651,28.902660,115.179032,1,0,955.727857
1789424921,1,-120.910333,49.972598,0.000000,4.748651,28.923219,115.730316,1,0,951.481825
1789424925,1,-120.909280,49.973368,0.000000,4.748651,28.477586,114.219784,1,0,947.362276
1789424929,1,-120.908281,49.974165,0.000000,4.748651,28.373424,114.009270,1,0,943.265063
1789424934,1,-120.907237,49.975241,0.000000,4.748651,28.810512,141.203119,1,0,938.584131
1789424938,1,-120.906337,49.976438,0.000000,4.748651,29.334494,147.989891,1,0,934.863561
1789424942,1,-120.905634,49.977368,0.000000,4.748651,28.594544,115.097272,1,0,933.560049
1789424946,1,-120.904947,49.978285,0.000000,4.748651,28.159436,113.294998,1,0,934.130259
1789424950,1,-120.904270,49.979195,0.000000,4.748651,27.961522,112.280067,1,0,935.988830
1789424955,1,-120.903403,49.980310,0.000000,4.748651,27.633728,138.758471,1,0,940.446126
1789424960,1,-120.902256,49.981312,0.000000,4.748651,27.804522,138.548150,1,0,945.825413
1789424964,1,-120.901065,49.982013,0.000000,4.748652,29.873448,115.677653,1,0,950.904781
1789424968,1,-120.899784,49.982662,0.000000,4.748652,28.538949,116.865472,1,0,955.596160
1789424972,1,-120.898556,49.983272,0.000000,4.748652,27.664548,111.200535,1,0,959.480651
1789424976,1,-120.897361,49.983893,0.000000,4.748651,27.534274,110.091710,1,0,962.625500
1789424980,1,-120.896259,49.984583,0.000000,4.748651,27.588198,110.184051,1,0,964.491608
1789424984,1,-120.895314,49.985361,0.000000,4.748651,27.589892,109.934771,1,0,964.995957
1789424988,1,-120.894536,49.986214,0.000000,4.748651,27.614834,110.086204,1,0,964.291240
1789424992,1,-120.893954,49.987133,0.000000,4.748651,27.657888,110.429958,1,0,962.402747
1789424996,1,-120.893541,49.988093,0.000000,4.748651,27.773297,110.828489,1,0,959.052291
1789425000,1,-120.893196,49.989067,0.000000,4.748651,27.867297,111.142707,1,0,954.122755
1789425004,1,-120.892845,49.990037,0.000000,4.748651,27.705402,110.805831,1,0,949.040658
1789425008,1,-120.892350,49.990984,0.000000,4.748651,27.658083,111.170839,1,0,944.232701
1789425012,1,-120.891618,49.991853,0.000000,4.748651,27.453122,110.008670,1,0,939.281048
1789425016,1,-120.890697,49.992652,0.000000,4.748651,27.638068,110.743263,1,0,934.948714
1789425020,1,-120.889733,49.993432,0.000000,4.748651,27.639253,110.949274,1,0,930.543983
1789425024,1,-120.888769,49.994209,0.000000,4.748651,27.559879,110.683763,1,0,927.135045
1789425028,1,-120.887812,49.994980,0.000000,4.748651,27.515900,109.848905,1,0,924.855464
1789425034,1,-120.886617,49.995943,0.000000,4.748651,27.422501,137.189939,1,0,923.445129
1789425039,1,-120.885422,49.996907,0.000000,4.748651,27.569241,137.276813,1,0,923.625761
1789425044,1,-120.884215,49.997925,0.000000,4.748651,28.982914,142.540142,1,0,924.471034
1789425049,1,-120.882942,49.998949,0.000000,4.748651,29.327734,145.977967,1,0,925.229763
1789425053,1,-120.881921,49.999779,0.000000,4.748651,29.487785,117.838091,1,0,925.817012
1789425057,1,-120.880882,50.000604,0.000000,4.748651,29.649867,118.212013,1,0,926.283675
1789425061,1,-120.879518,50.001640,0.000000,4.748651,31.019509,151.160304,1,0,927.263320
1789425065,1,-120.878297,50.002499,0.000000,4.748651,32.801929,129.605985,1,0,928.499545
1789425069,1,-120.877008,50.003346,0.000000,4.748651,33.001857,131.992498,1,0,928.995882
1789425074,1,-120.875342,50.004341,0.000000,4.748651,31.451818,162.852985,1,0,929.345288
1789425078,1,-120.874129,50.005093,0.000000,4.748651,29.704594,120.675830,1,0,929.610861
1789425082,1,-120.872946,50.005829,0.000000,4.748651,29.370272,117.891856,1,0,930.337686
1789425086,1,-120.871856,50.006615,0.000000,4.748651,29.421069,117.275445,1,0,931.583787
1789425090,1,-120.871044,50.007534,0.000000,4.748651,29.405127,117.650162,1,0,932.701996
1789425094,1,-120.870547,50.008544,0.000000,4.748651,29.620333,117.873477,1,0,933.428770
1789425098,1,-120.870161,50.009583,0.000000,4.748651,29.738893,118.850758,1,0,933.495585
1789425103,1,-120.869494,50.010839,0.000000,4.748651,29.497758,147.680626,1,0,933.556043
1789425107,1,-120.868549,50.011733,0.000000,4.748651,30.373403,120.337085,1,0,933.549956
1789425111,1,-120.867305,50.012453,0.000000,4.748651,29.869912,119.873253,1,0,933.333999
1789425116,1,-120.865448,50.013074,0.000000,4.748652,30.165944,149.990112,1,0,932.999502
1789425121,1,-120.863488,50.013572,0.000000,4.748652,30.302061,151.044470,1,0,932.643258
1789425125,1,-120.861971,50.014060,0.000000,4.748652,30.558728,121.554270,1,0,931.648903
1789425129,1,-120.860536,50.014655,0.000000,4.748651,30.635150,122.323497,1,0,930.056160
1789425134,1,-120.858701,50.015361,0.000000,4.748652,30.600010,153.204555,1,0,928.053087
1789425138,1,-120.857116,50.015775,0.000000,4.748652,30.670420,122.599838,1,0,926.763039
1789425143,1,-120.855027,50.016057,0.000000,4.748652,30.639643,153.000233,1,0,925.072041
1789425147,1,-120.853325,50.016157,0.000000,4.748652,30.685931,122.513592,1,0,924.146010
1789425152,1,-120.851202,50.016299,0.000000,4.748652,30.614024,153.004401,1,0,923.518981
1789425157,1,-120.849116,50.016582,0.000000,4.748652,30.542349,152.812575,1,0,923.376482
1789425162,1,-120.847512,50.016927,0.000000,4.748652,30.240730,121.218574,1,0,924.330541
1789425167,1,-120.845541,50.017372,0.000000,4.748652,29.793135,149.712174,1,0,927.389477
1789425171,1,-120.843946,50.017678,0.000000,4.748652,29.796129,119.297165,1,0,930.343776
1789425176,1,-120.841887,50.017878,0.000000,4.748652,29.955539,149.266611,1,0,933.636188
1789425180,1,-120.840217,50.017896,0.000000,4.748652,29.955745,119.730506,1,0,936.378547
1789425183,1,-120.838556,50.017799,0.000000,4.748652,29.869397,119.556622,1,0,939.550931
1789425187,1,-120.836902,50.017674,0.000000,4.748652,29.891581,119.379570,1,0,942.363642
1789425192,1,-120.834818,50.017516,0.000000,4.748652,30.151156,150.421979,1,0,946.246737
1789425197,1,-120.832715,50.017352,0.000000,4.748652,30.477689,151.853589,1,0,950.392921
1789425202,1,-120.830600,50.017189,0.000000,4.748652,30.529747,152.694461,1,0,954.522669
1789425206,1,-120.828909,50.017062,0.000000,4.748652,30.437161,122.040099,1,0,958.020173
1789425211,1,-120.826800,50.016966,0.000000,4.748652,30.227423,151.560764,1,0,963.095173
1789425215,1,-120.825148,50.017124,0.000000,4.748652,29.942436,119.721300,1,0,967.601893
1789425220,1,-120.823245,50.017663,0.000000,4.748652,29.994623,149.013539,1,0,973.379439
1789425224,1,-120.821949,50.018333,0.000000,4.748652,29.830538,119.107800,1,0,978.256902
1789425228,1,-120.820930,50.019183,0.000000,4.748652,29.915110,119.488170,1,0,983.204896
1789425232,1,-120.820247,50.020157,0.000000,4.748651,29.711068,118.900410,1,0,988.341463
1789425237,1,-120.819869,50.021480,0.000000,4.748652,30.136380,149.652532,1,0,994.107855
1789425241,1,-120.819724,50.022590,0.000000,4.748652,30.930976,123.920599,1,0,998.848575
1789425246,1,-120.819546,50.023958,0.000000,4.748652,30.359904,152.719678,1,0,1004.894618
1789425250,1,-120.819397,50.025040,0.000000,4.748652,29.922823,120.842157,1,0,1009.668343
1789425255,1,-120.819228,50.026338,0.000000,4.748652,28.493984,144.905983,1,0,1015.293079
1789425260,1,-120.819061,50.027597,0.000000,4.748652,27.916619,140.570825,1,0,1019.607595
1789425265,1,-120.818894,50.028846,0.000000,4.748652,27.968173,139.462506,1,0,1022.742086
1789425269,1,-120.818692,50.029833,0.000000,4.748652,27.381448,110.751412,1,0,1023.924864
1789425273,1,-120.818237,50.030760,0.000000,4.748652,26.813713,108.158559,1,0,1024.221348
1789425278,1,-120.817290,50.031806,0.000000,4.748652,27.147937,134.708960,1,0,1024.241191
1789425282,1,-120.816396,50.032616,0.000000,4.748652,27.946629,110.564504,1,0,1023.163930
1789425287,1,-120.815478,50.033446,0.000000,4.748651,28.532403,113.374496,1,0,1021.140722
1789425291,1,-120.814547,50.034283,0.000000,4.748651,28.588030,114.549673,1,0,1018.086226
1789425296,1,-120.813299,50.035286,0.000000,4.748651,28.444019,142.994266,1,0,1012.320427
1789425300,1,-120.812167,50.035987,0.000000,4.748651,28.030142,112.521199,1,0,1007.009952
1789425304,1,-120.811017,50.036672,0.000000,4.748651,28.006686,112.238379,1,0,1001.669849
1789425308,1,-120.809589,50.037542,0.000000,4.748651,28.236915,140.845541,1,0,994.831785
1789425312,1,-120.808606,50.038337,0.000000,4.748651,28.522110,113.063047,1,0,989.413415
1789425316,1,-120.807916,50.039260,0.000000,4.748651,28.659132,113.964411,1,0,984.126334
1789425320,1,-120.807559,50.040261,0.000000,4.748651,28.688127,114.258015,1,0,978.590007
1789425325,1,-120.807482,50.041560,0.000000,4.748651,28.954061,144.614917,1,0,970.836727
1789425329,1,-120.807424,50.042604,0.000000,4.748651,29.134191,116.215892,1,0,964.274115
1789425333,1,-120.807117,50.043643,0.000000,4.748651,29.578396,117.659495,1,0,958.103068
1789425337,1,-120.806430,50.044612,0.000000,4.748651,29.505975,118.503814,1,0,951.841258
1789425342,1,-120.805162,50.045666,0.000000,4.748651,29.769213,148.324287,1,0,944.841444
1789425346,1,-120.804057,50.046464,0.000000,4.748651,29.743037,118.943006,1,0,939.441922
1789425351,1,-120.802685,50.047469,0.000000,4.748651,29.810731,148.864014,1,0,932.497804
1789425355,1,-120.801625,50.048317,0.000000,4.748651,30.891365,121.102865,1,0,926.535770
1789425359,1,-120.800567,50.049253,0.000000,4.748651,32.775943,128.790606,1,0,920.638434
1789425364,1,-120.799266,50.050491,0.000000,4.748651,33.633533,166.290242,1,0,912.279001
1789425369,1,-120.798057,50.051781,0.000000,4.748651,33.464656,167.613692,1,0,903.902954
1789425374,1,-120.796970,50.053101,0.000000,4.748651,33.172176,166.210729,1,0,895.612340
1789425378,1,-120.796205,50.054179,0.000000,4.748651,32.991111,131.849550,1,0,889.032494
1789425382,1,-120.795493,50.055269,0.000000,4.748651,32.801044,131.544917,1,0,882.395454
1789425386,1,-120.794869,50.056372,0.000000,4.748651,32.679136,130.589880,1,0,875.613618
1789425391,1,-120.794186,50.057775,0.000000,4.748651,32.651546,163.564027,1,0,868.641859
1789425396,1,-120.793595,50.059191,0.000000,4.748651,32.747028,163.111570,1,0,862.692763
1789425400,1,-120.793202,50.060349,0.000000,4.748651,33.122985,131.860757,1,0,858.336833
1789425404,1,-120.792811,50.061519,0.000000,4.748651,33.409134,133.134950,1,0,853.911359
1789425410,1,-120.792321,50.062990,0.000000,4.748651,33.432047,167.361858,1,0,848.685979
1789425415,1,-120.791831,50.064454,0.000000,4.748651,33.303890,166.600396,1,0,843.431804
1789425419,1,-120.791318,50.065599,0.000000,4.748651,32.978000,132.566950,1,0,839.997387
1789425423,1,-120.790655,50.066694,0.000000,4.748651,32.514143,130.738167,1,0,837.692561
1789425427,1,-120.789631,50.068006,0.000000,4.748651,32.726969,163.337763,1,0,836.413395
1789425431,1,-120.788642,50.068997,0.000000,4.748651,32.888246,131.031449,1,0,834.845342
1789425436,1,-120.787214,50.070160,0.000000,4.748651,32.943461,164.903298,1,0,833.516977
1789425440,1,-120.785921,50.071010,0.000000,4.748651,33.087132,132.334653,1,0,832.172662
1789425445,1,-120.784154,50.071974,0.000000,4.748651,33.191339,165.854537,1,0,830.088291
1789425450,1,-120.782206,50.072797,0.000000,4.748651,33.516409,166.843711,1,0,825.817736
1789425455,1,-120.780133,50.073494,0.000000,4.748651,33.503975,167.461891,1,0,819.965990
1789425459,1,-120.778478,50.074029,0.000000,4.748651,32.851505,132.606413,1,0,814.634884
1789425463,1,-120.776841,50.074553,0.000000,4.748651,32.728246,130.906382,1,0,809.480104
1789425468,1,-120.774795,50.075214,0.000000,4.748651,32.908273,163.900725,1,0,802.857990
1789425472,1,-120.773168,50.075745,0.000000,4.748651,32.333549,130.604306,1,0,797.560846
1789425477,1,-120.771178,50.076393,0.000000,4.748651,31.693896,159.669323,1,0,791.244049
1789425481,1,-120.769613,50.076899,0.000000,4.748651,31.168175,125.388283,1,0,786.353383
1789425485,1,-120.768066,50.077400,0.000000,4.748651,30.851601,123.986990,1,0,781.394296
1789425490,1,-120.766189,50.078076,0.000000,4.748651,30.871224,153.990964,1,0,775.432739
1789425494,1,-120.764746,50.078689,0.000000,4.748651,30.995570,123.785740,1,0,770.067103
1789425498,1,-120.763309,50.079312,0.000000,4.748651,31.098553,124.045436,1,0,763.986480
1789425502,1,-120.761863,50.079934,0.000000,4.748651,31.195203,124.509917,1,0,757.248567
1789425506,1,-120.760412,50.080561,0.000000,4.748651,31.356857,125.116739,1,0,750.551927
1789425511,1,-120.758594,50.081344,0.000000,4.748651,31.277218,156.601986,1,0,742.172119
1789425515,1,-120.757139,50.081969,0.000000,4.748651,31.266636,125.230605,1,0,735.464623
1789425519,1,-120.755697,50.082594,0.000000,4.748651,30.974292,124.457539,1,0,729.030702
1789425523,1,-120.754309,50.083255,0.000000,4.748651,30.783556,123.610043,1,0,722.748674
1789425527,1,-120.753049,50.084000,0.000000,4.748651,30.593297,122.491017,1,0,716.397489
1789425531,1,-120.751934,50.084833,0.000000,4.748651,30.723760,122.296664,1,0,709.702027
1789425536,1,-120.750955,50.085745,0.000000,4.748651,30.924933,123.301797,1,0,703.326795
1789425540,1,-120.750135,50.086725,0.000000,4.748651,31.067254,123.814031,1,0,696.832893
1789425544,1,-120.749355,50.088024,0.000000,4.748651,30.997915,154.914775,1,0,688.725023
1789425548,1,-120.748945,50.089102,0.000000,4.748651,30.823279,123.458276,1,0,681.892453
1789425553,1,-120.748698,50.090485,0.000000,4.748651,31.061838,154.860842,1,0,674.366279
1789425557,1,-120.748663,50.091589,0.000000,4.748651,30.702662,122.837282,1,0,668.977591
1789425562,1,-120.748679,50.092955,0.000000,4.748651,30.362851,151.961468,1,0,663.887275
1789425567,1,-120.748681,50.094322,0.000000,4.748651,30.450271,152.068351,1,0,659.617605
1789425571,1,-120.748686,50.095415,0.000000,4.748651,30.503488,121.588440,1,0,656.005057
1789425575,1,-120.748691,50.096509,0.000000,4.748651,30.414829,121.699614,1,0,652.486365
1789425580,1,-120.748695,50.097876,0.000000,4.748651,30.349179,152.068419,1,0,648.554472
1789425584,1,-120.748708,50.098954,0.000000,4.748651,29.767128,119.922681,1,0,645.241711
1789425588,1,-120.748805,50.100003,0.000000,4.748651,28.838754,116.899316,1,0,641.799029
1789425592,1,-120.749067,50.100995,0.000000,2.900005,27.418646,111.933355,1,0,638.578072
1789425597,1,-120.749593,50.102122,0.000000,2.900353,25.154917,130.897681,1,0,634.484454
1789425601,1,-120.750120,50.102925,0.000000,2.897553,23.542469,96.960673,1,0,631.304235
1789425605,1,-120.750720,50.103654,0.000000,2.909377,22.265906,91.758889,1,0,628.409469
1789425609,1,-120.751330,50.104346,0.000000,2.985870,21.881897,88.493004,1,0,626.045502
1789425615,1,-120.752222,50.105363,0.000000,3.027175,21.222516,129.892434,1,0,622.594788
1789425620,1,-120.752928,50.106169,0.000000,3.035526,20.194991,102.910394,1,0,619.617829
1789425625,1,-120.753595,50.106934,0.000000,3.038068,19.044126,97.567241,1,0,616.818274
1789425631,1,-120.754357,50.107805,0.000000,3.037952,18.466384,111.176684,1,0,614.067641
1789425636,1,-120.755015,50.108555,0.000000,3.037298,19.652403,95.797142,1,0,612.145904
1789425641,1,-120.755706,50.109347,0.000000,3.037708,20.431488,101.026743,1,0,610.682818
1789425646,1,-120.756399,50.110141,0.000000,3.037943,20.141622,101.288365,1,0,609.357581
1789425651,1,-120.757075,50.110924,0.000000,3.039059,19.768694,99.627088,1,0,608.524386
1789425656,1,-120.757746,50.111695,0.000000,3.035685,19.585342,98.286935,1,0,607.856458
1789425661,1,-120.758422,50.112464,0.000000,3.034625,19.843123,98.268377,1,0,607.093556
1789425666,1,-120.759129,50.113260,0.000000,3.034151,20.772017,101.975411,1,0,606.710131
1789425671,1,-120.759854,50.114106,0.000000,3.032987,22.085082,107.456348,1,0,606.484827
1789425676,1,-120.760499,50.115062,0.000000,3.031122,23.871939,115.924366,1,0,606.893914
1789425680,1,-120.760878,50.115926,0.000000,3.030125,25.385686,99.863356,1,0,607.326303
1789425685,1,-120.761094,50.117078,0.000000,3.122290,25.843754,129.078723,1,0,607.562377
1789425689,1,-120.761056,50.118014,0.000000,3.156676,25.900635,104.157873,1,0,607.848024
1789425693,1,-120.760839,50.118915,0.000000,3.170472,24.757799,101.423799,1,0,608.667390
1789425697,1,-120.760445,50.119797,0.000000,3.177283,26.656639,102.082313,1,0,610.017824
1789425701,1,-120.759873,50.120651,0.000000,3.178062,25.042272,103.435700,1,0,611.547311
1789425706,1,-120.758985,50.121566,0.000000,3.178506,23.705128,119.977230,1,0,613.488988
1789425710,1,-120.758140,50.122239,0.000000,3.178687,24.482710,96.217108,1,0,615.628637
1789425714,1,-120.757150,50.122843,0.000000,3.176135,24.847732,97.614291,1,0,617.858600
1789425718,1,-120.755986,50.123399,0.000000,3.180293,26.589194,103.715574,1,0,620.975180
1789425723,1,-120.754344,50.124040,0.000000,3.174319,28.164519,137.396200,1,0,624.722284
1789425728,1,-120.752605,50.124724,0.000000,3.170472,29.717190,145.798978,1,0,628.512787
1789425733,1,-120.750824,50.125416,0.000000,3.167778,28.792309,148.827948,1,0,632.199383
1789425737,1,-120.749451,50.125952,0.000000,3.169821,29.487500,114.879424,1,0,635.164840
1789425741,1,-120.747962,50.126537,0.000000,3.167910,32.065067,124.800269,1,0,639.516930
1789425746,1,-120.746051,50.127307,0.000000,3.165703,32.316876,161.294528,1,0,644.789625
1789425751,1,-120.744283,50.128241,0.000000,3.158733,32.888910,163.656158,1,0,649.764776
1789425755,1,-120.743086,50.129142,0.000000,3.154937,32.991502,131.812589,1,0,653.828277
1789425759,1,-120.742148,50.130165,0.000000,3.154267,33.105809,132.098647,1,0,656.517350
1789425763,1,-120.741471,50.131272,0.000000,3.150968,33.162474,132.320443,1,0,657.188022
1789425767,1,-120.741007,50.132422,0.000000,3.149400,33.040984,132.162444,1,0,657.139756
1789425771,1,-120.740549,50.133570,0.000000,3.149988,32.971348,131.839861,1,0,657.828697
1789425775,1,-120.740035,50.134713,0.000000,3.148117,33.058826,132.356025,1,0,658.251523
1789425779,1,-120.739290,50.135803,0.000000,3.145605,32.988715,132.440474,1,0,658.354407
1789425783,1,-120.738296,50.136810,0.000000,3.143541,33.016107,132.666739,1,0,657.849055
1789425787,1,-120.737086,50.137714,0.000000,3.141253,33.012275,132.659854,1,0,657.134818
1789425791,1,-120.735744,50.138537,0.000000,3.140049,33.079174,132.626635,1,0,656.213407
1789425795,1,-120.734410,50.139360,0.000000,3.139686,32.997319,132.206495,1,0,655.504368
1789425800,1,-120.732736,50.140386,0.000000,3.138499,33.047750,165.382393,1,0,654.178675
1789425804,1,-120.731405,50.141215,0.000000,3.140325,33.092838,132.515440,1,0,654.421205
1789425809,1,-120.729760,50.142252,0.000000,3.139572,32.943871,164.742700,1,0,655.647573
1789425814,1,-120.728094,50.143274,0.000000,3.136966,32.961668,164.661440,1,0,657.569354
1789425818,1,-120.726764,50.144096,0.000000,3.135238,33.004112,131.916542,1,0,660.041555
1789425823,1,-120.725160,50.145164,0.000000,3.132949,33.041382,165.118878,1,0,662.426815
1789425828,1,-120.723703,50.146317,0.000000,3.131655,33.078104,165.229671,1,0,664.940960
1789425833,1,-120.722388,50.147533,0.000000,3.130268,32.946797,164.730420,1,0,667.487326
1789425838,1,-120.721245,50.148817,0.000000,3.132505,32.921483,164.553935,1,0,671.041639
1789425843,1,-120.720168,50.150120,0.000000,3.213596,32.729342,164.126877,1,0,677.466935
1789425847,1,-120.719313,50.151163,0.000000,3.240508,32.725030,131.140046,1,0,683.930265
1789425851,1,-120.718398,50.152189,0.000000,4.714871,32.893068,131.548978,1,0,690.344800
1789425856,1,-120.717312,50.153497,0.000000,4.748651,32.973987,164.917237,1,0,698.679621
1789425860,1,-120.716473,50.154553,0.000000,4.748652,32.985017,131.895171,1,0,705.400945
1789425864,1,-120.715613,50.155603,0.000000,4.748652,32.943269,131.993473,1,0,712.212961
1789425868,1,-120.714763,50.156656,0.000000,4.748652,32.984288,131.958430,1,0,718.478068
1789425872,1,-120.714012,50.157746,0.000000,4.748652,33.299942,132.606791,1,0,722.364691
1789425876,1,-120.713427,50.158884,0.000000,4.748652,33.417190,133.321630,1,0,724.180840
1789425880,1,-120.712775,50.160008,0.000000,4.748652,33.282518,133.439428,1,0,724.961223
1789425885,1,-120.711633,50.161303,0.000000,4.748652,33.068992,165.575148,1,0,725.857004
1789425890,1,-120.710104,50.162419,0.000000,4.748652,32.956780,165.390472,1,0,727.036259
1789425894,1,-120.708732,50.163217,0.000000,4.748652,33.146591,132.270033,1,0,727.582095
1789425899,1,-120.707220,50.164333,0.000000,4.748652,32.953356,164.582301,1,0,727.365798
1789425904,1,-120.706306,50.165654,0.000000,4.748652,32.070083,160.815442,1,0,725.355649
1789425908,1,-120.705743,50.166752,0.000000,4.748652,32.337616,128.601979,1,0,724.102252
1789425913,1,-120.704722,50.168056,0.000000,4.748652,32.174585,162.378006,1,0,724.059667
1789425917,1,-120.703493,50.168871,0.000000,4.748652,30.966232,126.220773,1,0,725.116289
1789425922,1,-120.701690,50.169607,0.000000,4.748652,31.009086,152.646167,1,0,727.485470
1789425926,1,-120.700125,50.170197,0.000000,4.748652,32.902359,129.663077,1,0,730.482094
1789425930,1,-120.698582,50.170848,0.000000,4.748652,33.204932,131.910073,1,0,733.314719
1789425935,1,-120.697090,50.171923,0.000000,3.236033,32.082506,160.208285,1,0,736.433811
1789425940,1,-120.696017,50.173201,0.000000,3.231537,32.986544,161.526671,1,0,739.278907
1789425944,1,-120.695196,50.174251,0.000000,3.232066,32.236134,130.708140,1,0,742.481745
1789425949,1,-120.694197,50.175531,0.000000,3.230127,31.617882,159.280659,1,0,747.426299
1789425954,1,-120.693209,50.176793,0.000000,3.231469,31.369516,157.138618,1,0,752.829281
1789425959,1,-120.692100,50.178012,0.000000,3.231547,31.279642,157.058951,1,0,758.340647
1789425963,1,-120.690978,50.178877,0.000000,3.228011,31.287277,125.237451,1,0,762.660058
1789425968,1,-120.689303,50.179783,0.000000,3.223923,31.201014,156.450637,1,0,768.576341
1789425973,1,-120.687428,50.180504,0.000000,3.221533,31.326362,156.125928,1,0,774.448427
1789425977,1,-120.685925,50.181083,0.000000,3.220372,31.359314,125.210489,1,0,778.908663
1789425981,1,-120.684500,50.181733,0.000000,3.217365,31.351661,124.868026,1,0,783.800108
1789425985,1,-120.683218,50.182501,0.000000,3.215804,31.549464,125.248667,1,0,787.602340
1789425989,1,-120.682082,50.183377,0.000000,3.213217,31.982266,126.818372,1,0,790.564514
1789425993,1,-120.681105,50.184353,0.000000,3.211771,32.592581,129.070560,1,0,793.388669
1789425997,1,-120.680323,50.185421,0.000000,3.210777,33.071131,131.287200,1,0,796.475283
1789426001,1,-120.679773,50.186554,0.000000,3.208830,33.031851,132.023231,1,0,799.443828
1789426005,1,-120.679444,50.187721,0.000000,3.208028,33.050930,131.934660,1,0,802.091971
1789426009,1,-120.679215,50.188897,0.000000,3.208013,32.854595,131.844622,1,0,805.713537
1789426013,1,-120.678972,50.190070,0.000000,3.207785,32.889424,131.641652,1,0,810.278836
1789426017,1,-120.678543,50.191223,0.000000,3.207454,32.754217,131.876712,1,0,816.054248
1789426021,1,-120.677813,50.192305,0.000000,3.203866,32.598499,131.176684,1,0,823.143769
1789426025,1,-120.676834,50.193282,0.000000,3.201630,31.675558,129.238665,1,0,830.362076
1789426029,1,-120.675650,50.194131,0.000000,3.198131,31.401646,126.769634,1,0,837.115195
1789426033,1,-120.674340,50.194831,0.000000,3.195053,29.909028,121.724829,1,0,844.481377
1789426038,1,-120.672584,50.195479,0.000000,3.194302,28.258191,144.650848,1,0,853.144999
1789426042,1,-120.671127,50.195837,0.000000,3.192423,27.630108,111.415762,1,0,860.188419
1789426046,1,-120.669639,50.196125,0.000000,3.192243,27.877605,110.993204,1,0,867.110814
1789426051,1,-120.667776,50.196515,0.000000,3.192819,28.299103,139.945277,1,0,875.584921
1789426056,1,-120.665947,50.197011,0.000000,3.193203,28.542962,141.798459,1,0,882.535181
1789426060,1,-120.664521,50.197496,0.000000,3.194272,29.169840,115.250802,1,0,886.993343
1789426064,1,-120.663130,50.198061,0.000000,3.193912,29.672127,117.556316,1,0,890.252522
1789426069,1,-120.661458,50.198882,0.000000,3.190313,30.537011,150.325963,1,0,892.460991
1789426074,1,-120.659864,50.199810,0.000000,3.187986,30.947401,153.671618,1,0,893.567360
1789426079,1,-120.658309,50.200789,0.000000,3.186143,31.206480,155.539020,1,0,895.037790
1789426083,1,-120.657102,50.201603,0.000000,4.658223,31.255020,125.018080,1,0,897.580437
1789426088,1,-120.655664,50.202648,0.000000,4.748645,30.845936,155.112793,1,0,902.362277
1789426092,1,-120.654571,50.203496,0.000000,4.748652,30.474907,122.436487,1,0,907.223694
1789426096,1,-120.653483,50.204393,0.000000,4.748652,32.346479,126.464844,1,0,913.308751
1789426100,1,-120.652415,50.205346,0.000000,4.748652,32.676550,130.597604,1,0,921.132207
1789426105,1,-120.651129,50.206570,0.000000,4.748652,32.799666,164.237113,1,0,930.911041
1789426110,1,-120.649984,50.207816,0.000000,4.748652,30.398849,160.931123,1,0,939.987839
1789426114,1,-120.649227,50.208695,0.000000,4.748652,26.543299,111.730128,1,0,945.910087
1789426118,1,-120.648616,50.209479,0.000000,4.748652,23.323299,97.520504,1,0,950.864421
1789426122,1,-120.648056,50.210278,0.000000,4.748652,25.528718,97.466515,1,0,956.658631
1789426127,1,-120.647381,50.211449,0.000000,4.748652,29.415647,138.901840,1,0,965.307587
1789426132,1,-120.646768,50.212791,0.000000,4.748652,32.159088,155.580214,1,0,973.372634
1789426137,1,-120.646305,50.214223,0.000000,4.748652,32.463524,162.703024,1,0,979.795098
1789426141,1,-120.646071,50.215365,0.000000,4.748652,31.868325,128.141376,1,0,983.396965
1789426146,1,-120.645916,50.216775,0.000000,4.748652,31.067389,157.252810,1,0,986.522671
1789426150,1,-120.645814,50.217877,0.000000,4.748652,30.563431,122.814005,1,0,988.113195
1789426155,1,-120.645516,50.219244,0.000000,4.748652,31.450326,153.559932,1,0,990.596845
1789426159,1,-120.645032,50.220373,0.000000,4.748652,32.681118,130.266816,1,0,993.841820
1789426164,1,-120.644138,50.221734,0.000000,4.748651,32.746972,164.310629,1,0,999.001088
1789426169,1,-120.642931,50.222994,0.000000,4.748652,32.733428,164.536890,1,0,1005.395541
1789426174,1,-120.641456,50.224122,0.000000,4.748652,32.697420,163.802306,1,0,1012.943972
1789426178,1,-120.640087,50.224911,0.000000,4.748652,32.763851,131.347969,1,0,1019.719120
1789426182,1,-120.638587,50.225605,0.000000,4.748652,32.883886,131.997127,1,0,1026.634849
1789426186,1,-120.637048,50.226267,0.000000,4.748652,33.004902,132.249763,1,0,1032.775891
1789426190,1,-120.635512,50.226931,0.000000,4.748652,32.999390,132.196298,1,0,1038.599262
1789426194,1,-120.634046,50.227655,0.000000,4.748652,33.080988,132.045922,1,0,1044.478970
1789426199,1,-120.632428,50.228713,0.000000,4.748652,33.107391,164.888603,1,0,1050.677876
1789426203,1,-120.631339,50.229652,0.000000,4.748652,31.959490,130.204938,1,0,1054.803159
1789426207,1,-120.630438,50.230677,0.000000,4.748652,33.101365,130.913522,1,0,1059.074934
1789426211,1,-120.629733,50.231777,0.000000,4.748652,33.165698,132.316646,1,0,1063.406983
1789426216,1,-120.629170,50.233215,0.000000,4.748652,33.042761,164.948276,1,0,1068.814209
1789426220,1,-120.628978,50.234393,0.000000,4.748652,33.049533,131.769400,1,0,1072.936944
1789426225,1,-120.629058,50.235873,0.000000,4.748652,33.077360,164.752365,1,0,1078.128330
1789426230,1,-120.629473,50.237334,0.000000,4.748652,33.134370,165.215680,1,0,1082.768005
1789426234,1,-120.629860,50.238495,0.000000,4.748652,32.918918,132.083023,1,0,1087.606372
1789426238,1,-120.630224,50.239657,0.000000,4.748652,32.867983,131.858870,1,0,1092.629044
1789426243,1,-120.630503,50.241126,0.000000,4.748652,32.897308,164.638353,1,0,1099.715820
1789426247,1,-120.630596,50.242307,0.000000,4.748652,32.772257,131.557142,1,0,1106.544557
1789426252,1,-120.630521,50.243782,0.000000,4.748652,32.741275,164.185596,1,0,1115.579938
1789426257,1,-120.630255,50.245249,0.000000,4.748652,32.799181,164.308285,1,0,1125.427041
1789426262,1,-120.629889,50.246711,0.000000,4.748652,32.908309,164.735354,1,0,1135.438997
1789426267,1,-120.629555,50.248174,0.000000,4.748652,32.881185,164.499058,1,0,1145.704375
1789426271,1,-120.629358,50.249349,0.000000,4.748652,32.886741,131.476621,1,0,1153.537995
1789426276,1,-120.629247,50.250826,0.000000,4.748652,32.947097,164.512921,1,0,1163.299789
1789426281,1,-120.629278,50.252304,0.000000,4.748652,32.964581,164.448608,1,0,1173.237583
1789426285,1,-120.629415,50.253485,0.000000,4.748652,32.958202,131.754461,1,0,1180.846288
1789426289,1,-120.629656,50.254658,0.000000,4.748652,32.980188,131.629084,1,0,1188.673446
1789426293,1,-120.629992,50.255821,0.000000,4.748652,32.933952,131.590396,1,0,1196.654101
1789426297,1,-120.630367,50.256982,0.000000,4.748652,32.979268,131.907686,1,0,1204.493878
1789426301,1,-120.630705,50.258146,0.000000,4.748652,33.030295,131.725827,1,0,1212.421561
1789426306,1,-120.630773,50.259625,0.000000,4.748652,32.772727,164.618014,1,0,1222.496857
1789426310,1,-120.630507,50.260794,0.000000,4.748652,32.844039,131.434163,1,0,1230.372796
1789426314,1,-120.629952,50.261923,0.000000,4.748652,32.858807,131.697719,1,0,1238.487099
1789426319,1,-120.628900,50.263240,0.000000,4.748652,32.844006,164.615607,1,0,1248.130143
1789426324,1,-120.627638,50.264480,0.000000,4.748652,32.971827,164.720856,1,0,1258.379748
1789426329,1,-120.626625,50.265811,0.000000,4.748652,33.142318,164.765629,1,0,1267.797658
1789426333,1,-120.626107,50.266950,0.000000,4.748652,33.093494,131.996159,1,0,1274.504648
1789426337,1,-120.625834,50.268126,0.000000,4.748652,33.172790,132.278101,1,0,1280.514351
1789426341,1,-120.625838,50.269313,0.000000,4.748652,33.217160,132.061908,1,0,1286.011927
1789426345,1,-120.626123,50.270488,0.000000,4.748652,33.227498,132.297036,1,0,1290.520382
1789426349,1,-120.626651,50.271634,0.000000,4.748652,33.360009,132.943684,1,0,1293.191666
1789426353,1,-120.627440,50.272717,0.000000,4.748652,33.417378,132.978355,1,0,1293.870641
1789426357,1,-120.628461,50.273721,0.000000,4.748652,33.360285,133.332098,1,0,1293.213458
1789426361,1,-120.629577,50.274677,0.000000,4.748652,33.156515,132.834905,1,0,1292.360741
1789426365,1,-120.630690,50.275631,0.000000,4.748652,33.101213,132.528578,1,0,1291.530098
1789426369,1,-120.631716,50.276625,0.000000,4.748652,33.049444,132.597735,1,0,1290.809342
1789426374,1,-120.632699,50.277971,0.000000,4.748652,32.962031,165.340554,1,0,1290.181914
1789426378,1,-120.633224,50.279112,0.000000,4.748651,32.999953,132.347594,1,0,1289.474218
1789426383,1,-120.633554,50.280585,0.000000,4.748651,33.042266,165.561722,1,0,1288.433005
1789426387,1,-120.633716,50.281770,0.000000,4.748652,33.081354,132.344378,1,0,1287.675497
1789426392,1,-120.633919,50.283250,0.000000,4.748651,33.061265,165.295038,1,0,1286.807559
1789426396,1,-120.634076,50.284435,0.000000,4.748651,33.066864,132.313724,1,0,1286.041108
1789426401,1,-120.634278,50.285915,0.000000,4.748652,33.066957,165.288770,1,0,1285.206337
1789426405,1,-120.634438,50.287098,0.000000,4.748652,33.054163,132.110272,1,0,1284.715060
1789426410,1,-120.634636,50.288578,0.000000,4.748652,33.095283,165.264152,1,0,1283.789887
1789426414,1,-120.634799,50.289761,0.000000,4.748652,33.071926,132.128884,1,0,1283.077635
1789426418,1,-120.634955,50.290948,0.000000,4.748652,33.102373,132.529382,1,0,1282.453814
1789426423,1,-120.635155,50.292424,0.000000,4.748652,32.908415,164.832989,1,0,1283.392755
1789426428,1,-120.635356,50.293893,0.000000,4.748652,32.748237,164.063398,1,0,1286.816186
1789426432,1,-120.635512,50.295063,0.000000,4.748652,32.588351,130.644926,1,0,1291.793118
1789426437,1,-120.635800,50.296519,0.000000,4.748652,32.841651,163.286005,1,0,1299.351049
1789426441,1,-120.636150,50.297679,0.000000,4.748652,32.926220,131.447395,1,0,1305.717278
1789426446,1,-120.636763,50.299109,0.000000,4.748652,33.047018,164.987188,1,0,1313.384614
1789426450,1,-120.637396,50.300225,0.000000,4.748652,33.049061,132.104659,1,0,1319.406529
1789426455,1,-120.638338,50.301579,0.000000,4.748652,32.971137,164.924613,1,0,1326.917921
1789426459,1,-120.639172,50.302589,0.000000,4.748652,30.617503,127.121021,1,0,1331.795001
1789426463,1,-120.639975,50.303510,0.000000,4.748652,28.686908,117.363050,1,0,1335.625981
1789426467,1,-120.640706,50.304413,0.000000,4.748652,28.049587,113.167385,1,0,1339.470258
1789426471,1,-120.641258,50.305347,0.000000,4.748652,27.508117,111.110851,1,0,1342.605225
1789426475,1,-120.641592,50.306316,0.000000,4.748652,27.559788,110.405260,1,0,1345.958628
1789426479,1,-120.641711,50.307295,0.000000,4.748652,27.022930,109.251579,1,0,1348.916888
1789426484,1,-120.641588,50.308483,0.000000,4.748652,26.290944,132.465410,1,0,1352.508699
1789426488,1,-120.641285,50.309419,0.000000,4.748652,26.806236,106.352424,1,0,1355.842422
1789426493,1,-120.640856,50.310618,0.000000,4.748652,27.822659,136.856438,1,0,1359.302440
1789426497,1,-120.640499,50.311602,0.000000,4.748652,28.080317,112.394857,1,0,1362.291719
1789426502,1,-120.640061,50.312829,0.000000,4.748652,27.956215,140.036376,1,0,1366.125169
1789426506,1,-120.639709,50.313805,0.000000,4.748652,27.796584,111.446922,1,0,1368.891914
1789426510,1,-120.639363,50.314774,0.000000,4.748652,27.553145,110.592207,1,0,1371.855093
1789426515,1,-120.638931,50.315980,0.000000,4.748652,27.585914,137.663009,1,0,1375.538602
1789426519,1,-120.638589,50.316954,0.000000,4.748652,27.891676,111.071831,1,0,1378.527781
1789426524,1,-120.638138,50.318192,0.000000,4.748652,28.603525,141.436930,1,0,1382.203953
1789426528,1,-120.637767,50.319212,0.000000,4.748652,29.448639,116.521291,1,0,1385.383578
1789426532,1,-120.637388,50.320256,0.000000,4.748652,29.896193,119.251255,1,0,1388.683662
1789426537,1,-120.636918,50.321563,0.000000,4.748652,29.781747,149.220731,1,0,1392.006975
1789426541,1,-120.636537,50.322594,0.000000,4.748652,29.389510,117.875723,1,0,1393.647906
1789426546,1,-120.636050,50.323871,0.000000,4.748652,29.202187,146.251903,1,0,1394.688249
1789426550,1,-120.635664,50.324880,0.000000,4.748652,28.709109,115.578874,1,0,1394.814270
1789426554,1,-120.635294,50.325895,0.000000,4.748652,29.179540,115.963059,1,0,1393.975012
1789426558,1,-120.634924,50.326927,0.000000,4.748652,29.667458,117.805746,1,0,1393.071824
1789426562,1,-120.634545,50.327983,0.000000,4.748651,30.312735,120.551700,1,0,1392.108227
1789426566,1,-120.634162,50.329045,0.000000,4.748651,30.289200,121.265581,1,0,1391.104092
1789426571,1,-120.633692,50.330370,0.000000,4.748651,30.129921,151.171725,1,0,1389.601258
1789426575,1,-120.633315,50.331409,0.000000,4.748651,29.328601,118.676123,1,0,1388.349192
1789426579,1,-120.632948,50.332420,0.000000,4.748651,28.560183,115.480476,1,0,1387.250258
1789426583,1,-120.632595,50.333403,0.000000,4.748651,27.705211,112.220663,1,0,1385.967403
1789426587,1,-120.632241,50.334359,0.000000,4.748651,26.976479,109.310910,1,0,1384.965896
1789426592,1,-120.631776,50.335516,0.000000,4.748651,26.487315,132.918402,1,0,1383.750938
1789426597,1,-120.631287,50.336689,0.000000,4.748652,27.444250,135.073639,1,0,1382.936844
1789426601,1,-120.630891,50.337649,0.000000,4.748652,27.656166,110.469379,1,0,1383.105305
1789426605,1,-120.630511,50.338614,0.000000,4.748652,27.643524,110.723373,1,0,1384.194604
1789426609,1,-120.630155,50.339574,0.000000,4.748652,27.336876,109.776252,1,0,1386.131894
1789426613,1,-120.629828,50.340514,0.000000,4.748652,26.291637,107.144834,1,0,1388.727617
1789426617,1,-120.629542,50.341405,0.000000,4.748652,24.728703,101.202695,1,0,1391.856742
1789426622,1,-120.629220,50.342477,0.000000,4.748652,24.352975,121.454470,1,0,1395.651237
1789426626,1,-120.628956,50.343362,0.000000,4.748652,25.710756,100.243451,1,0,1398.874809
1789426630,1,-120.628654,50.344315,0.000000,4.748652,27.940579,108.189138,1,0,1402.582538
1789426634,1,-120.628297,50.345350,0.000000,4.748652,30.274573,117.926193,1,0,1406.746411
1789426638,1,-120.627910,50.346432,0.000000,4.748652,31.235378,123.496694,1,0,1410.518432
1789426642,1,-120.627513,50.347551,0.000000,4.748652,32.193416,127.668664,1,0,1412.589366
1789426647,1,-120.627008,50.348973,0.000000,4.748652,32.146656,162.245790,1,0,1413.837438
1789426651,1,-120.626649,50.350075,0.000000,4.748652,30.778802,125.244496,1,0,1414.568579
1789426656,1,-120.626381,50.351422,0.000000,4.748652,30.202933,151.077460,1,0,1415.115877
1789426660,1,-120.626308,50.352503,0.000000,3.568050,29.995673,120.384802,1,0,1415.695063
1789426665,1,-120.626393,50.353825,0.000000,3.566647,29.248592,147.210881,1,0,1415.943530
1789426670,1,-120.626502,50.355136,0.000000,3.564947,29.392141,146.068850,1,0,1416.472973
1789426675,1,-120.626625,50.356473,0.000000,3.563866,30.070887,149.012867,1,0,1416.919521
1789426679,1,-120.626725,50.357561,0.000000,3.563700,30.397972,121.260643,1,0,1416.405348
1789426684,1,-120.626850,50.358944,0.000000,3.563747,31.123350,154.130520,1,0,1415.410738
1789426688,1,-120.626950,50.360074,0.000000,3.563899,31.707743,125.925863,1,0,1414.587400
1789426693,1,-120.627077,50.361517,0.000000,3.564172,32.256295,160.803385,1,0,1413.680643
1789426698,1,-120.627204,50.362969,0.000000,3.563490,32.381508,161.803148,1,0,1413.829315
1789426702,1,-120.627311,50.364137,0.000000,3.562857,32.557174,130.175491,1,0,1415.618468
1789426707,1,-120.627441,50.365613,0.000000,3.562231,32.940444,164.481355,1,0,1418.746010
1789426711,1,-120.627484,50.366801,0.000000,3.561564,32.892866,132.213310,1,0,1421.416372
1789426715,1,-120.627367,50.367986,0.000000,3.560365,32.919381,132.106845,1,0,1424.003433
1789426720,1,-120.627022,50.369454,0.000000,3.559278,32.963668,165.166064,1,0,1427.453273
1789426724,1,-120.626727,50.370627,0.000000,3.558989,32.964014,132.186854,1,0,1429.981298
1789426729,1,-120.626360,50.372092,0.000000,3.559029,32.978646,165.076585,1,0,1433.313869
1789426733,1,-120.626065,50.373265,0.000000,3.558968,32.989107,132.186977,1,0,1436.005273
1789426737,1,-120.625771,50.374438,0.000000,3.558604,32.965871,132.175509,1,0,1438.904397
1789426741,1,-120.625482,50.375611,0.000000,3.558805,32.930897,132.119729,1,0,1441.876084
1789426746,1,-120.625205,50.377081,0.000000,3.558022,33.074297,164.737654,1,0,1444.839727
1789426750,1,-120.625025,50.378266,0.000000,3.557859,33.114709,132.465493,1,0,1445.750246
1789426754,1,-120.624896,50.379455,0.000000,3.557204,33.157527,132.608018,1,0,1445.483323
1789426758,1,-120.624802,50.380651,0.000000,3.556234,33.260258,133.236797,1,0,1444.320971
1789426762,1,-120.624718,50.381842,0.000000,3.555641,33.053785,132.647211,1,0,1443.186587
1789426766,1,-120.624627,50.383024,0.000000,3.555250,32.852377,131.670408,1,0,1442.145541
1789426771,1,-120.624522,50.384497,0.000000,3.554681,32.846877,164.058486,1,0,1440.679193
1789426775,1,-120.624432,50.385681,0.000000,3.554368,32.979769,131.889218,1,0,1439.713647
1789426780,1,-120.624321,50.387164,0.000000,3.554112,33.029267,165.189748,1,0,1438.329387
1789426785,1,-120.624206,50.388651,0.000000,3.554938,33.149875,165.648051,1,0,1436.180692
1789426789,1,-120.624125,50.389847,0.000000,3.602021,33.336496,133.193538,1,0,1432.416657
1789426794,1,-120.623997,50.391353,0.000000,3.648101,33.463423,167.807004,1,0,1425.953665
1789426798,1,-120.623891,50.392548,0.000000,3.658438,33.106875,133.171000,1,0,1421.584777
1789426803,1,-120.623790,50.394007,0.000000,3.663853,32.322320,162.489223,1,0,1420.619561
1789426807,1,-120.623701,50.395184,0.000000,3.664617,32.872957,131.107657,1,0,1423.430921
1789426811,1,-120.623611,50.396368,0.000000,3.664766,33.039741,131.889088,1,0,1427.482278
1789426815,1,-120.623524,50.397550,0.000000,3.665062,32.525132,131.656697,1,0,1430.213777
1789426819,1,-120.623443,50.398678,0.000000,3.666032,30.566404,125.635272,1,0,1431.151639
1789426823,1,-120.623365,50.399725,0.000000,3.666141,28.363741,116.623016,1,0,1430.356614
1789426828,1,-120.623278,50.400961,0.000000,3.666564,27.249403,137.658563,1,0,1428.012362
1789426832,1,-120.623201,50.401985,0.000000,4.727407,29.553689,114.063454,1,0,1425.974906
1789426836,1,-120.623122,50.403103,0.000000,4.748625,31.472960,124.517297,1,0,1423.614846
1789426841,1,-120.623025,50.404494,0.000000,4.748651,30.677624,154.918588,1,0,1419.882739
1789426845,1,-120.622981,50.405596,0.000000,4.748651,30.723966,122.650190,1,0,1416.944923
1789426849,1,-120.622911,50.406741,0.000000,4.748651,32.505087,127.491685,1,0,1415.172336
1789426853,1,-120.622825,50.407918,0.000000,4.748651,32.845721,131.097547,1,0,1415.851910
1789426857,1,-120.622736,50.409100,0.000000,4.748652,32.854360,131.663450,1,0,1419.003248
1789426861,1,-120.622614,50.410282,0.000000,4.748652,32.885875,131.797146,1,0,1423.927864
1789426865,1,-120.622432,50.411451,0.000000,4.748652,32.471717,130.707223,1,0,1427.358215
1789426869,1,-120.622187,50.412605,0.000000,4.748652,32.303364,129.572516,1,0,1428.732422
1789426874,1,-120.621805,50.414040,0.000000,4.748651,32.719961,161.954247,1,0,1428.250803
1789426879,1,-120.621327,50.415495,0.000000,4.748651,33.277985,165.414585,1,0,1425.724706
1789426884,1,-120.620749,50.416948,0.000000,4.748651,33.453127,166.804418,1,0,1421.380302
1789426889,1,-120.620066,50.418383,0.000000,4.748651,33.278806,166.880209,1,0,1417.011807
1789426894,1,-120.619311,50.419785,0.000000,4.748651,32.675908,164.964373,1,0,1413.601175
1789426899,1,-120.618463,50.421156,0.000000,4.748651,33.025197,164.019652,1,0,1410.685316
1789426904,1,-120.617490,50.422509,0.000000,4.748651,33.065491,165.667631,1,0,1408.077383
1789426908,1,-120.616643,50.423567,0.000000,4.748651,33.072933,132.217446,1,0,1405.520436
1789426913,1,-120.615534,50.424889,0.000000,4.748651,33.549883,166.879368,1,0,1400.095250
1789426917,1,-120.614581,50.425923,0.000000,4.748651,33.249836,133.506051,1,0,1394.240542
1789426922,1,-120.613328,50.427179,0.000000,4.748651,32.900985,165.712983,1,0,1386.909077
1789426927,1,-120.612042,50.428396,0.000000,4.748651,32.451437,163.366107,1,0,1379.361418
1789426931,1,-120.611035,50.429345,0.000000,4.748651,31.582803,127.557568,1,0,1373.644983
1789426935,1,-120.610022,50.430293,0.000000,4.748651,32.318939,127.705298,1,0,1367.895275
1789426940,1,-120.608763,50.431480,0.000000,4.748651,30.978449,159.525700,1,0,1360.663544
1789426944,1,-120.607789,50.432439,0.000000,4.748651,32.751812,127.188085,1,0,1354.892060
1789426948,1,-120.606735,50.433432,0.000000,4.748651,33.633210,133.479127,1,0,1348.756104
1789426953,1,-120.605420,50.434677,0.000000,4.748651,33.361582,167.094797,1,0,1339.949998
1789426957,1,-120.604367,50.435666,0.000000,4.748651,33.163215,133.070694,1,0,1332.685845
1789426961,1,-120.603311,50.436640,0.000000,4.748651,32.869795,131.815115,1,0,1325.413299
1789426966,1,-120.601859,50.437780,0.000000,4.748651,32.674081,163.508094,1,0,1316.541921
1789426970,1,-120.600639,50.438670,0.000000,4.748651,33.049415,131.606572,1,0,1309.411269
1789426975,1,-120.599105,50.439798,0.000000,4.748651,33.063169,166.228092,1,0,1300.387088
1789426980,1,-120.597610,50.440898,0.000000,4.748651,32.398816,162.058682,1,0,1291.306810
1789426985,1,-120.596142,50.442030,0.000000,4.748651,33.020430,163.533362,1,0,1282.514632
1789426989,1,-120.595074,50.443011,0.000000,4.748651,33.427465,132.935361,1,0,1275.559661
1789426993,1,-120.594128,50.444048,0.000000,4.748651,33.346240,133.525684,1,0,1268.312621
1789426997,1,-120.593325,50.445118,0.000000,4.748651,32.837911,132.012407,1,0,1261.246916
1789427001,1,-120.592676,50.446213,0.000000,4.748651,32.708548,130.263217,1,0,1255.796468
1789427005,1,-120.592161,50.447339,0.000000,4.748651,32.694950,130.512191,1,0,1253.490668
1789427009,1,-120.591786,50.448496,0.000000,4.748651,32.987847,131.455488,1,0,1253.764775
1789427013,1,-120.591558,50.449674,0.000000,4.748651,33.115948,132.060838,1,0,1254.579017
1789427018,1,-120.591498,50.451157,0.000000,4.748651,32.782676,165.053050,1,0,1255.484121
1789427022,1,-120.591506,50.452302,0.000000,4.748651,31.013100,127.393528,1,0,1255.052152
1789427027,1,-120.591516,50.453632,0.000000,4.748651,28.932134,147.976968,1,0,1253.174642
1789427032,1,-120.591521,50.454923,0.000000,4.748651,29.353024,143.636648,1,0,1249.857187
1789427037,1,-120.591524,50.456287,0.000000,4.748651,31.051231,151.758218,1,0,1245.170247
1789427042,1,-120.591481,50.457716,0.000000,4.748651,32.120360,159.019155,1,0,1240.067065
1789427046,1,-120.591294,50.458865,0.000000,4.748651,32.075481,128.525316,1,0,1237.851488
1789427050,1,-120.590940,50.459999,0.000000,4.748652,32.112397,128.649058,1,0,1237.659257
1789427055,1,-120.590282,50.461376,0.000000,4.748652,31.822168,160.173739,1,0,1240.603616
1789427059,1,-120.589630,50.462424,0.000000,4.748652,30.954946,125.459048,1,0,1245.187958
1789427064,1,-120.588637,50.463642,0.000000,4.748652,30.126975,152.768376,1,0,1252.933548
1789427069,1,-120.587479,50.464759,0.000000,4.748652,29.612094,149.023159,1,0,1261.214553
1789427073,1,-120.586447,50.465593,0.000000,4.748652,29.514099,118.243497,1,0,1267.968659
1789427077,1,-120.585339,50.466385,0.000000,4.748652,29.621457,118.137397,1,0,1274.937418
1789427081,1,-120.584209,50.467175,0.000000,4.748652,29.787904,119.019441,1,0,1281.732441
1789427086,1,-120.582799,50.468153,0.000000,4.748652,29.391106,147.875327,1,0,1289.072052
1789427090,1,-120.581678,50.468933,0.000000,4.748652,29.513133,117.767399,1,0,1293.487113
1789427094,1,-120.580543,50.469719,0.000000,4.748652,29.916878,118.925994,1,0,1296.971068
1789427099,1,-120.579092,50.470727,0.000000,4.748652,30.938575,152.295998,1,0,1299.906451
1789427103,1,-120.577890,50.471559,0.000000,4.748652,31.808536,125.913819,1,0,1300.805468
1789427108,1,-120.576355,50.472632,0.000000,4.748651,32.710424,161.657918,1,0,1300.634037
1789427112,1,-120.575100,50.473502,0.000000,4.748651,32.902378,131.573320,1,0,1300.483194
1789427117,1,-120.573525,50.474593,0.000000,4.748652,32.995621,165.046285,1,0,1301.266652
1789427122,1,-120.571949,50.475680,0.000000,4.748652,32.972567,164.767504,1,0,1303.864845
1789427127,1,-120.570371,50.476767,0.000000,4.748652,32.989564,164.864058,1,0,1307.469086
1789427132,1,-120.569108,50.477639,0.000000,4.748652,33.011577,132.116239,1,0,1310.581940
1789427135,1,-120.567846,50.478511,0.000000,4.748652,33.040894,132.068118,1,0,1313.582889
1789427139,1,-120.566589,50.479386,0.000000,4.748652,33.044442,132.067238,1,0,1316.755113
1789427143,1,-120.565327,50.480258,0.000000,4.748652,33.030962,132.062018,1,0,1319.575741
1789427148,1,-120.563756,50.481351,0.000000,4.748652,33.002384,165.010706,1,0,1323.014203
1789427152,1,-120.562490,50.482222,0.000000,4.748652,32.947056,132.173381,1,0,1325.851131
1789427157,1,-120.560812,50.483253,0.000000,4.748652,32.960139,165.380360,1,0,1329.307699
1789427162,1,-120.558877,50.484080,0.000000,4.748652,33.053302,165.333226,1,0,1331.400376
1789427167,1,-120.556720,50.484651,0.000000,4.748651,33.051921,165.778892,1,0,1330.773357
1789427173,1,-120.554443,50.484988,0.000000,4.748651,33.186079,165.933030,1,0,1329.071561
1789427178,1,-120.552140,50.485272,0.000000,4.748651,33.453340,166.512456,1,0,1324.220135
1789427183,1,-120.549833,50.485562,0.000000,4.748651,33.184325,166.918892,1,0,1319.518135
1789427187,1,-120.548021,50.485789,0.000000,4.748652,32.563183,131.087304,1,0,1317.185339
1789427191,1,-120.546207,50.486014,0.000000,4.748652,32.950653,131.183950,1,0,1316.834856
1789427196,1,-120.543930,50.486300,0.000000,4.748652,32.920939,164.743274,1,0,1319.106022
1789427200,1,-120.542111,50.486528,0.000000,4.748652,32.883056,131.596406,1,0,1322.956678
1789427204,1,-120.540311,50.486746,0.000000,4.748652,31.949001,130.061195,1,0,1328.194945
1789427208,1,-120.538587,50.486957,0.000000,4.748652,30.760307,124.615800,1,0,1333.669715
1789427212,1,-120.536922,50.487168,0.000000,4.748652,29.821069,120.505147,1,0,1338.983376
1789427216,1,-120.535285,50.487372,0.000000,4.748652,29.560285,118.404508,1,0,1343.484880
1789427220,1,-120.533648,50.487574,0.000000,4.748652,29.680041,118.362124,1,0,1346.660515
1789427224,1,-120.531990,50.487783,0.000000,4.748652,30.226587,119.974670,1,0,1348.731464
1789427229,1,-120.529854,50.488045,0.000000,4.748652,31.474438,154.408887,1,0,1349.495160
1789427233,1,-120.528054,50.488270,0.000000,4.748652,32.972384,130.209165,1,0,1348.546084
1789427238,1,-120.525763,50.488564,0.000000,4.748652,33.081774,165.892489,1,0,1346.473140
1789427242,1,-120.523935,50.488792,0.000000,4.748652,33.043697,132.210425,1,0,1345.123153
1789427246,1,-120.522106,50.489021,0.000000,4.748652,33.035101,132.301442,1,0,1343.756178
1789427250,1,-120.520276,50.489246,0.000000,4.748652,33.072495,132.286122,1,0,1342.182754
1789427253,1,-120.518450,50.489480,0.000000,4.748652,32.984674,132.200863,1,0,1340.958276
1789427257,1,-120.516638,50.489752,0.000000,4.748652,33.088114,132.130533,1,0,1340.416830
1789427262,1,-120.514425,50.490202,0.000000,4.748652,33.050952,164.867866,1,0,1340.353758
1789427266,1,-120.512686,50.490623,0.000000,4.748652,32.975347,132.025233,1,0,1340.858879
1789427270,1,-120.510951,50.491049,0.000000,4.748652,32.957426,131.958629,1,0,1341.963765
1789427275,1,-120.508783,50.491589,0.000000,4.748652,33.032773,165.200289,1,0,1343.367983
1789427279,1,-120.507048,50.492020,0.000000,4.748652,33.038016,132.159521,1,0,1344.663595
1789427284,1,-120.504922,50.492613,0.000000,4.748652,33.055645,164.699314,1,0,1346.574475
1789427288,1,-120.503340,50.493232,0.000000,4.748652,33.091222,131.730203,1,0,1347.825678
1789427293,1,-120.501552,50.494179,0.000000,4.748652,33.102055,164.941659,1,0,1349.294444
1789427298,1,-120.500322,50.495067,0.000000,4.748652,33.081217,131.842731,1,0,1350.485161
1789427303,1,-120.499047,50.496304,0.000000,4.748652,33.127210,164.715251,1,0,1351.828893
1789427308,1,-120.497968,50.497623,0.000000,4.748652,33.155390,165.534262,1,0,1352.391179
1789427312,1,-120.497115,50.498683,0.000000,4.748651,33.103965,132.568956,1,0,1352.587369
1789427316,1,-120.496266,50.499743,0.000000,4.748651,33.118600,132.436459,1,0,1352.182083
1789427321,1,-120.495200,50.501067,0.000000,4.748651,33.136469,165.600198,1,0,1351.233246
1789427326,1,-120.494135,50.502390,0.000000,4.748651,33.042207,165.468783,1,0,1350.440950
1789427330,1,-120.493276,50.503442,0.000000,4.748651,32.869071,131.970695,1,0,1351.490646
1789427334,1,-120.492419,50.504490,0.000000,4.748651,32.903390,131.507722,1,0,1352.846702
1789427338,1,-120.491575,50.505546,0.000000,4.748651,33.024928,131.876134,1,0,1353.964236
1789427343,1,-120.490508,50.506865,0.000000,4.748651,33.026701,165.134755,1,0,1355.851627
1789427348,1,-120.489473,50.508199,0.000000,4.748651,33.140645,165.600282,1,0,1356.900653
1789427353,1,-120.488586,50.509572,0.000000,4.748651,33.079627,165.219021,1,0,1356.144205
1789427357,1,-120.487967,50.510691,0.000000,4.748651,33.051231,132.021958,1,0,1355.824624
1789427361,1,-120.487447,50.511830,0.000000,4.748651,33.167051,131.989388,1,0,1354.888939
1789427365,1,-120.486957,50.512973,0.000000,4.748652,32.996889,131.839536,1,0,1355.184600
1789427370,1,-120.486359,50.514406,0.000000,4.748652,32.990500,164.987072,1,0,1355.946308
1789427374,1,-120.485775,50.515807,0.000000,4.748652,31.777603,161.291019,1,0,1356.609890
1789427378,1,-120.485313,50.516897,0.000000,4.748652,31.256658,125.627254,1,0,1356.894188
1789427383,1,-120.484749,50.518249,0.000000,4.748652,31.088576,155.657624,1,0,1356.124565
1789427388,1,-120.484189,50.519591,0.000000,4.748652,30.819877,154.508412,1,0,1354.464852
1789427392,1,-120.483739,50.520665,0.000000,4.748652,31.085268,123.686240,1,0,1352.233361
1789427397,1,-120.483162,50.522035,0.000000,4.748652,32.073151,157.829384,1,0,1348.509573
1789427401,1,-120.482682,50.523168,0.000000,4.748651,32.856634,130.577937,1,0,1344.823216
1789427405,1,-120.482202,50.524317,0.000000,4.748651,33.045957,132.296499,1,0,1341.289707
1789427410,1,-120.481609,50.525722,0.000000,4.748651,31.684054,161.883430,1,0,1336.704342
1789427415,1,-120.481045,50.527059,0.000000,4.748651,30.358668,154.042870,1,0,1331.993021
1789427419,1,-120.480606,50.528104,0.000000,4.748651,29.950146,120.366413,1,0,1328.544768
1789427425,1,-120.480038,50.529394,0.000000,4.748651,29.738483,149.074338,1,0,1324.065437
1789427429,1,-120.479455,50.530409,0.000000,4.748651,30.180043,120.262378,1,0,1320.811633
1789427433,1,-120.478730,50.531417,0.000000,4.748651,31.140175,123.377203,1,0,1317.412081
1789427437,1,-120.477845,50.532405,0.000000,4.748651,31.653665,126.583607,1,0,1314.169867
1789427441,1,-120.476842,50.533344,0.000000,4.748651,31.414227,126.392481,1,0,1310.655930
1789427446,1,-120.475430,50.534426,0.000000,4.748651,31.102983,156.584197,1,0,1306.556561
1789427451,1,-120.473848,50.535401,0.000000,4.748651,31.394818,156.055794,1,0,1302.313708
1789427455,1,-120.472465,50.536121,0.000000,4.748651,31.744794,126.632046,1,0,1299.018338
1789427459,1,-120.471002,50.536786,0.000000,4.748651,31.902245,127.426828,1,0,1295.761180
1789427463,1,-120.469522,50.537439,0.000000,4.748651,31.854862,127.645517,1,0,1292.091121
1789427467,1,-120.468048,50.538091,0.000000,4.748651,31.729022,127.232373,1,0,1288.511134
1789427471,1,-120.466578,50.538739,0.000000,4.748651,31.624764,126.745685,1,0,1284.602673
1789427475,1,-120.465119,50.539382,0.000000,4.748651,31.362055,125.778343,1,0,1281.108327
1789427479,1,-120.463678,50.540026,0.000000,4.748651,31.027707,124.794509,1,0,1277.732063
1789427484,1,-120.461954,50.540871,0.000000,4.748651,30.727320,154.213268,1,0,1274.002753
1789427489,1,-120.460409,50.541817,0.000000,4.748651,30.289586,151.918165,1,0,1272.154078
1789427494,1,-120.459015,50.542897,0.000000,4.748651,32.376552,155.591452,1,0,1270.759004
1789427497,1,-120.458034,50.543876,0.000000,4.748651,31.812252,129.239960,1,0,1269.297127
1789427501,1,-120.457170,50.544836,0.000000,4.748651,30.441624,123.129266,1,0,1268.148878
1789427505,1,-120.456316,50.545780,0.000000,4.748652,30.143386,121.232584,1,0,1267.409421
1789427510,1,-120.455278,50.546958,0.000000,4.748651,30.124839,150.313017,1,0,1265.512648
1789427514,1,-120.454463,50.547914,0.000000,4.748651,30.399081,121.047077,1,0,1262.781239
1789427518,1,-120.453630,50.548874,0.000000,4.748651,30.673239,122.050625,1,0,1258.556589
1789427522,1,-120.452788,50.549847,0.000000,4.748651,31.048155,123.622185,1,0,1252.694823
1789427526,1,-120.451961,50.550814,0.000000,4.748651,30.350102,122.525558,1,0,1245.529624
1789427530,1,-120.451158,50.551769,0.000000,4.748651,30.162573,120.542023,1,0,1238.737380
1789427535,1,-120.450260,50.553000,0.000000,4.748651,30.317231,151.033535,1,0,1229.863387
1789427540,1,-120.449595,50.554291,0.000000,4.748651,30.331151,151.175938,1,0,1220.976626
1789427544,1,-120.449207,50.555351,0.000000,4.748651,30.377765,121.100775,1,0,1213.576339
1789427550,1,-120.448949,50.556703,0.000000,4.748651,30.362574,151.532179,1,0,1204.965673
1789427554,1,-120.448888,50.557789,0.000000,4.748651,30.203298,120.906490,1,0,1200.675637
1789427558,1,-120.448988,50.558871,0.000000,4.748651,30.313083,120.592533,1,0,1197.905467
1789427562,1,-120.449228,50.559948,0.000000,4.748651,30.398978,121.029036,1,0,1195.260009
1789427566,1,-120.449527,50.561023,0.000000,4.748651,30.384548,121.467993,1,0,1191.783605
1789427570,1,-120.449838,50.562096,0.000000,4.748651,30.338857,121.400343,1,0,1187.045160
1789427574,1,-120.450142,50.563157,0.000000,4.748651,29.765696,119.997483,1,0,1181.241708
1789427578,1,-120.450441,50.564198,0.000000,4.748651,29.293451,117.744704,1,0,1174.556020
1789427582,1,-120.450764,50.565223,0.000000,4.748651,28.962822,116.316299,1,0,1167.952954
1789427587,1,-120.451361,50.566465,0.000000,4.748651,28.955132,144.516448,1,0,1159.307053
1789427592,1,-120.452289,50.567623,0.000000,4.748651,29.012526,144.652351,1,0,1150.966809
1789427596,1,-120.453244,50.568464,0.000000,4.748651,29.018351,115.478780,1,0,1144.153183
1789427600,1,-120.454368,50.569219,0.000000,4.748651,29.081644,115.761385,1,0,1137.184437
1789427604,1,-120.455601,50.569906,0.000000,4.748651,29.090869,116.083938,1,0,1129.765410
1789427608,1,-120.456844,50.570587,0.000000,4.748651,29.015374,116.181590,1,0,1123.196731
1789427612,1,-120.458063,50.571288,0.000000,4.748651,29.064481,116.377020,1,0,1115.983771
1789427616,1,-120.459147,50.572075,0.000000,4.748651,28.999301,116.476028,1,0,1108.736407
1789427620,1,-120.460245,50.573183,0.000000,4.748651,29.057320,145.773332,1,0,1099.783778
1789427624,1,-120.460902,50.574145,0.000000,4.748651,29.037899,116.717212,1,0,1092.817082
1789427629,1,-120.461522,50.575394,0.000000,4.748651,29.125606,145.740063,1,0,1084.115332
1789427633,1,-120.462006,50.576394,0.000000,4.748651,28.996368,116.423540,1,0,1077.637262
1789427637,1,-120.462503,50.577386,0.000000,4.748651,28.865160,115.849770,1,0,1073.552441
1789427641,1,-120.463120,50.578339,0.000000,4.748652,28.740369,114.687426,1,0,1071.743467
1789427646,1,-120.464172,50.579438,0.000000,4.748652,28.838810,143.199243,1,0,1070.849547
1789427650,1,-120.465114,50.580295,0.000000,4.748652,29.063606,116.381582,1,0,1070.191021
1789427654,1,-120.466056,50.581154,0.000000,4.748652,29.148563,116.563944,1,0,1069.552479
1789427658,1,-120.466995,50.582015,0.000000,4.748652,29.141689,116.625098,1,0,1069.107198
1789427663,1,-120.468175,50.583093,0.000000,4.748652,29.225856,146.194042,1,0,1068.298153
1789427667,1,-120.469118,50.583960,0.000000,4.748652,29.355203,117.335099,1,0,1066.563313
1789427671,1,-120.470071,50.584829,0.000000,4.748652,29.596705,117.922198,1,0,1063.643031
1789427676,1,-120.471038,50.585701,0.000000,4.748652,29.724971,118.760787,1,0,1059.458011
1789427681,1,-120.472246,50.586798,0.000000,4.748651,29.690701,149.057251,1,0,1052.363721
1789427685,1,-120.473190,50.587656,0.000000,4.748651,28.968948,116.549289,1,0,1046.625610
1789427689,1,-120.474129,50.588511,0.000000,4.748651,29.003255,116.072653,1,0,1040.726701
1789427694,1,-120.475288,50.589587,0.000000,4.748651,28.993196,145.159023,1,0,1033.217108
1789427698,1,-120.476109,50.590493,0.000000,4.748651,28.945429,116.369484,1,0,1027.126399
1789427702,1,-120.476751,50.591456,0.000000,4.748651,29.000473,116.391097,1,0,1021.039541
1789427706,1,-120.477207,50.592461,0.000000,4.748651,29.118785,116.385321,1,0,1014.860321
1789427710,1,-120.477487,50.593490,0.000000,4.748651,28.998031,116.189462,1,0,1009.119059
1789427714,1,-120.477567,50.594534,0.000000,4.748651,29.037989,116.291443,1,0,1003.316347
1789427719,1,-120.477404,50.595836,0.000000,4.748651,29.014292,145.317063,1,0,995.899738
1789427723,1,-120.477131,50.596867,0.000000,4.748651,29.110699,116.324689,1,0,990.076847
1789427727,1,-120.476856,50.597896,0.000000,4.748651,29.088114,116.128836,1,0,984.269162
1789427731,1,-120.476578,50.598926,0.000000,4.748651,29.091119,116.274195,1,0,978.233135
1789427736,1,-120.476233,50.600214,0.000000,4.748651,29.085337,145.367282,1,0,970.914729
1789427741,1,-120.475882,50.601502,0.000000,4.252157,29.104694,145.439118,1,0,963.462326
1789427745,1,-120.475540,50.602791,0.000000,4.250726,29.098763,145.441099,1,0,956.122405
1789427749,1,-120.475264,50.603824,0.000000,4.249930,29.181474,116.578596,1,0,949.740859
1789427753,1,-120.474989,50.604858,0.000000,4.249645,29.152013,116.676083,1,0,942.739533
1789427758,1,-120.474642,50.606147,0.000000,4.249167,29.112050,145.499679,1,0,933.981578
1789427763,1,-120.474298,50.607436,0.000000,4.247896,29.075150,145.463764,1,0,925.415233
1789427768,1,-120.473955,50.608726,0.000000,4.246881,29.091383,145.561424,1,0,916.660085
1789427773,1,-120.473615,50.610016,0.000000,4.246212,29.104019,145.525636,1,0,907.958685
1789427777,1,-120.473335,50.611046,0.000000,4.282113,29.089258,116.296121,1,0,901.151647
1789427781,1,-120.473044,50.612077,0.000000,4.317213,29.116802,116.540766,1,0,894.212793
1789427785,1,-120.472769,50.613107,0.000000,4.330251,29.085199,116.236059,1,0,887.421724
1789427789,1,-120.472490,50.614138,0.000000,4.334870,29.110062,116.393341,1,0,880.520067
1789427793,1,-120.472214,50.615169,0.000000,4.336278,29.089581,116.357096,1,0,873.493611
1789427798,1,-120.471882,50.616460,0.000000,4.336645,29.144287,145.541545,1,0,864.891411
1789427804,1,-120.471687,50.617763,0.000000,4.335175,29.175454,145.622139,1,0,856.319238
1789427808,1,-120.471675,50.618810,0.000000,4.334081,29.129519,116.487894,1,0,849.611850
1789427812,1,-120.471790,50.619855,0.000000,4.333064,29.100657,116.546844,1,0,842.931029
1789427816,1,-120.472034,50.620885,0.000000,4.331573,28.996462,115.887399,1,0,837.410573
1789427820,1,-120.472392,50.621899,0.000000,4.329976,28.958477,115.623860,1,0,833.591282
1789427824,1,-120.472884,50.622897,0.000000,4.329782,29.100727,116.365839,1,0,829.946637
1789427828,1,-120.473490,50.623868,0.000000,4.329433,29.156332,116.232681,1,0,826.533784
1789427833,1,-120.474413,50.625039,0.000000,4.329183,29.168206,145.739320,1,0,822.477436
1789427838,1,-120.475509,50.626146,0.000000,4.329514,29.137001,145.550007,1,0,818.403805
1789427842,1,-120.476496,50.626982,0.000000,4.328300,29.152414,116.318701,1,0,815.841250
1789427846,1,-120.477558,50.627780,0.000000,4.324794,29.012195,116.323586,1,0,813.789269
1789427851,1,-120.478878,50.628782,0.000000,4.321567,29.062498,145.445416,1,0,811.838312
1789427856,1,-120.480083,50.629839,0.000000,4.317403,28.990820,145.259123,1,0,810.722963
1789427860,1,-120.480929,50.630737,0.000000,4.313968,29.003332,116.471004,1,0,810.465293
1789427863,1,-120.481662,50.631673,0.000000,4.311470,28.992023,116.338431,1,0,810.667212
1789427868,1,-120.482450,50.632875,0.000000,4.309135,28.906216,144.889167,1,0,812.035521
1789427873,1,-120.483157,50.634095,0.000000,4.307581,28.980640,144.658573,1,0,813.426641
1789427877,1,-120.483669,50.635087,0.000000,4.306444,29.022802,116.159173,1,0,814.803213
1789427881,1,-120.484146,50.636087,0.000000,4.313010,29.083164,116.262252,1,0,815.943942
1789427885,1,-120.484581,50.637096,0.000000,4.362715,29.089224,116.399957,1,0,817.232545
1789427889,1,-120.484967,50.638114,0.000000,4.383458,29.186590,116.504752,1,0,818.697833
1789427893,1,-120.485300,50.639141,0.000000,4.391861,29.186976,116.663592,1,0,820.002963
1789427897,1,-120.485591,50.640175,0.000000,4.396009,29.222038,116.866145,1,0,821.635467
1789427901,1,-120.485834,50.641213,0.000000,4.397270,29.146900,116.756116,1,0,823.105288
1789427905,1,-120.486021,50.642255,0.000000,4.396988,29.145809,116.680973,1,0,824.470645
1789427909,1,-120.486161,50.643298,0.000000,4.397395,29.155368,116.461729,1,0,825.824587
1789427913,1,-120.486257,50.644343,0.000000,4.397254,29.113231,116.460522,1,0,827.020335
1789427917,1,-120.486300,50.645390,0.000000,4.396985,29.183500,116.524653,1,0,828.348431
1789427921,1,-120.486305,50.646442,0.000000,4.396699,29.223791,117.041774,1,0,828.970955
1789427925,1,-120.486231,50.647492,0.000000,4.398975,29.157032,116.935957,1,0,827.908144
1789427930,1,-120.486033,50.648552,0.000000,4.395468,29.594095,118.760135,1,0,825.381449
1789427934,1,-120.485626,50.649592,0.000000,4.392919,29.759653,119.234468,1,0,821.661024
1789427938,1,-120.485032,50.650593,0.000000,4.391065,29.758742,119.029198,1,0,816.625591
1789427942,1,-120.484257,50.651537,0.000000,4.389396,29.191415,118.471072,1,0,810.512792
1789427947,1,-120.483080,50.652607,0.000000,4.387251,28.864851,145.266773,1,0,802.319896
1789427951,1,-120.481948,50.653367,0.000000,4.386162,29.071758,116.450032,1,0,795.335799
1789427955,1,-120.480712,50.654048,0.000000,4.386746,28.893675,115.687728,1,0,788.829916
1789427959,1,-120.479409,50.654680,0.000000,4.384545,28.888211,115.924039,1,0,783.810454
1789427964,1,-120.477769,50.655450,0.000000,4.381580,28.718364,144.195753,1,0,780.300669
1789427969,1,-120.476141,50.656221,0.000000,4.375684,28.731911,143.580333,1,0,779.131574
1789427974,1,-120.474497,50.656995,0.000000,4.386588,28.910576,144.687755,1,0,778.419066
1789427978,1,-120.473173,50.657611,0.000000,4.430323,29.078954,116.040318,1,0,777.741422
1789427981,1,-120.471846,50.658232,0.000000,4.442156,29.111774,116.540511,1,0,777.157778
1789427986,1,-120.470191,50.659012,0.000000,4.447828,29.199435,145.710200,1,0,775.907057
1789427990,1,-120.468854,50.659638,0.000000,4.449122,29.417493,117.439812,1,0,773.395645
1789427995,1,-120.467183,50.660429,0.000000,4.449488,29.434812,147.338324,1,0,768.459943
1789428000,1,-120.465504,50.661217,0.000000,4.449398,29.452151,147.593816,1,0,761.303332
1789428005,1,-120.463845,50.662001,0.000000,4.449169,29.246819,146.192285,1,0,753.105504
1789428009,1,-120.462524,50.662628,0.000000,4.448179,29.158592,116.588810,1,0,746.420959
1789428013,1,-120.461201,50.663252,0.000000,4.446970,29.130635,116.502853,1,0,739.915444
1789428017,1,-120.459884,50.663874,0.000000,4.446927,28.964706,116.029433,1,0,734.730615
1789428021,1,-120.458570,50.664485,0.000000,4.446292,28.625785,115.132372,1,0,732.085784
1789428025,1,-120.457229,50.665047,0.000000,4.443720,28.198036,113.581359,1,0,732.107630
1789428030,1,-120.455497,50.665630,0.000000,4.438130,27.556678,138.585805,1,0,735.871440
1789428034,1,-120.454048,50.665995,0.000000,4.434452,27.401324,110.213205,1,0,738.992485
1789428038,1,-120.452566,50.666273,0.000000,4.432445,27.166929,109.261876,1,0,741.684233
1789428042,1,-120.451050,50.666468,0.000000,4.430903,27.280638,109.370424,1,0,743.227378
1789428046,1,-120.449508,50.666574,0.000000,4.429426,27.318703,109.671540,1,0,743.332619
1789428050,1,-120.447947,50.666586,0.000000,4.428750,27.499532,110.387206,1,0,741.912580
1789428055,1,-120.446385,50.666525,0.000000,4.427590,27.652608,110.658112,1,0,739.525752
1789428059,1,-120.444818,50.666441,0.000000,4.425125,27.866432,111.196717,1,0,735.833569
1789428063,1,-120.443250,50.666356,0.000000,4.423549,27.741252,111.276511,1,0,731.958268
1789428068,1,-120.441312,50.666252,0.000000,4.421268,27.355726,137.524322,1,0,727.231765
1789428072,1,-120.439781,50.666175,0.000000,4.420296,27.059941,108.595949,1,0,724.512739
1789428076,1,-120.438265,50.666091,0.000000,4.419133,26.868032,107.603433,1,0,722.875723
1789428080,1,-120.436757,50.666008,0.000000,4.418501,26.701860,107.030222,1,0,721.942134
1789428084,1,-120.435242,50.665927,0.000000,4.417429,26.946983,107.504463,1,0,721.288751
1789428089,1,-120.433339,50.665830,0.000000,4.416628,27.114625,134.993723,1,0,720.636246
1789428094,1,-120.431431,50.665784,0.000000,4.414511,27.033792,135.012252,1,0,720.796197
1789428099,1,-120.429538,50.665815,0.000000,4.412619,26.373671,133.899000,1,0,721.240286
1789428103,1,-120.427724,50.665863,0.000000,4.410988,25.277199,128.379583,1,0,721.204265
1789428107,1,-120.426303,50.665905,0.000000,4.410044,25.207121,100.587910,1,0,720.847496
1789428112,1,-120.424502,50.665957,0.000000,4.409369,25.625439,127.480552,1,0,719.669954
1789428117,1,-120.422645,50.665984,0.000000,4.408464,26.553945,131.343310,1,0,717.602274
1789428121,1,-120.421122,50.665902,0.000000,4.404330,27.216691,108.077413,1,0,715.483536
1789428125,1,-120.419595,50.665725,0.000000,4.402774,27.505925,109.755496,1,0,713.957558
1789428129,1,-120.418072,50.665479,0.000000,4.402220,27.696877,111.114930,1,0,712.994207
1789428134,1,-120.416231,50.665099,0.000000,4.401468,27.053079,136.870327,1,0,712.078518
1789428138,1,-120.414806,50.664741,0.000000,4.401035,27.110136,108.348212,1,0,711.374410
1789428142,1,-120.413385,50.664373,0.000000,4.400646,27.140148,108.500111,1,0,710.794448
1789428146,1,-120.411973,50.664008,0.000000,4.400416,26.836471,107.784834,1,0,710.096472
1789428150,1,-120.410581,50.663641,0.000000,4.399899,26.478600,106.561216,1,0,709.406163
1789428154,1,-120.409215,50.663285,0.000000,4.399476,25.929615,104.395005,1,0,708.606425
1789428158,1,-120.407866,50.662940,0.000000,4.399228,25.655765,102.820717,1,0,707.795208
1789428163,1,-120.406179,50.662513,0.000000,4.417452,25.685223,128.399380,1,0,705.828238
1789428167,1,-120.404819,50.662197,0.000000,4.456433,25.642182,102.390514,1,0,703.860559
1789428171,1,-120.403458,50.661883,0.000000,4.471554,25.572190,102.380759,1,0,701.778608
1789428176,1,-120.401756,50.661497,0.000000,4.478218,25.648280,127.780910,1,0,699.347900
1789428181,1,-120.400380,50.661177,0.000000,4.479815,26.010992,103.605793,1,0,697.310347
1789428185,1,-120.398986,50.660858,0.000000,4.480021,26.253239,104.764210,1,0,695.283659
1789428189,1,-120.397597,50.660535,0.000000,4.482061,26.004779,104.583680,1,0,694.380992
1789428193,1,-120.396238,50.660217,0.000000,4.481389,25.369008,102.400607,1,0,695.213218
1789428197,1,-120.394912,50.659837,0.000000,4.478072,25.895271,102.851917,1,0,695.980256
1789428201,1,-120.393672,50.659314,0.000000,4.467564,26.784456,105.238472,1,0,695.928676
1789428205,1,-120.392626,50.658609,0.000000,4.457701,26.559279,107.812677,1,0,695.170446
1789428210,1,-120.391559,50.657637,0.000000,4.453157,26.183637,131.861968,1,0,692.516795
1789428215,1,-120.390485,50.656736,0.000000,4.443471,24.284746,125.763767,1,0,688.364474
1789428218,1,-120.389491,50.656187,0.000000,4.435069,22.754020,93.122073,1,0,685.044355
1789428222,1,-120.388393,50.655743,0.000000,4.467640,23.532870,92.028471,1,0,682.174947
1789428226,1,-120.387143,50.655446,0.000000,4.480500,23.930694,94.370717,1,0,678.479661
1789428231,1,-120.385520,50.655098,0.000000,4.481829,24.064362,121.128712,1,0,673.459390
1789428235,1,-120.384371,50.654851,0.000000,4.475970,19.454243,85.775370,1,0,669.491959
1789428240,1,-120.383198,50.654423,0.000000,4.457682,19.215688,95.654255,1,0,665.219943
1789428246,1,-120.381939,50.653891,0.000000,4.451853,16.020436,106.918927,1,0,664.011478
1789428252,1,-120.381216,50.653305,0.000000,3.957587,13.035287,82.855320,1,0,663.975616
1789428258,1,-120.381309,50.652649,0.000000,3.669229,10.583617,73.277917,1,0,663.622895
1789428267,1,-120.381686,50.652412,0.000000,3.091975,0.920841,37.498669,1,0,665.568303
1789428280,1,-120.382755,50.652636,0.000000,2.098542,10.059354,79.606203,1,0,668.915384
1789428295,1,-120.383299,50.653033,0.000000,2.206542,5.283694,58.575178,1,0,670.415352
1789428307,1,-120.384161,50.653270,0.000000,2.016266,8.801358,66.422452,1,0,673.720066
1789428315,1,-120.385222,50.653555,0.000000,2.004460,11.367902,81.463097,1,0,680.177375
1789428321,1,-120.386273,50.653660,0.000000,2.032018,13.439275,75.244369,1,0,685.782958
1789428328,1,-120.387806,50.653664,0.000000,2.000121,16.570893,108.422558,1,0,692.011331
1789428334,1,-120.389316,50.653680,0.000000,2.020511,17.976776,106.809894,1,0,696.978784
1789428339,1,-120.390828,50.653896,0.000000,2.049779,19.197393,109.603461,1,0,703.250428
1789428344,1,-120.392040,50.654363,0.000000,2.060444,20.390766,100.235488,1,0,710.763626
1789428349,1,-120.393028,50.654940,0.000000,2.056108,17.311769,94.887201,1,0,720.025526
1789428354,1,-120.394076,50.655223,0.000000,2.041934,15.716487,80.530306,1,0,727.693815
1789428361,1,-120.395464,50.655166,0.000000,2.030890,13.050526,98.371778,1,0,736.582553
1789428368,1,-120.396317,50.654902,0.000000,2.087536,4.644230,67.098860,1,0,739.680424
1789428380,1,-120.397307,50.654545,0.000000,2.331815,10.641038,80.499034,1,0,741.067916
1789428387,1,-120.398276,50.654228,0.000000,2.348021,10.428983,77.075375,1,0,740.649137
1789428393,1,-120.398623,50.654122,0.000000,2.388855,0.020611,27.228213,1,0,740.470013
1789428406,1,-120.399295,50.654598,0.000000,2.090726,12.285436,71.157164,1,0,738.829810
1789428413,1,-120.399937,50.655405,0.000000,2.006060,15.574157,100.611013,1,0,737.010427
1789428418,1,-120.400441,50.656060,0.000000,2.121334,16.619090,81.122765,1,0,735.141051
1789428423,1,-120.400941,50.656729,0.000000,2.198007,16.269404,82.402919,1,0,733.253887
1789428428,1,-120.401401,50.657417,0.000000,2.172942,17.139138,83.170200,1,0,727.703664
1789428434,1,-120.401339,50.658174,0.000000,2.016382,17.328943,84.333574,1,0,720.024602
1789428439,1,-120.400716,50.658747,0.000000,2.000232,15.316957,77.494165,1,0,714.415419
1789428446,1,-120.399822,50.659293,0.000000,2.064659,8.124357,87.679881,1,0,705.644358
1789428457,1,-120.398643,50.659093,0.000000,2.000628,10.532703,86.302838,1,0,702.811539
1789428463,1,-120.397556,50.659061,0.000000,2.000010,12.224700,76.960778,1,0,701.401645
1789428469,1,-120.396420,50.658875,0.000000,2.000000,15.313399,82.965989,1,0,701.582967
1789428474,1,-120.395426,50.658663,0.000000,2.054634,13.822747,74.151973,1,0,704.773465
1789428480,1,-120.394507,50.658202,0.000000,2.236395,14.717869,82.795090,1,0,710.750666
1789428486,1,-120.393682,50.657583,0.000000,2.259087,15.280797,90.261300,1,0,710.136703
1789428492,1,-120.392853,50.656945,0.000000,2.399354,15.619164,92.064086,1,0,702.401099
1789428498,1,-120.391571,50.656744,0.000000,2.464847,15.778278,93.386651,1,0,694.091124
1789428503,1,-120.390546,50.656373,0.000000,2.005571,17.407059,83.420099,1,0,686.727546
1789428508,1,-120.389857,50.655977,0.000000,2.031884,8.212416,65.692776,1,0,681.008742
1789428521,1,-120.389925,50.655530,0.000000,2.057216,2.298171,49.962339,1,0,680.729461
1789428540,1,-120.389316,50.655248,0.000000,2.204395,4.630826,53.286545,1,0,681.884430
1789428552,1,-120.388654,50.655096,0.000000,2.345687,3.760513,49.780300,1,0,682.007431
1789428575,1,-120.388336,50.655160,0.000000,2.168618,0.014637,23.590750,1,0,682.206035
1789428734,1,-120.388691,50.654743,0.000000,31.233566,1.627264,52.750999,1,0,683.215728
1789432517,1,-120.387672,50.654863,0.000000,5.844075,4.800550,73.294972,1,0,681.810807
1789432538,1,-120.387014,50.654707,0.000000,6.185562,3.751116,49.668057,1,0,680.742171
1789432559,1,-120.386744,50.654306,0.000000,6.844919,2.248775,48.527704,1,0,679.900267
1789432746,1,-120.386909,50.654858,0.000000,81.842410,-1.000000,62.511066,1,0,722.550123
1789432763,1,-120.386637,50.654335,0.000000,47.475785,0.000000,61.283560,1,0,707.268135
1789432970,1,-120.386899,50.654853,0.000000,61.547212,-1.000000,60.535434,1,0,722.550123
1789432983,1,-120.387398,50.654284,0.000000,44.980555,0.000000,72.476718,1,0,712.139208
1789433410,1,-120.386738,50.654476,0.000000,2.001004,2.820794,51.333979,1,0,681.084459
1789433424,1,-120.386414,50.654885,0.000000,2.000078,2.616314,50.946914,1,0,678.500476
1789433438,1,-120.385139,50.654750,0.000000,2.000002,11.560842,91.416615,1,0,675.408675
1789433444,1,-120.384229,50.654472,0.000000,2.107448,11.933983,71.405490,1,0,672.600308
1789433451,1,-120.383495,50.653985,0.000000,2.011103,9.557767,75.035877,1,0,670.557399
1789433460,1,-120.383340,50.653561,0.000000,2.059521,1.794212,48.428465,1,0,669.092439
1789433477,1,-120.383475,50.653203,0.000000,2.027234,1.690225,40.957134,1,0,670.119116
1789433497,1,-120.382788,50.652580,0.000000,2.000000,11.015741,84.645068,1,0,668.792575
1789433504,1,-120.381829,50.652313,0.000000,2.000000,8.393312,74.044730,1,0,667.360242
1789433531,1,-120.381075,50.652795,0.000000,2.009737,11.816215,75.625809,1,0,662.659930
1789433538,1,-120.380004,50.653136,0.000000,2.033563,13.714262,84.715653,1,0,657.957503
1789433543,1,-120.378806,50.652818,0.000000,2.000086,20.445485,91.817864,1,0,654.332775
1789433548,1,-120.377220,50.652542,0.000000,2.000013,23.912339,116.296306,1,0,650.279471
1789433552,1,-120.375812,50.652476,0.000000,2.000000,24.657175,99.850716,1,0,646.460059
1789433557,1,-120.374058,50.652615,0.000000,2.000000,24.774648,125.011185,1,0,640.814247
1789433561,1,-120.372793,50.652857,0.000000,2.000000,23.467545,93.429806,1,0,635.015986
1789433565,1,-120.371469,50.653152,0.000000,2.119843,25.400989,99.224161,1,0,629.846724
1789433569,1,-120.369996,50.653454,0.000000,2.078688,27.596945,109.461039,1,0,624.329321
1789433574,1,-120.368099,50.653806,0.000000,2.000210,28.127260,139.762677,1,0,619.774944
1789433578,1,-120.366703,50.654085,0.000000,2.000001,24.916853,103.495412,1,0,618.051423
1789433582,1,-120.365462,50.654341,0.000000,1.999999,22.323867,92.274201,1,0,615.812578
1789433587,1,-120.364167,50.654813,0.000000,2.007226,20.882573,105.573559,1,0,611.700193
1789433592,1,-120.363241,50.655519,0.000000,2.000092,20.531808,102.265361,1,0,605.860772
1789433597,1,-120.362665,50.656369,0.000000,2.000000,20.433381,102.965671,1,0,599.159473
1789433602,1,-120.362175,50.657247,0.000000,1.999999,20.838111,103.644597,1,0,592.353417
1789433607,1,-120.361616,50.658120,0.000000,1.999999,21.129099,104.861145,1,0,584.975251
1789433612,1,-120.360781,50.658915,0.000000,1.999999,21.403579,106.348416,1,0,578.300887
1789433618,1,-120.359403,50.659703,0.000000,1.999999,21.982599,131.078134,1,0,570.496529
1789433622,1,-120.358379,50.660148,0.000000,2.000000,21.605155,87.719600,1,0,565.465166
1789433627,1,-120.357122,50.660667,0.000000,1.999999,20.592203,105.997415,1,0,558.283708
1789433634,1,-120.355664,50.661121,0.000000,2.000000,18.508147,114.811558,1,0,554.759413
1789433639,1,-120.354441,50.661331,0.000000,2.000000,17.720593,89.586407,1,0,552.374654
1789433645,1,-120.352962,50.661558,0.000000,2.000000,18.467146,107.595564,1,0,549.764526
1789433650,1,-120.351640,50.661763,0.000000,2.000000,19.484811,96.228973,1,0,547.545902
1789433655,1,-120.350323,50.661967,0.000000,2.000000,18.952604,95.859074,1,0,546.260349
1789433660,1,-120.349016,50.662117,0.000000,2.000000,18.589281,93.920935,1,0,545.886911
1789433666,1,-120.347364,50.662233,0.000000,2.000000,21.283922,117.534348,1,0,543.774709
1789433670,1,-120.346028,50.662230,0.000000,2.000000,24.344862,94.477840,1,0,540.672211
1789433674,1,-120.344600,50.662170,0.000000,2.000000,25.850979,101.203484,1,0,536.408391
1789433678,1,-120.343092,50.662100,0.000000,2.000000,27.112277,106.924325,1,0,531.670874
1789433683,1,-120.341129,50.662009,0.000000,2.000000,28.223918,139.184865,1,0,524.285799
1789433687,1,-120.339515,50.661925,0.000000,2.000000,28.919493,114.517999,1,0,518.466992
1789433691,1,-120.337865,50.661822,0.000000,2.000000,29.350814,117.243057,1,0,512.495253
1789433695,1,-120.336216,50.661756,0.000000,2.000000,29.232204,116.841863,1,0,507.173566
1789433698,1,-120.334564,50.661727,0.000000,2.000000,29.244948,116.867512,1,0,501.242175
1789433702,1,-120.332917,50.661721,0.000000,2.000000,29.048414,116.471193,1,0,495.063172
1789433706,1,-120.331283,50.661737,0.000000,2.000000,28.806381,115.563565,1,0,488.336935
1789433710,1,-120.329651,50.661749,0.000000,2.000000,28.781783,115.416022,1,0,481.490960
1789433714,1,-120.328025,50.661758,0.000000,2.000000,28.718826,114.988252,1,0,475.685844
1789433718,1,-120.326410,50.661768,0.000000,2.000000,28.369670,114.211354,1,0,472.162405
1789433722,1,-120.324809,50.661786,0.000000,2.000000,28.148809,113.233583,1,0,471.224004
1789433727,1,-120.322860,50.661885,0.000000,2.000000,27.535268,138.264259,1,0,467.693492
1789433731,1,-120.321340,50.662070,0.000000,2.000000,27.388059,109.440459,1,0,463.680745
1789433736,1,-120.319484,50.662422,0.000000,2.000000,27.343427,136.965606,1,0,457.117122
1789433741,1,-120.317722,50.662932,0.000000,1.359827,27.107691,136.910500,1,0,454.433771
1789433745,1,-120.316405,50.663388,0.000000,2.000000,26.774187,106.052515,1,0,444.150086
1789433750,1,-120.314889,50.664073,0.000000,2.000000,26.022700,131.530001,1,0,436.682409
1789433754,1,-120.313835,50.664712,0.000000,1.149593,25.432558,102.993546,1,0,434.422652
1789433759,1,-120.312956,50.665391,0.000000,2.000000,24.417778,97.820803,1,0,426.764796
1789433763,1,-120.312127,50.666086,0.000000,1.155291,23.027239,97.025843,1,0,424.150550
1789433768,1,-120.311156,50.666843,0.000000,2.001951,21.649227,108.655669,1,0,415.501316
1789433774,1,-120.309784,50.667596,0.000000,2.000021,21.179310,128.173933,1,0,408.977770
1789433780,1,-120.308225,50.668227,0.000000,1.239612,22.466938,130.686809,1,0,405.514041
1789433784,1,-120.307027,50.668670,0.000000,2.000000,25.944452,98.000892,1,0,397.298532
1789433789,1,-120.305370,50.669346,0.000000,2.000000,28.667711,139.221275,1,0,389.043871
1789433793,1,-120.304077,50.669993,0.000000,2.000000,29.316226,116.350121,1,0,381.799257
1789433797,1,-120.302858,50.670690,0.000000,2.000000,28.830057,115.930438,1,0,374.410175
1789433802,1,-120.301327,50.671525,0.000000,2.000000,28.611477,142.635745,1,0,367.866964
1789433806,1,-120.299929,50.672030,0.000000,2.000000,28.484433,113.688315,1,0,365.822542
1789433811,1,-120.298068,50.672554,0.000000,2.000000,28.951053,143.906479,1,0,361.821964
1789433816,1,-120.296191,50.673101,0.000000,1.999999,29.444954,145.989199,1,0,356.201212
1789433820,1,-120.294790,50.673655,0.000000,2.000000,28.696254,116.658314,1,0,351.658029
1789433824,1,-120.293692,50.674311,0.000000,2.000000,26.986655,106.545281,1,0,351.019645
1789433829,1,-120.292276,50.675197,0.000000,2.000000,28.121934,140.481287,1,0,352.283302
1789433833,1,-120.291208,50.675872,0.000000,2.000000,25.703174,106.484127,1,0,353.280025
1789433836,1,-120.290183,50.676479,0.000000,2.000000,24.421663,99.046560,1,0,354.465251
1789433840,1,-120.289066,50.677009,0.000000,2.000000,24.840452,98.546849,1,0,355.441854
1789433845,1,-120.287532,50.677553,0.000000,2.000000,24.922472,124.184807,1,0,354.776520
1789433849,1,-120.286329,50.677877,0.000000,2.000000,21.627278,92.364849,1,0,353.542143
1789433855,1,-120.284960,50.678148,0.000000,2.000000,13.754513,101.363529,1,0,352.395364
1789433862,1,-120.284151,50.678309,0.000000,2.000000,5.256826,59.928334,1,0,351.493756
1789433873,1,-120.282854,50.678573,0.000000,2.000000,14.527942,96.275541,1,0,351.248853
1789433878,1,-120.281684,50.678809,0.000000,2.000410,18.794101,86.775752,1,0,351.071268
1789433884,1,-120.280324,50.679076,0.000000,2.001586,20.879159,100.623992,1,0,350.891663
1789433889,1,-120.278896,50.679355,0.000000,2.000019,21.778408,105.610945,1,0,349.720583
1789433894,1,-120.277389,50.679653,0.000000,2.164791,22.278271,111.570751,1,0,348.419641
1789433899,1,-120.275900,50.679932,0.000000,2.003290,21.827547,109.729147,1,0,346.830606
1789433904,1,-120.274561,50.680174,0.000000,2.001645,18.298839,98.399858,1,0,346.444578
1789433909,1,-120.273494,50.680309,0.000000,2.000000,13.757672,76.900178,1,0,346.161436
1789433915,1,-120.272329,50.680403,0.000000,2.000000,14.444118,83.007701,1,0,345.577293
1789433920,1,-120.271196,50.680460,0.000000,2.000000,17.087616,80.335139,1,0,346.035399
1789433926,1,-120.269634,50.680466,0.000000,2.000009,19.185211,110.409766,1,0,347.233747
1789433932,1,-120.267936,50.680384,0.000000,2.000000,20.912012,120.366913,1,0,347.989840
1789433937,1,-120.266399,50.680213,0.000000,2.000000,22.720368,110.293658,1,0,348.996326
1789433941,1,-120.265135,50.680010,0.000000,2.000000,23.168055,92.154080,1,0,349.842041
1789433945,1,-120.263911,50.679764,0.000000,2.000000,21.884244,90.741962,1,0,350.218818
1789433950,1,-120.262511,50.679454,0.000000,2.000000,14.008407,104.794325,1,0,350.087670
1789433957,1,-120.261700,50.679285,0.000000,2.000000,4.848729,60.328801,1,0,350.340664
1789433969,1,-120.260617,50.679059,0.000000,2.198899,12.197251,80.573472,1,0,351.857226
1789433975,1,-120.259371,50.678798,0.000000,2.337875,17.598577,92.734680,1,0,351.490684
1789433980,1,-120.258027,50.678524,0.000000,2.388755,21.503780,99.769363,1,0,351.312189
1789433985,1,-120.256491,50.678204,0.000000,2.404791,22.966195,114.257500,1,0,350.780498
1789433989,1,-120.255259,50.677945,0.000000,2.410149,22.881829,91.725241,1,0,350.715498
1789433994,1,-120.253718,50.677613,0.000000,2.410259,22.977037,115.015100,1,0,351.250034
1789433998,1,-120.252492,50.677344,0.000000,2.410662,22.905393,91.679789,1,0,351.136012
1789434003,1,-120.250935,50.677018,0.000000,2.410605,23.363711,115.876068,1,0,351.147725
1789434008,1,-120.249364,50.676687,0.000000,2.413635,23.380333,116.990221,1,0,351.347169
1789434013,1,-120.248106,50.676434,0.000000,2.415913,23.327751,93.268183,1,0,351.210323
1789434017,1,-120.246848,50.676171,0.000000,2.413349,23.361874,93.609909,1,0,351.262670
1789434022,1,-120.245275,50.675843,0.000000,2.410176,23.409874,117.019919,1,0,351.772466
1789434026,1,-120.244020,50.675578,0.000000,2.409859,23.406398,93.478442,1,0,351.455689
1789434031,1,-120.242451,50.675249,0.000000,2.408459,23.383070,116.786130,1,0,351.361420
1789434036,1,-120.240907,50.674920,0.000000,2.408060,22.196052,115.109396,1,0,351.644678
1789434042,1,-120.239633,50.674636,0.000000,2.409480,10.808807,95.441670,1,0,351.294087
1789434049,1,-120.238996,50.674503,0.000000,2.594963,2.102730,47.398814,1,0,352.852134
1789434069,1,-120.238063,50.674310,0.000000,2.818788,11.328713,69.361698,1,0,353.743465
1789434075,1,-120.236992,50.674087,0.000000,2.838356,15.317737,79.671195,1,0,354.942679
1789434081,1,-120.235498,50.673780,0.000000,2.954874,20.621461,110.997640,1,0,355.728869
1789434085,1,-120.234297,50.673532,0.000000,2.981332,22.619907,89.270479,1,0,355.654930
1789434089,1,-120.233084,50.673277,0.000000,2.991480,22.678334,90.319178,1,0,354.758125
1789434093,1,-120.231847,50.673015,0.000000,2.997228,23.111558,92.174722,1,0,354.220136
1789434098,1,-120.230307,50.672690,0.000000,2.999241,22.858940,114.711363,1,0,353.412714
1789434102,1,-120.229086,50.672427,0.000000,3.000340,22.817965,91.138043,1,0,353.697291
1789434107,1,-120.227542,50.672083,0.000000,2.998618,23.203695,115.661825,1,0,354.602771
1789434111,1,-120.226296,50.671812,0.000000,2.998604,23.304083,93.097917,1,0,354.998145
1789434115,1,-120.225040,50.671547,0.000000,2.998148,23.416574,93.554548,1,0,356.017715
1789434119,1,-120.223784,50.671286,0.000000,2.999760,23.314117,93.415288,1,0,356.521707
1789434124,1,-120.222195,50.670992,0.000000,3.001668,23.416651,116.993192,1,0,357.665933
1789434129,1,-120.220546,50.670886,0.000000,2.999537,23.663889,117.164788,1,0,358.107108
1789434133,1,-120.219094,50.671007,0.000000,3.022829,26.647314,103.522575,1,0,358.011400
1789434138,1,-120.217604,50.671292,0.000000,3.010986,27.599759,109.998411,1,0,357.321238
1789434142,1,-120.216111,50.671584,0.000000,3.018324,27.633647,110.428063,1,0,357.412542
1789434146,1,-120.214550,50.671756,0.000000,2.995869,27.938461,111.995713,1,0,357.071834
1789434151,1,-120.212633,50.671615,0.000000,2.977136,27.217360,136.419883,1,0,356.172959
1789434155,1,-120.211142,50.671294,0.000000,2.997025,28.248068,111.285849,1,0,356.147549
1789434159,1,-120.209645,50.670945,0.000000,2.989404,28.240918,112.722258,1,0,355.938054
1789434163,1,-120.207782,50.670512,0.000000,2.972302,27.944182,140.230838,1,0,355.827269
1789434168,1,-120.205933,50.670081,0.000000,2.967087,27.978743,139.225013,1,0,355.760587
1789434172,1,-120.204428,50.669739,0.000000,2.963858,28.333686,112.999091,1,0,355.212208
1789434176,1,-120.202901,50.669458,0.000000,2.962204,27.881105,112.391581,1,0,355.000570
1789434180,1,-120.201380,50.669241,0.000000,2.962999,27.352774,110.208921,1,0,355.168569
1789434184,1,-120.199864,50.669089,0.000000,2.964807,26.905783,108.504680,1,0,355.127018
1789434189,1,-120.197971,50.668981,0.000000,2.964156,26.830995,134.370518,1,0,354.836772
1789434193,1,-120.196454,50.668960,0.000000,2.964654,26.765319,107.275079,1,0,354.304138
1789434197,1,-120.194934,50.669004,0.000000,2.963922,26.947377,107.573152,1,0,354.146265
1789434201,1,-120.193425,50.669053,0.000000,2.962309,26.425488,106.823214,1,0,353.634727
1789434205,1,-120.191985,50.669101,0.000000,2.961636,24.808008,101.945783,1,0,353.328827
1789434210,1,-120.190411,50.669154,0.000000,2.962347,21.080442,111.435529,1,0,353.700685
1789434216,1,-120.188606,50.669218,0.000000,2.963871,21.349143,127.809277,1,0,355.503703
1789434221,1,-120.186997,50.669275,0.000000,2.962115,23.824678,113.930539,1,0,357.452773
1789434225,1,-120.185569,50.669310,0.000000,2.960002,26.068145,101.032586,1,0,359.078228
1789434230,1,-120.183661,50.669301,0.000000,2.962199,27.234830,134.896595,1,0,361.939176
1789434234,1,-120.182091,50.669355,0.000000,2.954596,28.117893,111.159238,1,0,362.273379
1789434239,1,-120.180066,50.669529,0.000000,2.953453,29.208081,144.467343,1,0,360.507041
1789434243,1,-120.178426,50.669608,0.000000,2.952085,29.040323,116.278251,1,0,358.391609
1789434247,1,-120.176793,50.669558,0.000000,2.954821,28.810139,115.584637,1,0,356.446707
1789434252,1,-120.174784,50.669386,0.000000,2.958769,28.467062,143.316436,1,0,354.430668
1789434257,1,-120.172765,50.669214,0.000000,2.957253,28.966219,144.017067,1,0,351.480370
1789434262,1,-120.171147,50.669075,0.000000,2.959480,28.808376,115.430586,1,0,350.827981
1789434267,1,-120.169122,50.668900,0.000000,2.959028,28.929843,144.482051,1,0,350.719117
1789434272,1,-120.167099,50.668723,0.000000,2.956717,28.832154,144.372118,1,0,350.421462
1789434276,1,-120.165478,50.668583,0.000000,2.954456,28.940989,115.655685,1,0,350.052220
1789434280,1,-120.163454,50.668407,0.000000,2.962501,28.835947,144.427019,1,0,349.878458
1789434285,1,-120.161434,50.668217,0.000000,2.959333,28.877497,144.366644,1,0,350.296065
1789434289,1,-120.159827,50.668033,0.000000,2.957449,28.867189,115.441728,1,0,351.585820
1789434293,1,-120.158219,50.667847,0.000000,2.951773,28.898456,115.550965,1,0,352.761428
1789434297,1,-120.156599,50.667696,0.000000,2.952969,28.908108,115.756923,1,0,353.036853
1789434301,1,-120.154983,50.667554,0.000000,2.956996,28.877491,115.335738,1,0,353.159176
1789434306,1,-120.152968,50.667349,0.000000,2.962758,28.832655,144.271393,1,0,352.696972
1789434311,1,-120.150983,50.667043,0.000000,2.955260,28.883442,144.406328,1,0,353.483463
1789434315,1,-120.149425,50.666726,0.000000,2.950451,28.876244,115.655984,1,0,354.312740
1789434319,1,-120.147875,50.666387,0.000000,2.946811,28.976928,115.890655,1,0,354.336187
1789434323,1,-120.146322,50.666059,0.000000,2.994408,28.877157,115.699479,1,0,354.478654
1789434327,1,-120.144755,50.665764,0.000000,3.044897,28.869916,115.543298,1,0,354.693509
1789434332,1,-120.142794,50.665402,0.000000,3.066595,28.773255,144.370385,1,0,354.716318
1789434336,1,-120.141245,50.665066,0.000000,3.071816,28.980484,115.715575,1,0,354.838492
1789434341,1,-120.139309,50.664649,0.000000,3.072818,28.935825,144.534169,1,0,355.001550
1789434345,1,-120.137760,50.664316,0.000000,3.073130,28.932868,115.619329,1,0,355.352934
1789434349,1,-120.136209,50.663983,0.000000,3.073588,28.961282,115.753294,1,0,354.978848
1789434353,1,-120.134657,50.663651,0.000000,3.072008,28.940535,115.784736,1,0,353.939065
1789434358,1,-120.132721,50.663233,0.000000,3.070510,28.930834,144.569876,1,0,352.477566
1789434363,1,-120.130787,50.662817,0.000000,3.069542,28.857553,144.364473,1,0,351.024554
1789434367,1,-120.129263,50.662435,0.000000,3.066710,28.879965,115.833206,1,0,349.806871
1789434371,1,-120.127813,50.661957,0.000000,3.068762,28.881144,115.493998,1,0,349.222145
1789434375,1,-120.126462,50.661374,0.000000,3.069535,28.812235,115.461295,1,0,349.795539
1789434379,1,-120.125135,50.660774,0.000000,3.070318,28.859093,115.147258,1,0,350.347612
1789434383,1,-120.123766,50.660211,0.000000,3.070273,28.816005,115.292773,1,0,351.258213
1789434387,1,-120.122301,50.659758,0.000000,3.110837,28.733839,115.202582,1,0,353.646844
1789434392,1,-120.120385,50.659335,0.000000,3.161267,28.830225,143.426464,1,0,357.253612
1789434397,1,-120.118373,50.659094,0.000000,3.174665,29.072861,144.779574,1,0,358.539220
1789434402,1,-120.116318,50.659032,0.000000,3.179060,29.066098,145.479737,1,0,356.963630
1789434407,1,-120.114267,50.659162,0.000000,3.178404,29.158722,145.752512,1,0,353.865221
1789434411,1,-120.112644,50.659353,0.000000,3.178973,29.077746,116.718243,1,0,351.150270
1789434415,1,-120.111035,50.659488,0.000000,3.178157,28.433326,114.764738,1,0,350.058052
1789434419,1,-120.109428,50.659538,0.000000,3.176606,28.557631,113.772426,1,0,349.357467
1789434423,1,-120.107803,50.659503,0.000000,3.174830,28.798936,114.975151,1,0,349.061367
1789434427,1,-120.106188,50.659389,0.000000,3.174839,28.739818,114.904102,1,0,349.648400
1789434431,1,-120.104589,50.659199,0.000000,3.174862,28.824581,115.029360,1,0,350.738154
1789434435,1,-120.102996,50.658984,0.000000,3.172983,28.886735,115.157711,1,0,351.645088
1789434439,1,-120.101398,50.658769,0.000000,3.171509,28.908522,115.503609,1,0,352.673018
1789434444,1,-120.099400,50.658500,0.000000,3.170760,28.914096,144.419884,1,0,353.598702
1789434448,1,-120.097806,50.658284,0.000000,3.172400,28.783930,115.250083,1,0,354.969362
1789434453,1,-120.095824,50.658018,0.000000,3.175618,28.648231,143.243984,1,0,358.835826
1789434458,1,-120.093830,50.657751,0.000000,3.173509,28.903606,144.097315,1,0,361.796486
1789434462,1,-120.092229,50.657530,0.000000,3.171224,29.013364,115.851159,1,0,362.960949
1789434466,1,-120.090622,50.657313,0.000000,3.167606,29.103315,116.172539,1,0,363.277875
1789434471,1,-120.088606,50.657047,0.000000,3.165631,29.117668,145.597361,1,0,362.495623
1789434475,1,-120.087000,50.656832,0.000000,3.186205,28.963793,116.057289,1,0,361.224403
1789434479,1,-120.085400,50.656608,0.000000,3.256882,28.960906,115.853352,1,0,359.797385
1789434483,1,-120.083800,50.656388,0.000000,3.285759,28.973794,115.758424,1,0,358.242102
1789434488,1,-120.081805,50.656094,0.000000,3.296179,28.996245,144.815142,1,0,356.702187
1789434493,1,-120.079859,50.655709,0.000000,3.302366,28.742120,144.119765,1,0,356.447857
1789434497,1,-120.078300,50.655409,0.000000,3.300252,28.890576,115.183343,1,0,356.256866
1789434501,1,-120.076709,50.655163,0.000000,3.297895,28.981951,115.785761,1,0,355.479815
1789434506,1,-120.074709,50.654890,0.000000,3.298013,28.926996,144.665614,1,0,354.560579
1789434511,1,-120.072721,50.654593,0.000000,3.298532,28.881274,144.423305,1,0,354.042101
1789434515,1,-120.071163,50.654283,0.000000,3.298544,28.825794,115.454118,1,0,353.401381
1789434519,1,-120.069611,50.653959,0.000000,3.297371,28.933846,115.525643,1,0,352.793391
1789434524,1,-120.067645,50.653565,0.000000,3.297873,29.252060,145.782534,1,0,352.650970
1789434528,1,-120.066001,50.653373,0.000000,3.296910,29.628705,118.210815,1,0,353.250324
1789434533,1,-120.063889,50.653431,0.000000,3.350024,30.002684,149.501727,1,0,353.130745
1789434537,1,-120.062223,50.653661,0.000000,3.396924,30.130702,120.567250,1,0,351.756293
1789434541,1,-120.060556,50.653902,0.000000,3.412726,30.186810,120.901814,1,0,351.588292
1789434545,1,-120.058861,50.654063,0.000000,3.420579,30.352273,121.202513,1,0,351.771142
1789434549,1,-120.057145,50.654094,0.000000,3.423219,30.408108,121.405935,1,0,351.964013
1789434554,1,-120.054990,50.654026,0.000000,3.424163,30.497854,152.591026,1,0,352.282720
1789434559,1,-120.052828,50.653954,0.000000,3.421935,30.630916,153.108099,1,0,351.847629
1789434563,1,-120.051097,50.653894,0.000000,3.420917,30.656440,122.599592,1,0,351.552778
1789434567,1,-120.049364,50.653834,0.000000,3.420826,30.705465,122.740816,1,0,350.986909
1789434572,1,-120.047202,50.653759,0.000000,3.420513,30.613806,153.125896,1,0,351.072987
1789434576,1,-120.045470,50.653702,0.000000,3.421534,30.692960,122.652488,1,0,350.959077
1789434581,1,-120.043307,50.653627,0.000000,3.419991,30.588399,153.196513,1,0,351.134992
1789434585,1,-120.041578,50.653568,0.000000,3.420328,30.599559,122.452339,1,0,351.417423
1789434590,1,-120.039413,50.653495,0.000000,3.418684,30.697785,153.325807,1,0,351.387285
1789434594,1,-120.037680,50.653435,0.000000,3.418509,30.729803,122.740816,1,0,351.167927
1789434598,1,-120.035945,50.653375,0.000000,3.417769,30.743861,122.882043,1,0,350.821754
1789434602,1,-120.034211,50.653315,0.000000,3.418519,30.619399,122.811423,1,0,350.727671
1789434606,1,-120.032489,50.653256,0.000000,3.419398,30.495290,121.958010,1,0,352.006517
1789434611,1,-120.030329,50.653181,0.000000,3.419020,30.667444,152.984708,1,0,353.672889
1789434615,1,-120.028595,50.653083,0.000000,3.418124,30.844818,123.113631,1,0,354.050928
1789434619,1,-120.026873,50.652901,0.000000,3.415674,30.934428,123.452959,1,0,354.142628
1789434624,1,-120.024741,50.652599,0.000000,3.416091,30.993457,154.474628,1,0,354.186238
1789434628,1,-120.023038,50.652358,0.000000,3.415862,30.889923,123.385711,1,0,353.718193
1789434633,1,-120.020906,50.652050,0.000000,3.416812,31.008053,154.621157,1,0,353.339053
1789434637,1,-120.019190,50.651804,0.000000,3.417763,31.230475,124.404439,1,0,353.015679
1789434641,1,-120.017470,50.651557,0.000000,3.417399,31.202288,124.704874,1,0,353.258847
1789434645,1,-120.015747,50.651306,0.000000,3.418811,31.293200,125.010481,1,0,353.768273
1789434649,1,-120.014030,50.651059,0.000000,3.418389,31.165692,124.497952,1,0,354.344521
1789434653,1,-120.012311,50.650810,0.000000,3.424527,31.056255,124.685171,1,0,355.742731
1789434657,1,-120.010595,50.650560,0.000000,3.422317,31.110106,124.503154,1,0,357.488459
1789434662,1,-120.008457,50.650204,0.000000,3.494612,31.324543,156.302048,1,0,360.188618
1789434666,1,-120.006807,50.649776,0.000000,3.519177,31.620278,126.041510,1,0,362.238629
1789434671,1,-120.004855,50.649080,0.000000,3.530961,31.789178,158.291854,1,0,363.667394
1789434675,1,-120.003300,50.648498,0.000000,3.532064,31.990844,127.625664,1,0,363.949440
1789434679,1,-120.001729,50.647916,0.000000,3.532859,32.182944,128.602165,1,0,363.887202
1789434683,1,-120.000049,50.647432,0.000000,3.529719,33.122881,130.454198,1,0,363.078504
1789434687,1,-119.998266,50.647176,0.000000,3.528463,31.842799,129.284736,1,0,362.120385
1789434692,1,-119.996080,50.647109,0.000000,3.526757,30.449361,154.792055,1,0,360.792364
1789434697,1,-119.993990,50.647102,0.000000,3.526538,28.871895,147.824579,1,0,359.285207
1789434701,1,-119.992408,50.647099,0.000000,3.524092,27.326430,111.892940,1,0,358.862317
1789434705,1,-119.990887,50.647095,0.000000,3.522497,26.614025,107.578917,1,0,358.297286
1789434710,1,-119.989025,50.647097,0.000000,3.521329,26.109105,131.696581,1,0,357.813719
1789434714,1,-119.987550,50.647136,0.000000,3.521624,26.069852,104.414652,1,0,357.508950
1789434719,1,-119.985723,50.647296,0.000000,3.522251,26.023385,130.441035,1,0,357.017342
1789434724,1,-119.983928,50.647584,0.000000,3.520645,26.252255,130.937935,1,0,356.438520
1789434728,1,-119.982518,50.647905,0.000000,3.519378,26.598954,105.927975,1,0,355.283548
1789434732,1,-119.981095,50.648243,0.000000,3.519739,27.006008,107.441233,1,0,354.341963
1789434736,1,-119.979626,50.648571,0.000000,3.519635,27.855362,110.121232,1,0,354.075375
1789434740,1,-119.978067,50.648843,0.000000,3.516273,29.081742,114.342170,1,0,353.453902
1789434745,1,-119.976011,50.649106,0.000000,3.515427,30.024537,148.331791,1,0,353.275283
1789434749,1,-119.974331,50.649298,0.000000,3.522559,30.224287,120.728238,1,0,352.849386
1789434753,1,-119.972659,50.649489,0.000000,3.577510,29.927495,120.151654,1,0,353.127995
1789434757,1,-119.970999,50.649684,0.000000,3.597284,29.863810,119.396440,1,0,353.549203
1789434761,1,-119.969341,50.649878,0.000000,3.605244,29.724465,119.237166,1,0,354.419132
1789434766,1,-119.967320,50.650115,0.000000,3.609274,28.527532,145.353390,1,0,355.128140
1789434770,1,-119.965762,50.650297,0.000000,3.609783,27.762261,112.039543,1,0,355.398524
1789434774,1,-119.964231,50.650462,0.000000,3.609848,27.389573,109.830006,1,0,356.145260
1789434779,1,-119.962325,50.650529,0.000000,3.609379,26.857155,135.014320,1,0,357.712119
1789434783,1,-119.960817,50.650455,0.000000,3.608035,26.820498,106.975752,1,0,358.754308
1789434787,1,-119.959321,50.650267,0.000000,3.605894,27.130257,107.857002,1,0,359.608667
1789434791,1,-119.957846,50.649959,0.000000,3.605061,27.660082,109.807324,1,0,360.461797
1789434796,1,-119.956034,50.649513,0.000000,3.601432,27.144061,137.429235,1,0,361.392759
1789434800,1,-119.954578,50.649181,0.000000,3.598200,28.267022,109.403677,1,0,361.178609
1789434804,1,-119.952937,50.648910,0.000000,3.594324,31.078196,119.917071,1,0,361.408032
1789434809,1,-119.950769,50.648673,0.000000,3.590543,30.059616,155.589560,1,0,359.445965
1789434814,1,-119.948757,50.648470,0.000000,3.593608,28.412119,144.086471,1,0,357.854036
1789434819,1,-119.946771,50.648267,0.000000,3.594131,28.591059,142.270514,1,0,356.212787
1789434823,1,-119.945166,50.648103,0.000000,3.592120,28.782781,114.975916,1,0,355.229109
1789434827,1,-119.943556,50.647939,0.000000,3.590679,28.885093,115.325071,1,0,354.061555
1789434831,1,-119.941943,50.647773,0.000000,3.593824,28.898829,115.569914,1,0,353.069493
1789434836,1,-119.939926,50.647571,0.000000,3.655176,28.902164,144.418263,1,0,352.104225
1789434840,1,-119.938315,50.647409,0.000000,3.674393,28.841021,115.359891,1,0,351.586914
1789434844,1,-119.936707,50.647242,0.000000,3.682241,28.803476,115.238680,1,0,351.944928
1789434849,1,-119.934699,50.647038,0.000000,3.685830,28.769273,143.824433,1,0,352.953264
1789434853,1,-119.933091,50.646874,0.000000,3.686096,28.820168,115.185377,1,0,353.988522
1789434857,1,-119.931481,50.646709,0.000000,3.685558,28.854024,115.342721,1,0,355.088100
1789434861,1,-119.929870,50.646543,0.000000,3.685381,28.831949,115.430314,1,0,356.086345
1789434865,1,-119.928260,50.646377,0.000000,3.684377,28.878885,115.360510,1,0,356.534632
1789434869,1,-119.926648,50.646199,0.000000,3.682447,28.942744,115.721098,1,0,356.447395
1789434873,1,-119.925066,50.645933,0.000000,3.679588,28.914672,115.739314,1,0,356.079827
1789434877,1,-119.923544,50.645553,0.000000,3.678366,28.880739,115.651814,1,0,355.458272
1789434881,1,-119.922042,50.645136,0.000000,3.678527,28.946378,115.921285,1,0,354.284544
1789434885,1,-119.920586,50.644735,0.000000,3.679604,27.215561,112.237934,1,0,353.746244
1789434889,1,-119.919207,50.644423,0.000000,3.675657,25.233102,103.536225,1,0,353.942455
1789434893,1,-119.917855,50.644273,0.000000,3.670230,24.082816,97.080012,1,0,353.915696
1789434898,1,-119.916143,50.644273,0.000000,3.665678,24.210880,121.100036,1,0,353.744415
1789434903,1,-119.914440,50.644417,0.000000,3.667292,24.084938,121.523907,1,0,352.523699
1789434908,1,-119.912756,50.644568,0.000000,3.667464,24.314467,120.298044,1,0,353.033970
1789434913,1,-119.911030,50.644728,0.000000,3.666838,24.711772,123.381018,1,0,353.706919
1789434917,1,-119.909581,50.644870,0.000000,3.666127,26.215991,103.706686,1,0,354.236235
1789434921,1,-119.908125,50.645019,0.000000,3.666656,26.089928,104.316998,1,0,354.560966
1789434925,1,-119.906687,50.645252,0.000000,3.663968,26.262739,104.969099,1,0,354.185624
1789434929,1,-119.905302,50.645615,0.000000,3.662636,26.807864,105.965912,1,0,353.621324
1789434933,1,-119.903957,50.646120,0.000000,3.658163,27.728889,110.488916,1,0,352.190344
1789434938,1,-119.902301,50.646764,0.000000,3.662340,27.394059,137.310894,1,0,351.980060
1789434942,1,-119.900991,50.647288,0.000000,3.661851,27.395706,109.475130,1,0,352.442252
1789434947,1,-119.899360,50.647953,0.000000,3.661809,27.467857,137.052266,1,0,353.914879
1789434951,1,-119.898035,50.648471,0.000000,3.662729,27.523187,110.023656,1,0,355.300565
1789434956,1,-119.896318,50.649048,0.000000,3.659196,27.575076,137.373065,1,0,356.353298
1789434961,1,-119.894526,50.649537,0.000000,3.723126,27.624587,137.939136,1,0,355.258912
1789434965,1,-119.893077,50.649914,0.000000,3.738202,27.625922,110.745306,1,0,354.029220
1789434970,1,-119.891277,50.650388,0.000000,3.746500,27.494260,137.799204,1,0,353.655808
1789434975,1,-119.889482,50.650858,0.000000,3.750427,27.450665,137.302462,1,0,353.031877
1789434980,1,-119.887693,50.651325,0.000000,3.752862,27.347589,136.783057,1,0,353.906110
1789434984,1,-119.886259,50.651703,0.000000,3.751527,27.493814,109.796222,1,0,354.392211
1789434988,1,-119.884815,50.652078,0.000000,3.750457,27.616237,110.323271,1,0,353.997890
1789434992,1,-119.883366,50.652444,0.000000,3.749706,27.553286,110.277133,1,0,352.884515
1789434996,1,-119.881920,50.652810,0.000000,3.750510,27.380878,110.079961,1,0,352.985657
1789435000,1,-119.880512,50.653224,0.000000,3.747751,27.380236,109.719779,1,0,353.277184
1789435004,1,-119.879199,50.653753,0.000000,3.744700,27.499314,109.942884,1,0,353.350641
1789435008,1,-119.878000,50.654384,0.000000,3.743605,27.545337,110.087348,1,0,352.954992
1789435012,1,-119.876875,50.655073,0.000000,3.741444,27.674553,110.482699,1,0,351.681105
1789435016,1,-119.875708,50.655788,0.000000,3.739820,29.028773,114.622170,1,0,351.646170
1789435020,1,-119.874483,50.656541,0.000000,3.738774,30.294059,120.509316,1,0,351.279809
1789435024,1,-119.873242,50.657293,0.000000,3.738083,30.229131,121.248510,1,0,351.084763
1789435028,1,-119.872007,50.658044,0.000000,3.738791,30.130362,120.864804,1,0,351.753141
1789435033,1,-119.870462,50.658978,0.000000,3.770705,30.192965,150.780288,1,0,353.143701
1789435037,1,-119.869231,50.659731,0.000000,3.804430,30.183766,120.814759,1,0,354.583441
1789435041,1,-119.867992,50.660481,0.000000,3.817335,30.238544,120.986454,1,0,355.827226
1789435045,1,-119.866752,50.661234,0.000000,3.820934,30.371936,121.267995,1,0,356.609652
1789435050,1,-119.865196,50.662179,0.000000,3.821471,30.459114,152.179954,1,0,355.726479
1789435054,1,-119.863951,50.662933,0.000000,3.821998,30.348264,121.600580,1,0,354.251283
1789435058,1,-119.862709,50.663687,0.000000,3.822003,30.312574,121.447052,1,0,352.691697
1789435063,1,-119.861165,50.664625,0.000000,3.823088,30.155096,151.028364,1,0,351.708085
1789435067,1,-119.859932,50.665373,0.000000,3.824012,30.099552,120.519268,1,0,351.788899
1789435072,1,-119.858386,50.666306,0.000000,3.823985,30.208345,150.738930,1,0,352.564130
1789435076,1,-119.857151,50.667055,0.000000,3.823871,30.140874,120.698395,1,0,353.001660
1789435081,1,-119.855603,50.667989,0.000000,3.823485,30.232894,150.918108,1,0,353.636381
1789435086,1,-119.853964,50.668855,0.000000,3.822438,30.111671,150.702793,1,0,354.734081
1789435090,1,-119.852560,50.669479,0.000000,3.820620,30.387616,121.135098,1,0,355.088164
1789435094,1,-119.851079,50.670027,0.000000,3.817751,30.302836,121.159864,1,0,355.125627
1789435098,1,-119.849483,50.670423,0.000000,3.815610,30.334999,121.130350,1,0,355.044223
1789435102,1,-119.847878,50.670814,0.000000,3.814663,30.389114,121.523063,1,0,353.777238
1789435106,1,-119.846280,50.671200,0.000000,3.816107,30.200262,120.862327,1,0,353.203404
1789435110,1,-119.844689,50.671594,0.000000,3.815323,30.139229,120.720138,1,0,353.676397
1789435114,1,-119.843101,50.671995,0.000000,3.814816,30.187431,120.807943,1,0,354.527919
1789435118,1,-119.841496,50.672380,0.000000,3.814859,30.366671,121.285744,1,0,354.330678
1789435122,1,-119.839893,50.672767,0.000000,3.813906,30.292747,121.232296,1,0,353.835693
1789435126,1,-119.838309,50.673181,0.000000,3.813003,30.225154,121.087842,1,0,354.182131
1789435131,1,-119.836419,50.673814,0.000000,3.810605,30.179177,151.041239,1,0,354.383607
1789435136,1,-119.834661,50.674585,0.000000,3.810378,30.245318,151.011567,1,0,354.571356
1789435141,1,-119.833056,50.675484,0.000000,3.810359,30.268911,151.245904,1,0,355.077544
1789435146,1,-119.831631,50.676499,0.000000,3.804768,30.359629,151.319738,1,0,354.773950
1789435150,1,-119.830556,50.677349,0.000000,3.804123,30.228916,121.312247,1,0,354.241859
1789435154,1,-119.829482,50.678193,0.000000,3.804368,30.226562,120.748206,1,0,354.100458
1789435159,1,-119.828131,50.679239,0.000000,3.804512,30.077354,150.538518,1,0,355.595081
1789435163,1,-119.826921,50.679996,0.000000,3.801880,30.074858,120.035615,1,0,357.960088
1789435168,1,-119.825231,50.680816,0.000000,3.799156,30.181774,150.303045,1,0,360.851603
1789435172,1,-119.823847,50.681453,0.000000,3.798547,30.246039,120.795795,1,0,363.228962
1789435176,1,-119.822472,50.682097,0.000000,3.797782,30.161731,120.741686,1,0,365.455132
1789435180,1,-119.821107,50.682750,0.000000,3.796684,30.234138,120.773092,1,0,367.283182
1789435184,1,-119.819754,50.683412,0.000000,3.796117,30.204195,120.704891,1,0,369.811780
1789435189,1,-119.818195,50.684349,0.000000,3.791229,30.381624,151.686632,1,0,371.319087
1789435194,1,-119.816844,50.685414,0.000000,3.786777,30.399641,152.166322,1,0,370.700286
1789435198,1,-119.815906,50.686334,0.000000,3.784121,30.418659,121.943455,1,0,369.187482
1789435203,1,-119.814996,50.687577,0.000000,3.779808,30.517229,152.507015,1,0,365.596256
1789435207,1,-119.814479,50.688629,0.000000,3.777746,30.721678,122.604978,1,0,361.389548
1789435211,1,-119.814016,50.689690,0.000000,3.775719,30.495428,122.486644,1,0,356.998617
1789435216,1,-119.813192,50.690939,0.000000,3.768617,29.949605,150.657586,1,0,351.900396
1789435221,1,-119.811974,50.692022,0.000000,3.765969,29.658547,148.069455,1,0,349.701137
1789435226,1,-119.810682,50.693033,0.000000,3.766381,28.614501,144.866113,1,0,349.152869
1789435230,1,-119.809659,50.693833,0.000000,3.766135,28.705889,114.660709,1,0,349.307340
1789435234,1,-119.808592,50.694613,0.000000,3.766873,28.762706,114.957534,1,0,350.335732
1789435239,1,-119.807146,50.695520,0.000000,3.766288,28.774523,143.600506,1,0,352.195169
1789435243,1,-119.805907,50.696192,0.000000,3.765433,28.763702,115.124610,1,0,354.039458
1789435248,1,-119.804259,50.696955,0.000000,3.763547,28.955759,144.102094,1,0,355.950963
1789435252,1,-119.802881,50.697520,0.000000,3.763119,29.054206,115.895751,1,0,356.108769
1789435256,1,-119.801513,50.698101,0.000000,3.763961,29.043803,116.282625,1,0,355.402847
1789435260,1,-119.800212,50.698735,0.000000,3.762924,28.931074,115.869588,1,0,354.051644
1789435264,1,-119.798983,50.699422,0.000000,3.765210,28.881835,115.683799,1,0,352.783266
1789435268,1,-119.797825,50.700157,0.000000,4.738629,28.880066,115.671815,1,0,351.925227
1789435273,1,-119.796494,50.701143,0.000000,4.748633,28.900758,144.484116,1,0,350.415072
1789435278,1,-119.795303,50.702195,0.000000,3.760483,28.777995,144.145097,1,0,349.808644
1789435283,1,-119.794252,50.703306,0.000000,3.761344,28.711654,144.188642,1,0,350.679056
1789435288,1,-119.793340,50.704457,0.000000,3.762577,28.731901,143.346065,1,0,352.372911
1789435292,1,-119.792694,50.705407,0.000000,3.762719,28.833381,115.118900,1,0,353.929483
1789435296,1,-119.792142,50.706382,0.000000,3.768662,28.758776,115.264688,1,0,355.561572
1789435300,1,-119.791658,50.707374,0.000000,3.781584,28.881095,115.534452,1,0,356.331623
1789435304,1,-119.791183,50.708368,0.000000,3.830048,28.897534,115.560787,1,0,357.125661
1789435309,1,-119.790558,50.709601,0.000000,3.849035,28.824522,144.101060,1,0,357.689350
1789435313,1,-119.789865,50.710540,0.000000,3.855194,28.859926,115.363766,1,0,358.333325
1789435317,1,-119.788986,50.711414,0.000000,3.856308,28.881959,115.365841,1,0,359.026953
1789435321,1,-119.787929,50.712206,0.000000,3.858687,28.893779,115.490411,1,0,359.824064
1789435326,1,-119.786508,50.713140,0.000000,3.854556,28.882733,144.471809,1,0,360.232957
1789435330,1,-119.785368,50.713884,0.000000,3.853281,28.899819,115.479187,1,0,359.860462
1789435334,1,-119.784216,50.714622,0.000000,3.853117,28.907946,115.596833,1,0,358.941965
1789435338,1,-119.783055,50.715358,0.000000,3.852593,28.942403,115.881895,1,0,357.818730
1789435343,1,-119.781627,50.716287,0.000000,3.851821,28.916216,144.409830,1,0,356.696692
1789435347,1,-119.780483,50.717033,0.000000,3.851076,28.904591,115.829785,1,0,355.651123
1789435351,1,-119.779344,50.717779,0.000000,3.850922,28.881441,115.583691,1,0,355.122062
1789435356,1,-119.777924,50.718707,0.000000,3.852345,28.701767,143.935885,1,0,354.952016
1789435360,1,-119.776813,50.719462,0.000000,3.852430,28.871795,114.945608,1,0,355.612559
1789435364,1,-119.775681,50.720211,0.000000,3.851064,28.900916,115.475052,1,0,356.227747
1789435368,1,-119.774541,50.720958,0.000000,3.849812,28.888715,115.707018,1,0,355.841608
1789435373,1,-119.773119,50.721886,0.000000,3.851435,28.797291,144.027214,1,0,356.156706
1789435377,1,-119.771961,50.722616,0.000000,3.850040,28.863997,115.254798,1,0,357.002374
1789435381,1,-119.770719,50.723290,0.000000,3.849780,28.930526,115.395446,1,0,357.849421
1789435386,1,-119.769092,50.724082,0.000000,3.848635,29.008106,144.797427,1,0,357.628398
1789435391,1,-119.767618,50.724987,0.000000,3.839050,28.873946,144.813755,1,0,356.195899
1789435397,1,-119.766546,50.726092,0.000000,3.835139,28.831456,144.369282,1,0,354.287335
1789435401,1,-119.766003,50.727066,0.000000,3.829549,28.666751,114.941256,1,0,354.159942
1789435405,1,-119.765700,50.728084,0.000000,3.827357,28.818031,115.255201,1,0,354.165202
1789435409,1,-119.765423,50.729099,0.000000,3.829717,28.702733,114.599654,1,0,355.057497
1789435414,1,-119.764972,50.730361,0.000000,3.831945,28.789356,143.962784,1,0,356.201714
1789435418,1,-119.764454,50.731340,0.000000,3.827666,28.743743,114.890436,1,0,357.516405
1789435422,1,-119.763900,50.732312,0.000000,3.824034,28.740008,114.992170,1,0,360.085510
1789435427,1,-119.763437,50.733574,0.000000,3.818844,28.834693,144.152709,1,0,363.017473
1789435431,1,-119.763236,50.734607,0.000000,3.816753,28.970978,115.793725,1,0,365.292616
1789435435,1,-119.763033,50.735636,0.000000,3.813321,28.974703,115.369489,1,0,366.722547
1789435439,1,-119.762604,50.736637,0.000000,3.806368,28.771615,115.406166,1,0,366.915138
1789435443,1,-119.761828,50.737524,0.000000,3.796638,28.183019,112.866920,1,0,365.523391
1789435448,1,-119.760468,50.738456,0.000000,3.790135,28.627403,141.314299,1,0,363.202631
1789435452,1,-119.759230,50.739141,0.000000,3.783763,29.075024,115.959999,1,0,360.195985
1789435456,1,-119.757932,50.740163,0.000000,3.776053,29.073239,146.024655,1,0,356.895317
1789435460,1,-119.757165,50.741066,0.000000,3.771192,28.237882,114.120977,1,0,357.241774
1789435464,1,-119.756542,50.742006,0.000000,3.768767,28.469280,113.446329,1,0,357.885982
1789435469,1,-119.755749,50.743190,0.000000,3.766862,28.740256,143.121876,1,0,359.089717
1789435473,1,-119.755124,50.744146,0.000000,3.763194,28.841493,115.143255,1,0,360.193774
1789435477,1,-119.754522,50.745116,0.000000,3.758944,29.056198,115.977100,1,0,359.697840
1789435482,1,-119.753874,50.746362,0.000000,3.757097,29.222618,145.968568,1,0,356.521044
1789435486,1,-119.753410,50.747362,0.000000,3.759151,28.756751,115.970547,1,0,355.726026
1789435490,1,-119.752950,50.748343,0.000000,3.762416,28.698943,113.863576,1,0,356.165859
1789435495,1,-119.752372,50.749586,0.000000,3.763217,28.942424,144.176304,1,0,357.107719
1789435499,1,-119.751906,50.750584,0.000000,3.760942,28.956205,115.796174,1,0,356.839158
1789435503,1,-119.751443,50.751587,0.000000,3.759471,29.097506,116.269917,1,0,354.992004
1789435507,1,-119.750961,50.752591,0.000000,3.756439,29.331936,116.760272,1,0,351.883433
1789435511,1,-119.750353,50.753561,0.000000,3.755865,28.928140,116.131026,1,0,349.602044
1789435516,1,-119.749405,50.754692,0.000000,3.754571,28.617065,142.506719,1,0,348.546093
1789435521,1,-119.748580,50.755586,0.000000,3.753400,28.803508,115.244816,1,0,348.695846
1789435525,1,-119.747759,50.756485,0.000000,3.753757,28.885603,115.583451,1,0,348.933725
1789435529,1,-119.746938,50.757384,0.000000,3.752312,28.878939,115.583455,1,0,349.150126
1789435533,1,-119.746118,50.758282,0.000000,3.751053,28.862533,115.451823,1,0,349.583640
1789435537,1,-119.745297,50.759180,0.000000,3.751648,28.856039,115.487222,1,0,350.401902
1789435542,1,-119.744275,50.760304,0.000000,3.750716,28.853101,144.349899,1,0,351.731570
1789435547,1,-119.743251,50.761427,0.000000,3.748201,28.843508,144.324176,1,0,353.335237
1789435551,1,-119.742429,50.762326,0.000000,3.747045,28.948350,115.616146,1,0,354.317848
1789435555,1,-119.741504,50.763184,0.000000,3.742893,28.949130,115.635173,1,0,355.460854
1789435560,1,-119.739934,50.763944,0.000000,3.725232,27.576204,139.362624,1,0,355.765881
1789435564,1,-119.738540,50.764417,0.000000,3.725601,28.522635,111.556132,1,0,355.938680
1789435568,1,-119.737084,50.764905,0.000000,3.720362,28.952571,116.192927,1,0,355.591634
1789435572,1,-119.735636,50.765390,0.000000,3.719352,28.947278,115.537936,1,0,355.151705
1789435576,1,-119.734185,50.765877,0.000000,3.718067,28.944971,115.829037,1,0,353.677659
1789435580,1,-119.732740,50.766369,0.000000,3.716392,28.904810,115.717083,1,0,352.671799
1789435584,1,-119.731340,50.766908,0.000000,3.714336,28.915630,115.554484,1,0,350.963870
1789435588,1,-119.730000,50.767504,0.000000,3.713967,28.852018,115.477807,1,0,349.937415
1789435593,1,-119.728425,50.768328,0.000000,3.714935,28.885330,144.056621,1,0,349.790647
1789435597,1,-119.727246,50.769046,0.000000,3.715419,28.840220,115.326682,1,0,350.421432
1789435601,1,-119.726143,50.769814,0.000000,3.713488,28.879226,115.564839,1,0,351.190323
1789435604,1,-119.725137,50.770613,0.000000,3.711648,28.049443,113.746482,1,0,352.306434
1789435608,1,-119.724194,50.771421,0.000000,3.712283,28.184337,111.830844,1,0,352.423081
1789435612,1,-119.723227,50.772248,0.000000,3.712929,28.845855,114.537195,1,0,352.692906
1789435616,1,-119.722255,50.773083,0.000000,3.711587,28.877538,115.462472,1,0,352.943858
1789435621,1,-119.721038,50.774126,0.000000,3.710977,28.814241,144.344858,1,0,353.257304
1789435626,1,-119.719812,50.775157,0.000000,3.707813,28.690316,143.649591,1,0,353.251193
1789435631,1,-119.718612,50.776192,0.000000,3.760855,28.487346,142.911208,1,0,352.367863
1789435636,1,-119.717437,50.777227,0.000000,3.796186,28.285613,141.873733,1,0,351.769966
1789435640,1,-119.716501,50.778046,0.000000,3.805480,27.944335,112.522087,1,0,351.671717
1789435644,1,-119.715619,50.778868,0.000000,3.809450,27.601401,110.605797,1,0,351.834032
1789435650,1,-119.714643,50.779945,0.000000,3.811723,27.806374,138.184941,1,0,351.934965
1789435654,1,-119.713933,50.780850,0.000000,3.810255,28.288708,112.448489,1,0,352.205280
1789435658,1,-119.713234,50.781783,0.000000,3.807052,28.909939,114.910854,1,0,351.966677
1789435662,1,-119.712639,50.782754,0.000000,3.804264,28.891066,115.889842,1,0,351.607572
1789435667,1,-119.711927,50.783973,0.000000,3.802603,28.893648,144.614001,1,0,350.633907
1789435672,1,-119.711194,50.785184,0.000000,3.802456,28.880819,144.301825,1,0,351.183863
1789435677,1,-119.710265,50.786333,0.000000,3.797130,28.680268,143.639652,1,0,354.381133
1789435681,1,-119.709214,50.787122,0.000000,3.791015,28.808481,114.886648,1,0,358.973374
1789435685,1,-119.707963,50.787782,0.000000,3.787525,28.741909,114.784617,1,0,363.646796
1789435689,1,-119.706594,50.788348,0.000000,3.784658,28.882519,115.268983,1,0,368.886246
1789435693,1,-119.705296,50.788981,0.000000,3.779000,28.848553,115.496159,1,0,373.930076
1789435697,1,-119.704202,50.789752,0.000000,3.770701,28.836666,115.364876,1,0,378.408136
1789435701,1,-119.703320,50.790630,0.000000,3.765837,29.018473,115.799953,1,0,381.428365
1789435705,1,-119.702671,50.791589,0.000000,3.760231,29.054387,116.091744,1,0,382.720072
1789435710,1,-119.702221,50.792860,0.000000,3.754801,29.199719,144.917067,1,0,380.785877
1789435714,1,-119.701976,50.793903,0.000000,3.750329,29.151676,117.313853,1,0,377.189087
1789435718,1,-119.701739,50.794928,0.000000,3.750252,28.556887,115.250164,1,0,374.007268
1789435721,1,-119.701506,50.795944,0.000000,3.750723,28.655441,114.218631,1,0,372.817228
1789435726,1,-119.701212,50.797221,0.000000,3.751832,28.651358,143.571864,1,0,374.423432
1789435730,1,-119.700951,50.798241,0.000000,3.749384,29.005557,114.958557,1,0,375.789787
1789435734,1,-119.700602,50.799261,0.000000,3.744583,29.069153,116.113575,1,0,375.202877
1789435738,1,-119.700138,50.800269,0.000000,3.746866,29.191875,116.815156,1,0,373.176555
1789435742,1,-119.699778,50.801282,0.000000,3.791260,28.761152,115.519995,1,0,372.400035
1789435746,1,-119.699723,50.802316,0.000000,3.818765,28.780423,115.098799,1,0,371.145256
1789435751,1,-119.699810,50.803612,0.000000,3.822988,29.068221,144.311575,1,0,368.588264
1789435756,1,-119.699616,50.804900,0.000000,3.817879,28.477332,143.942387,1,0,365.450235
1789435760,1,-119.699017,50.805818,0.000000,3.814764,27.306732,110.514029,1,0,361.807560
1789435764,1,-119.698096,50.806600,0.000000,3.817767,27.266045,108.555249,1,0,360.167025
1789435768,1,-119.697003,50.807330,0.000000,3.815478,28.558081,111.949536,1,0,360.287510
1789435773,1,-119.695890,50.808081,0.000000,3.815638,28.762442,114.616301,1,0,361.295876
1789435777,1,-119.694768,50.808834,0.000000,3.814808,28.799891,115.213265,1,0,362.118697
1789435781,1,-119.693644,50.809588,0.000000,3.818731,28.806571,115.385269,1,0,363.174800
1789435786,1,-119.692240,50.810518,0.000000,3.814367,28.601136,143.175127,1,0,367.640809
1789435790,1,-119.691033,50.811220,0.000000,3.810142,28.934234,115.490391,1,0,370.386987
1789435794,1,-119.689814,50.811925,0.000000,3.802686,29.121918,116.339713,1,0,370.509143
1789435798,1,-119.688651,50.812671,0.000000,3.795043,29.237187,116.655233,1,0,368.396314
1789435802,1,-119.687565,50.813461,0.000000,3.790183,29.010967,116.552392,1,0,367.519909
1789435807,1,-119.686291,50.814458,0.000000,3.791178,28.468674,142.708300,1,0,368.155519
1789435811,1,-119.685273,50.815268,0.000000,3.789088,28.798420,115.189424,1,0,369.288012
1789435815,1,-119.684218,50.816064,0.000000,3.787291,28.943074,115.634589,1,0,370.746347
1789435820,1,-119.682776,50.817051,0.000000,3.782342,30.400494,149.622333,1,0,372.521898
1789435825,1,-119.681342,50.818062,0.000000,3.781688,30.138872,151.215253,1,0,374.665561
1789435829,1,-119.680202,50.818869,0.000000,3.783808,30.016964,120.484371,1,0,379.147570
1789435833,1,-119.679039,50.819655,0.000000,3.784317,29.949472,119.850306,1,0,386.322846
1789435838,1,-119.677595,50.820652,0.000000,3.784250,30.081478,150.528700,1,0,396.349720
1789435841,1,-119.676440,50.821453,0.000000,3.786228,30.087295,120.692613,1,0,404.187137
1789435845,1,-119.675289,50.822252,0.000000,3.786815,30.094317,120.338371,1,0,411.921285
1789435849,1,-119.674130,50.823049,0.000000,3.787033,30.058436,120.555532,1,0,420.116888
1789435854,1,-119.672805,50.824111,0.000000,3.784315,30.057598,150.595601,1,0,430.242942
1789435858,1,-119.671925,50.825028,0.000000,3.780267,29.457148,119.386445,1,0,437.685571
1789435862,1,-119.671105,50.825920,0.000000,3.777747,27.987567,114.834266,1,0,444.418726
1789435866,1,-119.670166,50.826672,0.000000,3.767304,26.149185,106.665869,1,0,449.279489
1789435871,1,-119.668591,50.827306,0.000000,3.747154,26.628869,131.502418,1,0,454.609212
1789435875,1,-119.667135,50.827642,0.000000,3.738448,27.850994,109.197587,1,0,457.483856
1789435879,1,-119.665645,50.827974,0.000000,3.734713,27.519649,111.303292,1,0,457.807716
1789435883,1,-119.664162,50.828304,0.000000,3.730491,27.857951,110.764135,1,0,456.287580
1789435887,1,-119.662658,50.828636,0.000000,3.729450,28.090022,112.234355,1,0,453.439709
1789435891,1,-119.661113,50.828885,0.000000,3.729154,28.229098,112.340640,1,0,450.614242
1789435896,1,-119.659141,50.829144,0.000000,3.722937,28.477016,141.916941,1,0,447.665062
1789435901,1,-119.657675,50.829545,0.000000,3.714406,27.980668,112.525988,1,0,444.244737
1789435906,1,-119.655973,50.830029,0.000000,3.717072,25.284663,131.455557,1,0,442.131419
1789435910,1,-119.654611,50.830286,0.000000,3.718405,25.061064,100.134070,1,0,441.851609
1789435914,1,-119.653183,50.830449,0.000000,3.717273,25.693307,102.236688,1,0,441.785192
1789435918,1,-119.651726,50.830541,0.000000,3.718812,25.726305,103.167847,1,0,441.658541
1789435922,1,-119.650297,50.830659,0.000000,3.722681,25.351223,101.538240,1,0,441.748678
1789435926,1,-119.648935,50.830930,0.000000,3.716587,25.260366,100.589881,1,0,442.392522
1789435930,1,-119.647689,50.831382,0.000000,3.698081,25.643715,101.173820,1,0,441.038224
1789435935,1,-119.646187,50.832037,0.000000,3.692381,25.393533,128.491225,1,0,438.603012
1789435939,1,-119.645030,50.832562,0.000000,3.690711,24.660195,100.285298,1,0,435.820461
1789435944,1,-119.643677,50.833223,0.000000,3.685232,23.547473,120.398637,1,0,431.065097
1789435948,1,-119.642702,50.833762,0.000000,3.685184,22.184747,91.187474,1,0,427.619787
1789435954,1,-119.641401,50.834591,0.000000,3.683323,21.354391,130.034210,1,0,422.475380
1789435960,1,-119.640184,50.835462,0.000000,3.745671,21.547263,129.386722,1,0,417.733602
1789435965,1,-119.638866,50.836300,0.000000,3.761699,22.465902,131.581359,1,0,412.890644
1789435970,1,-119.637445,50.836846,0.000000,3.769549,24.091401,117.098012,1,0,407.921959
1789435975,1,-119.635952,50.837371,0.000000,3.759617,23.762009,120.311663,1,0,404.068380
1789435980,1,-119.634689,50.838050,0.000000,3.750507,22.996306,116.720330,1,0,399.181171
1789435984,1,-119.633773,50.838619,0.000000,3.750015,22.337287,90.397361,1,0,395.072624
1789435988,1,-119.632877,50.839171,0.000000,3.747054,21.909577,88.067785,1,0,391.464004
1789435994,1,-119.631540,50.839995,0.000000,3.742819,21.881644,131.437807,1,0,386.664875
1789436000,1,-119.630211,50.840814,0.000000,3.740654,21.719807,130.638204,1,0,382.797267
1789436006,1,-119.628795,50.841577,0.000000,3.736342,22.072203,130.976534,1,0,379.619909
1789436010,1,-119.627694,50.841990,0.000000,3.732718,22.608447,90.145594,1,0,377.970224
1789436014,1,-119.626580,50.842396,0.000000,3.733391,22.495274,90.543638,1,0,375.613146
1789436018,1,-119.625498,50.842812,0.000000,3.727664,22.059378,89.169419,1,0,373.922277
1789436022,1,-119.624568,50.843338,0.000000,3.713118,21.741346,87.841576,1,0,370.902567
1789436028,1,-119.623520,50.844032,0.000000,3.706247,21.332848,106.822704,1,0,368.290518
1789436033,1,-119.622322,50.844666,0.000000,3.689877,22.512032,109.984645,1,0,364.956876
1789436037,1,-119.621225,50.845097,0.000000,3.681819,22.637390,90.942804,1,0,363.056399
1789436041,1,-119.620187,50.845552,0.000000,3.677033,21.887835,88.924687,1,0,361.463170
1789436046,1,-119.619030,50.846205,0.000000,3.673960,21.557404,109.173013,1,0,359.316783
1789436052,1,-119.617805,50.846951,0.000000,3.676501,18.786433,119.718976,1,0,357.024132
1789436057,1,-119.616858,50.847529,0.000000,3.676081,18.567448,92.650112,1,0,356.273442
1789436063,1,-119.615671,50.848244,0.000000,3.673945,20.002146,115.400824,1,0,355.368054
1789436068,1,-119.614627,50.848884,0.000000,3.671989,20.578152,102.356272,1,0,355.101520
1789436073,1,-119.613573,50.849524,0.000000,3.670278,20.493998,102.863443,1,0,354.614013
1789436078,1,-119.612525,50.850160,0.000000,3.668863,20.458615,102.250408,1,0,354.108557
1789436083,1,-119.611475,50.850795,0.000000,3.670712,20.469737,102.269418,1,0,353.738921
1789436087,1,-119.610343,50.851379,0.000000,4.609231,20.588868,102.844678,1,0,353.612929
1789436093,1,-119.608850,50.851967,0.000000,4.748099,20.757146,123.835485,1,0,353.103116
1789436098,1,-119.607548,50.852442,0.000000,4.748645,21.464880,105.833249,1,0,353.119958
1789436103,1,-119.606249,50.852988,0.000000,4.748652,22.162618,109.814340,1,0,353.353578
1789436107,1,-119.605283,50.853502,0.000000,4.748652,22.415612,88.872625,1,0,353.536239
1789436111,1,-119.604400,50.854082,0.000000,4.748652,22.407708,89.614827,1,0,353.702635
1789436115,1,-119.603614,50.854713,0.000000,4.748652,22.321460,89.399363,1,0,353.864899
1789436119,1,-119.602938,50.855399,0.000000,4.748652,22.671768,89.950589,1,0,354.218899
1789436123,1,-119.602346,50.856132,0.000000,4.748652,23.055921,91.585407,1,0,354.225538
1789436127,1,-119.601773,50.856879,0.000000,4.748652,23.030735,92.382755,1,0,354.339130
1789436131,1,-119.601198,50.857628,0.000000,4.748652,23.337369,92.644432,1,0,354.254701
1789436136,1,-119.600451,50.858598,0.000000,4.748652,24.360251,120.052230,1,0,354.478645
1789436140,1,-119.599840,50.859395,0.000000,4.748652,24.729113,98.555476,1,0,354.594697
1789436145,1,-119.599068,50.860402,0.000000,4.748652,24.738733,124.523941,1,0,354.657092
1789436150,1,-119.598465,50.861186,0.000000,4.748652,23.677364,97.006528,1,0,356.185027
1789436154,1,-119.597891,50.861930,0.000000,4.748652,22.455171,92.111714,1,0,358.556841
1789436158,1,-119.597300,50.862636,0.000000,4.748652,22.258466,88.886398,1,0,361.441530
1789436162,1,-119.596465,50.863260,0.000000,4.748652,23.167674,90.972486,1,0,363.415825
1789436167,1,-119.595050,50.863824,0.000000,4.748652,24.059755,117.744088,1,0,363.439358
1789436171,1,-119.593728,50.864153,0.000000,4.748652,25.691047,100.021663,1,0,361.141598
1789436176,1,-119.591987,50.864586,0.000000,4.748652,26.650298,131.711693,1,0,357.416500
1789436181,1,-119.590352,50.865168,0.000000,4.748652,26.160107,132.081837,1,0,353.426117
1789436186,1,-119.588918,50.865873,0.000000,4.748652,25.182037,127.845763,1,0,352.554850
1789436190,1,-119.587917,50.866502,0.000000,4.748652,24.613883,99.315257,1,0,352.093226
1789436195,1,-119.586758,50.867281,0.000000,4.748652,23.252371,119.034364,1,0,351.775856
1789436200,1,-119.585627,50.868023,0.000000,4.748652,23.083258,114.694433,1,0,352.030946
1789436205,1,-119.584372,50.868746,0.000000,4.748652,24.259243,119.485687,1,0,352.489059
1789436208,1,-119.583266,50.869256,0.000000,4.748652,23.834853,96.345958,1,0,353.037976
1789436212,1,-119.582111,50.869697,0.000000,4.748652,23.685552,94.971230,1,0,353.006094
1789436216,1,-119.580907,50.870101,0.000000,4.748652,24.323728,95.945441,1,0,354.311073
1789436221,1,-119.579353,50.870660,0.000000,4.748652,25.295622,125.838262,1,0,356.011068
1789436225,1,-119.578213,50.871182,0.000000,4.748652,24.448061,99.060675,1,0,357.736130
1789436230,1,-119.576916,50.871877,0.000000,4.748652,23.345069,119.645323,1,0,359.040715
1789436235,1,-119.575523,50.872367,0.000000,4.748652,22.410969,112.196665,1,0,360.107535
1789436240,1,-119.573914,50.872465,0.000000,4.748652,23.161864,113.792372,1,0,360.823380
1789436245,1,-119.572321,50.872622,0.000000,4.748652,22.616427,113.494609,1,0,361.476359
1789436249,1,-119.571230,50.873037,0.000000,4.748652,22.513638,89.612307,1,0,361.540062
1789436253,1,-119.570433,50.873664,0.000000,4.748652,22.659429,89.519301,1,0,361.881381
1789436257,1,-119.569937,50.874434,0.000000,4.748652,23.459327,92.506946,1,0,361.543547
1789436262,1,-119.569276,50.875391,0.000000,4.748652,22.962178,116.191041,1,0,361.155309
1789436266,1,-119.568491,50.876010,0.000000,4.748652,21.134902,88.293052,1,0,359.593203
1789436271,1,-119.567475,50.876622,0.000000,4.748652,18.831762,98.743852,1,0,357.525273
1789436278,1,-119.566309,50.877314,0.000000,4.748652,18.820278,112.530952,1,0,356.755696
1789436283,1,-119.565224,50.877869,0.000000,4.748652,20.134836,98.210604,1,0,355.782767
1789436288,1,-119.563862,50.878241,0.000000,4.748652,21.126098,104.422744,1,0,354.358194
1789436293,1,-119.562468,50.878568,0.000000,4.748652,20.952727,104.650647,1,0,353.508508
1789436298,1,-119.561281,50.879145,0.000000,4.748652,21.099476,105.365029,1,0,352.688545
1789436304,1,-119.559976,50.879870,0.000000,4.748652,19.930209,122.244714,1,0,352.829134
1789436309,1,-119.558830,50.880405,0.000000,4.748652,20.237281,100.241433,1,0,353.070518
1789436314,1,-119.557571,50.880892,0.000000,4.748652,21.130609,103.862460,1,0,353.342451
1789436319,1,-119.556213,50.881317,0.000000,4.748652,21.417241,106.634772,1,0,353.696380
1789436325,1,-119.554501,50.881716,0.000000,4.748652,21.380453,128.410885,1,0,354.046365
1789436330,1,-119.552718,50.881988,0.000000,4.748652,21.756769,129.088540,1,0,354.793461
1789436335,1,-119.551168,50.882137,0.000000,4.748652,22.278299,110.344781,1,0,355.702680
1789436340,1,-119.549710,50.882559,0.000000,4.748652,23.298895,112.847219,1,0,360.326614
1789436344,1,-119.548552,50.882982,0.000000,4.748652,23.259909,94.113346,1,0,363.372799
1789436348,1,-119.547410,50.883396,0.000000,4.748652,22.950843,92.637984,1,0,364.919236
1789436352,1,-119.546282,50.883778,0.000000,4.748652,22.275936,90.050549,1,0,365.174165
1789436357,1,-119.544789,50.884128,0.000000,4.748652,22.396024,112.063348,1,0,363.826555
1789436361,1,-119.543578,50.884353,0.000000,4.748652,22.157122,88.832787,1,0,360.890875
1789436366,1,-119.542207,50.884796,0.000000,4.748652,21.559434,108.351812,1,0,357.274410
1789436372,1,-119.540927,50.885631,0.000000,4.748652,21.619515,129.398357,1,0,355.510778
1789436377,1,-119.539964,50.886377,0.000000,4.748652,21.354786,107.149043,1,0,354.989409
1789436383,1,-119.538422,50.887051,0.000000,4.748652,22.703122,131.904126,1,0,354.834975
1789436388,1,-119.536917,50.887364,0.000000,4.748652,21.853180,111.491305,1,0,354.445736
1789436393,1,-119.535607,50.887811,0.000000,4.748652,20.628135,104.748219,1,0,354.131179
1789436398,1,-119.534612,50.888441,0.000000,4.748652,19.454136,99.073936,1,0,353.845500
1789436405,1,-119.533874,50.889320,0.000000,4.748652,17.721434,110.726804,1,0,353.729706
1789436410,1,-119.533599,50.890090,0.000000,4.748652,17.667347,87.823118,1,0,353.301933
1789436415,1,-119.533403,50.890928,0.000000,4.748652,19.428380,94.244089,1,0,353.003987
1789436420,1,-119.532813,50.891717,0.000000,4.748652,19.784985,97.100972,1,0,352.523670
1789436425,1,-119.531624,50.892190,0.000000,4.748652,19.889839,98.838765,1,0,352.276039
1789436431,1,-119.529979,50.892157,0.000000,4.748652,19.263441,115.811334,1,0,352.356500
1789436436,1,-119.528650,50.892058,0.000000,4.748652,18.883693,94.163620,1,0,352.372108
1789436441,1,-119.527327,50.892230,0.000000,4.748652,19.264640,95.041344,1,0,353.473914
1789436446,1,-119.526019,50.892419,0.000000,4.748652,18.758441,94.410846,1,0,353.908969
1789436450,1,-119.524684,50.892483,0.000000,4.748652,18.919987,94.208943,1,0,354.097101
1789436456,1,-119.523022,50.892450,0.000000,4.748652,19.993120,117.007011,1,0,354.714939
1789436462,1,-119.521329,50.892504,0.000000,4.748652,20.107508,119.282163,1,0,355.712228
1789436467,1,-119.519925,50.892704,0.000000,4.748652,20.209186,101.269450,1,0,356.587944
1789436472,1,-119.518498,50.892646,0.000000,4.748652,20.016603,100.620381,1,0,356.828800
1789436478,1,-119.516970,50.892187,0.000000,4.748652,20.158994,119.030400,1,0,357.053955
1789436483,1,-119.515791,50.891661,0.000000,4.748652,20.289911,101.524361,1,0,357.565695
1789436488,1,-119.514588,50.891120,0.000000,4.748652,21.215103,103.867033,1,0,359.071646
1789436494,1,-119.513071,50.890443,0.000000,4.748652,22.104553,130.642919,1,0,362.999871
1789436499,1,-119.511774,50.889845,0.000000,4.748652,22.947560,112.940446,1,0,368.067146
1789436503,1,-119.510798,50.889291,0.000000,4.748652,22.794330,92.279019,1,0,371.801913
1789436507,1,-119.509933,50.888686,0.000000,4.748652,22.702643,90.747917,1,0,374.757981
1789436512,1,-119.508907,50.887883,0.000000,4.748652,23.189705,114.861824,1,0,377.169208
1789436516,1,-119.508062,50.887218,0.000000,4.748652,24.111752,94.915735,1,0,379.075095
1789436521,1,-119.506981,50.886362,0.000000,4.748652,23.477729,121.882529,1,0,381.462629
1789436526,1,-119.506135,50.885689,0.000000,4.748652,17.246240,95.654926,1,0,381.662271
1789436532,1,-119.505391,50.885117,0.000000,4.748652,16.628721,82.407835,1,0,381.801108
1789436537,1,-119.504486,50.884535,0.000000,4.748652,19.201738,90.822592,1,0,381.908610
1789436542,1,-119.503366,50.883959,0.000000,4.748652,21.002821,101.582387,1,0,381.604915
1789436548,1,-119.501835,50.883357,0.000000,4.748652,21.205392,126.862994,1,0,381.101763
1789436554,1,-119.500138,50.882895,0.000000,4.748652,22.015652,130.016740,1,0,381.770328
1789436558,1,-119.498921,50.882668,0.000000,4.748652,22.506279,89.291747,1,0,383.424830
1789436562,1,-119.497657,50.882461,0.000000,2.973954,23.323728,91.886316,1,0,386.057256
1789436567,1,-119.495996,50.882189,0.000000,2.971109,24.576168,120.745821,1,0,389.927831
1789436570,1,-119.494653,50.881968,0.000000,2.972069,23.805831,97.658998,1,0,391.976938
1789436575,1,-119.493131,50.881718,0.000000,2.960739,20.890193,110.662611,1,0,391.486636
1789436580,1,-119.491697,50.881481,0.000000,2.956623,21.388186,104.305027,1,0,390.508936
1789436584,1,-119.490469,50.881281,0.000000,2.960925,22.661473,89.238651,1,0,388.546427
1789436588,1,-119.489200,50.881071,0.000000,2.962220,23.311289,92.310955,1,0,387.668180
1789436592,1,-119.487893,50.880850,0.000000,2.967251,24.082987,95.209204,1,0,388.090385
1789436596,1,-119.486560,50.880593,0.000000,2.964528,24.676592,98.070029,1,0,390.773111
1789436601,1,-119.484947,50.880207,0.000000,2.962923,23.557186,121.377333,1,0,393.768646
1789436605,1,-119.483732,50.879893,0.000000,2.958065,22.813010,92.374664,1,0,394.866747
1789436610,1,-119.482258,50.879516,0.000000,2.958853,22.097709,111.901246,1,0,395.331356
1789436616,1,-119.480581,50.879082,0.000000,2.959686,20.486924,127.525250,1,0,397.586731
1789436622,1,-119.478961,50.878661,0.000000,2.955072,21.083636,123.264707,1,0,399.881828
1789436628,1,-119.477222,50.878210,0.000000,2.954109,22.470618,132.280281,1,0,400.077409
1789436633,1,-119.475827,50.877855,0.000000,3.033941,20.015103,105.829225,1,0,397.936054
1789436638,1,-119.474610,50.877540,0.000000,3.061336,17.803679,92.547099,1,0,395.936546
1789436644,1,-119.473224,50.877198,0.000000,3.074033,17.484159,104.707581,1,0,395.232767
1789436649,1,-119.472050,50.876994,0.000000,3.080957,16.753414,85.689094,1,0,395.536207
1789436656,1,-119.470726,50.876901,0.000000,3.081702,14.518056,93.758868,1,0,396.666132
1789436662,1,-119.469624,50.876891,0.000000,3.074456,12.391155,77.569343,1,0,397.132271
1789436668,1,-119.468420,50.876892,0.000000,3.069103,15.634106,84.740446,1,0,397.691487
1789436674,1,-119.466920,50.876906,0.000000,3.067267,18.454915,105.585042,1,0,397.124769
1789436680,1,-119.465426,50.876908,0.000000,3.065894,15.777615,105.151477,1,0,395.478929
1789436687,1,-119.464003,50.876911,0.000000,3.065391,14.441366,100.154625,1,0,393.932979
1789436693,1,-119.462451,50.876921,0.000000,3.068113,16.070838,109.239045,1,0,394.125480
1789436699,1,-119.461013,50.876926,0.000000,3.124078,17.173456,101.211332,1,0,395.155984
1789436704,1,-119.459774,50.876914,0.000000,3.174624,17.736307,87.213941,1,0,394.774738
1789436710,1,-119.458192,50.876909,0.000000,3.194721,19.452124,111.346242,1,0,393.712780
1789436716,1,-119.456389,50.876927,0.000000,3.195974,22.257104,126.915127,1,0,392.622915
1789436721,1,-119.454814,50.876928,0.000000,3.195674,21.747010,110.852208,1,0,393.046970
1789436727,1,-119.453029,50.876934,0.000000,3.199185,20.018014,125.634239,1,0,395.362425
1789436732,1,-119.451574,50.876937,0.000000,3.203231,21.447191,102.406885,1,0,398.713837
1789436737,1,-119.449893,50.876937,0.000000,3.203460,25.093934,118.312833,1,0,403.679427
1789436741,1,-119.448357,50.876940,0.000000,3.200710,28.010742,108.107977,1,0,408.055010
1789436746,1,-119.446239,50.876942,0.000000,3.203169,30.140087,149.070320,1,0,412.163984
1789436750,1,-119.444507,50.876948,0.000000,3.273412,30.410428,121.904383,1,0,413.285648
1789436755,1,-119.442347,50.876953,0.000000,3.309154,30.316612,152.027327,1,0,414.463949
1789436759,1,-119.440630,50.876960,0.000000,3.317415,30.149800,120.849383,1,0,416.952660
1789436764,1,-119.438490,50.876988,0.000000,3.325613,30.173780,150.650994,1,0,421.471373
1789436768,1,-119.436771,50.876990,0.000000,3.326705,30.242248,120.987985,1,0,424.911771
1789436772,1,-119.435052,50.876997,0.000000,3.329585,30.253808,120.990354,1,0,428.534945
1789436777,1,-119.432912,50.877125,0.000000,3.324792,30.244566,151.290745,1,0,432.780851
1789436782,1,-119.431200,50.877214,0.000000,3.322263,30.237821,120.901460,1,0,436.618117
1789436787,1,-119.429070,50.877375,0.000000,3.321643,30.241024,150.981674,1,0,440.908747
1789436792,1,-119.426971,50.877600,0.000000,3.324191,29.640154,149.839363,1,0,444.765545
1789436796,1,-119.425347,50.877826,0.000000,3.323684,29.120079,117.034602,1,0,447.279928
1789436801,1,-119.423353,50.878111,0.000000,3.325223,28.741304,143.880764,1,0,450.484990
1789436806,1,-119.421351,50.878389,0.000000,3.322836,28.845955,144.261147,1,0,454.068749
1789436809,1,-119.419714,50.878463,0.000000,3.320946,28.620985,115.510747,1,0,456.947904
1789436813,1,-119.418096,50.878370,0.000000,3.319795,29.101947,114.348814,1,0,459.377070
1789436817,1,-119.416421,50.878263,0.000000,3.315462,29.862209,118.491132,1,0,462.449589
1789436821,1,-119.414719,50.878218,0.000000,3.310404,30.103666,119.896620,1,0,466.505170
1789436826,1,-119.412612,50.878452,0.000000,3.308199,30.204346,150.565057,1,0,471.946317
1789436831,1,-119.410577,50.878883,0.000000,3.311182,30.203631,151.043203,1,0,477.196089
1789436835,1,-119.408998,50.879197,0.000000,3.305791,28.151333,116.496365,1,0,480.820570
1789436840,1,-119.407142,50.879441,0.000000,3.296314,26.064740,133.422166,1,0,483.443068
1789436845,1,-119.405336,50.879223,0.000000,3.279252,26.139206,129.405418,1,0,484.386585
1789436849,1,-119.403902,50.878932,0.000000,3.281173,26.569300,105.995037,1,0,485.579007
1789436854,1,-119.402008,50.878817,0.000000,3.271540,27.023726,133.918628,1,0,486.913737
1789436858,1,-119.400529,50.878909,0.000000,3.265169,25.571595,104.598974,1,0,486.926615
1789436862,1,-119.399111,50.879005,0.000000,3.273648,24.938026,100.373455,1,0,487.520214
1789436867,1,-119.397335,50.879047,0.000000,3.270264,25.046249,125.088165,1,0,488.543426
1789436871,1,-119.395922,50.878915,0.000000,3.264806,25.204001,100.530150,1,0,490.145282
1789436875,1,-119.394559,50.878626,0.000000,3.257531,25.252638,101.177292,1,0,490.747827
1789436880,1,-119.393006,50.878036,0.000000,3.245902,25.499348,127.500235,1,0,491.623915
1789436884,1,-119.391923,50.877422,0.000000,3.240893,25.544085,102.355185,1,0,492.089954
1789436889,1,-119.390735,50.876541,0.000000,3.234238,25.749460,128.835351,1,0,492.799558
1789436893,1,-119.389784,50.875833,0.000000,3.230618,25.892162,103.366740,1,0,493.454334
1789436897,1,-119.388826,50.875118,0.000000,3.229155,26.306255,104.283857,1,0,493.445246
1789436901,1,-119.387847,50.874391,0.000000,3.228344,26.621061,106.258423,1,0,492.885526
1789436906,1,-119.386911,50.873632,0.000000,3.227650,26.946943,107.104711,1,0,492.129285
1789436911,1,-119.386089,50.872540,0.000000,3.222570,26.484174,134.564917,1,0,491.110179
1789436915,1,-119.385644,50.871634,0.000000,3.221204,26.816078,105.551550,1,0,490.502039
1789436919,1,-119.385064,50.870707,0.000000,3.218577,28.087050,110.919812,1,0,489.076771
1789436923,1,-119.384180,50.869855,0.000000,3.211606,28.692450,113.392067,1,0,487.271763
1789436927,1,-119.383036,50.869110,0.000000,3.207102,29.325466,115.567614,1,0,484.390767
1789436930,1,-119.381866,50.868311,0.000000,3.204113,30.534207,121.185867,1,0,479.841651
1789436934,1,-119.380943,50.867390,0.000000,3.204379,30.428751,121.330955,1,0,474.495808
1789436939,1,-119.379775,50.866265,0.000000,3.198137,29.154493,149.753892,1,0,468.049357
1789436943,1,-119.378610,50.865561,0.000000,3.192682,28.266699,113.405318,1,0,463.305990
1789436947,1,-119.377418,50.864899,0.000000,3.191208,27.777128,111.658115,1,0,459.702970
1789436951,1,-119.376223,50.864249,0.000000,3.190866,27.768041,110.942102,1,0,457.084535
1789436955,1,-119.375076,50.863561,0.000000,3.191258,27.790187,111.266402,1,0,455.208138
1789436959,1,-119.373981,50.862827,0.000000,3.188800,28.190260,112.302850,1,0,454.220547
1789436963,1,-119.372968,50.862038,0.000000,3.188474,28.293748,113.101160,1,0,453.343200
1789436967,1,-119.372029,50.861208,0.000000,3.186773,28.486520,113.566894,1,0,452.256635
1789436971,1,-119.371182,50.860333,0.000000,3.185438,28.567668,114.160391,1,0,450.257771
1789436975,1,-119.370421,50.859424,0.000000,3.185035,28.575372,114.448658,1,0,448.183186
1789436979,1,-119.369755,50.858484,0.000000,3.185830,28.671046,114.611500,1,0,445.780821
1789436984,1,-119.368902,50.857317,0.000000,3.184291,28.630392,143.052721,1,0,443.506435
1789436989,1,-119.367677,50.856298,0.000000,3.177173,28.704322,142.451233,1,0,441.293706
1789436993,1,-119.366404,50.855669,0.000000,3.172300,28.565963,113.717659,1,0,440.738254
1789436997,1,-119.364922,50.855236,0.000000,3.175229,29.340643,114.935618,1,0,441.793309
1789437002,1,-119.362992,50.854737,0.000000,3.176443,29.266710,146.813671,1,0,445.563559
1789437006,1,-119.361442,50.854333,0.000000,3.174837,29.557249,118.044557,1,0,448.534624
1789437010,1,-119.359890,50.853905,0.000000,3.174647,29.992197,119.215953,1,0,449.825795
1789437014,1,-119.358288,50.853487,0.000000,3.171375,30.701345,122.023724,1,0,448.618452
1789437019,1,-119.356276,50.852929,0.000000,3.166584,30.959998,154.690573,1,0,444.890334
1789437023,1,-119.354649,50.852503,0.000000,3.166773,31.278473,123.990577,1,0,443.283257
1789437027,1,-119.352997,50.852067,0.000000,3.164028,31.411969,126.043161,1,0,443.920270
1789437032,1,-119.351335,50.851659,0.000000,3.163567,31.268007,125.533782,1,0,445.660679
1789437036,1,-119.349675,50.851239,0.000000,3.161246,31.507188,125.891905,1,0,447.679779
1789437039,1,-119.348025,50.850777,0.000000,3.159965,31.721842,127.055634,1,0,447.827339
1789437043,1,-119.346421,50.850297,0.000000,3.163195,30.945937,124.942765,1,0,445.911375
1789437047,1,-119.344889,50.849768,0.000000,3.163723,30.511671,122.903848,1,0,443.637909
1789437051,1,-119.343415,50.849207,0.000000,4.501226,30.278147,121.129125,1,0,441.369893
1789437056,1,-119.341586,50.848509,0.000000,4.748387,30.034613,150.410293,1,0,438.485963
1789437061,1,-119.339771,50.847813,0.000000,4.748652,29.904270,149.451265,1,0,435.924632
1789437066,1,-119.337932,50.847125,0.000000,4.748652,30.169493,150.444701,1,0,432.871060
1789437070,1,-119.336461,50.846565,0.000000,4.748652,30.317552,120.890518,1,0,430.569328
1789437074,1,-119.334977,50.846003,0.000000,4.748652,30.494919,121.790079,1,0,427.066443
1789437079,1,-119.333128,50.845278,0.000000,4.748652,30.668143,153.178179,1,0,420.351850
1789437083,1,-119.331722,50.844627,0.000000,4.748652,30.482499,122.690562,1,0,413.783755
1789437087,1,-119.330514,50.843831,0.000000,4.748652,30.525241,122.809042,1,0,407.432430
1789437092,1,-119.329325,50.842679,0.000000,4.748652,30.482310,153.099440,1,0,399.467277
1789437096,1,-119.328516,50.841709,0.000000,4.748652,30.483630,122.035162,1,0,393.315669
1789437100,1,-119.327773,50.840717,0.000000,4.748652,30.314894,122.141768,1,0,387.763152
1789437104,1,-119.327121,50.839705,0.000000,4.748652,30.237931,121.594700,1,0,384.101352
1789437108,1,-119.326523,50.838682,0.000000,4.748652,30.374958,121.356367,1,0,381.377084
1789437112,1,-119.325945,50.837649,0.000000,4.748652,30.561687,121.922585,1,0,379.212019
1789437117,1,-119.325213,50.836354,0.000000,4.748652,30.590509,153.020682,1,0,376.120325
1789437122,1,-119.324484,50.835058,0.000000,4.748652,30.621613,153.055881,1,0,373.353755
1789437126,1,-119.323904,50.834021,0.000000,4.748652,30.606745,122.390170,1,0,371.157625
1789437130,1,-119.323329,50.832984,0.000000,4.748652,30.499486,122.272983,1,0,369.367475
1789437135,1,-119.322608,50.831698,0.000000,4.748652,30.319499,151.818707,1,0,369.550379
1789437140,1,-119.321883,50.830406,0.000000,4.748652,30.533266,152.543632,1,0,369.685270
1789437144,1,-119.321298,50.829369,0.000000,4.748652,30.588403,122.509465,1,0,370.059661
1789437148,1,-119.320719,50.828331,0.000000,4.748652,30.603840,122.472788,1,0,370.566302
1789437153,1,-119.320182,50.827000,0.000000,4.748652,30.619716,152.832996,1,0,371.020214
1789437157,1,-119.320022,50.825901,0.000000,4.748652,30.469044,122.784016,1,0,371.250524
1789437161,1,-119.320017,50.824806,0.000000,4.748652,30.391689,121.820844,1,0,373.050301
1789437165,1,-119.320010,50.823719,0.000000,4.748652,30.093324,120.931393,1,0,378.081397
1789437169,1,-119.320013,50.822640,0.000000,4.748652,30.143651,120.040673,1,0,384.883456
1789437174,1,-119.320009,50.821281,0.000000,4.748652,30.305953,151.191270,1,0,393.845060
1789437178,1,-119.320011,50.820188,0.000000,4.748652,30.429558,121.598303,1,0,401.212046
1789437182,1,-119.320005,50.819094,0.000000,4.748652,30.506268,121.710346,1,0,408.277801
1789437186,1,-119.320012,50.817991,0.000000,4.748652,30.794073,122.711994,1,0,414.052451
1789437191,1,-119.320008,50.816601,0.000000,4.748652,31.001856,154.640600,1,0,418.962591
1789437195,1,-119.320006,50.815490,0.000000,4.748652,30.855553,123.601176,1,0,421.542994
1789437199,1,-119.320016,50.814379,0.000000,4.748652,30.931648,123.603144,1,0,423.029576
1789437204,1,-119.320008,50.812992,0.000000,4.748652,30.940040,154.307773,1,0,422.878404
1789437209,1,-119.320004,50.811608,0.000000,4.748652,30.675192,153.973097,1,0,421.756910
1789437214,1,-119.320030,50.810232,0.000000,4.748652,30.571536,153.093759,1,0,420.157075
1789437218,1,-119.320152,50.809136,0.000000,4.748652,30.539335,122.235046,1,0,418.994616
1789437222,1,-119.320521,50.808060,0.000000,4.748652,30.594927,122.500069,1,0,417.828242
1789437226,1,-119.321110,50.807022,0.000000,4.748652,30.609201,122.716778,1,0,416.297302
1789437230,1,-119.321926,50.806048,0.000000,4.748652,30.680421,122.680405,1,0,414.866232
1789437234,1,-119.322914,50.805141,0.000000,4.748652,30.670424,122.607150,1,0,413.462792
1789437239,1,-119.324165,50.804016,0.000000,4.748652,30.590487,153.105602,1,0,411.914085
1789437243,1,-119.325019,50.803068,0.000000,4.748652,30.408831,121.438477,1,0,411.073937
1789437247,1,-119.325534,50.802034,0.000000,4.748652,30.474334,120.627922,1,0,410.337102
1789437251,1,-119.325677,50.800940,0.000000,4.748652,30.818855,122.126115,1,0,408.520952
1789437255,1,-119.325686,50.799831,0.000000,4.748652,30.774064,123.379662,1,0,406.497665
1789437259,1,-119.325834,50.798736,0.000000,4.748652,30.286831,122.266482,1,0,403.777271
1789437264,1,-119.326469,50.797441,0.000000,4.748652,30.462164,150.866901,1,0,399.082146
1789437268,1,-119.326892,50.796366,0.000000,4.748652,31.146605,123.257809,1,0,394.155025
1789437272,1,-119.326949,50.795263,0.000000,4.748651,30.948700,122.775900,1,0,387.687375
1789437277,1,-119.326861,50.793875,0.000000,4.748652,30.514673,154.541126,1,0,379.054376
1789437281,1,-119.327152,50.792809,0.000000,4.748652,29.855088,120.355510,1,0,373.824015
1789437285,1,-119.327613,50.791751,0.000000,4.748652,30.779214,122.109590,1,0,368.099893
1789437289,1,-119.328074,50.790681,0.000000,4.748652,30.883399,123.396831,1,0,362.765518
1789437294,1,-119.328655,50.789344,0.000000,4.748652,30.658485,154.280845,1,0,356.844111
1789437298,1,-119.329132,50.788295,0.000000,4.748652,30.295553,121.452872,1,0,354.744568
1789437302,1,-119.329794,50.787290,0.000000,4.748652,30.158189,121.161615,1,0,355.071157
1789437307,1,-119.330978,50.786154,0.000000,4.748652,30.410135,151.471199,1,0,358.742013
1789437311,1,-119.332050,50.785289,0.000000,4.748652,30.577682,122.374370,1,0,362.293060
1789437315,1,-119.333102,50.784417,0.000000,4.748652,30.673098,122.125901,1,0,365.775164
1789437319,1,-119.334080,50.783499,0.000000,4.748652,30.929254,123.238640,1,0,367.507466
1789437324,1,-119.335174,50.782307,0.000000,4.748652,30.348134,153.423453,1,0,367.602494
1789437329,1,-119.336153,50.781137,0.000000,4.748652,28.681354,147.342484,1,0,365.150137
1789437334,1,-119.337172,50.780059,0.000000,4.748652,27.779451,139.812829,1,0,363.062874
1789437338,1,-119.338054,50.779223,0.000000,4.748652,28.047847,111.890387,1,0,361.576310
1789437342,1,-119.338945,50.778388,0.000000,4.748652,27.970411,112.156123,1,0,360.214853
1789437346,1,-119.339747,50.777518,0.000000,4.748652,28.258005,112.106744,1,0,358.725326
1789437350,1,-119.340323,50.776578,0.000000,4.748652,28.125119,112.190150,1,0,358.079850
1789437354,1,-119.340652,50.775595,0.000000,4.748652,27.971667,111.794076,1,0,358.174068
1789437359,1,-119.340675,50.774344,0.000000,4.748652,27.896014,139.183591,1,0,360.368631
1789437363,1,-119.340427,50.773351,0.000000,4.748652,28.057963,111.848159,1,0,362.813965
1789437367,1,-119.339937,50.772393,0.000000,4.748652,28.084741,112.042927,1,0,365.596623
1789437371,1,-119.339384,50.771446,0.000000,4.748652,28.117206,112.344383,1,0,368.968287
1789437376,1,-119.338699,50.770255,0.000000,4.748652,28.324456,141.035552,1,0,373.022293
1789437380,1,-119.338181,50.769287,0.000000,4.748652,28.445993,113.721054,1,0,374.028379
1789437384,1,-119.337895,50.768283,0.000000,4.748652,28.148267,113.503227,1,0,374.481968
1789437388,1,-119.337872,50.767266,0.000000,4.748652,28.344404,113.153280,1,0,375.213233
1789437392,1,-119.337572,50.766260,0.000000,4.748652,28.533128,113.901616,1,0,376.934636
1789437396,1,-119.336632,50.765442,0.000000,4.748652,28.177746,112.603225,1,0,379.357547
1789437401,1,-119.335237,50.764564,0.000000,4.748652,27.627147,138.661449,1,0,385.781730
1789437405,1,-119.334244,50.763785,0.000000,4.748652,27.918108,111.438741,1,0,391.188695
1789437410,1,-119.333113,50.762751,0.000000,4.748652,28.021213,140.003418,1,0,398.171007
1789437414,1,-119.332215,50.761923,0.000000,4.748652,27.987651,111.803377,1,0,404.338011
1789437418,1,-119.331156,50.761172,0.000000,4.748652,28.126277,112.088539,1,0,410.402712
1789437422,1,-119.329910,50.760534,0.000000,4.748652,28.469228,112.991896,1,0,414.285222
1789437427,1,-119.328293,50.759770,0.000000,4.748652,28.489490,142.273139,1,0,415.083137
1789437432,1,-119.326927,50.758849,0.000000,4.748652,27.866658,140.670717,1,0,413.244548
1789437437,1,-119.325808,50.757856,0.000000,4.748652,27.019829,135.791471,1,0,407.810404
1789437442,1,-119.325236,50.756708,0.000000,4.748652,26.910345,133.942401,1,0,401.036738
1789437446,1,-119.325151,50.755724,0.000000,4.748652,27.832251,109.634788,1,0,395.388361
1789437450,1,-119.325095,50.754704,0.000000,4.748652,28.621072,113.544297,1,0,390.065073
1789437454,1,-119.325087,50.753679,0.000000,4.748652,28.459710,114.033064,1,0,384.703489
1789437458,1,-119.325266,50.752662,0.000000,4.748652,28.459754,113.844524,1,0,378.896951
1789437462,1,-119.325517,50.751657,0.000000,4.748651,28.166060,113.200916,1,0,373.210819
1789437466,1,-119.325552,50.750644,0.000000,4.748651,28.139936,112.723327,1,0,367.518000
1789437470,1,-119.325189,50.749669,0.000000,4.748651,27.973646,111.452882,1,0,363.308742
1789437474,1,-119.324492,50.748766,0.000000,4.748651,27.915826,111.855096,1,0,360.348068
1789437479,1,-119.323593,50.747651,0.000000,4.748651,27.867356,139.330401,1,0,358.362503
1789437484,1,-119.323067,50.746441,0.000000,4.748651,28.023327,139.637859,1,0,357.041180
1789437489,1,-119.322987,50.745175,0.000000,4.748652,28.170159,140.955223,1,0,355.667522
1789437494,1,-119.322987,50.743916,0.000000,4.748652,27.934703,140.063323,1,0,355.946050
1789437498,1,-119.322972,50.742912,0.000000,4.748652,27.970944,111.699597,1,0,356.937034
1789437503,1,-119.322794,50.741662,0.000000,4.748652,28.065416,139.628493,1,0,359.817466
1789437507,1,-119.322507,50.740668,0.000000,4.748652,28.192221,112.422562,1,0,361.766100
1789437512,1,-119.321953,50.739453,0.000000,4.748651,28.204694,140.711614,1,0,364.639473
1789437516,1,-119.321388,50.738507,0.000000,4.748652,28.205573,112.545690,1,0,366.998039
1789437520,1,-119.320701,50.737593,0.000000,4.748652,28.141781,112.656499,1,0,369.472544
1789437524,1,-119.319985,50.736677,0.000000,4.748651,28.447185,113.752224,1,0,370.165267
1789437528,1,-119.319264,50.735756,0.000000,4.748651,28.623355,114.407400,1,0,368.368725
1789437532,1,-119.318543,50.734837,0.000000,4.748651,28.418405,114.208133,1,0,365.212433
1789437536,1,-119.317826,50.733924,0.000000,4.748651,28.217652,113.484696,1,0,362.472240
1789437540,1,-119.317114,50.733018,0.000000,4.748651,28.154596,112.632330,1,0,359.149441
1789437544,1,-119.316410,50.732114,0.000000,4.748651,28.037725,112.181818,1,0,356.848324
1789437548,1,-119.315903,50.731162,0.000000,4.748652,27.981416,111.795079,1,0,356.059939
1789437552,1,-119.315704,50.730163,0.000000,4.748652,28.070166,112.022701,1,0,355.208456
1789437556,1,-119.315795,50.729154,0.000000,4.748652,28.061604,112.434328,1,0,354.792641
1789437560,1,-119.315986,50.728154,0.000000,4.748652,27.964952,112.063765,1,0,355.031295
1789437565,1,-119.316222,50.726902,0.000000,4.748652,28.118539,140.277400,1,0,355.608117
1789437569,1,-119.316409,50.725896,0.000000,4.748652,28.145514,112.693011,1,0,356.018022
1789437574,1,-119.316649,50.724639,0.000000,4.748652,28.152436,140.863452,1,0,357.316916
1789437578,1,-119.316832,50.723632,0.000000,4.748652,28.171036,112.770873,1,0,358.166408
1789437582,1,-119.317019,50.722626,0.000000,4.748652,28.172793,112.693118,1,0,358.502176
1789437586,1,-119.317211,50.721620,0.000000,4.748652,28.130509,112.735047,1,0,359.165622
1789437590,1,-119.317398,50.720617,0.000000,4.748652,28.036411,112.361699,1,0,360.014451
1789437594,1,-119.317589,50.719612,0.000000,4.748652,28.122486,112.616154,1,0,360.772294
1789437599,1,-119.317819,50.718357,0.000000,4.748652,28.038397,140.559500,1,0,362.176774
1789437604,1,-119.318066,50.717104,0.000000,4.748651,28.098214,140.482558,1,0,363.765516
1789437608,1,-119.318226,50.716099,0.000000,4.748651,28.031929,112.375079,1,0,364.852956
1789437612,1,-119.318415,50.715095,0.000000,4.748652,28.259892,112.489033,1,0,366.871027
1789437616,1,-119.318920,50.714142,0.000000,4.748652,28.120368,111.858842,1,0,368.929221
1789437621,1,-119.319955,50.713066,0.000000,4.748652,28.152447,140.262119,1,0,371.235092
1789437626,1,-119.321026,50.712000,0.000000,4.748652,28.120904,140.664936,1,0,374.248973
1789437630,1,-119.321882,50.711146,0.000000,4.748652,28.170073,112.614222,1,0,376.654264
1789437634,1,-119.322740,50.710296,0.000000,4.748652,28.182861,112.315253,1,0,378.508131
1789437639,1,-119.323821,50.709221,0.000000,4.748652,28.445650,141.889066,1,0,379.045108
1789437644,1,-119.324901,50.708145,0.000000,4.748652,28.355777,141.949075,1,0,377.928607
1789437648,1,-119.325767,50.707292,0.000000,4.748652,28.234632,112.904931,1,0,376.790516
1789437652,1,-119.326629,50.706438,0.000000,4.748652,28.124698,112.845716,1,0,376.442442
1789437656,1,-119.327493,50.705580,0.000000,4.748652,28.498210,113.296650,1,0,374.838672
1789437660,1,-119.328360,50.704723,0.000000,4.748652,28.473731,113.317298,1,0,372.055874
1789437665,1,-119.329435,50.703645,0.000000,4.748652,28.258099,141.951100,1,0,367.176969
1789437669,1,-119.330206,50.702773,0.000000,4.748652,27.277115,111.254814,1,0,363.368901
1789437673,1,-119.330757,50.701907,0.000000,4.748652,25.137233,103.908480,1,0,359.355172
1789437677,1,-119.331120,50.701066,0.000000,4.748652,23.578902,97.011276,1,0,356.912591
1789437681,1,-119.331347,50.700237,0.000000,4.748652,23.376396,93.609204,1,0,355.724551
1789437685,1,-119.331492,50.699396,0.000000,4.748652,23.697721,94.119376,1,0,355.786882
1789437689,1,-119.331502,50.698532,0.000000,2.327121,24.174731,96.121486,1,0,355.620967
1789437693,1,-119.331381,50.697656,0.000000,2.031141,24.522862,97.828147,1,0,355.350343
1789437698,1,-119.331072,50.696561,0.000000,2.028136,24.754123,123.758314,1,0,357.562913
1789437703,1,-119.330485,50.695499,0.000000,2.026913,25.429722,125.214425,1,0,360.413529
1789437707,1,-119.329736,50.694707,0.000000,2.023697,25.869239,102.780284,1,0,359.805117
1789437711,1,-119.328763,50.694008,0.000000,2.043938,25.991415,103.794268,1,0,358.813988
1789437715,1,-119.327616,50.693421,0.000000,2.022606,26.020948,104.084656,1,0,357.801764
1789437720,1,-119.325993,50.692883,0.000000,2.392955,25.746158,129.363987,1,0,356.203563
1789437725,1,-119.324265,50.692596,0.000000,2.131417,24.739166,126.210582,1,0,354.396008
1789437729,1,-119.322908,50.692524,0.000000,2.170504,23.557368,96.223309,1,0,353.837993
1789437733,1,-119.321620,50.692507,0.000000,2.184296,22.259451,91.033259,1,0,353.618530
1789437739,1,-119.319829,50.692503,0.000000,2.192524,19.986399,126.557748,1,0,353.331085
1789437744,1,-119.318474,50.692517,0.000000,2.561167,18.787476,95.760674,1,0,353.143734
1789437750,1,-119.316866,50.692522,0.000000,2.391656,19.212109,113.627039,1,0,353.088324
1789437755,1,-119.315482,50.692518,0.000000,2.189351,19.746512,97.798238,1,0,353.203717
1789437760,1,-119.314078,50.692512,0.000000,2.269884,19.856230,99.212726,1,0,353.143173
1789437766,1,-119.312399,50.692507,0.000000,2.187653,19.557962,118.644037,1,0,353.242493
1789437772,1,-119.310771,50.692549,0.000000,2.189276,18.926063,115.133785,1,0,353.386038
1789437778,1,-119.309437,50.692763,0.000000,2.185827,15.675558,97.223969,1,0,352.373558
1789437784,1,-119.308061,50.693153,0.000000,2.258395,18.391720,106.472863,1,0,352.143984
1789437790,1,-119.306690,50.693701,0.000000,2.320086,19.670761,114.464386,1,0,351.743938
1789437795,1,-119.305582,50.694164,0.000000,2.334027,18.128852,93.718080,1,0,351.961560
1789437801,1,-119.304283,50.694700,0.000000,2.338101,18.294772,109.458710,1,0,351.997688
1789437807,1,-119.303014,50.695225,0.000000,2.339837,17.565344,107.014432,1,0,352.161017
1789437812,1,-119.301992,50.695650,0.000000,2.339264,16.859277,86.318000,1,0,351.917833
1789437818,1,-119.300837,50.696126,0.000000,2.339845,15.507356,97.289463,1,0,351.991650
1789437825,1,-119.299634,50.696624,0.000000,2.337694,14.208951,101.467189,1,0,352.058091
1789437832,1,-119.298430,50.697117,0.000000,4.486817,13.608681,101.223939,1,0,352.528935
1789437839,1,-119.297546,50.697510,0.000000,4.745407,8.906072,76.246186,1,0,352.583398
1789437847,1,-119.297154,50.697682,0.000000,4.748344,0.514719,33.666262,1,0,353.046226
1789437859,1,-119.297443,50.698185,0.000000,4.748564,6.792178,59.567939,1,0,351.899281
1789437869,1,-119.297784,50.698505,0.000000,4.748635,2.157239,42.987710,1,0,350.781645
1789437889,1,-119.298398,50.698417,0.000000,4.748646,1.434026,44.477692,1,0,351.151908
1789439924,1,-119.297804,50.697990,0.000000,25.716266,-1.000000,63.390319,1,0,348.468031
1789440059,1,-119.296763,50.698059,0.000000,33.962011,-1.000000,73.959281,1,0,348.468031
1789440110,1,-119.296062,50.698387,0.000000,14.886831,-1.000000,61.523611,1,0,348.468031
1789440261,1,-119.296670,50.697995,0.000000,33.138066,-1.000000,61.217580,1,0,348.468031
1789440320,1,-119.297726,50.697867,0.000000,17.307363,-1.000000,75.966346,1,0,348.468031
1789440378,1,-119.298105,50.698307,0.000000,11.359772,1.395549,55.796662,1,0,348.001811
