dataTime,locType,longitude,latitude,heading,accuracy,speed,distance,isBackForeground,stepType,altitude
1789740127,1,-116.182463,51.428737,0.000000,6.756240,-1.000000,0.000000,1,0,1544.328155
1789742276,1,-116.182604,51.429292,0.000000,17.763207,-1.000000,62.536409,1,0,1545.618218
1789742309,1,-116.182715,51.429047,0.000000,5.568322,0.258746,28.336942,1,0,1543.922050
1789742694,1,-116.183347,51.428745,0.000000,4.748652,5.096576,55.341384,1,0,1545.882981
1789742719,1,-116.182804,51.428215,0.000000,4.748651,7.924105,70.040866,1,0,1544.115648
1789742727,1,-116.181824,51.427975,0.000000,4.748651,9.551991,73.223091,1,0,1543.579131
1789742734,1,-116.180900,51.427737,0.000000,4.748651,10.122397,69.524996,1,0,1543.754700
1789742741,1,-116.179975,51.427400,0.000000,4.748651,10.762040,74.482432,1,0,1543.544288
1789742748,1,-116.179139,51.426975,0.000000,4.748651,10.834137,74.963256,1,0,1543.121382
1789742755,1,-116.178405,51.426510,0.000000,4.748651,10.153978,72.699980,1,0,1543.007593
1789742761,1,-116.177812,51.426024,0.000000,4.748651,9.106747,68.022172,1,0,1542.536387
1789742769,1,-116.177369,51.425574,0.000000,4.748651,4.395435,58.801310,1,0,1541.796382
1789742794,1,-116.176318,51.425602,0.000000,4.748651,10.491086,73.184287,1,0,1545.345190
1789742801,1,-116.175164,51.425805,0.000000,4.748651,12.776454,83.401430,1,0,1548.341065
1789742808,1,-116.173804,51.426037,0.000000,4.748651,14.407432,98.074329,1,0,1550.786149
1789742815,1,-116.172649,51.426229,0.000000,4.748651,10.086468,83.145514,1,0,1553.149659
1789742828,1,-116.171897,51.426367,0.000000,4.748651,5.486683,54.524036,1,0,1555.364878
1789742835,1,-116.172345,51.426967,0.000000,4.748652,13.548839,73.686198,1,0,1555.616869
1789742840,1,-116.173140,51.427527,0.000000,4.748651,18.225553,83.322380,1,0,1551.391432
1789742845,1,-116.174089,51.428107,0.000000,4.748651,18.108201,92.330213,1,0,1548.791628
1789742851,1,-116.175238,51.428672,0.000000,4.748651,16.563944,101.700657,1,0,1549.559006
1789742856,1,-116.176339,51.429091,0.000000,4.748651,18.588083,89.672583,1,0,1550.300441
1789742862,1,-116.177856,51.429552,0.000000,4.748651,19.942389,117.345828,1,0,1549.218362
1789742867,1,-116.179146,51.429939,0.000000,4.748651,20.148067,99.543659,1,0,1548.232274
1789742872,1,-116.180498,51.430343,0.000000,4.748651,21.124032,104.251001,1,0,1547.136080
1789742877,1,-116.181909,51.430773,0.000000,4.748651,22.507526,109.205309,1,0,1546.062666
1789742881,1,-116.183409,51.431218,0.000000,4.748651,23.261831,115.498280,1,0,1545.002210
1789742885,1,-116.184615,51.431582,0.000000,4.748651,23.679891,93.159483,1,0,1544.124315
1789742889,1,-116.185864,51.431957,0.000000,4.748651,24.117102,96.385549,1,0,1543.376538
1789742893,1,-116.187127,51.432330,0.000000,4.748651,24.505617,97.169028,1,0,1542.961400
1789742898,1,-116.188753,51.432820,0.000000,4.748651,25.160248,125.566001,1,0,1542.797658
1789742902,1,-116.190024,51.433237,0.000000,4.748651,25.266773,99.851797,1,0,1543.206498
1789742907,1,-116.191188,51.433765,0.000000,4.748651,24.736176,100.043264,1,0,1543.528777
1789742911,1,-116.192180,51.434393,0.000000,4.748651,24.480574,98.213192,1,0,1543.318671
1789742915,1,-116.192985,51.435103,0.000000,4.748651,24.032290,96.842650,1,0,1543.188599
1789742919,1,-116.193586,51.435850,0.000000,4.748651,22.774945,93.049441,1,0,1543.197129
1789742924,1,-116.194236,51.436730,0.000000,4.748652,20.876671,107.861713,1,0,1542.784007
1789742930,1,-116.194980,51.437708,0.000000,4.748651,19.490298,120.511426,1,0,1542.838640
1789742935,1,-116.195601,51.438472,0.000000,4.748651,19.220184,95.363258,1,0,1543.780962
1789742940,1,-116.196377,51.439212,0.000000,4.748651,19.771096,98.461608,1,0,1545.734898
1789742945,1,-116.197313,51.439867,0.000000,4.748651,19.183758,97.731361,1,0,1547.169128
1789742951,1,-116.198533,51.440503,0.000000,4.748652,18.153107,110.498160,1,0,1547.521867
1789742956,1,-116.199550,51.440994,0.000000,4.748652,17.428371,89.382435,1,0,1549.238756
1789742961,1,-116.200337,51.441603,0.000000,4.748652,17.264201,87.113367,1,0,1554.090698
1789742966,1,-116.200871,51.442268,0.000000,3.161846,15.829946,82.799652,1,0,1558.655906
1789742972,1,-116.201427,51.442982,0.000000,2.073180,14.186998,88.366195,1,0,1563.167343
1789742978,1,-116.202301,51.443582,0.000000,2.000632,15.237269,90.293759,1,0,1567.474144
1789742985,1,-116.203634,51.443917,0.000000,2.010600,14.534607,99.920886,1,0,1571.817762
1789742992,1,-116.205100,51.444115,0.000000,2.000045,15.873269,104.309416,1,0,1573.754852
1789742996,1,-116.206194,51.444271,0.000000,2.000001,15.182879,78.039669,1,0,1575.929313
1789743002,1,-116.207273,51.444409,0.000000,2.000000,9.478249,76.596352,1,0,1576.467008
1789743010,1,-116.208133,51.444517,0.000000,2.000000,7.855306,61.005895,1,0,1577.359694
1789743020,1,-116.208763,51.444687,0.000000,2.002095,2.641524,47.724360,1,0,1577.328218
1789743057,1,-116.209681,51.444804,0.000000,2.008160,9.202240,65.158156,1,0,1579.014126
1789743064,1,-116.210729,51.444808,0.000000,2.000211,11.229970,72.886479,1,0,1579.820003
1789743070,1,-116.211846,51.444947,0.000000,2.000004,14.305637,79.208947,1,0,1580.361091
1789743076,1,-116.213037,51.445268,0.000000,2.000000,15.608394,90.205009,1,0,1580.035490
1789743082,1,-116.213984,51.445955,0.000000,2.000000,17.826826,100.908912,1,0,1577.557686
1789743087,1,-116.214364,51.446767,0.000000,2.000000,19.314015,94.147361,1,0,1577.470337
1789743092,1,-116.214533,51.447612,0.000000,2.000000,18.627445,94.766807,1,0,1579.964169
1789743097,1,-116.214707,51.448428,0.000000,2.000000,17.966856,91.610654,1,0,1582.047424
1789743102,1,-116.214923,51.449219,0.000000,2.000000,17.856966,89.298320,1,0,1584.180441
1789743107,1,-116.215219,51.449971,0.000000,2.000000,16.912528,86.180148,1,0,1584.781225
1789743111,1,-116.215514,51.450701,0.000000,2.000000,16.612399,83.787737,1,0,1584.580220
1789743116,1,-116.215808,51.451428,0.000000,4.715724,16.648018,83.446567,1,0,1584.428982
1789743121,1,-116.216095,51.452133,0.000000,4.748214,16.135099,80.953774,1,0,1584.862997
1789743127,1,-116.216438,51.453001,0.000000,4.748649,17.043417,99.495702,1,0,1586.041798
1789743132,1,-116.216866,51.453739,0.000000,4.748652,17.365997,87.353639,1,0,1589.459993
1789743137,1,-116.217526,51.454362,0.000000,4.748652,16.351670,83.142680,1,0,1595.670778
1789743143,1,-116.218312,51.455028,0.000000,4.748651,14.452551,92.086986,1,0,1601.945389
1789743149,1,-116.219077,51.455687,0.000000,4.748652,15.400041,90.596320,1,0,1608.793418
1789743156,1,-116.219651,51.456594,0.000000,4.748652,15.786792,108.538388,1,0,1616.011638
1789743163,1,-116.219756,51.457476,0.000000,4.748652,16.691616,98.424669,1,0,1619.329130
1789743168,1,-116.219807,51.458225,0.000000,4.748652,16.607668,83.428043,1,0,1619.366215
1789743173,1,-116.219855,51.458952,0.000000,4.748652,16.042706,80.973165,1,0,1616.658175
1789743179,1,-116.220004,51.459885,0.000000,4.748652,18.220282,104.344554,1,0,1611.062426
1789743184,1,-116.220597,51.460611,0.000000,4.748652,17.892666,90.704269,1,0,1609.555649
1789743189,1,-116.221464,51.461117,0.000000,4.748651,15.888586,82.487981,1,0,1609.684850
1789743196,1,-116.222630,51.461696,0.000000,4.748651,14.755859,103.546606,1,0,1609.683001
1789743202,1,-116.223536,51.462138,0.000000,4.748651,10.863148,79.913757,1,0,1609.995209
1789743220,1,-116.224088,51.461859,0.000000,4.748651,3.695369,49.361076,1,0,1610.144638
1789743344,1,-116.224119,51.462114,0.000000,4.748651,1.164058,28.459440,1,0,1612.378442
1789743358,1,-116.223064,51.461851,0.000000,4.748651,13.994655,78.964448,1,0,1609.057775
1789743363,1,-116.222156,51.461396,0.000000,4.748651,16.490668,80.920656,1,0,1607.710806
1789743369,1,-116.221069,51.460853,0.000000,4.748651,15.940668,96.755000,1,0,1607.906248
1789743374,1,-116.220331,51.460293,0.000000,4.748651,16.079290,80.720321,1,0,1608.249963
1789743379,1,-116.219968,51.459547,0.000000,4.748651,18.804113,86.769220,1,0,1612.727943
1789743384,1,-116.219886,51.458654,0.000000,4.748651,20.249835,99.541116,1,0,1617.705774
1789743389,1,-116.219829,51.457675,0.000000,4.748651,22.766539,109.020373,1,0,1617.680021
1789743394,1,-116.219719,51.456643,0.000000,4.748651,23.375680,115.100731,1,0,1615.000581
1789743399,1,-116.219131,51.455658,0.000000,4.748651,23.243870,116.990801,1,0,1607.345114
1789743403,1,-116.218354,51.455002,0.000000,4.748651,22.682608,90.816605,1,0,1600.238405
1789743409,1,-116.217365,51.454172,0.000000,4.748651,23.093046,115.149720,1,0,1592.670889
1789743413,1,-116.216712,51.453440,0.000000,4.748651,23.367833,93.257233,1,0,1586.519153
1789743417,1,-116.216353,51.452651,0.000000,4.748651,22.643001,91.282180,1,0,1583.994752
1789743421,1,-116.216041,51.451861,0.000000,4.748651,22.676470,90.551357,1,0,1583.049005
1789743425,1,-116.215721,51.451060,0.000000,4.748651,23.102312,91.873883,1,0,1582.034668
1789743430,1,-116.215306,51.450051,0.000000,4.748651,23.205737,115.934484,1,0,1580.924842
1789743434,1,-116.214990,51.449236,0.000000,4.748651,23.333442,93.320344,1,0,1580.044343
1789743439,1,-116.214714,51.448189,0.000000,2.247511,23.677806,118.084669,1,0,1577.925428
1789743443,1,-116.214545,51.447340,0.000000,2.018972,23.675945,95.208418,1,0,1575.950056
1789743447,1,-116.214374,51.446555,0.000000,2.144904,20.958799,88.163678,1,0,1575.016950
1789743452,1,-116.213910,51.445782,0.000000,2.081916,17.595484,91.875076,1,0,1575.484607
1789743458,1,-116.212888,51.445143,0.000000,2.005567,16.944649,100.536441,1,0,1577.652904
1789743463,1,-116.211738,51.444867,0.000000,2.000059,17.297182,85.665865,1,0,1578.363753
1789743468,1,-116.210473,51.444707,0.000000,2.000000,18.003245,89.751328,1,0,1577.037213
1789743473,1,-116.208939,51.444520,0.000000,2.000000,18.502872,108.684399,1,0,1575.573660
1789743478,1,-116.207557,51.444350,0.000000,2.000000,19.943826,97.947859,1,0,1574.490319
1789743484,1,-116.205761,51.444130,0.000000,2.000000,21.310917,127.269799,1,0,1572.931683
1789743489,1,-116.204418,51.443965,0.000000,2.000000,16.815791,95.179377,1,0,1571.224283
1789743495,1,-116.203162,51.443776,0.000000,2.000000,14.958284,89.838203,1,0,1567.834655
1789743501,1,-116.202033,51.443338,0.000000,2.053074,16.381305,92.410120,1,0,1563.500675
1789743507,1,-116.201321,51.442642,0.000000,2.000352,14.264733,91.926658,1,0,1558.864179
1789743514,1,-116.201127,51.441807,0.000000,2.007127,13.061633,93.896324,1,0,1556.484052
1789743521,1,-116.201256,51.440978,0.000000,2.000047,11.074897,92.689529,1,0,1555.222890
1789743529,1,-116.200385,51.440247,0.000000,2.000322,16.127950,101.424343,1,0,1550.139602
1789743535,1,-116.199008,51.440044,0.000000,2.382093,20.660091,98.393806,1,0,1545.469422
1789743540,1,-116.197607,51.439638,0.000000,4.551346,21.637249,107.400212,1,0,1542.784776
1789743545,1,-116.196507,51.438855,0.000000,4.747713,24.835531,115.952224,1,0,1541.374670
1789743549,1,-116.195712,51.438049,0.000000,4.748643,26.782026,105.366161,1,0,1540.520185
1789743554,1,-116.194922,51.437000,0.000000,4.748651,24.916928,129.019326,1,0,1540.183777
1789743558,1,-116.194339,51.436216,0.000000,4.748651,23.851869,96.209104,1,0,1540.090561
1789743563,1,-116.193573,51.435228,0.000000,4.748651,24.802330,122.176658,1,0,1541.034128
1789743567,1,-116.192826,51.434473,0.000000,4.748651,24.794950,98.786044,1,0,1541.255493
1789743571,1,-116.191875,51.433804,0.000000,4.748651,24.847422,99.588283,1,0,1540.950410
1789743575,1,-116.190763,51.433246,0.000000,4.748651,24.786314,99.186525,1,0,1540.665840
1789743579,1,-116.189528,51.432798,0.000000,4.748651,24.835414,99.318183,1,0,1540.048413
1789743584,1,-116.187921,51.432317,0.000000,4.748651,24.655772,123.928561,1,0,1540.023494
1789743588,1,-116.186637,51.431930,0.000000,4.748651,24.662992,99.148590,1,0,1540.382017
1789743592,1,-116.185357,51.431550,0.000000,4.748651,24.688569,98.569875,1,0,1540.409762
1789743597,1,-116.183757,51.431070,0.000000,4.748651,24.666419,123.452085,1,0,1541.148820
1789743601,1,-116.182479,51.430687,0.000000,4.748651,24.643049,98.588115,1,0,1542.225794
1789743605,1,-116.181200,51.430302,0.000000,4.748651,24.670099,98.747223,1,0,1543.244201
1789743609,1,-116.179921,51.429915,0.000000,4.748651,24.751531,98.844008,1,0,1544.226916
1789743613,1,-116.178351,51.429429,0.000000,4.748651,23.629085,121.868990,1,0,1545.497859
1789743618,1,-116.177009,51.428949,0.000000,4.748651,20.172173,107.553083,1,0,1545.586909
1789743623,1,-116.176047,51.428349,0.000000,4.748651,19.032664,94.531600,1,0,1544.262885
1789743628,1,-116.175412,51.427581,0.000000,4.748651,19.108453,96.205438,1,0,1543.954131
1789743633,1,-116.175213,51.426757,0.000000,4.748651,18.764137,92.736537,1,0,1543.425204
1789743639,1,-116.175171,51.426015,0.000000,4.748651,8.168138,82.623950,1,0,1545.037541
1789743648,1,-116.176262,51.425699,0.000000,4.748652,11.028903,83.650540,1,0,1542.042339
1789743655,1,-116.176820,51.425575,0.000000,4.748652,2.058740,41.199201,1,0,1540.450452
1789743676,1,-116.177579,51.425890,0.000000,4.748652,6.159276,63.379417,1,0,1540.198698
1789743690,1,-116.177223,51.426288,0.000000,4.748652,3.116886,50.745007,1,0,1540.862883
1789743702,1,-116.177268,51.426575,0.000000,4.748652,0.613525,32.091381,1,0,1541.801356
1789743818,1,-116.177914,51.426476,0.000000,4.748651,2.959521,46.272312,1,0,1542.207347
1789743830,1,-116.178478,51.426176,0.000000,4.748651,4.418837,51.517941,1,0,1540.463979
1789743842,1,-116.178728,51.425616,0.000000,4.748651,5.287032,64.700122,1,0,1539.971259
1789743856,1,-116.179177,51.425241,0.000000,4.748651,2.996457,52.126927,1,0,1539.804476
1789743868,1,-116.178967,51.425030,0.000000,4.748652,0.007633,27.654739,1,0,1539.838042
1789743957,1,-116.178694,51.425246,0.000000,4.748652,0.379478,30.634893,1,0,1541.346901
1789744161,1,-116.178574,51.425787,0.000000,30.662906,-1.000000,60.780341,1,0,1541.995918
1789744560,1,-116.178494,51.426143,0.000000,4.748652,5.219155,40.005885,1,0,1539.531372
1789744578,1,-116.177505,51.425733,0.000000,4.748651,10.476091,82.557329,1,0,1540.282925
1789744615,1,-116.176647,51.425521,0.000000,4.748652,8.970535,64.183471,1,0,1545.051138
1789744622,1,-116.175640,51.425726,0.000000,4.748652,11.469907,73.676999,1,0,1547.430720
1789744628,1,-116.174567,51.425907,0.000000,4.748652,13.645604,77.317500,1,0,1549.340042
1789744635,1,-116.173154,51.426141,0.000000,4.748652,14.204182,101.691895,1,0,1551.822120
1789744642,1,-116.172054,51.426324,0.000000,4.748652,8.185342,79.189525,1,0,1554.577361
1789744651,1,-116.172398,51.427005,0.000000,4.748651,16.317264,79.473031,1,0,1554.648698
1789744656,1,-116.173358,51.427675,0.000000,4.748651,20.926907,100.098039,1,0,1549.710063
1789744662,1,-116.174841,51.428487,0.000000,4.748650,24.066714,137.148091,1,0,1548.428094
1789744666,1,-116.176012,51.428973,0.000000,4.748650,24.444684,97.783862,1,0,1549.466813
1789744670,1,-116.177278,51.429386,0.000000,4.748651,24.961450,99.345165,1,0,1548.826708
1789744675,1,-116.178924,51.429872,0.000000,4.748651,26.133302,126.640395,1,0,1547.027789
1789744679,1,-116.180296,51.430286,0.000000,4.748651,26.959063,105.986121,1,0,1546.054354
1789744684,1,-116.182086,51.430823,0.000000,4.748651,27.661245,138.125214,1,0,1544.569235
1789744689,1,-116.183874,51.431357,0.000000,4.748651,27.539797,137.855514,1,0,1543.252405
1789744694,1,-116.185655,51.431895,0.000000,4.748650,27.492384,137.596577,1,0,1541.953644
1789744698,1,-116.187079,51.432318,0.000000,4.748651,27.476661,109.671168,1,0,1541.319822
1789744702,1,-116.188502,51.432748,0.000000,4.748651,27.424610,109.945134,1,0,1541.057270
1789744707,1,-116.190242,51.433322,0.000000,4.748651,27.344570,136.857734,1,0,1541.485225
1789744711,1,-116.191484,51.433931,0.000000,4.748651,27.537458,109.804726,1,0,1541.656638
1789744715,1,-116.192527,51.434676,0.000000,4.748651,27.548976,110.169251,1,0,1541.422896
1789744720,1,-116.193507,51.435749,0.000000,4.748651,27.529782,137.496176,1,0,1541.148746
1789744724,1,-116.194176,51.436642,0.000000,4.748652,27.366911,109.730710,1,0,1540.596242
1789744728,1,-116.194850,51.437539,0.000000,4.748651,27.499415,110.281374,1,0,1539.845537
1789744732,1,-116.195552,51.438419,0.000000,4.748651,27.288788,109.426978,1,0,1540.882792
1789744737,1,-116.196664,51.439427,0.000000,4.748651,27.389188,136.253814,1,0,1544.011905
1789744741,1,-116.197730,51.440120,0.000000,4.748651,25.938944,106.980724,1,0,1545.719207
1789744745,1,-116.198868,51.440661,0.000000,4.748651,24.169975,99.447116,1,0,1545.699640
1789744750,1,-116.200050,51.441333,0.000000,4.748651,20.554328,111.130704,1,0,1550.691308
1789744756,1,-116.200843,51.442225,0.000000,3.007969,18.814611,113.556979,1,0,1557.384323
1789744761,1,-116.201421,51.442945,0.000000,2.172958,17.323094,89.642747,1,0,1562.135545
1789744767,1,-116.202372,51.443581,0.000000,2.037595,15.759294,96.869737,1,0,1566.861490
1789744772,1,-116.203445,51.443881,0.000000,2.004859,17.124470,81.751687,1,0,1570.690579
1789744777,1,-116.204691,51.444043,0.000000,2.000044,17.868199,88.511298,1,0,1573.522848
1789744783,1,-116.206210,51.444259,0.000000,2.000000,18.070168,108.342480,1,0,1575.258196
1789744788,1,-116.207378,51.444401,0.000000,2.000000,15.067743,82.754018,1,0,1576.093486
1789744794,1,-116.208381,51.444570,0.000000,2.000000,8.731143,72.246767,1,0,1576.889862
1789744804,1,-116.208978,51.444708,0.000000,2.022952,1.767939,44.268876,1,0,1578.220460
1789744820,1,-116.210042,51.444816,0.000000,2.001807,8.879083,74.968025,1,0,1579.219140
1789744828,1,-116.211164,51.444839,0.000000,2.000040,11.891720,78.074070,1,0,1579.944590
1789744834,1,-116.212294,51.445023,0.000000,2.000001,14.232556,81.212252,1,0,1580.444105
1789744840,1,-116.213455,51.445495,0.000000,2.000000,17.650205,96.325831,1,0,1578.870930
1789744845,1,-116.214121,51.446167,0.000000,2.027446,17.799548,87.962832,1,0,1576.944878
1789744850,1,-116.214390,51.446934,0.000000,2.026942,17.378588,87.380853,1,0,1577.596840
1789744856,1,-116.214571,51.447869,0.000000,2.041305,17.608703,104.809403,1,0,1580.649714
1789744861,1,-116.214738,51.448649,0.000000,2.045609,17.494333,87.575260,1,0,1583.846316
1789744866,1,-116.214981,51.449422,0.000000,2.046978,17.586618,87.666919,1,0,1586.808839
1789744872,1,-116.215355,51.450365,0.000000,2.039074,18.799539,108.116088,1,0,1587.487556
1789744878,1,-116.215792,51.451436,0.000000,4.381946,20.667273,122.998164,1,0,1588.867273
1789744883,1,-116.216169,51.452372,0.000000,4.746110,22.097853,107.410272,1,0,1588.801588
1789744887,1,-116.216501,51.453171,0.000000,4.748605,23.803336,91.864233,1,0,1590.543500
1789744891,1,-116.217054,51.453969,0.000000,4.748651,23.611085,96.772290,1,0,1596.395154
1789744895,1,-116.217856,51.454667,0.000000,4.748651,24.133138,95.621275,1,0,1602.816108
1789744899,1,-116.218701,51.455371,0.000000,4.748651,24.247451,97.928692,1,0,1609.973556
1789744903,1,-116.219422,51.456129,0.000000,4.748651,24.412905,98.124463,1,0,1616.384636
1789744907,1,-116.219696,51.456978,0.000000,4.748652,23.945930,96.382525,1,0,1620.510003
1789744911,1,-116.219762,51.457865,0.000000,4.748652,25.222217,98.816649,1,0,1622.397793
1789744916,1,-116.219842,51.458999,0.000000,4.748652,25.037010,126.320025,1,0,1620.152201
1789744920,1,-116.219998,51.459896,0.000000,4.748652,25.065021,100.410332,1,0,1615.020114
1789744924,1,-116.220628,51.460652,0.000000,4.748652,23.256626,94.850645,1,0,1613.090143
1789744928,1,-116.221600,51.461204,0.000000,4.748652,22.550445,91.320365,1,0,1613.506599
1789744933,1,-116.222876,51.461860,0.000000,4.748652,22.736378,114.882103,1,0,1613.933321
1789744938,1,-116.224017,51.462434,0.000000,4.748652,18.286436,101.842671,1,0,1613.603631
1789744943,1,-116.224927,51.462876,0.000000,4.748652,15.039292,80.133666,1,0,1614.784766
1789744949,1,-116.226037,51.463422,0.000000,4.748651,17.635789,98.215740,1,0,1616.557981
1789744955,1,-116.227359,51.464036,0.000000,4.748652,20.054338,114.520177,1,0,1617.931238
1789744960,1,-116.228600,51.464543,0.000000,4.748652,20.827818,103.083081,1,0,1618.613886
1789744966,1,-116.230025,51.465237,0.000000,4.748652,21.084872,125.611090,1,0,1618.550456
1789744971,1,-116.230863,51.466000,0.000000,4.748651,20.526069,102.970226,1,0,1619.905110
1789744977,1,-116.231359,51.467025,0.000000,4.748652,19.448332,119.164165,1,0,1624.669976
1789744982,1,-116.231577,51.467860,0.000000,4.748652,18.362964,94.150863,1,0,1625.600217
1789744987,1,-116.231787,51.468650,0.000000,4.748652,17.697695,89.119170,1,0,1624.454593
1789744992,1,-116.232011,51.469458,0.000000,4.748652,18.592170,91.256804,1,0,1620.537249
1789744997,1,-116.232323,51.470310,0.000000,4.748652,19.907924,97.263833,1,0,1615.318090
1789745002,1,-116.233101,51.471057,0.000000,4.748652,19.455249,99.169186,1,0,1613.030948
1789745007,1,-116.234174,51.471499,0.000000,4.748651,17.154637,89.337007,1,0,1615.811518
1789745013,1,-116.235566,51.471868,0.000000,4.748651,17.785435,105.101852,1,0,1621.757135
1789745018,1,-116.236682,51.472244,0.000000,4.748651,18.022120,88.131745,1,0,1627.152735
1789745024,1,-116.237764,51.472970,0.000000,4.748651,18.939132,110.376261,1,0,1631.699067
1789745029,1,-116.238454,51.473702,0.000000,4.748651,18.833583,94.529329,1,0,1634.822931
1789745034,1,-116.239131,51.474420,0.000000,4.748651,18.260333,92.728377,1,0,1638.441629
1789745040,1,-116.239840,51.475243,0.000000,4.748651,17.336857,104.003338,1,0,1642.782810
1789745046,1,-116.240361,51.476189,0.000000,4.748652,19.256704,111.328870,1,0,1645.921653
1789745051,1,-116.240767,51.477046,0.000000,4.748652,20.046692,99.458276,1,0,1648.062320
1789745056,1,-116.241176,51.477908,0.000000,4.748651,19.889469,100.051040,1,0,1651.012000
1789745061,1,-116.241590,51.478779,0.000000,4.748652,20.153546,101.110131,1,0,1655.248294
1789745066,1,-116.241999,51.479624,0.000000,4.748652,19.366973,98.238711,1,0,1658.810675
1789745072,1,-116.242671,51.480584,0.000000,4.748652,19.458880,116.596194,1,0,1661.341885
1789745078,1,-116.243720,51.481448,0.000000,4.748652,20.391633,120.658218,1,0,1663.638693
1789745084,1,-116.244844,51.482272,0.000000,4.748652,20.197407,120.453834,1,0,1665.266026
1789745090,1,-116.245766,51.483226,0.000000,4.748652,21.031609,124.000596,1,0,1666.777980
1789745096,1,-116.246549,51.484246,0.000000,4.748652,20.629841,125.878322,1,0,1668.803796
1789745102,1,-116.247289,51.485221,0.000000,4.748651,19.278225,120.072124,1,0,1672.932150
1789745107,1,-116.247974,51.485955,0.000000,4.748651,18.918079,94.541055,1,0,1676.793813
1789745112,1,-116.248882,51.486591,0.000000,4.748652,18.847627,94.813600,1,0,1679.072447
1789745117,1,-116.249860,51.487180,0.000000,4.748652,18.859554,94.413381,1,0,1680.449084
1789745122,1,-116.250711,51.487854,0.000000,4.748651,19.612104,95.509851,1,0,1682.778257
1789745127,1,-116.251307,51.488658,0.000000,4.748651,20.011941,98.592635,1,0,1687.590263
1789745132,1,-116.251744,51.489535,0.000000,4.748651,20.471136,102.212568,1,0,1693.035113
1789745137,1,-116.252157,51.490380,0.000000,4.748651,19.109886,98.318324,1,0,1698.243296
1789745142,1,-116.252578,51.491177,0.000000,4.748651,18.508864,93.394818,1,0,1702.981078
1789745147,1,-116.253106,51.491949,0.000000,4.748652,19.018157,93.416826,1,0,1706.537928
1789745153,1,-116.253773,51.492938,0.000000,4.748652,20.460250,119.419950,1,0,1710.466465
1789745158,1,-116.254358,51.493806,0.000000,4.748652,21.051836,104.798827,1,0,1714.026861
1789745164,1,-116.254838,51.494884,0.000000,4.748652,20.638515,124.516378,1,0,1718.427401
1789745169,1,-116.254893,51.495806,0.000000,4.748652,20.526533,102.678384,1,0,1723.165417
1789745175,1,-116.254983,51.496902,0.000000,4.748652,20.361901,122.131646,1,0,1729.024424
1789745181,1,-116.255468,51.497942,0.000000,4.748652,19.738610,120.543276,1,0,1734.556135
1789745186,1,-116.256020,51.498760,0.000000,4.748651,19.752949,98.779733,1,0,1738.605099
1789745191,1,-116.256591,51.499592,0.000000,4.748652,20.500410,100.729848,1,0,1742.927072
1789745196,1,-116.257174,51.500446,0.000000,4.748651,20.703174,103.308887,1,0,1747.836481
1789745201,1,-116.257765,51.501311,0.000000,4.748652,21.002561,104.653003,1,0,1752.107514
1789745206,1,-116.258362,51.502186,0.000000,4.748652,21.188815,105.838412,1,0,1754.065588
1789745211,1,-116.258952,51.503057,0.000000,4.748652,20.879744,105.238740,1,0,1755.166607
1789745216,1,-116.259540,51.503918,0.000000,4.748652,20.713374,104.160071,1,0,1756.720840
1789745222,1,-116.260239,51.504949,0.000000,4.748652,20.783962,124.587564,1,0,1757.688266
1789745227,1,-116.260833,51.505809,0.000000,4.748652,20.876460,104.221998,1,0,1757.440176
1789745232,1,-116.261415,51.506674,0.000000,4.748652,20.856164,104.407687,1,0,1756.803482
1789745237,1,-116.261886,51.507549,0.000000,4.748652,20.284795,102.724670,1,0,1757.379934
1789745242,1,-116.262257,51.508455,0.000000,4.748652,21.453243,104.067539,1,0,1760.181216
1789745248,1,-116.262728,51.509606,0.000000,4.748652,22.254444,132.203889,1,0,1763.437554
1789745252,1,-116.263047,51.510386,0.000000,4.748652,22.321129,89.587709,1,0,1765.725637
1789745256,1,-116.263367,51.511163,0.000000,4.748652,22.223168,89.281545,1,0,1768.115434
1789745260,1,-116.263681,51.511935,0.000000,4.748652,21.996010,88.639323,1,0,1770.506998
1789745266,1,-116.264147,51.513083,0.000000,4.748652,21.819640,131.794128,1,0,1774.540691
1789745271,1,-116.264527,51.514040,0.000000,4.748652,21.893351,109.723861,1,0,1777.549492
1789745277,1,-116.264613,51.515214,0.000000,4.748652,21.918029,130.789859,1,0,1782.336424
1789745283,1,-116.264325,51.516385,0.000000,4.748652,21.894985,131.845284,1,0,1787.612000
1789745288,1,-116.264091,51.517352,0.000000,4.748652,21.904929,108.836594,1,0,1792.337000
1789745294,1,-116.264011,51.518529,0.000000,4.748652,21.821125,131.105467,1,0,1797.582025
1789745299,1,-116.264358,51.519492,0.000000,4.748652,21.888806,109.846674,1,0,1802.055120
1789745304,1,-116.264850,51.520437,0.000000,4.748652,22.031723,110.577724,1,0,1806.077416
1789745310,1,-116.265516,51.521527,0.000000,4.748652,21.541318,129.820832,1,0,1809.613946
1789745316,1,-116.266320,51.522594,0.000000,4.748652,22.029455,131.213496,1,0,1810.663773
1789745321,1,-116.267006,51.523490,0.000000,4.748652,22.155530,110.505351,1,0,1812.120899
1789745325,1,-116.267554,51.524214,0.000000,4.748652,22.259182,89.104285,1,0,1812.540580
1789745329,1,-116.268107,51.524937,0.000000,4.748652,22.270315,89.152599,1,0,1812.715318
1789745333,1,-116.268657,51.525659,0.000000,4.748652,22.217060,88.962580,1,0,1812.966181
1789745337,1,-116.269210,51.526379,0.000000,4.748652,22.161014,88.851394,1,0,1813.043895
1789745342,1,-116.270016,51.527244,0.000000,4.748652,22.391600,111.347431,1,0,1812.152909
1789745347,1,-116.270967,51.528058,0.000000,4.748652,22.355353,112.092617,1,0,1810.155365
1789745351,1,-116.271723,51.528700,0.000000,4.748652,22.097202,88.650995,1,0,1808.606242
1789745357,1,-116.272756,51.529684,0.000000,4.748652,21.637332,130.898636,1,0,1808.151786
1789745362,1,-116.273570,51.530525,0.000000,4.748652,22.053141,109.329585,1,0,1807.969752
1789745368,1,-116.274561,51.531543,0.000000,4.748652,22.099859,132.543806,1,0,1808.060657
1789745372,1,-116.275227,51.532224,0.000000,4.748652,22.286855,88.776841,1,0,1807.859533
1789745376,1,-116.275890,51.532906,0.000000,4.748652,22.131638,88.761194,1,0,1807.838751
1789745380,1,-116.276556,51.533586,0.000000,4.748652,22.187347,88.679311,1,0,1807.796736
1789745385,1,-116.277377,51.534435,0.000000,4.748652,22.018054,110.339820,1,0,1807.654283
1789745390,1,-116.278199,51.535278,0.000000,4.748652,21.896450,109.804619,1,0,1807.884071
1789745396,1,-116.279156,51.536298,0.000000,4.748652,21.957158,131.522819,1,0,1808.339941
1789745402,1,-116.279957,51.537374,0.000000,4.748652,21.966026,132.025478,1,0,1808.157551
1789745408,1,-116.280750,51.538438,0.000000,4.748652,21.707550,130.577770,1,0,1810.754927
1789745414,1,-116.281546,51.539511,0.000000,4.748652,22.054330,131.574093,1,0,1814.225288
1789745419,1,-116.282217,51.540414,0.000000,4.748652,22.124349,110.760777,1,0,1817.369330
1789745423,1,-116.282747,51.541132,0.000000,4.748651,21.876284,87.966229,1,0,1820.625695
1789745430,1,-116.283592,51.542191,0.000000,4.748651,21.991304,131.641277,1,0,1826.152360
1789745434,1,-116.284264,51.542881,0.000000,4.748652,22.615608,89.843911,1,0,1827.594289
1789745438,1,-116.285112,51.543744,0.000000,4.748652,22.658839,112.638001,1,0,1828.149144
1789745442,1,-116.285803,51.544450,0.000000,4.748652,23.236269,92.047716,1,0,1828.776403
1789745446,1,-116.286506,51.545174,0.000000,4.748652,23.712426,94.192061,1,0,1829.451216
1789745450,1,-116.287197,51.545909,0.000000,4.748652,23.659717,94.817544,1,0,1829.686892
1789745455,1,-116.288023,51.546838,0.000000,4.748652,23.515059,118.215262,1,0,1830.270336
1789745459,1,-116.288685,51.547575,0.000000,4.748652,23.488880,94.010011,1,0,1830.328931
1789745464,1,-116.289509,51.548491,0.000000,4.748652,23.330255,116.881262,1,0,1830.167399
1789745469,1,-116.290331,51.549406,0.000000,4.748652,23.621304,116.716330,1,0,1830.321214
1789745473,1,-116.291008,51.550169,0.000000,4.748652,24.548125,97.042247,1,0,1830.874628
1789745478,1,-116.291723,51.550940,0.000000,4.748652,24.749682,99.115432,1,0,1831.239423
1789745482,1,-116.292421,51.551716,0.000000,2.437356,24.780185,99.015255,1,0,1831.296872
1789745487,1,-116.293285,51.552690,0.000000,2.453022,24.727096,123.871018,1,0,1831.687986
1789745491,1,-116.293988,51.553464,0.000000,2.457485,24.780211,98.989089,1,0,1831.909749
1789745496,1,-116.294857,51.554436,0.000000,2.458946,24.745981,123.841674,1,0,1831.538291
1789745501,1,-116.295726,51.555409,0.000000,2.459934,24.764080,123.938888,1,0,1830.954384
1789745505,1,-116.296422,51.556186,0.000000,2.458319,24.766892,99.042054,1,0,1830.873761
1789745509,1,-116.297088,51.556972,0.000000,2.457807,24.744729,98.928641,1,0,1830.986805
1789745513,1,-116.297613,51.557797,0.000000,2.458344,24.767935,98.776066,1,0,1831.273120
1789745518,1,-116.298220,51.558843,0.000000,2.458131,24.745882,123.792137,1,0,1831.412664
1789745523,1,-116.298829,51.559890,0.000000,2.457282,24.723589,123.944020,1,0,1831.261846
1789745527,1,-116.299371,51.560713,0.000000,2.456721,24.703691,99.009552,1,0,1831.258898
1789745531,1,-116.299983,51.561518,0.000000,2.463812,24.722332,99.139751,1,0,1831.205274
1789745536,1,-116.300753,51.562520,0.000000,2.460283,24.753424,123.646887,1,0,1831.710774
1789745541,1,-116.301527,51.563523,0.000000,2.459244,24.775216,123.864984,1,0,1831.752425
1789745546,1,-116.302275,51.564532,0.000000,2.456848,24.780666,123.699861,1,0,1831.632853
1789745550,1,-116.302789,51.565359,0.000000,2.456529,24.675313,98.702052,1,0,1831.579946
1789745554,1,-116.303294,51.566192,0.000000,2.456523,24.771425,99.102626,1,0,1831.424915
1789745558,1,-116.303810,51.567021,0.000000,2.453740,24.641818,98.959718,1,0,1830.299189
1789745562,1,-116.304521,51.567960,0.000000,2.452934,21.783664,115.555160,1,0,1827.297338
1789745567,1,-116.305102,51.568786,0.000000,2.451281,19.212265,100.370459,1,0,1824.359186
1789745573,1,-116.305494,51.569768,0.000000,2.448518,18.878606,112.618722,1,0,1822.132609
1789745578,1,-116.305718,51.570635,0.000000,2.449456,20.261050,97.731959,1,0,1822.018856
1789745583,1,-116.305960,51.571580,0.000000,2.447770,21.737909,106.500826,1,0,1821.976458
1789745588,1,-116.306219,51.572552,0.000000,2.447041,21.961855,109.656120,1,0,1821.696487
1789745593,1,-116.306469,51.573537,0.000000,2.446938,22.358259,110.984185,1,0,1821.569391
1789745598,1,-116.306726,51.574530,0.000000,2.447101,22.382091,111.939933,1,0,1821.632059
1789745603,1,-116.306952,51.575315,0.000000,2.443878,22.144141,88.758173,1,0,1821.761949
1789745607,1,-116.307318,51.576077,0.000000,2.442265,22.025602,88.520701,1,0,1822.123114
1789745611,1,-116.307848,51.576806,0.000000,2.444097,22.323200,89.068523,1,0,1822.280411
1789745615,1,-116.308333,51.577558,0.000000,2.444100,22.495418,90.196624,1,0,1822.719925
1789745619,1,-116.308628,51.578343,0.000000,2.441586,22.445634,89.726415,1,0,1823.461640
1789745623,1,-116.308781,51.579123,0.000000,2.440849,21.411042,87.453011,1,0,1823.897832
1789745628,1,-116.308945,51.580041,0.000000,2.438674,20.145888,102.796256,1,0,1825.464901
1789745633,1,-116.309108,51.580934,0.000000,2.437263,20.358437,100.023718,1,0,1830.090455
1789745638,1,-116.309275,51.581864,0.000000,2.436653,21.178795,104.146718,1,0,1835.829648
1789745643,1,-116.309450,51.582797,0.000000,2.437063,20.452784,104.541558,1,0,1841.170619
1789745648,1,-116.309620,51.583625,0.000000,2.435956,15.283407,92.900199,1,0,1845.383532
1789745654,1,-116.309835,51.584039,0.000000,2.508077,2.610400,48.426183,1,0,1848.326889
1789745733,1,-116.309721,51.584815,0.000000,2.003157,11.318260,86.723314,1,0,1852.020740
1789745739,1,-116.309681,51.585579,0.000000,2.000043,16.295072,85.072126,1,0,1854.322340
1789745745,1,-116.309619,51.586614,0.000000,2.000000,21.141881,115.267201,1,0,1856.473844
1789745750,1,-116.309568,51.587674,0.000000,2.000000,24.721490,118.022319,1,0,1856.896144
1789745755,1,-116.309496,51.588778,0.000000,2.000000,24.670370,122.967638,1,0,1857.255520
1789745759,1,-116.309334,51.589666,0.000000,2.000000,24.786694,99.463334,1,0,1856.901645
1789745764,1,-116.308934,51.590736,0.000000,2.000000,24.357293,122.268564,1,0,1859.979594
1789745768,1,-116.308603,51.591582,0.000000,2.000000,24.296355,96.909063,1,0,1865.359491
1789745772,1,-116.308283,51.592441,0.000000,2.112089,24.532581,98.140194,1,0,1869.486923
1789745776,1,-116.307938,51.593302,0.000000,2.001391,24.780017,98.761923,1,0,1872.850024
1789745781,1,-116.307514,51.594384,0.000000,2.000004,24.979200,123.953333,1,0,1877.299510
1789745785,1,-116.307195,51.595261,0.000000,2.000000,25.026216,100.077023,1,0,1878.532576
1789745790,1,-116.307081,51.596390,0.000000,2.000000,25.261313,125.897351,1,0,1876.751740
1789745795,1,-116.307372,51.597511,0.000000,2.000000,25.492570,126.378959,1,0,1872.358284
1789745799,1,-116.307779,51.598388,0.000000,2.000000,25.311982,101.598319,1,0,1866.919442
1789745803,1,-116.308295,51.599458,0.000000,2.000000,24.741590,124.337494,1,0,1860.632732
1789745807,1,-116.308691,51.600299,0.000000,2.052602,24.195046,97.538203,1,0,1855.814893
1789745811,1,-116.309093,51.601136,0.000000,2.000704,24.317109,97.229401,1,0,1852.241923
1789745816,1,-116.309598,51.602186,0.000000,2.000002,24.221964,121.986193,1,0,1849.007403
1789745820,1,-116.309993,51.603015,0.000000,2.161441,24.094474,96.236793,1,0,1848.822073
1789745824,1,-116.310393,51.603856,0.000000,2.002154,24.489489,97.615705,1,0,1848.595724
1789745828,1,-116.310799,51.604704,0.000000,2.000027,24.642015,98.480923,1,0,1848.552690
1789745832,1,-116.311201,51.605553,0.000000,2.000000,24.483206,98.508826,1,0,1849.484560
1789745836,1,-116.311610,51.606398,0.000000,2.055840,24.531759,98.220841,1,0,1851.667913
1789745840,1,-116.312010,51.607246,0.000000,2.000710,24.697750,98.362988,1,0,1854.168356
1789745845,1,-116.312519,51.608307,0.000000,2.049379,24.657187,123.236613,1,0,1856.793106
1789745850,1,-116.313026,51.609372,0.000000,2.000132,24.696815,123.623818,1,0,1859.633940
1789745855,1,-116.313432,51.610225,0.000000,2.003015,24.828076,99.013670,1,0,1861.223049
1789745859,1,-116.313841,51.611086,0.000000,2.000035,24.995048,99.926406,1,0,1860.968473
1789745863,1,-116.314256,51.611947,0.000000,2.000000,24.975210,100.045121,1,0,1860.257832
1789745867,1,-116.314658,51.612803,0.000000,2.003268,24.816327,99.254954,1,0,1859.805043
1789745871,1,-116.315031,51.613661,0.000000,2.000039,24.706016,98.924717,1,0,1859.414768
1789745875,1,-116.315315,51.614529,0.000000,2.000000,24.610301,98.585735,1,0,1858.505027
1789745879,1,-116.315548,51.615399,0.000000,2.081450,24.614476,98.161133,1,0,1857.492604
1789745883,1,-116.315787,51.616268,0.000000,2.002886,24.462628,98.120657,1,0,1857.125286
1789745888,1,-116.316082,51.617348,0.000000,2.000019,24.532466,121.921440,1,0,1856.640049
1789745892,1,-116.316331,51.618229,0.000000,2.000000,24.983174,99.554715,1,0,1855.276617
1789745897,1,-116.316878,51.619280,0.000000,2.000000,24.483316,122.954384,1,0,1855.129888
1789745902,1,-116.317682,51.620165,0.000000,2.197173,21.946433,113.153792,1,0,1855.414658
1789745906,1,-116.318684,51.620902,0.000000,2.008404,21.292120,107.456226,1,0,1855.943488
1789745911,1,-116.319775,51.621510,0.000000,2.006201,19.907845,101.449111,1,0,1856.362413
1789745916,1,-116.320801,51.622074,0.000000,2.000033,18.542128,94.829888,1,0,1856.757892
1789745921,1,-116.321823,51.622635,0.000000,2.002134,19.255680,94.401189,1,0,1856.767635
1789745927,1,-116.323056,51.623361,0.000000,2.059445,19.532972,117.575433,1,0,1855.083584
1789745933,1,-116.324037,51.624192,0.000000,2.000113,19.220069,114.767184,1,0,1852.617262
1789745938,1,-116.324713,51.625000,0.000000,2.000001,20.531364,101.387038,1,0,1850.891699
1789745944,1,-116.325508,51.625996,0.000000,2.000000,20.597427,123.774363,1,0,1848.298789
1789745950,1,-116.326318,51.627012,0.000000,2.057707,21.836405,126.230043,1,0,1845.393858
1789745954,1,-116.326886,51.627731,0.000000,2.001145,22.463283,89.169980,1,0,1843.662597
1789745959,1,-116.327594,51.628630,0.000000,2.000011,22.131161,111.423976,1,0,1841.329241
1789745965,1,-116.328435,51.629675,0.000000,2.000000,21.637502,130.073611,1,0,1838.469457
1789745970,1,-116.329118,51.630530,0.000000,2.000000,20.983265,106.266380,1,0,1837.503303
1789745975,1,-116.329836,51.631406,0.000000,2.000000,21.910312,109.444226,1,0,1836.589587
1789745982,1,-116.330691,51.632466,0.000000,2.000000,21.968007,132.000486,1,0,1835.643380
1789745987,1,-116.331394,51.633345,0.000000,2.000000,21.608922,109.272622,1,0,1835.968525
1789745993,1,-116.332219,51.634378,0.000000,2.000000,21.430822,128.381193,1,0,1839.283875
1789745998,1,-116.332918,51.635256,0.000000,2.000000,21.862312,109.049822,1,0,1843.039932
1789746003,1,-116.333623,51.636139,0.000000,2.000000,21.955886,109.733061,1,0,1846.938109
1789746008,1,-116.334358,51.637005,0.000000,2.000000,21.828591,108.996813,1,0,1851.867413
1789746014,1,-116.335440,51.637971,0.000000,2.289870,21.953532,131.044553,1,0,1857.395254
1789746019,1,-116.336536,51.638700,0.000000,2.001632,22.834207,111.100167,1,0,1861.735710
1789746023,1,-116.337597,51.639253,0.000000,2.000024,24.655131,95.846219,1,0,1864.846389
1789746028,1,-116.339102,51.639864,0.000000,2.000000,24.914508,124.445078,1,0,1869.058038
1789746033,1,-116.340689,51.640386,0.000000,2.000000,24.782509,124.312337,1,0,1872.568057
1789746037,1,-116.342272,51.640907,0.000000,2.004764,24.743086,124.015503,1,0,1876.216875
1789746042,1,-116.343856,51.641421,0.000000,2.000012,24.811025,123.714641,1,0,1879.697095
1789746047,1,-116.345450,51.641945,0.000000,2.000000,24.848235,124.845125,1,0,1881.805454
1789746051,1,-116.346721,51.642359,0.000000,2.000000,24.746881,99.349332,1,0,1883.442295
1789746055,1,-116.347989,51.642772,0.000000,1.999999,24.729914,99.105012,1,0,1885.192212
1789746059,1,-116.349253,51.643187,0.000000,1.999999,24.713102,98.963423,1,0,1886.785449
1789746064,1,-116.350755,51.643786,0.000000,2.001764,24.738815,123.536059,1,0,1888.452075
1789746069,1,-116.352012,51.644570,0.000000,2.000011,24.712768,123.244540,1,0,1890.063029
1789746073,1,-116.352864,51.645280,0.000000,2.000000,24.706599,98.612566,1,0,1891.318892
1789746077,1,-116.353690,51.646002,0.000000,2.000000,24.632782,98.631147,1,0,1893.277780
1789746081,1,-116.354514,51.646717,0.000000,2.055005,24.458869,97.916777,1,0,1896.745986
1789746085,1,-116.355351,51.647425,0.000000,2.000709,24.476523,97.815439,1,0,1900.956504
1789746090,1,-116.356510,51.648263,0.000000,2.002479,24.666969,123.034335,1,0,1905.675729
1789746095,1,-116.357819,51.649018,0.000000,2.000015,24.784408,123.589533,1,0,1910.157141
1789746099,1,-116.358960,51.649562,0.000000,2.261044,25.043535,99.530660,1,0,1912.806436
1789746105,1,-116.360485,51.650152,0.000000,2.000661,24.793967,124.338135,1,0,1914.435663
1789746109,1,-116.361775,51.650543,0.000000,2.000007,24.823152,99.351849,1,0,1915.547007
1789746113,1,-116.363079,51.650912,0.000000,2.000000,24.737637,99.185590,1,0,1917.335904
1789746117,1,-116.364390,51.651272,0.000000,1.999999,24.742758,99.218282,1,0,1918.888443
1789746121,1,-116.365696,51.651633,0.000000,1.999999,24.804376,98.946840,1,0,1920.099159
1789746125,1,-116.367011,51.651990,0.000000,1.999999,24.878723,99.337728,1,0,1920.642437
1789746129,1,-116.368336,51.652355,0.000000,1.999999,25.121490,100.329856,1,0,1919.421880
1789746133,1,-116.369669,51.652721,0.000000,1.999999,25.128435,100.881423,1,0,1917.006640
1789746138,1,-116.371300,51.653172,0.000000,1.999999,24.449915,123.565705,1,0,1914.372052
1789746143,1,-116.372915,51.653623,0.000000,1.999999,24.603860,122.554323,1,0,1911.448457
1789746147,1,-116.374218,51.653980,0.000000,1.999999,24.594563,98.567398,1,0,1909.899975
1789746152,1,-116.375824,51.654423,0.000000,1.999999,24.241709,121.622479,1,0,1909.580254
1789746157,1,-116.377440,51.654866,0.000000,2.001647,24.565191,122.255654,1,0,1910.030135
1789746161,1,-116.378740,51.655225,0.000000,2.000020,24.641057,98.467472,1,0,1910.779688
1789746165,1,-116.380074,51.655547,0.000000,2.000000,24.794776,99.060334,1,0,1910.767599
1789746169,1,-116.381824,51.655755,0.000000,2.000000,24.767861,123.341760,1,0,1911.396809
1789746174,1,-116.383603,51.655741,0.000000,2.170020,24.593428,123.167431,1,0,1912.643058
1789746178,1,-116.385024,51.655691,0.000000,2.002119,24.693945,98.531038,1,0,1913.619125
1789746182,1,-116.386449,51.655634,0.000000,2.000026,24.793858,98.854461,1,0,1914.389305
1789746186,1,-116.387884,51.655578,0.000000,2.000000,25.002496,99.538299,1,0,1913.604827
1789746190,1,-116.389328,51.655518,0.000000,2.024079,25.031416,100.188810,1,0,1912.204702
1789746194,1,-116.390771,51.655464,0.000000,2.016250,25.020502,100.077394,1,0,1910.798440
1789746199,1,-116.392564,51.655392,0.000000,2.000094,24.737920,124.385119,1,0,1909.340380
1789746203,1,-116.393987,51.655336,0.000000,2.000001,24.587726,98.709118,1,0,1908.023247
1789746208,1,-116.395741,51.655266,0.000000,2.000000,24.154684,121.676450,1,0,1908.420667
1789746212,1,-116.397127,51.655213,0.000000,2.000000,23.996368,96.131863,1,0,1911.203349
1789746217,1,-116.398833,51.655148,0.000000,2.000000,23.362980,118.325275,1,0,1916.925459
1789746221,1,-116.400156,51.655099,0.000000,2.000000,22.767283,91.751676,1,0,1921.916644
1789746225,1,-116.401475,51.655047,0.000000,2.000000,22.987199,91.495831,1,0,1926.208662
1789746231,1,-116.403142,51.655017,0.000000,2.000000,23.147609,115.452570,1,0,1931.398763
1789746235,1,-116.404468,51.655089,0.000000,2.000000,23.046997,92.146436,1,0,1935.602131
1789746239,1,-116.405777,51.655247,0.000000,2.000000,23.088128,92.310863,1,0,1939.597052
1789746243,1,-116.407049,51.655490,0.000000,2.000000,23.223367,92.118497,1,0,1943.584898
1789746247,1,-116.408337,51.655760,0.000000,2.112078,23.591358,94.094098,1,0,1946.947565
1789746251,1,-116.409624,51.656036,0.000000,2.253947,23.562116,94.244068,1,0,1949.272237
1789746256,1,-116.411240,51.656387,0.000000,2.227122,23.749475,118.498210,1,0,1952.495689
1789746261,1,-116.412872,51.656734,0.000000,2.003578,23.916042,119.399835,1,0,1955.365115
1789746266,1,-116.414500,51.657081,0.000000,2.000026,23.700517,119.137897,1,0,1958.938790
1789746270,1,-116.415796,51.657312,0.000000,2.000000,23.064299,93.331628,1,0,1960.996385
1789746275,1,-116.417387,51.657461,0.000000,2.000000,21.775942,111.384809,1,0,1961.535685
1789746281,1,-116.419194,51.657553,0.000000,2.000000,20.287218,125.515288,1,0,1962.530781
1789746286,1,-116.420610,51.657705,0.000000,2.000000,20.109049,99.477363,1,0,1963.255171
1789746292,1,-116.422247,51.658071,0.000000,2.000000,20.045108,120.414757,1,0,1965.340700
1789746297,1,-116.423866,51.658523,0.000000,2.000000,20.880142,122.842449,1,0,1966.734173
1789746302,1,-116.425314,51.658929,0.000000,2.000000,22.158963,109.947240,1,0,1968.972863
1789746306,1,-116.426513,51.659266,0.000000,2.000000,22.931480,91.077965,1,0,1970.021812
1789746310,1,-116.427736,51.659608,0.000000,2.000000,22.886814,92.821211,1,0,1969.563889
1789746316,1,-116.428970,51.659997,0.000000,2.000000,11.065358,95.764535,1,0,1968.677067
1789746322,1,-116.429302,51.660104,0.000000,2.017038,0.159946,25.883730,1,0,1968.836342
1789746366,1,-116.430401,51.660355,0.000000,2.005358,15.967858,81.041405,1,0,1968.406331
1789746372,1,-116.431972,51.660794,0.000000,2.000017,21.305765,119.218737,1,0,1967.527351
1789746377,1,-116.433518,51.661238,0.000000,2.000000,24.052405,117.874514,1,0,1966.045207
1789746382,1,-116.435059,51.661755,0.000000,2.000000,24.417248,121.199820,1,0,1965.680163
1789746386,1,-116.436266,51.662226,0.000000,2.248388,24.648686,98.633350,1,0,1965.431056
1789746390,1,-116.437440,51.662737,0.000000,2.002989,24.688910,99.189679,1,0,1966.500149
1789746394,1,-116.438571,51.663280,0.000000,2.000036,24.736640,98.894251,1,0,1966.824497
1789746399,1,-116.439909,51.664017,0.000000,2.000000,24.790287,123.710524,1,0,1967.499242
1789746403,1,-116.440929,51.664643,0.000000,2.072633,24.841131,99.187278,1,0,1966.991550
1789746406,1,-116.441890,51.665307,0.000000,2.000849,24.836736,99.425312,1,0,1966.503372
1789746410,1,-116.442835,51.665977,0.000000,2.000010,24.686933,99.188913,1,0,1965.547361
1789746414,1,-116.443703,51.666595,0.000000,2.000000,21.490339,91.323950,1,0,1963.476738
1789746420,1,-116.444801,51.667408,0.000000,2.000000,19.264060,118.163720,1,0,1958.506319
1789746426,1,-116.445692,51.668286,0.000000,2.000000,19.230066,115.546298,1,0,1953.024576
1789746431,1,-116.446307,51.669054,0.000000,2.000000,19.007099,95.485196,1,0,1948.921218
1789746437,1,-116.446960,51.669947,0.000000,2.000000,16.761498,109.178545,1,0,1946.295627
1789746442,1,-116.447411,51.670578,0.000000,2.003856,14.846349,76.850767,1,0,1945.493583
1789746449,1,-116.448014,51.671434,0.000000,2.000016,14.843974,104.007669,1,0,1946.348310
1789746455,1,-116.448542,51.672165,0.000000,2.000000,14.907691,89.185989,1,0,1946.780681
1789746461,1,-116.449100,51.672891,0.000000,2.000000,15.054214,89.552502,1,0,1947.337422
1789746467,1,-116.449797,51.673584,0.000000,2.002915,15.246311,90.966784,1,0,1946.987485
1789746473,1,-116.450572,51.674255,0.000000,2.497715,15.352692,91.940499,1,0,1946.455184
1789746481,1,-116.451457,51.675043,0.000000,2.379939,15.223939,106.966656,1,0,1945.861842
1789746487,1,-116.452229,51.675709,0.000000,2.028052,15.184079,91.367525,1,0,1945.371330
1789746493,1,-116.452998,51.676378,0.000000,2.000222,15.280348,91.517729,1,0,1945.212608
1789746498,1,-116.453723,51.677006,0.000000,2.003156,18.657421,86.035092,1,0,1946.847093
1789746503,1,-116.454511,51.677690,0.000000,2.000020,18.394675,93.637189,1,0,1947.772207
1789746508,1,-116.455307,51.678324,0.000000,2.037189,17.661561,89.511530,1,0,1948.423456
1789746514,1,-116.456348,51.678990,0.000000,2.004716,17.059033,103.355142,1,0,1949.145820
1789746520,1,-116.457408,51.679625,0.000000,2.012806,16.919187,101.852028,1,0,1950.353478
1789746524,1,-116.458300,51.680157,0.000000,2.047867,17.329189,85.527531,1,0,1951.242996
1789746529,1,-116.459192,51.680686,0.000000,2.000491,16.593374,85.296742,1,0,1952.377140
1789746534,1,-116.459972,51.681170,0.000000,2.000008,14.342675,76.251978,1,0,1953.490903
1789746541,1,-116.461106,51.681851,0.000000,2.096617,17.795163,109.091569,1,0,1955.791147
1789746547,1,-116.462395,51.682620,0.000000,2.000222,22.564096,123.603556,1,0,1958.374053
1789746551,1,-116.463421,51.683220,0.000000,2.086865,25.173434,97.456775,1,0,1958.471102
1789746556,1,-116.464648,51.684047,0.000000,2.000485,24.878804,125.211043,1,0,1959.235458
1789746561,1,-116.465663,51.684953,0.000000,2.000001,24.530517,122.876375,1,0,1962.345578
1789746565,1,-116.466321,51.685739,0.000000,2.000000,24.660165,98.614584,1,0,1965.166824
1789746570,1,-116.466949,51.686777,0.000000,2.116349,24.644869,123.424937,1,0,1969.384621
1789746574,1,-116.467370,51.687629,0.000000,2.174327,24.686110,99.195638,1,0,1972.796231
1789746578,1,-116.467792,51.688479,0.000000,2.002126,24.704210,99.003309,1,0,1976.482711
1789746582,1,-116.468211,51.689330,0.000000,2.000026,24.709390,99.048787,1,0,1979.936054
1789746586,1,-116.468639,51.690178,0.000000,2.000000,24.696585,98.914192,1,0,1983.669203
1789746590,1,-116.469061,51.691027,0.000000,2.000000,24.726664,98.897135,1,0,1987.292218
1789746595,1,-116.469591,51.692086,0.000000,2.000000,24.641221,123.433523,1,0,1992.090225
1789746600,1,-116.470124,51.693148,0.000000,2.000000,24.836255,123.812908,1,0,1996.261446
1789746606,1,-116.470683,51.694209,0.000000,2.000000,24.811717,124.254538,1,0,1997.912200
1789746611,1,-116.471250,51.695262,0.000000,2.000000,24.554441,123.583196,1,0,1998.663663
1789746616,1,-116.471826,51.696319,0.000000,2.000000,24.747796,124.203752,1,0,1999.445550
1789746621,1,-116.472394,51.697376,0.000000,2.000000,24.766059,124.027375,1,0,2000.337944
1789746626,1,-116.472971,51.698429,0.000000,2.000000,24.745040,123.803087,1,0,2000.931325
1789746631,1,-116.473543,51.699484,0.000000,2.000000,24.766310,123.902989,1,0,2001.483255
1789746636,1,-116.474121,51.700542,0.000000,2.000000,24.826536,124.352223,1,0,2000.798008
1789746641,1,-116.474690,51.701601,0.000000,2.000157,24.842952,124.259070,1,0,1999.591736
1789746646,1,-116.475258,51.702657,0.000000,2.000000,24.725018,123.920451,1,0,1998.767887
1789746650,1,-116.475814,51.703699,0.000000,2.000000,24.439915,122.178628,1,0,2000.958115
1789746654,1,-116.476265,51.704540,0.000000,2.000000,24.720819,98.659726,1,0,2003.654751
1789746658,1,-116.476714,51.705381,0.000000,2.000950,24.724563,98.616135,1,0,2006.451153
1789746662,1,-116.477184,51.706218,0.000000,2.010602,24.670690,98.662557,1,0,2009.462783
1789746666,1,-116.477776,51.707024,0.000000,2.000129,24.568555,98.605266,1,0,2013.247362
1789746671,1,-116.478773,51.707939,0.000000,2.000000,24.704223,122.980523,1,0,2019.069765
1789746675,1,-116.479754,51.708588,0.000000,2.000000,24.852007,99.088681,1,0,2022.945430
1789746679,1,-116.480868,51.709154,0.000000,2.000000,24.765740,99.506706,1,0,2025.631522
1789746684,1,-116.482304,51.709817,0.000000,2.001896,24.756583,123.709539,1,0,2027.816822
1789746688,1,-116.483423,51.710366,0.000000,2.038592,24.702256,98.590990,1,0,2030.214046
1789746693,1,-116.484596,51.711198,0.000000,2.000106,24.680714,123.097916,1,0,2033.828045
1789746698,1,-116.485691,51.712062,0.000000,2.053403,24.544950,122.391148,1,0,2039.257783
1789746703,1,-116.486790,51.712932,0.000000,2.079518,24.691002,123.087191,1,0,2046.052307
1789746708,1,-116.487892,51.713799,0.000000,2.307559,24.714765,122.948034,1,0,2052.787931
1789746712,1,-116.488778,51.714494,0.000000,2.058914,24.672970,98.669431,1,0,2058.265902
1789746717,1,-116.489879,51.715364,0.000000,2.700793,24.536153,123.167757,1,0,2065.050943
1789746721,1,-116.490720,51.716089,0.000000,2.073222,24.942294,99.458049,1,0,2068.653405
1789746726,1,-116.491655,51.717039,0.000000,2.000436,24.713966,123.928865,1,0,2070.607400
1789746731,1,-116.492355,51.717817,0.000000,2.096992,24.745132,99.197034,1,0,2072.172579
1789746736,1,-116.493127,51.718617,0.000000,2.087150,16.857422,103.808039,1,0,2073.558342
1789746741,1,-116.493695,51.719214,0.000000,2.258942,13.893297,77.180193,1,0,2073.403324
1789746748,1,-116.494231,51.719784,0.000000,2.241430,7.046597,73.468600,1,0,2072.184891
1789746762,1,-116.495003,51.719487,0.000000,2.021226,7.241177,62.776722,1,0,2071.987210
1789746771,1,-116.495288,51.718802,0.000000,2.000826,9.192715,78.743926,1,0,2077.100251
1789746778,1,-116.495535,51.718225,0.000000,2.000031,9.009194,66.450439,1,0,2081.675907
1789746786,1,-116.495859,51.717569,0.000000,2.000001,9.993920,76.370157,1,0,2085.528434
1789746794,1,-116.496410,51.716955,0.000000,2.013002,9.673431,78.236259,1,0,2087.628791
1789746803,1,-116.497030,51.716507,0.000000,2.000459,5.359766,65.751595,1,0,2089.650060
1789746817,1,-116.497459,51.716297,0.000000,2.012240,1.174556,37.760183,1,0,2090.944553
1789746843,1,-116.497966,51.716442,0.000000,2.077967,0.932530,38.586343,1,0,2091.948472
1789746861,1,-116.498399,51.716727,0.000000,2.032599,1.847718,43.614111,1,0,2090.586222
1789746897,1,-116.498651,51.716579,0.000000,2.009850,0.035655,23.975494,1,0,2092.124628
1789747111,1,-116.499588,51.716799,0.000000,53.114131,1.116049,69.249116,1,0,2083.122327
1789747114,1,-116.500122,51.716960,0.000000,26.642204,0.724241,41.035083,1,0,2090.798649
1789747240,1,-116.501489,51.717078,0.000000,57.099024,0.000000,95.409878,1,0,2035.859923
1789747245,1,-116.502515,51.717314,0.000000,9.367742,0.575970,75.635480,1,0,2102.808174
1789747446,1,-116.504294,51.717259,0.000000,76.266595,2.053832,123.136918,1,0,2143.821079
1789747466,1,-116.504694,51.717218,0.000000,4.748652,0.187483,28.026571,1,0,2122.260673
1789747558,1,-116.505604,51.717428,0.000000,18.950024,1.172816,67.111190,1,0,2146.302466
1789747664,1,-116.507694,51.717374,0.000000,41.992664,0.000000,144.609985,1,0,2146.300431
1789748220,1,-116.507588,51.717582,0.000000,6.205132,0.043852,24.282344,1,0,2120.969863
1789748676,1,-116.507879,51.717803,0.000000,16.424259,0.217712,31.776087,1,0,2126.979322
1789748683,1,-116.507682,51.717576,0.000000,5.509318,0.060473,28.701721,1,0,2124.499830
1789749082,1,-116.506221,51.717197,0.000000,18.333011,0.000000,109.455683,1,0,2130.102145
1789749180,1,-116.505159,51.717152,0.000000,53.838501,1.459710,73.588197,1,0,2128.324242
1789749231,1,-116.504486,51.716930,0.000000,32.650173,1.706214,52.679343,1,0,2109.372079
1789749304,1,-116.504331,51.717178,0.000000,59.695014,0.000001,29.609018,1,0,2104.734270
1789749306,1,-116.503635,51.717203,0.000000,30.481728,1.250007,48.195815,1,0,2144.400985
1789749461,1,-116.502239,51.717212,0.000000,55.086851,0.000000,96.512754,1,0,2127.981527
1789749568,1,-116.501377,51.716722,0.000000,72.284877,1.624498,80.779323,1,0,2071.297677
1789749572,1,-116.501220,51.716995,0.000000,24.315417,0.438965,32.264783,1,0,2106.009103
1789749714,1,-116.499763,51.717141,0.000000,65.041824,2.001905,102.026212,1,0,2077.390327
1789749873,1,-116.498747,51.716455,0.000000,6.601864,1.756532,103.743113,1,0,2072.024765
1789749904,1,-116.498348,51.716324,0.000000,10.997900,0.520579,31.199600,1,0,2103.300933
1789749934,1,-116.498257,51.716148,0.000000,26.321545,0.390755,20.573946,1,0,2092.241982
1789750651,1,-116.498315,51.716456,0.000000,6.477371,0.849257,34.513649,1,0,2096.316611
1789750926,1,-116.497498,51.716252,0.000000,2.309352,2.476408,60.872920,1,0,2097.813040
1789750939,1,-116.496841,51.716587,0.000000,2.176657,6.095200,58.762816,1,0,2095.766289
1789750951,1,-116.496234,51.717062,0.000000,2.068296,6.069338,67.496332,1,0,2093.870815
1789750961,1,-116.495822,51.717557,0.000000,2.175146,6.148955,62.019638,1,0,2090.754622
1789750971,1,-116.495522,51.718133,0.000000,2.029209,7.476990,67.379099,1,0,2088.174382
1789750979,1,-116.495281,51.718698,0.000000,2.027163,9.028418,65.053213,1,0,2083.390749
1789750986,1,-116.495020,51.719328,0.000000,2.000679,10.585675,72.402216,1,0,2078.689726
1789750994,1,-116.494684,51.719763,0.000000,2.085773,2.242425,53.698465,1,0,2075.717021
1789751013,1,-116.495058,51.720584,0.000000,2.007745,16.514902,94.963268,1,0,2076.213829
1789751018,1,-116.496189,51.721407,0.000000,2.647249,21.249829,120.430369,1,0,2074.221196
1789751024,1,-116.497296,51.722232,0.000000,2.081340,19.727553,119.530705,1,0,2067.539289
1789751030,1,-116.498387,51.723037,0.000000,2.302825,19.346853,117.113886,1,0,2059.441444
1789751035,1,-116.499286,51.723699,0.000000,2.915048,19.219097,96.385593,1,0,2052.506363
1789751040,1,-116.500174,51.724364,0.000000,2.161861,19.189514,96.153817,1,0,2046.009914
1789751046,1,-116.500951,51.725277,0.000000,2.002490,19.173479,114.935419,1,0,2037.476155
1789751052,1,-116.501115,51.726309,0.000000,2.177070,19.271326,115.417156,1,0,2028.951651
1789751057,1,-116.500944,51.727215,0.000000,2.001208,21.292362,101.525883,1,0,2021.648837
1789751062,1,-116.500784,51.728272,0.000000,2.000114,24.534741,118.159969,1,0,2013.561080
1789751066,1,-116.500870,51.729163,0.000000,2.514247,24.852714,99.343857,1,0,2008.326522
1789751071,1,-116.501292,51.730001,0.000000,2.157843,24.232652,97.721076,1,0,2004.525537
1789751076,1,-116.502150,51.730959,0.000000,2.335153,24.640992,122.003529,1,0,1999.718965
1789751081,1,-116.503124,51.731907,0.000000,2.071777,25.236673,125.155320,1,0,1993.829698
1789751085,1,-116.503880,51.732688,0.000000,2.766247,25.127601,101.418282,1,0,1988.897263
1789751089,1,-116.504641,51.733443,0.000000,2.071739,24.694666,99.132214,1,0,1983.434524
1789751093,1,-116.505385,51.734187,0.000000,2.134895,24.235830,97.468640,1,0,1978.420401
1789751097,1,-116.506129,51.734928,0.000000,2.623083,24.339056,97.185067,1,0,1973.584897
1789751101,1,-116.506936,51.735651,0.000000,2.008006,24.548928,97.903748,1,0,1969.425949
1789751105,1,-116.507771,51.736376,0.000000,2.286712,25.113833,99.199624,1,0,1963.623227
1789751109,1,-116.508622,51.737117,0.000000,2.165369,25.315523,101.291268,1,0,1957.329246
1789751114,1,-116.509672,51.738032,0.000000,2.213633,24.880578,125.042831,1,0,1949.305716
1789751119,1,-116.510711,51.738932,0.000000,2.126633,24.648758,123.238209,1,0,1942.175541
1789751124,1,-116.511712,51.739831,0.000000,2.821215,24.166774,121.635573,1,0,1935.484847
1789751129,1,-116.512710,51.740738,0.000000,2.086139,24.466969,122.251829,1,0,1927.296506
1789751133,1,-116.513375,51.741777,0.000000,2.237471,24.907069,124.431638,1,0,1919.228751
1789751138,1,-116.513737,51.742886,0.000000,2.112358,25.220113,125.936137,1,0,1909.858966
1789751142,1,-116.514006,51.743772,0.000000,2.746184,24.992836,100.344206,1,0,1902.450910
1789751146,1,-116.514324,51.744641,0.000000,2.075651,24.689900,99.180037,1,0,1895.256314
1789751150,1,-116.514821,51.745455,0.000000,2.369084,24.267993,96.883794,1,0,1890.131135
1789751154,1,-116.515432,51.746254,0.000000,2.271275,24.709131,98.436317,1,0,1884.653112
1789751159,1,-116.516209,51.747276,0.000000,2.582981,25.152722,125.775763,1,0,1876.573912
1789751163,1,-116.516818,51.748091,0.000000,3.100349,24.808061,99.989447,1,0,1869.500714
1789751167,1,-116.517425,51.748892,0.000000,2.023504,24.393183,98.517195,1,0,1862.754198
1789751171,1,-116.518032,51.749678,0.000000,2.943803,24.262019,97.009053,1,0,1857.074317
1789751175,1,-116.518640,51.750469,0.000000,2.289875,24.358776,97.540799,1,0,1852.379827
1789751179,1,-116.519297,51.751247,0.000000,4.443105,24.508787,97.761748,1,0,1847.677959
1789751184,1,-116.520316,51.752157,0.000000,4.746730,24.853342,123.339771,1,0,1841.929499
1789751188,1,-116.521209,51.752866,0.000000,4.748630,25.115282,100.160653,1,0,1837.142636
1789751192,1,-116.522105,51.753575,0.000000,4.748652,25.081339,100.284421,1,0,1832.703980
1789751196,1,-116.522944,51.754305,0.000000,4.748652,24.908136,99.796783,1,0,1828.272951
1789751200,1,-116.523705,51.755064,0.000000,4.748653,24.845755,99.492624,1,0,1822.951668
1789751204,1,-116.524438,51.755829,0.000000,4.748653,24.631694,99.057727,1,0,1817.311918
1789751209,1,-116.525343,51.756765,0.000000,4.748653,24.185268,121.488759,1,0,1812.508508
1789751213,1,-116.526096,51.757504,0.000000,4.748653,24.528075,97.313153,1,0,1809.366069
1789751217,1,-116.527039,51.758187,0.000000,4.748652,25.462103,100.104872,1,0,1804.420012
1789751222,1,-116.528468,51.758892,0.000000,4.748652,25.103926,126.084152,1,0,1796.275868
1789751226,1,-116.529726,51.759312,0.000000,4.748651,24.269882,98.661166,1,0,1791.110732
1789751230,1,-116.531009,51.759651,0.000000,4.748651,24.198811,96.309584,1,0,1787.971410
1789751235,1,-116.532624,51.760089,0.000000,4.748651,24.467708,121.728578,1,0,1785.348722
1789751239,1,-116.533856,51.760532,0.000000,4.748652,24.756390,98.341417,1,0,1782.881638
1789751243,1,-116.534976,51.761111,0.000000,4.748652,25.374004,100.677984,1,0,1778.969940
1789751248,1,-116.536255,51.761919,0.000000,4.748651,25.035770,126.054495,1,0,1772.868556
1789751253,1,-116.537513,51.762722,0.000000,4.748651,24.619573,124.642668,1,0,1766.041327
1789751257,1,-116.538533,51.763371,0.000000,4.748651,25.134630,100.895581,1,0,1759.507376
1789751261,1,-116.539544,51.764016,0.000000,4.748651,25.030196,100.137372,1,0,1753.337987
1789751265,1,-116.540543,51.764649,0.000000,4.748652,24.506016,98.602704,1,0,1748.976056
1789751270,1,-116.541742,51.765416,0.000000,4.748652,23.735133,118.922631,1,0,1748.679536
1789751275,1,-116.542960,51.766193,0.000000,4.748652,24.393397,120.635173,1,0,1750.227383
1789751279,1,-116.543957,51.766822,0.000000,4.748652,24.608231,98.188231,1,0,1751.453825
1789751284,1,-116.545202,51.767614,0.000000,4.748652,24.618686,123.132088,1,0,1752.982434
1789751289,1,-116.546449,51.768407,0.000000,4.748652,24.681871,123.308233,1,0,1755.027662
1789751293,1,-116.547394,51.769075,0.000000,4.748652,24.737925,98.918871,1,0,1756.450899
1789751297,1,-116.548231,51.769796,0.000000,4.748653,24.675832,98.889674,1,0,1758.067092
1789751302,1,-116.549266,51.770703,0.000000,4.748653,24.705357,123.681476,1,0,1760.373339
1789751306,1,-116.550094,51.771427,0.000000,4.748653,24.708462,98.799936,1,0,1762.506723
1789751310,1,-116.550922,51.772153,0.000000,4.748653,24.695258,98.981583,1,0,1764.385441
1789751314,1,-116.551753,51.772878,0.000000,4.748653,24.772912,99.010691,1,0,1766.110518
1789751318,1,-116.552586,51.773609,0.000000,4.748653,24.978745,99.635313,1,0,1767.089120
1789751324,1,-116.553643,51.774529,0.000000,4.748653,25.239905,125.735962,1,0,1764.738794
1789751329,1,-116.554705,51.775452,0.000000,4.748653,25.109155,126.208178,1,0,1760.469870
1789751333,1,-116.555588,51.776162,0.000000,4.748653,24.812767,99.802686,1,0,1757.036814
1789751337,1,-116.556539,51.776819,0.000000,4.748652,24.197892,98.273347,1,0,1756.354202
1789751342,1,-116.557750,51.777587,0.000000,4.748652,23.607695,119.567461,1,0,1756.317970
1789751346,1,-116.558784,51.778187,0.000000,4.748651,24.381877,97.752458,1,0,1756.869885
1789751351,1,-116.560094,51.778961,0.000000,4.748652,25.057487,124.902654,1,0,1755.053117
1789751355,1,-116.561162,51.779580,0.000000,4.748652,25.181323,100.905135,1,0,1752.229680
1789751360,1,-116.562471,51.780347,0.000000,4.748652,24.743637,124.308844,1,0,1749.775943
1789751363,1,-116.563505,51.780951,0.000000,4.748652,24.481287,98.051046,1,0,1747.409210
1789751368,1,-116.564791,51.781700,0.000000,4.748652,24.380921,121.779423,1,0,1745.206696
1789751372,1,-116.565815,51.782307,0.000000,4.748652,24.465294,97.779933,1,0,1743.184338
1789751376,1,-116.566784,51.782956,0.000000,4.748652,24.690363,98.447533,1,0,1741.466305
1789751381,1,-116.567853,51.783826,0.000000,4.748652,24.157892,121.742421,1,0,1741.053593
1789751386,1,-116.568820,51.784733,0.000000,4.748652,24.428959,121.016229,1,0,1741.315999
1789751390,1,-116.569601,51.785472,0.000000,4.748653,24.623675,98.339494,1,0,1741.831596
1789751394,1,-116.570385,51.786214,0.000000,4.748653,24.721328,98.732259,1,0,1741.741533
1789751398,1,-116.571178,51.786959,0.000000,4.748653,24.905030,99.352596,1,0,1741.412907
1789751402,1,-116.571965,51.787705,0.000000,4.748653,24.723930,99.218128,1,0,1741.469359
1789751406,1,-116.572707,51.788455,0.000000,4.748653,24.328537,97.931239,1,0,1743.438461
1789751411,1,-116.573523,51.789429,0.000000,4.748654,24.496472,122.157748,1,0,1747.087298
1789751415,1,-116.574098,51.790240,0.000000,4.748653,24.644811,98.598858,1,0,1749.442095
1789751419,1,-116.574624,51.791076,0.000000,4.748653,25.146385,99.873674,1,0,1750.224941
1789751423,1,-116.575074,51.791942,0.000000,4.748652,25.335340,101.261255,1,0,1746.792883
1789751428,1,-116.575580,51.793036,0.000000,4.748652,25.190060,126.665107,1,0,1742.107815
1789751432,1,-116.575982,51.793903,0.000000,4.748652,25.032419,100.401522,1,0,1738.261772
1789751436,1,-116.576383,51.794765,0.000000,4.748652,24.916826,99.846795,1,0,1734.030587
1789751440,1,-116.576763,51.795625,0.000000,4.748652,24.744878,99.240119,1,0,1729.942694
1789751444,1,-116.577155,51.796470,0.000000,4.748652,24.468134,97.856684,1,0,1726.426919
1789751449,1,-116.577536,51.797310,0.000000,4.748652,24.325162,97.113698,1,0,1722.985254
1789751454,1,-116.578007,51.798364,0.000000,4.748652,24.308377,121.723425,1,0,1720.591890
1789751458,1,-116.578383,51.799198,0.000000,4.748652,24.052300,96.377518,1,0,1721.436661
1789751462,1,-116.578770,51.800039,0.000000,4.748652,24.513276,97.332820,1,0,1722.281826
1789751467,1,-116.579287,51.801096,0.000000,3.581004,24.617816,122.927672,1,0,1723.225240
1789751471,1,-116.579772,51.802163,0.000000,2.058913,24.715360,123.375980,1,0,1724.295810
1789751475,1,-116.580178,51.803015,0.000000,2.247966,24.848591,98.874139,1,0,1724.745859
1789751480,1,-116.580790,51.804058,0.000000,2.110695,24.722399,123.522270,1,0,1725.718669
1789751485,1,-116.581515,51.805076,0.000000,2.052884,24.780531,123.848222,1,0,1726.435064
1789751490,1,-116.582369,51.806069,0.000000,2.241874,25.255058,125.240966,1,0,1724.769088
1789751494,1,-116.583138,51.806846,0.000000,2.066337,25.337384,101.454649,1,0,1720.620291
1789751499,1,-116.584198,51.807757,0.000000,2.000156,24.801831,125.013390,1,0,1716.484135
1789751504,1,-116.585270,51.808632,0.000000,2.508868,24.167318,122.285447,1,0,1712.924083
1789751508,1,-116.586121,51.809318,0.000000,2.109168,24.016837,96.313852,1,0,1712.849080
1789751512,1,-116.586972,51.810013,0.000000,2.010559,24.498929,97.105816,1,0,1712.919322
1789751516,1,-116.587836,51.810715,0.000000,2.058857,24.604376,98.268883,1,0,1713.375452
1789751520,1,-116.588704,51.811422,0.000000,2.374633,24.704979,98.878755,1,0,1713.837541
1789751524,1,-116.589573,51.812128,0.000000,2.266515,24.729095,98.832052,1,0,1714.246309
1789751528,1,-116.590446,51.812835,0.000000,2.003212,24.769315,99.088042,1,0,1714.618519
1789751532,1,-116.591318,51.813542,0.000000,2.006026,24.761414,99.046135,1,0,1715.350541
1789751536,1,-116.592185,51.814250,0.000000,2.000074,24.730018,98.925646,1,0,1715.803285
1789751541,1,-116.593273,51.815134,0.000000,2.291848,24.763973,123.741060,1,0,1716.312015
1789751546,1,-116.594355,51.816021,0.000000,2.051890,24.731496,123.756651,1,0,1716.760544
1789751550,1,-116.595227,51.816727,0.000000,2.292427,24.728332,98.953759,1,0,1716.983896
1789751554,1,-116.596093,51.817437,0.000000,2.082492,24.762705,99.057484,1,0,1717.626387
1789751558,1,-116.596924,51.818171,0.000000,2.029683,25.075628,99.794943,1,0,1716.513295
1789751562,1,-116.597698,51.818941,0.000000,2.045456,25.218070,100.967144,1,0,1713.743573
1789751567,1,-116.598552,51.819934,0.000000,3.085801,24.890421,125.231820,1,0,1709.568426
1789751572,1,-116.599380,51.820922,0.000000,2.236430,24.645748,123.904240,1,0,1705.490707
1789751577,1,-116.600021,51.821708,0.000000,2.045244,24.323957,98.014447,1,0,1702.696926
1789751581,1,-116.600675,51.822483,0.000000,2.266453,24.368585,97.335645,1,0,1701.004726
1789751585,1,-116.601313,51.823270,0.000000,2.038893,24.497897,98.020653,1,0,1697.990758
1789751590,1,-116.602135,51.824250,0.000000,2.613953,24.534004,122.923153,1,0,1694.619163
1789751594,1,-116.602778,51.825040,0.000000,2.941853,24.437366,98.471627,1,0,1693.577380
1789751599,1,-116.603570,51.826011,0.000000,2.136304,24.270366,121.085057,1,0,1694.436279
1789751603,1,-116.604218,51.826798,0.000000,2.109099,24.673161,98.329876,1,0,1695.141109
1789751608,1,-116.605032,51.827789,0.000000,2.092226,24.728618,123.756517,1,0,1695.286275
1789751612,1,-116.605686,51.828580,0.000000,2.091825,24.715662,98.914629,1,0,1696.003875
1789751617,1,-116.606502,51.829568,0.000000,3.239165,24.656057,123.521850,1,0,1696.302361
1789751621,1,-116.607151,51.830366,0.000000,2.301645,24.808653,99.450660,1,0,1695.789808
1789751625,1,-116.607945,51.831366,0.000000,2.538365,24.819314,124.032204,1,0,1695.543388
1789751629,1,-116.608559,51.832176,0.000000,2.274496,24.872035,99.595401,1,0,1694.726187
1789751634,1,-116.609282,51.833199,0.000000,2.067352,24.848155,124.290633,1,0,1694.249939
1789751639,1,-116.609992,51.834218,0.000000,2.095390,24.687170,123.524924,1,0,1693.375836
1789751644,1,-116.610684,51.835236,0.000000,2.083130,24.576522,122.933789,1,0,1692.391829
1789751648,1,-116.611300,51.836034,0.000000,3.263754,24.606971,98.445718,1,0,1692.365400
1789751652,1,-116.611993,51.836808,0.000000,2.215430,24.663922,98.505914,1,0,1693.051128
1789751656,1,-116.612753,51.837560,0.000000,2.538216,24.671481,98.744042,1,0,1693.546105
1789751661,1,-116.613796,51.838464,0.000000,2.152610,24.704325,123.668383,1,0,1694.370594
1789751666,1,-116.614868,51.839354,0.000000,2.002565,24.750070,123.589488,1,0,1694.917213
1789751671,1,-116.615942,51.840246,0.000000,2.575081,24.750828,123.845455,1,0,1695.070117
1789751676,1,-116.617021,51.841141,0.000000,2.003440,24.957580,124.319195,1,0,1693.837160
1789751680,1,-116.617871,51.841849,0.000000,2.000042,24.378500,98.197627,1,0,1691.160433
1789751685,1,-116.618811,51.842648,0.000000,3.312304,20.725654,110.032140,1,0,1686.346172
1789751690,1,-116.619587,51.843337,0.000000,2.067679,16.730639,93.499169,1,0,1681.532500
1789751696,1,-116.620143,51.843798,0.000000,2.244589,6.440643,64.043925,1,0,1678.671793
1789751710,1,-116.620296,51.843300,0.000000,2.179457,5.470675,56.419009,1,0,1681.082724
1789751742,1,-116.619947,51.842895,0.000000,2.403786,3.882708,51.093673,1,0,1682.922332
1789751794,1,-116.620148,51.843140,0.000000,2.400970,7.070675,30.586063,1,0,1682.737039
1789751802,1,-116.620443,51.843609,0.000000,2.582183,5.423221,35.851899,1,0,1681.091408
1789751814,1,-116.620238,51.843768,0.000000,2.545483,0.010449,22.646780,1,0,1681.446562
1789751830,1,-116.620657,51.844433,0.000000,2.127609,15.815988,79.447686,1,0,1676.756813
1789751836,1,-116.621562,51.845345,0.000000,2.329106,21.030821,119.138751,1,0,1674.416165
1789751841,1,-116.622338,51.846135,0.000000,2.837779,20.435661,102.915890,1,0,1673.249796
1789751847,1,-116.623265,51.847071,0.000000,2.036584,20.274252,122.208432,1,0,1672.245625
1789751853,1,-116.624227,51.847985,0.000000,2.896084,20.145228,121.428750,1,0,1672.181042
1789751858,1,-116.625226,51.848618,0.000000,2.408643,18.841227,98.515578,1,0,1671.035637
1789751863,1,-116.626298,51.849030,0.000000,2.035666,17.677293,86.966429,1,0,1669.946879
1789751869,1,-116.627566,51.849455,0.000000,2.002663,13.706755,99.384541,1,0,1669.083317
1789751875,1,-116.628252,51.849677,0.000000,2.038740,3.692293,53.353637,1,0,1668.998609
1789751961,1,-116.628664,51.849647,0.000000,96.795014,0.000001,28.596019,1,0,1663.118175
1789752183,1,-116.628652,51.849382,0.000000,8.029902,0.053958,29.504358,1,0,1663.281067
1789752347,1,-116.629054,51.849830,0.000000,95.298883,2.435378,57.042582,1,0,1635.850533
1789752437,1,-116.628510,51.849623,0.000000,24.858066,0.339527,44.010811,1,0,1674.181342
1789752617,1,-116.629159,51.850252,0.000000,2.045786,12.048485,83.075418,1,0,1666.788148
1789752623,1,-116.629974,51.850753,0.000000,4.064357,12.855383,79.148631,1,0,1668.189874
1789752630,1,-116.631061,51.851201,0.000000,4.743038,12.962159,89.995954,1,0,1671.923539
1789752636,1,-116.632055,51.851565,0.000000,4.748569,13.319111,79.592801,1,0,1673.623414
1789752642,1,-116.633107,51.851951,0.000000,4.748651,15.248549,84.280181,1,0,1674.578698
1789752647,1,-116.634220,51.852352,0.000000,4.748652,19.036199,88.751192,1,0,1674.546026
1789752653,1,-116.635703,51.852885,0.000000,4.748651,19.663564,118.182121,1,0,1672.721069
1789752658,1,-116.636912,51.853320,0.000000,4.748651,18.925456,96.373373,1,0,1671.118877
1789752663,1,-116.638109,51.853756,0.000000,4.748651,19.907749,95.715476,1,0,1672.392142
1789752668,1,-116.639517,51.854266,0.000000,4.748651,23.672287,112.426885,1,0,1675.003430
1789752672,1,-116.640735,51.854707,0.000000,4.748652,24.500953,97.245629,1,0,1677.684742
1789752677,1,-116.642296,51.855249,0.000000,4.748652,24.801736,123.338027,1,0,1680.079098
1789752681,1,-116.643581,51.855656,0.000000,4.748651,24.848511,99.471377,1,0,1680.508065
1789752685,1,-116.644866,51.856053,0.000000,4.748651,24.776610,98.969543,1,0,1681.190009
1789752689,1,-116.646155,51.856444,0.000000,4.748651,24.715555,98.920736,1,0,1681.597051
1789752693,1,-116.647443,51.856837,0.000000,4.748650,24.815502,98.957039,1,0,1682.225582
1789752697,1,-116.648729,51.857231,0.000000,4.748651,24.799293,98.882731,1,0,1682.997975
1789752701,1,-116.650020,51.857621,0.000000,4.748651,24.711578,98.995718,1,0,1683.435247
1789752705,1,-116.651303,51.858015,0.000000,4.748651,24.615579,98.697479,1,0,1684.236656
1789752710,1,-116.652911,51.858505,0.000000,4.748651,24.767204,123.511252,1,0,1686.487138
1789752715,1,-116.654518,51.858999,0.000000,4.748651,24.740219,123.646764,1,0,1688.667599
1789752719,1,-116.655769,51.859437,0.000000,4.748651,24.833677,99.042951,1,0,1689.145238
1789752723,1,-116.656935,51.859969,0.000000,4.748651,25.090370,99.815313,1,0,1688.383050
1789752728,1,-116.658283,51.860733,0.000000,4.748651,25.257981,125.930478,1,0,1684.868036
1789752732,1,-116.659222,51.861428,0.000000,4.748651,25.310277,100.845486,1,0,1679.504691
1789752736,1,-116.660149,51.862125,0.000000,4.748651,25.120001,100.488566,1,0,1675.644193
1789752740,1,-116.661055,51.862803,0.000000,4.748651,24.287257,97.936528,1,0,1673.071635
1789752744,1,-116.661931,51.863470,0.000000,4.748651,24.060392,95.678869,1,0,1671.890338
1789752748,1,-116.662834,51.864137,0.000000,4.748651,24.317170,96.863453,1,0,1670.799852
1789752754,1,-116.663970,51.864987,0.000000,4.748651,24.661772,122.788694,1,0,1668.966491
1789752758,1,-116.664883,51.865672,0.000000,4.748651,24.723250,98.839885,1,0,1668.057798
1789752762,1,-116.665798,51.866360,0.000000,4.748650,24.779779,99.185159,1,0,1666.987458
1789752767,1,-116.666945,51.867219,0.000000,4.748651,24.804261,124.038082,1,0,1665.431823
1789752770,1,-116.667857,51.867907,0.000000,4.748650,24.779687,99.053855,1,0,1663.974311
1789752774,1,-116.668769,51.868589,0.000000,4.748650,24.542590,98.538560,1,0,1663.558303
1789752778,1,-116.669666,51.869263,0.000000,4.748651,24.076047,97.193926,1,0,1664.442237
1789752783,1,-116.670796,51.870108,0.000000,4.748651,24.563383,122.090882,1,0,1666.058945
1789752787,1,-116.671708,51.870793,0.000000,4.748651,24.751561,98.791527,1,0,1666.901620
1789752791,1,-116.672632,51.871484,0.000000,4.748651,25.122939,99.832855,1,0,1665.398100
1789752795,1,-116.673566,51.872194,0.000000,4.748651,25.375576,101.904322,1,0,1661.817735
1789752799,1,-116.674453,51.872926,0.000000,4.748651,25.400103,101.839043,1,0,1655.935717
1789752804,1,-116.675493,51.873851,0.000000,4.748651,24.864816,125.426059,1,0,1649.059543
1789752808,1,-116.676290,51.874581,0.000000,4.748651,24.278729,98.059040,1,0,1644.371164
1789752812,1,-116.677076,51.875294,0.000000,4.748651,24.032232,96.068050,1,0,1642.777265
1789752817,1,-116.678064,51.876190,0.000000,4.748651,24.172751,120.730858,1,0,1642.175788
1789752821,1,-116.678862,51.876917,0.000000,4.748651,24.481882,97.817656,1,0,1641.929649
1789752825,1,-116.679673,51.877648,0.000000,4.748651,24.691539,98.690354,1,0,1641.596517
1789752829,1,-116.680476,51.878388,0.000000,4.748651,24.862047,99.209352,1,0,1640.789723
1789752834,1,-116.681489,51.879306,0.000000,4.748652,24.836584,123.723986,1,0,1640.980234
1789752838,1,-116.682295,51.880048,0.000000,4.748651,24.764822,99.509355,1,0,1640.182075
1789752842,1,-116.683103,51.880785,0.000000,4.748652,24.727243,99.122143,1,0,1639.664382
1789752846,1,-116.683916,51.881519,0.000000,4.748652,24.693286,99.040340,1,0,1639.072280
1789752851,1,-116.684918,51.882435,0.000000,4.748652,24.383144,123.109852,1,0,1639.946317
1789752855,1,-116.685723,51.883164,0.000000,4.748651,24.586578,98.269929,1,0,1642.290108
1789752860,1,-116.686736,51.884081,0.000000,4.748651,24.699521,123.628132,1,0,1644.699343
1789752864,1,-116.687541,51.884816,0.000000,4.748651,24.782014,98.822038,1,0,1647.273812
1789752869,1,-116.688539,51.885741,0.000000,4.748651,24.768024,123.783483,1,0,1649.424572
1789752873,1,-116.689230,51.886521,0.000000,4.748651,24.801851,98.998304,1,0,1651.531384
1789752878,1,-116.689887,51.887560,0.000000,4.748652,24.809140,124.172259,1,0,1652.995183
1789752883,1,-116.690314,51.888649,0.000000,4.748652,24.880811,124.715978,1,0,1652.838060
1789752887,1,-116.690604,51.889523,0.000000,4.748651,24.839666,99.300294,1,0,1652.179100
1789752892,1,-116.690962,51.890614,0.000000,4.748651,24.818452,123.899357,1,0,1651.258298
1789752896,1,-116.691251,51.891485,0.000000,4.748651,24.803832,98.959012,1,0,1650.816470
1789752900,1,-116.691538,51.892356,0.000000,4.748650,24.654291,98.931400,1,0,1650.552315
1789752905,1,-116.692010,51.893429,0.000000,4.748650,24.827741,123.762998,1,0,1649.712177
1789752909,1,-116.692516,51.894261,0.000000,4.748651,24.753402,98.935950,1,0,1648.982328
1789752913,1,-116.693131,51.895059,0.000000,4.748651,24.635841,98.393683,1,0,1648.521320
1789752917,1,-116.693854,51.895822,0.000000,4.748651,24.709715,98.434142,1,0,1647.973737
1789752922,1,-116.694891,51.896736,0.000000,4.748651,25.102200,124.281788,1,0,1645.689988
1789752926,1,-116.695774,51.897460,0.000000,4.748651,25.225590,100.941650,1,0,1642.242952
1789752930,1,-116.696643,51.898179,0.000000,4.748650,24.838860,99.917710,1,0,1638.919041
1789752934,1,-116.697500,51.898887,0.000000,4.748650,24.471012,98.442436,1,0,1636.022975
1789752938,1,-116.698347,51.899585,0.000000,4.748650,24.231242,97.138898,1,0,1633.714389
1789752942,1,-116.699192,51.900283,0.000000,4.748650,24.254501,97.056257,1,0,1632.858183
1789752947,1,-116.700252,51.901153,0.000000,2.319614,24.327857,121.247917,1,0,1634.272929
1789752951,1,-116.701107,51.901862,0.000000,2.014825,24.749900,98.445019,1,0,1635.003152
1789752955,1,-116.701976,51.902574,0.000000,2.000175,24.912881,99.290630,1,0,1634.584591
1789752959,1,-116.702843,51.903291,0.000000,2.828961,24.947290,99.652749,1,0,1633.559529
1789752963,1,-116.703714,51.904011,0.000000,2.152605,25.000089,100.085049,1,0,1632.590813
1789752967,1,-116.704582,51.904729,0.000000,2.476668,24.906310,99.783077,1,0,1631.532038
1789752971,1,-116.705448,51.905439,0.000000,2.627737,24.622547,98.988487,1,0,1631.239265
1789752975,1,-116.706298,51.906141,0.000000,2.810357,24.282416,97.610977,1,0,1631.343315
1789752980,1,-116.707390,51.907007,0.000000,2.149885,24.545922,122.230074,1,0,1630.666224
1789752984,1,-116.708351,51.907663,0.000000,2.001872,24.703908,98.522930,1,0,1630.560330
1789752988,1,-116.709362,51.908289,0.000000,2.121679,24.654659,98.476615,1,0,1630.769339
1789752992,1,-116.710441,51.908878,0.000000,2.301063,24.788569,99.067187,1,0,1630.827619
1789752996,1,-116.711542,51.909448,0.000000,2.642526,24.754007,98.837368,1,0,1630.988190
1789753001,1,-116.712935,51.910162,0.000000,2.303421,25.169556,124.539592,1,0,1632.114930
1789753005,1,-116.714031,51.910729,0.000000,2.110525,24.717403,98.359151,1,0,1632.312789
1789753010,1,-116.715402,51.911448,0.000000,2.020829,24.643689,123.727982,1,0,1631.943492
1789753014,1,-116.716502,51.912020,0.000000,2.112276,24.715695,98.920916,1,0,1632.571453
1789753019,1,-116.717879,51.912735,0.000000,2.209089,24.755320,123.756557,1,0,1633.183990
1789753023,1,-116.718985,51.913303,0.000000,2.010983,24.698116,98.952403,1,0,1633.405705
1789753027,1,-116.720015,51.913924,0.000000,2.278225,24.665902,99.010197,1,0,1633.801726
1789753031,1,-116.720812,51.914665,0.000000,2.711995,24.736069,99.048572,1,0,1634.475285
1789753035,1,-116.721401,51.915479,0.000000,2.950681,24.852353,99.251273,1,0,1634.520353
1789753040,1,-116.722140,51.916497,0.000000,2.417200,24.786542,124.190113,1,0,1634.445840
1789753044,1,-116.722723,51.917314,0.000000,2.004932,24.831656,99.386958,1,0,1633.503523
1789753049,1,-116.723137,51.918403,0.000000,2.366524,24.752066,124.503666,1,0,1630.946855
1789753054,1,-116.723107,51.919520,0.000000,2.142200,25.161924,124.332744,1,0,1626.126071
1789753058,1,-116.723059,51.920428,0.000000,2.553787,25.223150,101.109020,1,0,1621.066906
1789753062,1,-116.723163,51.921311,0.000000,2.269565,24.457690,98.532967,1,0,1617.861625
1789753066,1,-116.723558,51.922143,0.000000,2.222399,24.155624,96.504039,1,0,1615.099251
1789753070,1,-116.723979,51.922977,0.000000,2.008673,24.404179,97.235622,1,0,1612.872806
1789753075,1,-116.724395,51.924055,0.000000,2.070239,24.762663,123.343087,1,0,1609.574696
1789753079,1,-116.724347,51.924945,0.000000,2.023383,24.880115,99.106646,1,0,1606.402033
1789753084,1,-116.724136,51.926064,0.000000,2.104431,25.090449,125.381367,1,0,1602.429670
1789753089,1,-116.723922,51.927177,0.000000,2.005459,24.890922,124.742253,1,0,1599.707969
1789753093,1,-116.723638,51.928052,0.000000,2.459924,24.868958,99.323493,1,0,1596.952638
1789753098,1,-116.723152,51.929134,0.000000,2.694001,25.119640,124.977029,1,0,1592.069928
1789753103,1,-116.722667,51.930222,0.000000,2.541567,25.239922,125.602151,1,0,1584.980795
1789753107,1,-116.722253,51.931093,0.000000,2.154839,25.355872,101.034933,1,0,1580.454918
1789753112,1,-116.721777,51.932163,0.000000,2.669214,24.682678,123.505247,1,0,1575.411742
1789753117,1,-116.721293,51.933215,0.000000,2.134852,24.215957,121.724155,1,0,1569.916055
1789753121,1,-116.720909,51.934059,0.000000,2.315550,24.431671,97.576355,1,0,1566.223718
1789753125,1,-116.720519,51.934913,0.000000,2.038246,24.816469,98.759466,1,0,1560.953697
1789753130,1,-116.720028,51.935997,0.000000,2.428008,25.131238,125.281321,1,0,1555.136742
1789753134,1,-116.719634,51.936847,0.000000,3.328826,24.053396,98.405675,1,0,1550.103387
1789753140,1,-116.719149,51.937900,0.000000,2.099797,19.132370,121.848654,1,0,1543.575964
1789753145,1,-116.718784,51.938717,0.000000,2.524126,18.877955,94.329752,1,0,1539.726704
1789753150,1,-116.718401,51.939378,0.000000,2.100164,10.791765,78.140682,1,0,1536.032421
1789753167,1,-116.718408,51.939940,0.000000,2.159903,6.636055,62.548471,1,0,1533.515233
1789753177,1,-116.718205,51.940174,0.000000,2.176049,0.020612,29.550562,1,0,1533.044611
1789753332,1,-116.717901,51.940597,0.000000,10.370431,1.084002,51.512077,1,0,1516.229433
1789753429,1,-116.717709,51.940967,0.000000,56.995014,0.000000,43.244372,1,0,1529.149084
1789753432,1,-116.717396,51.941429,0.000000,12.909744,1.337323,55.742943,1,0,1523.711403
1789753538,1,-116.717362,51.942207,0.000000,21.175147,1.446445,86.617267,1,0,1505.840311
1789753648,1,-116.718566,51.942500,0.000000,68.267763,0.000000,89.006184,1,0,1516.331248
1789753749,1,-116.719017,51.942816,0.000000,14.069725,1.515928,46.895487,1,0,1466.538161
1789753850,1,-116.720004,51.942693,0.000000,18.106195,0.642378,69.257164,1,0,1480.873982
1789753878,1,-116.720380,51.942495,0.000000,4.748652,0.922189,33.977700,1,0,1483.929962
1789753910,1,-116.720716,51.942261,0.000000,3.154852,0.880451,34.818973,1,0,1486.152121
1789753952,1,-116.721136,51.942159,0.000000,3.381614,0.492735,31.040012,1,0,1482.173793
1789754119,1,-116.721693,51.942254,0.000000,14.454716,1.092878,39.745337,1,0,1471.930396
1789754333,1,-116.722053,51.941917,0.000000,85.945016,1.410962,44.942667,1,0,1481.880756
1789754769,1,-116.722377,51.942049,0.000000,27.580267,0.092868,26.692593,1,0,1472.729293
1789755144,1,-116.720811,51.942042,0.000000,20.451994,1.161437,107.719908,1,0,1436.863344
1789755302,1,-116.720194,51.942730,0.000000,60.583636,0.000000,87.544185,1,0,1517.670201
1789755341,1,-116.719748,51.942969,0.000000,8.466261,0.502868,40.603829,1,0,1538.018137
1789755402,1,-116.719017,51.942915,0.000000,27.595014,0.466841,50.640145,1,0,1507.708472
1789755543,1,-116.718083,51.942620,0.000000,40.683968,1.157662,72.148405,1,0,1510.515955
1789755547,1,-116.717648,51.942464,0.000000,9.648746,0.864272,34.593842,1,0,1513.918666
1789755698,1,-116.717510,51.941565,0.000000,21.620618,0.635844,100.501662,1,0,1550.875703
1789755762,1,-116.717740,51.941222,0.000000,7.672349,0.336465,41.322033,1,0,1515.378261
1789755824,1,-116.717866,51.940618,0.000000,36.035709,0.000000,67.777437,1,0,1560.218511
1789755859,1,-116.718190,51.940377,0.000000,4.015343,0.950466,34.872541,1,0,1529.057137
1789755893,1,-116.718220,51.940148,0.000000,3.841332,0.014520,25.569482,1,0,1529.535281
1789755954,1,-116.717959,51.940529,0.000000,7.332736,2.582256,46.046636,1,0,1528.882271
1789755999,1,-116.717469,51.941298,0.000000,3.577250,2.931911,91.981979,1,0,1526.380703
1789756024,1,-116.716825,51.941918,0.000000,2.173310,9.686708,81.997093,1,0,1524.589211
1789756031,1,-116.716409,51.942582,0.000000,2.002859,12.113235,79.245089,1,0,1521.861172
1789756037,1,-116.715982,51.943297,0.000000,2.067414,15.033318,84.821894,1,0,1518.792841
1789756042,1,-116.715560,51.944012,0.000000,2.005410,17.747323,84.703374,1,0,1515.579789
1789756047,1,-116.715093,51.944775,0.000000,2.709563,18.112813,90.789053,1,0,1512.567470
1789756052,1,-116.714633,51.945541,0.000000,2.133743,18.179536,90.931602,1,0,1509.644332
1789756057,1,-116.714175,51.946308,0.000000,2.022041,18.187752,90.988190,1,0,1506.195728
1789756062,1,-116.713713,51.947079,0.000000,2.000161,18.262548,91.501089,1,0,1503.146975
1789756067,1,-116.713239,51.947845,0.000000,2.185207,18.327874,91.270942,1,0,1498.714809
1789756073,1,-116.712709,51.948770,0.000000,2.093758,18.021632,109.208719,1,0,1491.790826
1789756078,1,-116.712374,51.949565,0.000000,2.025203,18.738597,91.428200,1,0,1486.123132
1789756083,1,-116.712163,51.950402,0.000000,2.096633,18.810064,94.275059,1,0,1480.864296
1789756089,1,-116.712088,51.951416,0.000000,3.747376,18.613253,112.968090,1,0,1474.566919
1789756094,1,-116.712041,51.952272,0.000000,4.742781,19.126967,95.320862,1,0,1471.279019
1789756099,1,-116.712005,51.953138,0.000000,4.748619,19.370924,96.410704,1,0,1467.230104
1789756104,1,-116.711979,51.954014,0.000000,4.748651,19.621294,97.508158,1,0,1462.166542
1789756109,1,-116.712032,51.954894,0.000000,4.748651,19.577334,98.004653,1,0,1457.202349
1789756115,1,-116.712323,51.955930,0.000000,4.748651,19.350669,117.021838,1,0,1452.398192
1789756120,1,-116.712720,51.956749,0.000000,4.748651,18.734019,95.148119,1,0,1449.332850
1789756126,1,-116.713306,51.957695,0.000000,4.748651,18.935210,112.729521,1,0,1447.015236
1789756131,1,-116.713823,51.958514,0.000000,4.748651,20.086250,97.835248,1,0,1443.654053
1789756137,1,-116.714451,51.959505,0.000000,4.748651,19.764269,118.442404,1,0,1436.290088
1789756143,1,-116.715035,51.960477,0.000000,4.748651,19.114721,115.387025,1,0,1429.684385
1789756148,1,-116.715217,51.961317,0.000000,4.748651,18.632431,94.318627,1,0,1425.021249
1789756153,1,-116.715041,51.962151,0.000000,4.748651,18.907674,93.602533,1,0,1420.804059
1789756158,1,-116.714546,51.962950,0.000000,4.748651,19.084647,95.212192,1,0,1416.243138
1789756163,1,-116.714003,51.963754,0.000000,4.748651,19.474704,96.954360,1,0,1412.333882
1789756169,1,-116.713616,51.964785,0.000000,4.748651,19.386478,117.785963,1,0,1407.823258
1789756175,1,-116.713617,51.965817,0.000000,4.748651,18.944210,114.852568,1,0,1403.587945
1789756181,1,-116.713997,51.966803,0.000000,4.748651,18.793394,112.799781,1,0,1400.639558
1789756187,1,-116.714721,51.967710,0.000000,4.748652,18.684356,112.544974,1,0,1399.879858
1789756193,1,-116.715751,51.968495,0.000000,4.748652,18.819242,112.455499,1,0,1401.127822
1789756198,1,-116.716825,51.969036,0.000000,4.748652,19.071599,95.270325,1,0,1401.812135
1789756204,1,-116.718136,51.969594,0.000000,4.748651,16.962867,109.449572,1,0,1402.703697
1789756209,1,-116.719026,51.969965,0.000000,4.748652,12.912290,73.812460,1,0,1403.525835
1789756216,1,-116.719759,51.970274,0.000000,4.748652,5.739435,61.006976,1,0,1404.095541
1789756228,1,-116.720560,51.970604,0.000000,4.748651,6.158776,66.184198,1,0,1405.266291
1789756237,1,-116.721259,51.970895,0.000000,4.748651,6.283042,57.943588,1,0,1405.713676
1789756247,1,-116.721641,51.971094,0.000000,4.748652,0.950212,34.350750,1,0,1406.751060
1789756408,1,-116.721157,51.970872,0.000000,18.795014,0.597805,41.439952,1,0,1401.458498
1789756638,1,-116.721496,51.971038,0.000000,4.748652,0.310202,29.737155,1,0,1403.145048
1789756752,1,-116.722421,51.971351,0.000000,4.748652,9.180200,72.499770,1,0,1408.934694
1789756759,1,-116.723414,51.971702,0.000000,4.748652,10.864553,78.644717,1,0,1412.339542
1789756766,1,-116.724382,51.971973,0.000000,4.748652,12.148707,73.055054,1,0,1417.790126
1789756773,1,-116.725799,51.972255,0.000000,4.748652,14.874076,102.333845,1,0,1425.122285
1789756778,1,-116.727010,51.972422,0.000000,4.748652,18.194739,85.292042,1,0,1430.301547
1789756783,1,-116.728444,51.972517,0.000000,4.748652,19.377230,99.136620,1,0,1435.828644
1789756788,1,-116.729861,51.972537,0.000000,4.748652,19.572909,97.428173,1,0,1439.866162
1789756793,1,-116.731273,51.972543,0.000000,4.748652,19.365937,97.061395,1,0,1442.099636
1789756798,1,-116.732690,51.972553,0.000000,4.748652,19.453275,97.409174,1,0,1442.992573
1789756803,1,-116.734100,51.972604,0.000000,4.748651,19.369096,97.087707,1,0,1443.387787
1789756809,1,-116.735743,51.972757,0.000000,4.748651,18.935334,114.214212,1,0,1443.508528
1789756814,1,-116.737103,51.972894,0.000000,4.748651,18.944825,94.719927,1,0,1443.894414
1789756819,1,-116.738474,51.973034,0.000000,4.748651,19.158931,95.520170,1,0,1444.439125
1789756824,1,-116.739846,51.973166,0.000000,4.748651,18.993913,95.446919,1,0,1445.617446
1789756829,1,-116.741226,51.973290,0.000000,4.748651,19.443393,95.858112,1,0,1446.934384
1789756834,1,-116.742617,51.973267,0.000000,4.748651,19.397838,95.649945,1,0,1448.836045
1789756840,1,-116.744259,51.973052,0.000000,4.748651,19.275469,115.377586,1,0,1450.516291
1789756845,1,-116.745628,51.972865,0.000000,4.748651,19.381856,96.377320,1,0,1450.857951
1789756850,1,-116.747031,51.972706,0.000000,4.748651,19.678965,98.050582,1,0,1449.969287
1789756856,1,-116.748726,51.972612,0.000000,4.748651,19.315096,116.981020,1,0,1447.633366
1789756862,1,-116.750104,51.972652,0.000000,4.748651,18.941161,94.826620,1,0,1446.144627
1789756867,1,-116.751460,51.972759,0.000000,4.748651,18.749630,93.967400,1,0,1444.931535
1789756872,1,-116.752811,51.972865,0.000000,4.748651,18.728879,93.612390,1,0,1445.110060
1789756877,1,-116.754169,51.972997,0.000000,4.748651,18.992899,94.496164,1,0,1445.571226
1789756882,1,-116.755526,51.973207,0.000000,4.748651,19.205645,96.161872,1,0,1446.860775
1789756887,1,-116.756833,51.973505,0.000000,4.748651,19.240825,95.767609,1,0,1447.036647
1789756893,1,-116.758326,51.973979,0.000000,4.748651,19.208978,115.391202,1,0,1448.256516
1789756899,1,-116.759795,51.974492,0.000000,4.748651,19.268500,116.000060,1,0,1449.776566
1789756904,1,-116.761013,51.974923,0.000000,4.748651,19.286968,96.491015,1,0,1451.182264
1789756909,1,-116.762240,51.975344,0.000000,4.748652,19.430623,96.482976,1,0,1451.483834
1789756914,1,-116.763464,51.975783,0.000000,4.748651,19.457378,97.284850,1,0,1449.202581
1789756919,1,-116.764708,51.976216,0.000000,4.748651,19.528452,98.146369,1,0,1449.346624
1789756924,1,-116.766058,51.976679,0.000000,4.748651,22.045862,106.134635,1,0,1449.682445
1789756929,1,-116.767486,51.977139,0.000000,4.748651,22.116628,110.697196,1,0,1449.883557
1789756935,1,-116.769245,51.977609,0.000000,4.748652,21.939698,131.728271,1,0,1449.335806
1789756940,1,-116.770742,51.977923,0.000000,4.748652,21.705842,108.662854,1,0,1448.985712
1789756945,1,-116.772263,51.978210,0.000000,4.748652,21.807829,109.310531,1,0,1448.358515
1789756950,1,-116.773787,51.978483,0.000000,4.748652,21.713321,109.063462,1,0,1448.478611
1789756956,1,-116.775612,51.978820,0.000000,4.748652,21.864601,130.921191,1,0,1449.096453
1789756962,1,-116.777447,51.979150,0.000000,4.748652,21.956646,131.359916,1,0,1449.458262
1789756966,1,-116.778680,51.979377,0.000000,4.748651,22.058983,88.430782,1,0,1449.616059
1789756970,1,-116.779911,51.979601,0.000000,4.748651,21.987759,88.204116,1,0,1449.994396
1789756975,1,-116.781446,51.979882,0.000000,4.748651,22.011745,110.039518,1,0,1450.083769
1789756980,1,-116.782971,51.980167,0.000000,4.748651,21.850288,109.508840,1,0,1450.849738
1789756986,1,-116.784708,51.980665,0.000000,4.748651,22.081220,131.611740,1,0,1450.785275
1789756991,1,-116.786009,51.981250,0.000000,4.748651,22.264743,110.602108,1,0,1450.428888
1789756995,1,-116.787006,51.981773,0.000000,4.748651,22.513057,89.903030,1,0,1447.933988
1789756999,1,-116.788000,51.982297,0.000000,4.748651,22.403888,89.818183,1,0,1445.028204
1789757003,1,-116.788987,51.982809,0.000000,4.748651,22.060002,88.587945,1,0,1442.354182
1789757007,1,-116.790040,51.983299,0.000000,4.748651,23.595829,90.612780,1,0,1440.153644
1789757011,1,-116.791246,51.983762,0.000000,4.748651,24.574621,97.592690,1,0,1437.334678
1789757016,1,-116.792859,51.984259,0.000000,4.748651,24.804872,123.884404,1,0,1432.953730
1789757020,1,-116.794181,51.984615,0.000000,4.748651,24.666414,99.115481,1,0,1429.597458
1789757024,1,-116.795487,51.984969,0.000000,4.748652,24.286717,98.018836,1,0,1426.416748
1789757029,1,-116.797098,51.985402,0.000000,4.748652,23.993148,120.746196,1,0,1426.840348
1789757033,1,-116.798388,51.985748,0.000000,4.748652,24.406473,96.645521,1,0,1428.289076
1789757037,1,-116.799700,51.986097,0.000000,4.748652,24.596013,98.165578,1,0,1429.634380
1789757041,1,-116.801011,51.986446,0.000000,4.748652,24.498808,98.102497,1,0,1431.296250
1789757046,1,-116.802628,51.986931,0.000000,2.110625,24.510600,123.529609,1,0,1433.238508
1789757049,1,-116.803822,51.987416,0.000000,2.001401,24.599430,98.209377,1,0,1437.165630
1789757053,1,-116.804917,51.987977,0.000000,2.000018,24.455399,97.773777,1,0,1442.692316
1789757058,1,-116.806146,51.988786,0.000000,2.000000,24.839716,123.444082,1,0,1447.348779
1789757063,1,-116.807201,51.989705,0.000000,2.000000,25.154324,125.364462,1,0,1448.333152
1789757067,1,-116.807985,51.990470,0.000000,2.049607,25.316015,100.751655,1,0,1446.807650
1789757072,1,-116.808964,51.991430,0.000000,2.000266,25.002039,126.251568,1,0,1444.758540
1789757076,1,-116.809735,51.992155,0.000000,2.000003,23.889869,96.522397,1,0,1446.231849
1789757080,1,-116.810588,51.992824,0.000000,2.759474,23.925598,94.754029,1,0,1449.316191
1789757084,1,-116.811584,51.993447,0.000000,2.025696,24.418908,97.418688,1,0,1453.817678
1789757088,1,-116.812643,51.994044,0.000000,2.016062,24.731132,98.532710,1,0,1456.845811
1789757093,1,-116.813986,51.994799,0.000000,2.435363,25.050413,124.799376,1,0,1457.185558
1789757098,1,-116.815341,51.995561,0.000000,2.021605,25.079272,125.933503,1,0,1455.770096
1789757102,1,-116.816425,51.996168,0.000000,2.007171,25.145533,100.546142,1,0,1453.564327
1789757106,1,-116.817504,51.996774,0.000000,2.004356,24.906169,100.217029,1,0,1451.914903
1789757111,1,-116.818838,51.997522,0.000000,2.218429,24.540203,123.810247,1,0,1449.923731
1789757115,1,-116.819871,51.998110,0.000000,2.005697,23.842154,96.533510,1,0,1451.086722
1789757120,1,-116.821116,51.998862,0.000000,2.012338,24.289805,119.666166,1,0,1455.576981
1789757124,1,-116.822100,51.999498,0.000000,2.167744,24.700498,97.877392,1,0,1459.236388
1789757128,1,-116.823074,52.000161,0.000000,2.006618,25.042694,99.609223,1,0,1461.094934
1789757133,1,-116.824254,52.001022,0.000000,4.176111,25.258058,125.508549,1,0,1460.099336
1789757137,1,-116.825175,52.001724,0.000000,4.742301,25.009710,100.531141,1,0,1457.676499
1789757141,1,-116.826074,52.002424,0.000000,4.748577,24.777748,99.412449,1,0,1454.964363
1789757146,1,-116.827187,52.003289,0.000000,4.748651,24.295938,122.934690,1,0,1452.394474
1789757150,1,-116.828064,52.003971,0.000000,4.748651,24.158506,96.903757,1,0,1452.164479
1789757154,1,-116.828946,52.004655,0.000000,4.748651,24.430417,97.291711,1,0,1451.941702
1789757159,1,-116.829942,52.005577,0.000000,4.748652,24.760272,123.329683,1,0,1451.559089
1789757163,1,-116.830572,52.006372,0.000000,4.748651,24.621241,98.492210,1,0,1451.843031
1789757167,1,-116.831160,52.007198,0.000000,4.748651,25.012344,100.408142,1,0,1449.979923
1789757172,1,-116.831906,52.008244,0.000000,4.748651,25.385205,127.189577,1,0,1443.849850
1789757177,1,-116.832492,52.009071,0.000000,4.748651,24.868739,100.454789,1,0,1440.436274
1789757181,1,-116.833059,52.009866,0.000000,4.748651,23.861462,96.669155,1,0,1439.495670
1789757184,1,-116.833609,52.010646,0.000000,4.748651,23.639418,94.671680,1,0,1442.634371
1789757188,1,-116.834172,52.011447,0.000000,4.748651,24.463017,97.169431,1,0,1445.228979
1789757192,1,-116.834749,52.012266,0.000000,4.748651,24.919551,99.389915,1,0,1445.062754
1789757196,1,-116.835340,52.013093,0.000000,4.748651,25.247569,100.591132,1,0,1443.144749
1789757200,1,-116.835928,52.013924,0.000000,4.748651,25.058490,100.915962,1,0,1440.831508
1789757204,1,-116.836497,52.014727,0.000000,4.748652,24.075642,97.537986,1,0,1441.325480
1789757209,1,-116.837190,52.015708,0.000000,4.748652,23.901857,119.100636,1,0,1445.453863
1789757213,1,-116.837755,52.016504,0.000000,4.748652,24.305875,96.712575,1,0,1450.842916
1789757218,1,-116.838482,52.017518,0.000000,4.748652,24.839962,123.400234,1,0,1455.880083
1789757223,1,-116.839216,52.018549,0.000000,4.748652,25.197127,125.325428,1,0,1457.510706
1789757227,1,-116.839807,52.019380,0.000000,4.748652,25.276230,100.997050,1,0,1456.138880
1789757231,1,-116.840392,52.020211,0.000000,4.748652,25.214530,100.832158,1,0,1452.489838
1789757236,1,-116.841046,52.021267,0.000000,4.748652,25.026304,125.812081,1,0,1447.191622
1789757240,1,-116.841414,52.022131,0.000000,4.748652,24.618185,99.421540,1,0,1443.782480
1789757244,1,-116.841730,52.022993,0.000000,4.748651,24.440736,98.357467,1,0,1439.956238
1789757248,1,-116.842036,52.023842,0.000000,4.748652,23.946808,96.795427,1,0,1437.924365
1789757253,1,-116.842430,52.024901,0.000000,4.748652,24.011876,120.924031,1,0,1437.594068
1789757258,1,-116.842894,52.025959,0.000000,4.748652,24.603679,121.980975,1,0,1437.828199
1789757262,1,-116.843427,52.026780,0.000000,4.748652,24.599173,98.426564,1,0,1437.987325
1789757267,1,-116.844307,52.027744,0.000000,4.748652,24.755385,123.127831,1,0,1438.628206
1789757271,1,-116.845090,52.028492,0.000000,4.748652,24.796574,99.095137,1,0,1438.949126
1789757276,1,-116.846078,52.029421,0.000000,4.748651,24.731339,123.655707,1,0,1439.369236
1789757281,1,-116.847061,52.030345,0.000000,4.748651,24.687206,123.002145,1,0,1439.873256
1789757286,1,-116.847850,52.031086,0.000000,4.748651,24.749427,98.663709,1,0,1440.448481
1789757291,1,-116.848833,52.032017,0.000000,4.748651,24.750206,123.649961,1,0,1441.219774
1789757295,1,-116.849619,52.032762,0.000000,4.748651,24.756215,98.923650,1,0,1441.440802
1789757299,1,-116.850404,52.033512,0.000000,4.748651,24.899315,99.353264,1,0,1440.680480
1789757302,1,-116.851188,52.034260,0.000000,4.748651,24.782665,99.129046,1,0,1440.917025
1789757307,1,-116.852174,52.035186,0.000000,4.748651,24.620541,123.296979,1,0,1441.507613
1789757312,1,-116.853164,52.036110,0.000000,4.748651,24.633065,123.258130,1,0,1441.968991
1789757317,1,-116.854279,52.036981,0.000000,4.748651,24.730287,123.506564,1,0,1442.260854
1789757321,1,-116.855314,52.037606,0.000000,4.748651,24.823145,99.424430,1,0,1442.837439
1789757325,1,-116.856423,52.038177,0.000000,4.748651,24.816050,99.160206,1,0,1443.123923
1789757329,1,-116.857543,52.038738,0.000000,4.748651,24.795462,99.035613,1,0,1443.653007
1789757333,1,-116.858652,52.039296,0.000000,4.748651,24.309952,98.239297,1,0,1445.648617
1789757338,1,-116.860026,52.039989,0.000000,4.748651,24.483531,121.831161,1,0,1450.057433
1789757343,1,-116.861410,52.040688,0.000000,4.748651,24.584842,122.777697,1,0,1455.177846
1789757347,1,-116.862519,52.041251,0.000000,4.748651,24.645133,98.586080,1,0,1458.861051
1789757351,1,-116.863628,52.041825,0.000000,4.748651,24.936237,99.368705,1,0,1461.279649
1789757355,1,-116.864728,52.042426,0.000000,4.748651,25.291327,100.863525,1,0,1460.902981
1789757359,1,-116.865723,52.043094,0.000000,4.748651,25.292911,100.947539,1,0,1458.302995
1789757363,1,-116.866572,52.043824,0.000000,4.748651,24.833273,99.979257,1,0,1455.611131
1789757368,1,-116.867544,52.044753,0.000000,4.748651,24.432688,123.045049,1,0,1452.405529
1789757372,1,-116.868314,52.045492,0.000000,4.748651,24.510240,97.757609,1,0,1449.475444
1789757376,1,-116.869111,52.046227,0.000000,4.748651,24.730200,98.401010,1,0,1446.611737
1789757380,1,-116.869893,52.046976,0.000000,4.748651,24.800673,99.139028,1,0,1444.153205
1789757384,1,-116.870716,52.047689,0.000000,4.748651,24.127154,97.398805,1,0,1443.769870
1789757389,1,-116.872017,52.048428,0.000000,4.748651,24.564467,121.389318,1,0,1443.966931
1789757393,1,-116.873103,52.049004,0.000000,4.748652,24.637077,98.303601,1,0,1443.857431
1789757398,1,-116.874367,52.049792,0.000000,4.748652,24.746173,123.349919,1,0,1443.568794
1789757403,1,-116.875484,52.050665,0.000000,4.748652,24.781783,123.751109,1,0,1444.292365
1789757408,1,-116.876610,52.051532,0.000000,2.220049,24.569771,123.612599,1,0,1445.568445
1789757412,1,-116.877663,52.052124,0.000000,2.034895,24.599983,97.782823,1,0,1447.329778
1789757416,1,-116.878807,52.052665,0.000000,2.000436,24.695188,98.929649,1,0,1448.704076
1789757421,1,-116.880237,52.053344,0.000000,2.000001,24.757460,123.848600,1,0,1450.413229
1789757426,1,-116.881663,52.054023,0.000000,2.004680,24.739945,123.631294,1,0,1452.077358
1789757430,1,-116.882785,52.054583,0.000000,2.000056,24.821648,99.052926,1,0,1453.022324
1789757434,1,-116.883793,52.055227,0.000000,2.028416,25.091243,99.603830,1,0,1452.240086
1789757438,1,-116.884764,52.055907,0.000000,2.165347,25.122331,100.824095,1,0,1450.336671
1789757442,1,-116.885726,52.056582,0.000000,2.606857,24.925075,99.998425,1,0,1448.419090
1789757447,1,-116.886919,52.057413,0.000000,2.359068,24.391661,123.502607,1,0,1447.199375
1789757452,1,-116.888068,52.058222,0.000000,2.814938,23.940071,119.670136,1,0,1450.322287
1789757456,1,-116.888989,52.058884,0.000000,3.023874,24.411750,97.061852,1,0,1454.157527
1789757460,1,-116.889814,52.059601,0.000000,2.662944,24.574770,97.833855,1,0,1458.036771
1789757465,1,-116.890655,52.060580,0.000000,2.033312,24.671036,123.289032,1,0,1462.199209
1789757469,1,-116.891238,52.061394,0.000000,2.581275,24.668796,99.028985,1,0,1465.379287
1789757474,1,-116.891997,52.062402,0.000000,2.222368,24.732196,123.679051,1,0,1469.829465
1789757479,1,-116.892906,52.063370,0.000000,2.000564,24.927743,124.478904,1,0,1472.556543
1789757484,1,-116.893983,52.064274,0.000000,2.000003,24.928283,124.824821,1,0,1474.105377
1789757488,1,-116.894943,52.064933,0.000000,2.468526,24.580310,98.571942,1,0,1475.766154
1789757493,1,-116.896244,52.065681,0.000000,2.006688,24.412795,122.041628,1,0,1481.034752
1789757498,1,-116.897680,52.066346,0.000000,2.000042,24.796086,123.207271,1,0,1485.464357
1789757502,1,-116.898926,52.066815,0.000000,2.000000,25.146109,100.146568,1,0,1486.077396
1789757506,1,-116.900217,52.067250,0.000000,2.183202,25.261635,100.924645,1,0,1484.089983
1789757511,1,-116.901838,52.067787,0.000000,2.052196,25.324541,126.234912,1,0,1478.548818
1789757515,1,-116.903216,52.068119,0.000000,4.720666,25.331058,101.487708,1,0,1472.136922
1789757520,1,-116.905017,52.068261,0.000000,4.748492,24.649183,124.544165,1,0,1463.735893
1789757524,1,-116.906439,52.068280,0.000000,4.748649,24.259846,97.563161,1,0,1457.042158
1789757528,1,-116.907856,52.068300,0.000000,4.748651,24.286137,97.222660,1,0,1450.881679
1789757533,1,-116.909614,52.068328,0.000000,4.748651,23.955795,120.627783,1,0,1448.534082
1789757538,1,-116.911363,52.068382,0.000000,4.748651,24.331801,120.120598,1,0,1448.540188
1789757543,1,-116.913102,52.068629,0.000000,4.748651,24.546510,122.410807,1,0,1449.315614
1789757547,1,-116.914414,52.068990,0.000000,4.748651,24.738520,98.555873,1,0,1449.859885
1789757551,1,-116.915610,52.069482,0.000000,4.748651,24.695714,98.633202,1,0,1450.706169
1789757555,1,-116.916650,52.070095,0.000000,4.748651,24.770217,98.708756,1,0,1451.750790
1789757559,1,-116.917525,52.070798,0.000000,4.748651,24.761128,98.605046,1,0,1452.921969
1789757563,1,-116.918358,52.071522,0.000000,4.748651,24.726843,98.775977,1,0,1453.625209
1789757567,1,-116.919191,52.072248,0.000000,4.748651,24.757818,98.957650,1,0,1454.516096
1789757571,1,-116.920019,52.072974,0.000000,4.748652,24.759224,98.760074,1,0,1455.256593
1789757576,1,-116.921057,52.073883,0.000000,4.748652,24.726366,123.705026,1,0,1456.172807
1789757580,1,-116.921887,52.074610,0.000000,4.748652,24.672911,98.930042,1,0,1456.924144
1789757585,1,-116.922915,52.075514,0.000000,4.748651,24.519445,122.851421,1,0,1460.703555
1789757589,1,-116.923740,52.076232,0.000000,4.748651,24.411949,97.910735,1,0,1465.306040
1789757593,1,-116.924558,52.076953,0.000000,4.748652,24.537019,97.907654,1,0,1470.175923
1789757597,1,-116.925396,52.077674,0.000000,4.748651,24.807892,98.699987,1,0,1474.139981
1789757601,1,-116.926382,52.078337,0.000000,4.748651,25.075857,100.085020,1,0,1475.664917
1789757605,1,-116.927472,52.078943,0.000000,4.748652,25.085134,100.680055,1,0,1475.245916
1789757609,1,-116.928556,52.079557,0.000000,4.748652,25.316202,100.975316,1,0,1473.023868
1789757614,1,-116.929837,52.080369,0.000000,4.748652,25.130453,126.026974,1,0,1468.833315
1789757618,1,-116.930789,52.081044,0.000000,4.748652,24.780831,99.524096,1,0,1465.349528
1789757623,1,-116.931937,52.081875,0.000000,4.748652,24.070298,121.451271,1,0,1462.922429
1789757628,1,-116.933076,52.082693,0.000000,4.748652,24.113014,119.950393,1,0,1463.287423
1789757633,1,-116.934236,52.083525,0.000000,4.748652,24.591216,122.070615,1,0,1464.116352
1789757637,1,-116.935165,52.084199,0.000000,4.748652,24.637049,98.411913,1,0,1464.718640
1789757642,1,-116.936332,52.085043,0.000000,4.748652,24.724906,123.392185,1,0,1465.919458
1789757647,1,-116.937509,52.085887,0.000000,4.748652,24.775287,123.837915,1,0,1466.950287
1789757652,1,-116.938691,52.086728,0.000000,4.748652,24.734247,123.809002,1,0,1467.868360
1789757656,1,-116.939630,52.087403,0.000000,4.748652,24.794958,98.937378,1,0,1468.306933
1789757660,1,-116.940574,52.088077,0.000000,4.748652,24.773123,99.076524,1,0,1469.054435
1789757665,1,-116.941739,52.088913,0.000000,4.748652,24.292279,122.626489,1,0,1471.941414
1789757670,1,-116.942900,52.089750,0.000000,4.748652,24.607715,122.527285,1,0,1475.885651
1789757675,1,-116.943995,52.090641,0.000000,4.748652,24.978320,124.374198,1,0,1478.195382
1789757679,1,-116.944757,52.091404,0.000000,4.748651,24.699558,99.700216,1,0,1479.513043
1789757683,1,-116.945506,52.092151,0.000000,4.748652,24.379585,97.716727,1,0,1483.733843
1789757688,1,-116.946636,52.092995,0.000000,4.748652,24.511249,121.757738,1,0,1490.912283
1789757692,1,-116.947694,52.093594,0.000000,4.748652,24.597095,98.516210,1,0,1496.202255
1789757697,1,-116.949030,52.094342,0.000000,4.748652,24.862082,123.765241,1,0,1502.026135
1789757702,1,-116.950306,52.095147,0.000000,4.748652,25.159693,125.211358,1,0,1503.926243
1789757706,1,-116.951270,52.095832,0.000000,4.748652,25.196556,100.891128,1,0,1503.134771
1789757711,1,-116.952461,52.096690,0.000000,4.748652,25.009251,125.635356,1,0,1501.113111
1789757715,1,-116.953409,52.097367,0.000000,4.748652,24.698652,99.500200,1,0,1500.315608
1789757719,1,-116.954331,52.098030,0.000000,4.748651,24.105741,97.156802,1,0,1500.881725
1789757723,1,-116.955253,52.098691,0.000000,4.748652,24.461073,96.987868,1,0,1501.862596
1789757728,1,-116.956424,52.099532,0.000000,4.748652,24.870348,123.300547,1,0,1502.313676
1789757733,1,-116.957617,52.100389,0.000000,4.748651,25.312718,125.633904,1,0,1499.980795
1789757737,1,-116.958583,52.101081,0.000000,2.140956,25.362920,101.565434,1,0,1496.013679
1789757741,1,-116.959540,52.101763,0.000000,2.003053,24.759907,100.319610,1,0,1492.712625
1789757745,1,-116.960453,52.102423,0.000000,2.000041,23.903485,96.497466,1,0,1492.643140
1789757750,1,-116.961595,52.103241,0.000000,2.137815,24.322011,120.063379,1,0,1493.705166
1789757754,1,-116.962527,52.103910,0.000000,2.014754,24.580345,98.105106,1,0,1494.620168
1789757758,1,-116.963465,52.104580,0.000000,2.000185,24.791816,98.452894,1,0,1495.092683
1789757762,1,-116.964413,52.105258,0.000000,2.000002,24.979579,99.574769,1,0,1494.363108
1789757766,1,-116.965377,52.105940,0.000000,2.000000,25.263719,100.629038,1,0,1492.423566
1789757770,1,-116.966335,52.106629,0.000000,2.004208,25.119067,100.950011,1,0,1489.298194
1789757774,1,-116.967268,52.107313,0.000000,2.065279,24.564536,99.417371,1,0,1487.323559
1789757778,1,-116.968160,52.107988,0.000000,2.017522,24.080751,96.854848,1,0,1488.380174
1789757782,1,-116.968926,52.108710,0.000000,2.016659,24.314957,95.983999,1,0,1489.366396
1789757787,1,-116.969830,52.109664,0.000000,2.019899,24.554944,122.926358,1,0,1490.731501
1789757792,1,-116.970765,52.110613,0.000000,2.020720,24.662203,123.534398,1,0,1492.509824
1789757796,1,-116.971528,52.111368,0.000000,2.020150,24.671067,98.967373,1,0,1493.545833
1789757801,1,-116.972280,52.112123,0.000000,2.019817,24.642999,98.571233,1,0,1495.557999
1789757806,1,-116.973210,52.113073,0.000000,2.018674,24.708522,123.452451,1,0,1499.161882
1789757811,1,-116.974151,52.114020,0.000000,2.200903,24.611886,123.558402,1,0,1502.610569
1789757815,1,-116.974960,52.114755,0.000000,2.081732,24.718102,98.814570,1,0,1505.080211
1789757819,1,-116.975912,52.115424,0.000000,2.045990,24.735611,98.988849,1,0,1508.089419
1789757823,1,-116.976955,52.116040,0.000000,2.797694,24.790256,99.032959,1,0,1510.631158
1789757827,1,-116.977997,52.116656,0.000000,2.452808,24.732451,98.983566,1,0,1513.415444
1789757831,1,-116.979038,52.117271,0.000000,2.244196,24.668537,98.857108,1,0,1516.470086
1789757836,1,-116.980311,52.118040,0.000000,2.053507,24.464631,122.201667,1,0,1522.252988
1789757840,1,-116.981175,52.118746,0.000000,2.085716,24.804795,98.380621,1,0,1525.581727
1789757844,1,-116.981874,52.119536,0.000000,2.020901,25.102662,100.120285,1,0,1526.835562
1789757849,1,-116.982715,52.120548,0.000000,2.019718,25.249473,126.514093,1,0,1525.193366
1789757853,1,-116.983381,52.121352,0.000000,2.016722,24.916291,100.444290,1,0,1523.785413
1789757857,1,-116.984026,52.122129,0.000000,2.083556,23.854282,97.113700,1,0,1525.252953
1789757862,1,-116.984828,52.123092,0.000000,2.020631,24.343653,120.442165,1,0,1529.923086
1789757867,1,-116.985607,52.124091,0.000000,2.122761,24.798649,123.331089,1,0,1532.395963
1789757871,1,-116.986074,52.124932,0.000000,2.155066,24.782151,98.916445,1,0,1533.992589
1789757875,1,-116.986395,52.125804,0.000000,2.233867,24.919882,99.510580,1,0,1534.771394
1789757879,1,-116.986685,52.126687,0.000000,2.440720,25.162474,100.262652,1,0,1534.103182
1789757884,1,-116.987320,52.127739,0.000000,2.170740,24.820559,124.903480,1,0,1533.044622
1789757888,1,-116.988097,52.128472,0.000000,2.533284,24.223329,97.408955,1,0,1533.019185
1789757893,1,-116.989127,52.129365,0.000000,2.539936,24.605551,121.887140,1,0,1532.309031
1789757898,1,-116.990126,52.130303,0.000000,2.484042,25.219034,124.823149,1,0,1529.218750
1789757903,1,-116.990859,52.131330,0.000000,2.016287,23.843627,124.842255,1,0,1523.753749
1789757907,1,-116.991171,52.132198,0.000000,2.189133,24.296131,98.940827,1,0,1526.176936
1789757911,1,-116.991504,52.133048,0.000000,2.762629,24.343640,97.312820,1,0,1525.024886
1789757916,1,-116.991921,52.134110,0.000000,2.174228,24.328697,121.598983,1,0,1526.031696
1789757921,1,-116.992334,52.135171,0.000000,2.820352,24.135242,121.426117,1,0,1530.346848
1789757926,1,-116.992737,52.136234,0.000000,2.009488,24.540344,121.485277,1,0,1537.509214
1789757930,1,-116.992951,52.137112,0.000000,2.871627,24.782482,98.811600,1,0,1541.624188
1789757935,1,-116.993024,52.138238,0.000000,2.190788,25.150490,125.419926,1,0,1543.702863
1789757940,1,-116.993072,52.139374,0.000000,2.028131,25.226574,126.475942,1,0,1542.257922
1789757944,1,-116.993325,52.140268,0.000000,2.044626,25.185638,100.996583,1,0,1539.082744
1789757949,1,-116.993961,52.141307,0.000000,2.264665,24.296385,123.567476,1,0,1537.128355
1789757953,1,-116.994687,52.142048,0.000000,2.835344,24.163054,96.297500,1,0,1536.768166
1789757958,1,-116.995828,52.142891,0.000000,2.095684,24.601302,122.098468,1,0,1536.468849
1789757962,1,-116.996766,52.143565,0.000000,2.615289,24.756565,98.758202,1,0,1536.257950
1789757966,1,-116.997712,52.144236,0.000000,2.007500,24.736873,98.862941,1,0,1535.866919
1789757971,1,-116.998891,52.145075,0.000000,2.038380,24.658370,123.437139,1,0,1536.236809
1789757975,1,-116.999826,52.145742,0.000000,2.454358,24.551757,98.028965,1,0,1537.336188
1789757979,1,-117.000766,52.146413,0.000000,2.812093,24.758704,98.589711,1,0,1538.045644
1789757984,1,-117.001943,52.147255,0.000000,2.023016,24.756751,123.600622,1,0,1538.802059
1789757989,1,-117.003106,52.148103,0.000000,2.246925,24.693689,123.487352,1,0,1539.908100
1789757994,1,-117.004179,52.148995,0.000000,2.003192,24.763402,123.506919,1,0,1540.820187
1789757998,1,-117.005017,52.149723,0.000000,2.016555,24.794903,99.281123,1,0,1541.576903
1789758003,1,-117.006063,52.150633,0.000000,2.720070,24.738312,124.042103,1,0,1542.926644
1789758008,1,-117.007039,52.151570,0.000000,2.922074,24.811344,123.857589,1,0,1544.103406
1789758012,1,-117.007695,52.152363,0.000000,2.068776,24.745540,99.029351,1,0,1544.670359
1789758016,1,-117.008295,52.153174,0.000000,2.035984,24.711033,99.170305,1,0,1545.500485
1789758021,1,-117.009051,52.154183,0.000000,3.209775,24.754504,123.653311,1,0,1546.423342
1789758026,1,-117.010081,52.155093,0.000000,2.211755,24.741831,123.408285,1,0,1546.888272
1789758031,1,-117.011434,52.155827,0.000000,2.077648,24.760601,123.501758,1,0,1547.376270
1789758036,1,-117.012966,52.156418,0.000000,2.021463,24.847913,123.797401,1,0,1546.823600
1789758041,1,-117.014503,52.157006,0.000000,2.030542,24.732401,123.910840,1,0,1547.094917
1789758045,1,-117.015732,52.157472,0.000000,2.556791,24.751703,98.835946,1,0,1547.197097
1789758049,1,-117.016948,52.157955,0.000000,2.657809,24.744705,99.093023,1,0,1547.794975
1789758053,1,-117.018134,52.158458,0.000000,2.074080,24.599194,98.620470,1,0,1548.917196
1789758057,1,-117.019299,52.158981,0.000000,2.251438,24.738000,98.736059,1,0,1550.432354
1789758062,1,-117.020726,52.159667,0.000000,2.087932,24.927683,123.977832,1,0,1551.958357
1789758066,1,-117.021841,52.160233,0.000000,2.289278,24.891714,98.961577,1,0,1552.182396
1789758070,1,-117.022967,52.160800,0.000000,2.091159,24.870893,99.613905,1,0,1551.937562
1789758074,1,-117.024084,52.161364,0.000000,2.032170,24.727980,98.925804,1,0,1552.137812
1789758078,1,-117.025199,52.161923,0.000000,2.319856,24.581436,98.467490,1,0,1552.946197
1789758082,1,-117.026295,52.162494,0.000000,2.203750,24.599751,98.320834,1,0,1553.855808
1789758086,1,-117.027299,52.163132,0.000000,2.837101,24.725677,98.818773,1,0,1555.266888
1789758091,1,-117.028432,52.163991,0.000000,2.012281,24.595946,123.105418,1,0,1558.234070
1789758096,1,-117.029524,52.164857,0.000000,2.253997,24.350443,121.966583,1,0,1565.141549
1789758100,1,-117.030399,52.165547,0.000000,2.062963,24.423755,97.386187,1,0,1572.064221
1789758104,1,-117.031277,52.166242,0.000000,2.866283,24.549153,97.951557,1,0,1579.372669
1789758108,1,-117.032158,52.166938,0.000000,2.319535,24.674120,98.165569,1,0,1585.846244
1789758112,1,-117.033040,52.167639,0.000000,2.379520,24.673387,98.647263,1,0,1592.392439
1789758116,1,-117.033928,52.168337,0.000000,2.211367,24.667196,98.636009,1,0,1599.221470
1789758120,1,-117.034816,52.169034,0.000000,2.450251,24.627094,98.548480,1,0,1606.118761
1789758124,1,-117.035770,52.169695,0.000000,2.545967,24.667856,98.360547,1,0,1612.490803
1789758128,1,-117.036888,52.170250,0.000000,2.127603,24.635804,98.334158,1,0,1619.057165
1789758133,1,-117.038378,52.170872,0.000000,2.231434,24.675889,123.248869,1,0,1627.024048
1789758137,1,-117.039572,52.171366,0.000000,2.115604,24.648889,98.488237,1,0,1633.451680
1789758141,1,-117.040770,52.171859,0.000000,2.049919,24.641626,98.653625,1,0,1640.092513
1789758145,1,-117.041985,52.172331,0.000000,2.028782,24.619136,98.354697,1,0,1646.491127
1789758149,1,-117.043280,52.172723,0.000000,2.000356,24.648583,98.782021,1,0,1652.719887
1789758153,1,-117.044610,52.173068,0.000000,2.000004,24.702752,98.788218,1,0,1658.860970
1789758157,1,-117.045916,52.173403,0.000000,2.377741,23.782271,96.843143,1,0,1663.707984
1789758161,1,-117.047110,52.173743,0.000000,2.194082,21.931006,90.050115,1,0,1666.049382
1789758166,1,-117.048532,52.174176,0.000000,2.001197,21.583588,108.595801,1,0,1667.520141
1789758171,1,-117.049922,52.174591,0.000000,2.089719,20.495373,105.737851,1,0,1669.365712
1789758176,1,-117.051145,52.174964,0.000000,2.054489,17.397441,93.419564,1,0,1670.729178
1789758181,1,-117.052221,52.175272,0.000000,2.000669,15.706421,81.218335,1,0,1672.574965
1789758186,1,-117.053384,52.175330,0.000000,2.972212,16.294950,79.844037,1,0,1677.058686
1789758191,1,-117.054500,52.175052,0.000000,2.343116,16.913978,82.396724,1,0,1681.691619
1789758196,1,-117.055358,52.174487,0.000000,2.178573,17.315615,86.032314,1,0,1686.543729
1789758202,1,-117.056323,52.173819,0.000000,2.698857,15.498723,99.439289,1,0,1689.689134
1789758208,1,-117.057588,52.173496,0.000000,2.446898,16.873388,93.730903,1,0,1691.179053
1789758213,1,-117.058920,52.173566,0.000000,2.345286,19.084219,91.479723,1,0,1692.372107
1789758218,1,-117.060324,52.173627,0.000000,2.356668,19.133731,96.313848,1,0,1693.617595
1789758223,1,-117.061650,52.173425,0.000000,2.775607,18.512445,93.480681,1,0,1694.084537
1789758228,1,-117.062888,52.173163,0.000000,2.551068,17.599237,89.593442,1,0,1693.250449
1789758233,1,-117.064090,52.172903,0.000000,2.216232,17.356819,87.193666,1,0,1690.823228
1789758239,1,-117.065473,52.172494,0.000000,2.189103,18.048335,105.016329,1,0,1688.135136
1789758245,1,-117.066766,52.171842,0.000000,3.187899,19.987424,114.431302,1,0,1686.260238
1789758250,1,-117.067674,52.171140,0.000000,2.394103,19.489445,99.826234,1,0,1686.624335
1789758255,1,-117.068481,52.170477,0.000000,2.476989,17.664394,92.166897,1,0,1687.201521
1789758261,1,-117.069515,52.169830,0.000000,2.012633,16.654907,100.955172,1,0,1687.357308
1789758266,1,-117.070698,52.169621,0.000000,3.598580,16.895022,84.227285,1,0,1688.341100
1789758272,1,-117.072140,52.169863,0.000000,2.212189,17.549743,102.284554,1,0,1689.447316
1789758277,1,-117.072994,52.170436,0.000000,2.721895,17.422719,86.500199,1,0,1690.293539
1789758283,1,-117.073283,52.171375,0.000000,2.537609,18.300658,106.365452,1,0,1691.346637
1789758288,1,-117.072776,52.172124,0.000000,2.108475,18.633972,90.294895,1,0,1692.665332
1789758293,1,-117.071740,52.172715,0.000000,2.203435,19.654145,96.708500,1,0,1693.579938
1789758298,1,-117.070416,52.173138,0.000000,2.392959,20.367763,102.102300,1,0,1695.649199
1789758303,1,-117.069053,52.173380,0.000000,2.100154,18.531098,97.080040,1,0,1700.100319
1789758308,1,-117.067823,52.173528,0.000000,2.132841,16.402460,85.764502,1,0,1704.193486
1789758314,1,-117.066305,52.173667,0.000000,2.393274,17.907105,105.021139,1,0,1709.739516
1789758319,1,-117.065066,52.173831,0.000000,2.015143,17.319166,86.726370,1,0,1714.168081
1789758324,1,-117.063862,52.174107,0.000000,2.450556,17.560554,87.929312,1,0,1718.607512
1789758330,1,-117.062495,52.174496,0.000000,2.212107,16.966249,103.076651,1,0,1723.769874
1789758335,1,-117.061298,52.174782,0.000000,2.002055,17.974893,87.877797,1,0,1728.533006
1789758341,1,-117.059755,52.175027,0.000000,2.254033,18.524086,109.050885,1,0,1734.567959
1789758346,1,-117.058460,52.175158,0.000000,2.040516,17.033416,89.807600,1,0,1740.584423
1789758351,1,-117.057437,52.175301,0.000000,2.136570,12.190322,71.789922,1,0,1745.801237
1789758358,1,-117.056710,52.175549,0.000000,2.516146,5.996691,56.892882,1,0,1750.554454
1789758369,1,-117.056052,52.175975,0.000000,2.397848,7.408010,65.387474,1,0,1756.700608
1789758377,1,-117.055666,52.176331,0.000000,2.133128,3.358749,47.620333,1,0,1760.982398
1789758514,1,-117.055331,52.176546,0.000000,3.071946,0.482970,33.138228,1,0,1758.596852
1789758641,1,-117.055105,52.177046,0.000000,20.667005,0.550534,57.759628,1,0,1772.278925
1789758739,1,-117.055432,52.176402,0.000000,50.116520,0.000000,75.089801,1,0,1772.301618
1789758855,1,-117.055249,52.177121,0.000000,2.239575,3.867124,80.999698,1,0,1770.183574
1789758871,1,-117.055682,52.177719,0.000000,2.166085,10.601692,72.855749,1,0,1777.385996
1789758877,1,-117.055932,52.178419,0.000000,2.673759,12.911552,79.767312,1,0,1784.107505
1789758883,1,-117.056231,52.179169,0.000000,2.341761,14.864114,85.947338,1,0,1792.309941
1789758890,1,-117.056790,52.180036,0.000000,2.043859,15.031613,103.802454,1,0,1801.013325
1789758895,1,-117.057736,52.180597,0.000000,2.007151,15.091732,89.935835,1,0,1808.564608
1789758902,1,-117.059191,52.180995,0.000000,2.237164,16.285816,108.965189,1,0,1817.258706
1789758907,1,-117.060292,52.181289,0.000000,2.003068,16.421565,82.133111,1,0,1824.654492
1789758912,1,-117.061282,52.181704,0.000000,2.033315,16.357572,81.988000,1,0,1831.641945
1789758918,1,-117.062342,52.182308,0.000000,2.027223,16.401050,98.892579,1,0,1840.947570
1789758925,1,-117.063412,52.182903,0.000000,2.000145,16.517295,98.720850,1,0,1849.692474
1789758930,1,-117.064303,52.183408,0.000000,2.255608,16.614403,82.921815,1,0,1855.632221
1789758935,1,-117.065197,52.183911,0.000000,2.033366,16.634569,82.922463,1,0,1860.874233
1789758940,1,-117.066083,52.184414,0.000000,2.000415,16.506977,82.519568,1,0,1866.189275
1789758946,1,-117.067143,52.185014,0.000000,2.000002,16.395170,98.584901,1,0,1872.662824
1789758951,1,-117.068034,52.185509,0.000000,2.007624,16.428714,82.166567,1,0,1878.017785
1789758956,1,-117.068955,52.185979,0.000000,2.011788,16.159588,81.895803,1,0,1883.734069
1789758962,1,-117.070150,52.186478,0.000000,2.308293,16.453949,98.837356,1,0,1889.564219
1789758968,1,-117.071367,52.186950,0.000000,2.155035,16.424531,98.450111,1,0,1895.793952
1789758973,1,-117.072385,52.187343,0.000000,2.001984,16.457402,82.244011,1,0,1900.993222
1789758979,1,-117.073604,52.187808,0.000000,2.577222,16.399877,98.152976,1,0,1907.409050
1789758984,1,-117.074619,52.188203,0.000000,2.504306,16.434058,82.189288,1,0,1912.637851
1789758989,1,-117.075640,52.188592,0.000000,2.434833,16.426457,82.182680,1,0,1917.812943
1789758994,1,-117.076659,52.188985,0.000000,2.211254,16.356238,82.302240,1,0,1923.309396
1789759000,1,-117.077916,52.189417,0.000000,2.002435,16.406265,98.527932,1,0,1929.527789
1789759005,1,-117.079068,52.189618,0.000000,2.024289,16.465899,81.928603,1,0,1934.734077
1789759010,1,-117.080264,52.189684,0.000000,2.000308,16.460607,82.154298,1,0,1939.990900
1789759016,1,-117.081709,52.189718,0.000000,2.012719,16.568630,98.922150,1,0,1945.292161
1789759022,1,-117.083153,52.189805,0.000000,2.012481,16.491017,99.254898,1,0,1948.583841
1789759027,1,-117.084275,52.190046,0.000000,2.007969,16.213023,81.306402,1,0,1951.773450
1789759032,1,-117.085287,52.190432,0.000000,2.570882,16.347811,81.477339,1,0,1954.840993
1789759037,1,-117.086463,52.190947,0.000000,2.003051,16.471189,98.781213,1,0,1958.586175
1789759043,1,-117.087750,52.191510,0.000000,2.083589,19.221671,108.065650,1,0,1962.673549
1789759050,1,-117.089133,52.192106,0.000000,2.080849,19.059883,115.548856,1,0,1966.890783
1789759056,1,-117.090586,52.192687,0.000000,2.658656,20.735447,118.582657,1,0,1971.265980
1789759062,1,-117.092125,52.193266,0.000000,2.012598,20.470650,123.439352,1,0,1976.856972
1789759068,1,-117.093703,52.193856,0.000000,2.004679,21.970052,126.354626,1,0,1982.712360
1789759074,1,-117.095357,52.194474,0.000000,2.404301,22.081048,132.416229,1,0,1988.977195
1789759079,1,-117.096730,52.194990,0.000000,2.035608,21.992053,110.084370,1,0,1994.137164
1789759084,1,-117.098102,52.195503,0.000000,2.002336,21.900784,109.852175,1,0,1999.357224
1789759090,1,-117.099745,52.196111,0.000000,3.135918,21.791145,131.185745,1,0,2007.236975
1789759095,1,-117.101182,52.196504,0.000000,2.059392,21.310393,107.586606,1,0,2014.181685
1789759101,1,-117.102863,52.196617,0.000000,2.060345,18.026869,115.668298,1,0,2021.827473
1789759107,1,-117.104323,52.196425,0.000000,2.442745,16.665288,102.126908,1,0,2028.626658
1789759113,1,-117.105576,52.196016,0.000000,2.344348,16.038126,97.047085,1,0,2032.768408
1789759119,1,-117.106631,52.195422,0.000000,2.465528,16.935922,97.871862,1,0,2035.076065
1789759124,1,-117.107553,52.194843,0.000000,2.138159,18.866340,90.170300,1,0,2035.563761
1789759129,1,-117.108548,52.194204,0.000000,2.215996,19.870311,98.442014,1,0,2034.244515
1789759135,1,-117.109759,52.193430,0.000000,2.002212,19.802680,119.513676,1,0,2031.338525
1789759141,1,-117.110974,52.192666,0.000000,2.002684,19.705566,118.904855,1,0,2028.947841
1789759146,1,-117.112111,52.192179,0.000000,2.442361,18.585755,94.798985,1,0,2028.112245
1789759151,1,-117.113326,52.191947,0.000000,2.086121,16.846616,87.027042,1,0,2028.930939
1789759156,1,-117.114486,52.191919,0.000000,2.058173,15.084756,79.406722,1,0,2029.377860
1789759161,1,-117.115773,52.191921,0.000000,2.024642,14.828655,88.032797,1,0,2030.243888
1789759167,1,-117.116762,52.191947,0.000000,2.188658,7.798769,67.710795,1,0,2030.125220
1789759203,1,-117.117898,52.191924,0.000000,2.080236,13.231440,77.746087,1,0,2031.483977
1789759210,1,-117.119561,52.191937,0.000000,2.017498,18.294087,113.760663,1,0,2033.016043
1789759215,1,-117.121093,52.191946,0.000000,2.005858,22.232403,104.795693,1,0,2034.191002
1789759219,1,-117.122497,52.191953,0.000000,2.000086,24.320287,96.038705,1,0,2035.160927
1789759224,1,-117.124287,52.191965,0.000000,2.166033,24.643779,122.445778,1,0,2035.621022
1789759228,1,-117.125734,52.191990,0.000000,2.129661,24.619490,99.015916,1,0,2034.067887
1789759232,1,-117.127054,52.192201,0.000000,2.181400,23.092581,93.294295,1,0,2031.622694
1789759237,1,-117.128398,52.192782,0.000000,2.000868,22.298457,112.398724,1,0,2030.341765
1789759242,1,-117.129245,52.193564,0.000000,2.044729,20.150780,104.560162,1,0,2031.694145
1789759247,1,-117.129926,52.194412,0.000000,2.054187,22.593876,105.256372,1,0,2034.496130
1789759251,1,-117.130602,52.195163,0.000000,2.007398,24.663686,95.527859,1,0,2036.373417
1789759255,1,-117.131452,52.195914,0.000000,2.030749,25.378519,101.822869,1,0,2037.069569
1789759260,1,-117.132573,52.196813,0.000000,2.000173,25.224807,126.065233,1,0,2036.516543
1789759264,1,-117.133463,52.197536,0.000000,2.139108,25.234367,100.906928,1,0,2034.271814
1789759268,1,-117.134352,52.198245,0.000000,2.190488,24.853234,99.626813,1,0,2033.272774
1789759272,1,-117.135231,52.198952,0.000000,2.104571,24.580274,99.033798,1,0,2032.726943
1789759277,1,-117.136262,52.199826,0.000000,2.000334,23.853083,120.150221,1,0,2035.244412
1789759282,1,-117.137156,52.200758,0.000000,2.000002,24.262793,120.416730,1,0,2040.563847
1789759286,1,-117.137809,52.201536,0.000000,2.154623,24.445209,97.435292,1,0,2045.926298
1789759290,1,-117.138460,52.202321,0.000000,2.026110,24.550224,98.066320,1,0,2051.471836
1789759294,1,-117.139165,52.203089,0.000000,2.000328,24.566565,98.145092,1,0,2057.305280
1789759298,1,-117.140035,52.203795,0.000000,2.000004,24.739079,98.569219,1,0,2062.636994
1789759303,1,-117.141272,52.204611,0.000000,2.000000,24.904735,124.120101,1,0,2068.053475
1789759307,1,-117.142266,52.205265,0.000000,2.002597,24.896088,99.599061,1,0,2071.907190
1789759312,1,-117.143500,52.206082,0.000000,2.000015,24.807757,124.062105,1,0,2076.945451
1789759316,1,-117.144489,52.206735,0.000000,2.000000,24.846264,99.284621,1,0,2080.157008
1789759320,1,-117.145478,52.207391,0.000000,2.000000,24.819314,99.529380,1,0,2082.493952
1789759324,1,-117.146471,52.208040,0.000000,2.000000,24.733089,99.146380,1,0,2084.101550
1789759328,1,-117.147505,52.208671,0.000000,2.016955,24.961632,99.665615,1,0,2085.096235
1789759333,1,-117.148841,52.209444,0.000000,2.330298,25.162409,125.494508,1,0,2083.960619
1789759337,1,-117.149950,52.210042,0.000000,2.395166,25.207164,100.901889,1,0,2081.909399
1789759341,1,-117.151054,52.210631,0.000000,2.011076,24.897167,99.985452,1,0,2079.611762
1789759346,1,-117.152431,52.211335,0.000000,2.088932,24.352123,122.500226,1,0,2076.832795
1789759350,1,-117.153590,52.211850,0.000000,2.021434,24.518997,97.810461,1,0,2074.569945
1789759354,1,-117.154801,52.212333,0.000000,2.163665,24.790564,98.729217,1,0,2072.245612
1789759358,1,-117.156070,52.212771,0.000000,2.385958,24.940885,99.531611,1,0,2070.494017
1789759362,1,-117.157365,52.213197,0.000000,2.038722,25.228982,100.447943,1,0,2068.001564
1789759367,1,-117.158983,52.213720,0.000000,2.080788,24.898718,125.018801,1,0,2065.070772
1789759371,1,-117.160273,52.214137,0.000000,2.036508,25.015232,99.667647,1,0,2061.469054
1789759375,1,-117.161580,52.214559,0.000000,2.134383,25.306005,100.955369,1,0,2057.069984
1789759379,1,-117.162878,52.214987,0.000000,2.465435,24.986459,100.725165,1,0,2052.947781
1789759383,1,-117.164450,52.215495,0.000000,2.042808,24.003001,121.447053,1,0,2051.626135
1789759387,1,-117.165694,52.215903,0.000000,2.000589,24.244924,96.419426,1,0,2051.218425
1789759391,1,-117.166961,52.216315,0.000000,2.000008,24.630387,98.016946,1,0,2050.738346
1789759396,1,-117.168556,52.216835,0.000000,2.179279,24.668060,123.461432,1,0,2050.074332
1789759400,1,-117.169847,52.217235,0.000000,2.049161,24.786393,98.861460,1,0,2049.265889
1789759405,1,-117.171615,52.217477,0.000000,2.000288,24.886592,123.846584,1,0,2047.021932
1789759410,1,-117.173404,52.217372,0.000000,2.000001,24.513865,122.874654,1,0,2044.755191
1789759415,1,-117.175168,52.217198,0.000000,2.273106,24.336809,122.153356,1,0,2042.402590
1789759420,1,-117.176900,52.217023,0.000000,2.000890,23.816786,120.011599,1,0,2039.996214
1789759425,1,-117.178640,52.216854,0.000000,2.001496,24.417549,120.445194,1,0,2036.664338
1789759430,1,-117.180095,52.216793,0.000000,2.048572,25.111519,99.712578,1,0,2033.320103
1789759434,1,-117.181549,52.216913,0.000000,2.000546,25.066084,100.306001,1,0,2030.067333
1789759439,1,-117.183290,52.217202,0.000000,2.000001,24.343719,123.305235,1,0,2025.857980
1789759443,1,-117.184639,52.217438,0.000000,2.000000,23.615795,95.901298,1,0,2022.653232
1789759448,1,-117.186174,52.217704,0.000000,2.000000,20.651476,109.047022,1,0,2020.219164
1789759453,1,-117.187568,52.217883,0.000000,2.054731,18.703132,97.370439,1,0,2019.949486
1789759458,1,-117.188870,52.217988,0.000000,2.158985,17.551602,89.783943,1,0,2019.930286
1789759463,1,-117.190132,52.218046,0.000000,2.001544,17.230509,86.526329,1,0,2019.583082
1789759469,1,-117.191719,52.218128,0.000000,2.000005,18.626220,108.889169,1,0,2019.403689
1789759474,1,-117.193077,52.218198,0.000000,2.000000,18.569185,93.175176,1,0,2018.787959
1789759480,1,-117.194765,52.218282,0.000000,2.003058,19.872046,115.789600,1,0,2017.469894
1789759485,1,-117.196235,52.218356,0.000000,2.000028,20.299892,100.843378,1,0,2016.194852
1789759490,1,-117.197712,52.218433,0.000000,2.253643,20.312263,101.348059,1,0,2014.739381
1789759495,1,-117.199207,52.218510,0.000000,2.130517,20.696405,102.574373,1,0,2013.513208
1789759500,1,-117.201032,52.218602,0.000000,2.044140,20.571652,125.197808,1,0,2012.066013
1789759505,1,-117.202492,52.218676,0.000000,2.390751,19.529108,100.161879,1,0,2011.141724
1789759511,1,-117.204128,52.218763,0.000000,2.000840,18.157231,112.274421,1,0,2009.924741
1789759517,1,-117.205717,52.218861,0.000000,2.000002,18.461874,109.188771,1,0,2008.744457
1789759523,1,-117.207349,52.219088,0.000000,2.006037,19.668124,114.395069,1,0,2006.244706
1789759529,1,-117.208938,52.219533,0.000000,2.000013,19.503413,119.389566,1,0,2002.718417
1789759534,1,-117.210096,52.219892,0.000000,2.003014,16.641076,88.678442,1,0,1999.480212
1789759539,1,-117.211147,52.220222,0.000000,2.007804,15.953757,80.694763,1,0,1997.186681
1789759545,1,-117.212359,52.220602,0.000000,2.000055,15.264798,93.028215,1,0,1995.673343
1789759552,1,-117.213772,52.221017,0.000000,2.006802,15.395521,107.074187,1,0,1994.733332
1789759559,1,-117.215049,52.221230,0.000000,2.000055,14.797853,90.462461,1,0,1993.817085
1789759565,1,-117.216307,52.221284,0.000000,2.000001,13.702592,86.211347,1,0,1992.817814
1789759572,1,-117.217592,52.221209,0.000000,2.012654,13.122777,88.243137,1,0,1992.825386
1789759579,1,-117.218702,52.220996,0.000000,2.018696,7.427586,79.501038,1,0,1986.476543
1789759590,1,-117.219359,52.221176,0.000000,3.479841,3.304492,49.180861,1,0,1989.688375
1789759652,1,-117.219952,52.220593,0.000000,2.001289,13.241322,76.513871,1,0,1985.773489
1789759658,1,-117.221178,52.220250,0.000000,2.019158,15.478487,92.099489,1,0,1983.343021
1789759664,1,-117.222464,52.220012,0.000000,2.000147,15.336346,91.820021,1,0,1979.735540
1789759670,1,-117.223861,52.219850,0.000000,2.017809,16.718836,97.191214,1,0,1976.149190
1789759676,1,-117.225312,52.219675,0.000000,2.195734,17.279177,101.089837,1,0,1972.165004
1789759682,1,-117.226578,52.219543,0.000000,2.001808,17.182294,87.786396,1,0,1968.541091
1789759688,1,-117.227798,52.219424,0.000000,2.000014,9.962935,84.448607,1,0,1964.604428
1789759697,1,-117.228293,52.219887,0.000000,2.068059,6.621703,61.651868,1,0,1966.295402
1789759705,1,-117.227872,52.220399,0.000000,2.000000,7.477844,63.843927,1,0,1969.184297
1789759724,1,-117.227206,52.220468,0.000000,2.000000,3.111532,46.173283,1,0,1971.469108
1789759749,1,-117.226735,52.220317,0.000000,2.001802,1.032775,36.321765,1,0,1971.620970
1789759765,1,-117.226127,52.220138,0.000000,2.000793,2.294853,46.093448,1,0,1971.881215
1789759968,1,-117.225572,52.220003,0.000000,4.748652,0.089070,40.808893,1,0,1973.245616
1789760029,1,-117.225178,52.220165,0.000000,10.834808,0.142092,32.413637,1,0,1974.830126
1789761768,1,-117.223890,52.220187,0.000000,4.672822,0.071959,88.086326,1,0,1983.093307
1789764889,1,-117.226331,52.220070,0.000000,31.186459,0.000000,79.529272,1,0,1980.174218
1789765018,1,-117.227697,52.220193,0.000000,69.044050,4.701342,94.382734,1,0,1960.190716
1789765060,1,-117.228373,52.220421,0.000000,83.178805,3.380078,52.723216,1,0,1981.049440
1789765101,1,-117.227339,52.219449,0.000000,89.748621,11.586085,129.235257,1,0,1978.341336
1789765161,1,-117.227127,52.217416,0.000000,12.356375,8.040727,226.748653,1,0,1968.604080
1789765170,1,-117.227963,52.217174,0.000000,2.609534,8.385100,63.181311,1,0,1959.599189
1789765178,1,-117.228962,52.216927,0.000000,4.748652,9.528190,73.620938,1,0,1955.991342
1789765186,1,-117.229876,52.216630,0.000000,4.748652,8.435438,70.689952,1,0,1945.995822
1789765194,1,-117.230198,52.216133,0.000000,2.000000,7.338539,59.537708,1,0,1939.695998
1789765203,1,-117.230211,52.215592,0.000000,2.000000,5.434191,60.222762,1,0,1940.195678
1789765213,1,-117.230307,52.215114,0.000000,2.031501,4.897932,53.607215,1,0,1940.381876
1789765223,1,-117.230576,52.214644,0.000000,2.017305,5.395235,55.451652,1,0,1940.191252
1789765234,1,-117.231002,52.214193,0.000000,2.050377,5.166816,58.034842,1,0,1938.448821
1789765247,1,-117.231458,52.213814,0.000000,2.026958,4.247975,52.455280,1,0,1935.141463
1789765261,1,-117.231900,52.213447,0.000000,2.023687,3.986074,50.812210,1,0,1933.223849
1789765280,1,-117.232296,52.213105,0.000000,2.023518,3.141957,46.712869,1,0,1930.691414
1789765309,1,-117.232660,52.212800,0.000000,2.017677,1.884461,42.093112,1,0,1930.785220
1789765330,1,-117.233244,52.212623,0.000000,2.006020,2.769352,44.524304,1,0,1931.548477
1789765348,1,-117.233025,52.212434,0.000000,7.126291,0.026580,25.821264,1,0,1931.609897
1789765481,1,-117.233439,52.212839,0.000000,20.310237,0.925881,53.228594,1,0,1944.047718
1789765553,1,-117.233307,52.213157,0.000000,10.122403,0.567308,36.527510,1,0,1925.873836
1789766604,1,-117.232246,52.212664,0.000000,89.530953,0.000000,90.958032,1,0,1959.286929
1789766699,1,-117.232685,52.212179,0.000000,12.699815,0.204936,61.766205,1,0,1931.800604
1789766791,1,-117.233124,52.211627,0.000000,14.121655,0.849431,68.379902,1,0,1931.399304
1789766914,1,-117.233081,52.210795,0.000000,13.906491,0.000000,92.652517,1,0,1931.076459
1789766975,1,-117.232942,52.210488,0.000000,10.758302,0.049802,35.467648,1,0,1942.462841
1789767126,1,-117.233308,52.209974,0.000000,11.001608,0.180836,62.444187,1,0,1940.878710
1789767217,1,-117.233616,52.209658,0.000000,17.552030,0.240425,40.994553,1,0,1950.711998
1789767325,1,-117.233639,52.209265,0.000000,12.355391,0.187731,43.771386,1,0,1974.776929
1789767431,1,-117.233514,52.208916,0.000000,13.950345,1.144976,39.774946,1,0,1972.129194
1789767540,1,-117.234021,52.208505,0.000000,13.237621,0.880772,57.398946,1,0,1996.712353
1789768059,1,-117.234148,52.207925,0.000000,24.373806,1.307347,65.138864,1,0,1961.422478
1789768341,1,-117.233899,52.208537,0.000000,15.122596,0.979441,70.214745,1,0,1985.459065
1789768403,1,-117.233427,52.208849,0.000000,14.199304,0.051986,47.409501,1,0,1988.764217
1789768515,1,-117.233391,52.209086,0.000000,3.025157,0.082130,26.494109,1,0,1975.476575
1789768732,1,-117.233566,52.209525,0.000000,63.379839,2.954349,50.307140,1,0,1974.807876
1789768871,1,-117.232927,52.210328,0.000000,13.228264,0.495400,99.486831,1,0,1935.822728
1789768978,1,-117.232997,52.211086,0.000000,19.318360,0.000000,84.504882,1,0,1927.408182
1789769055,1,-117.232975,52.211789,0.000000,8.003423,1.439333,78.261804,1,0,1920.359763
1789769207,1,-117.232948,52.212456,0.000000,7.229385,0.829916,74.263347,1,0,1931.901642
1789769854,1,-117.229988,52.216422,0.000000,8.684680,7.498650,485.614920,1,0,1936.651593
1789769937,1,-117.224496,52.218871,0.000000,6.336006,6.900204,463.999972,1,0,1965.116373
1789769972,1,-117.224427,52.220200,0.000000,42.595613,-1.000000,148.000825,1,0,1982.691201
1789770033,1,-117.225072,52.220113,0.000000,71.679934,-1.000000,45.144770,1,0,1979.261523
1789770046,1,-117.226155,52.220118,0.000000,11.261907,0.000000,74.038897,1,0,1976.587165
1789770057,1,-117.225027,52.220126,0.000000,73.976253,-1.000000,77.118268,1,0,1979.265440
1789771551,1,-117.226162,52.219824,0.000000,35.238859,1.139105,84.558910,1,0,1809.503806
1789771915,1,-117.225395,52.220099,0.000000,34.044824,-1.000000,25.336343,1,0,1978.116563
1789772434,1,-117.227071,52.220418,0.000000,2.045294,5.545266,119.951395,1,0,1970.049148
1789772444,1,-117.227554,52.220573,0.000000,2.026636,0.086877,37.254660,1,0,1970.051934
1789772458,1,-117.228130,52.220139,0.000000,2.009497,8.041796,62.322381,1,0,1967.118560
1789772466,1,-117.228343,52.219600,0.000000,2.000454,6.664557,61.735649,1,0,1964.321770
1789772488,1,-117.229260,52.219215,0.000000,2.001233,13.155021,75.935476,1,0,1960.098963
1789772494,1,-117.230545,52.219141,0.000000,2.003421,15.169357,88.231094,1,0,1955.915118
1789772499,1,-117.231732,52.219252,0.000000,2.000047,16.810658,82.081384,1,0,1952.173467
1789772504,1,-117.232864,52.219535,0.000000,2.000000,16.611214,83.551458,1,0,1947.155639
1789772510,1,-117.234147,52.219969,0.000000,2.011808,16.683703,100.131775,1,0,1941.100813
1789772516,1,-117.235426,52.220405,0.000000,2.000058,16.556202,100.000087,1,0,1935.323717
1789772522,1,-117.236666,52.220867,0.000000,2.000000,16.570414,99.147038,1,0,1929.238045
1789772527,1,-117.237596,52.221341,0.000000,2.000000,16.519742,82.616488,1,0,1924.282142
1789772533,1,-117.238573,52.222025,0.000000,2.000000,17.756153,101.277119,1,0,1918.560059
1789772539,1,-117.239581,52.222912,0.000000,2.000000,21.601444,120.397509,1,0,1913.177240
1789772543,1,-117.240333,52.223590,0.000000,2.004082,23.857110,91.311167,1,0,1911.305087
1789772547,1,-117.241182,52.224356,0.000000,2.032520,26.865595,103.139465,1,0,1909.457552
1789772551,1,-117.242082,52.225162,0.000000,2.000226,27.320110,108.778371,1,0,1907.739548
1789772555,1,-117.242990,52.225979,0.000000,2.064406,27.554780,110.097610,1,0,1905.832530
1789772560,1,-117.244134,52.226999,0.000000,2.007732,27.620613,137.855095,1,0,1903.438600
1789772564,1,-117.245044,52.227820,0.000000,2.000044,27.662820,110.542422,1,0,1901.639652
1789772568,1,-117.245960,52.228639,0.000000,2.000000,27.673887,110.590114,1,0,1899.464187
1789772572,1,-117.246872,52.229461,0.000000,2.005238,27.677272,110.711300,1,0,1897.504384
1789772576,1,-117.247756,52.230294,0.000000,2.048869,27.628402,110.664987,1,0,1895.721096
1789772580,1,-117.248595,52.231140,0.000000,2.000285,27.520125,110.249548,1,0,1893.839131
1789772585,1,-117.249581,52.232213,0.000000,2.323507,27.340099,137.130632,1,0,1891.450116
1789772589,1,-117.250351,52.233070,0.000000,2.002056,27.193273,108.942313,1,0,1889.393210
1789772594,1,-117.251309,52.234138,0.000000,2.000163,27.128609,135.712574,1,0,1887.142308
1789772598,1,-117.252076,52.234994,0.000000,2.000001,27.192146,108.743214,1,0,1885.119481
1789772603,1,-117.253042,52.236062,0.000000,2.000000,27.176264,135.973821,1,0,1882.678907
1789772607,1,-117.253811,52.236921,0.000000,2.000000,27.314647,109.101589,1,0,1880.622148
1789772612,1,-117.254783,52.238000,0.000000,2.000000,27.494465,137.243371,1,0,1878.134946
1789772616,1,-117.255563,52.238866,0.000000,2.000000,27.529231,110.146759,1,0,1876.273228
1789772620,1,-117.256345,52.239732,0.000000,2.000000,27.573908,110.210247,1,0,1874.499357
1789772625,1,-117.257318,52.240821,0.000000,2.000000,27.665868,138.247824,1,0,1872.221588
1789772629,1,-117.258105,52.241690,0.000000,2.000000,27.698200,110.667953,1,0,1870.408344
1789772633,1,-117.258908,52.242553,0.000000,2.064009,27.666887,110.622910,1,0,1868.313983
1789772637,1,-117.259802,52.243380,0.000000,2.000368,27.627860,110.475042,1,0,1866.169652
1789772642,1,-117.261029,52.244360,0.000000,2.000000,27.499317,137.572514,1,0,1864.031977
1789772646,1,-117.262096,52.245098,0.000000,2.000000,27.433864,109.827602,1,0,1862.407626
1789772650,1,-117.263239,52.245785,0.000000,2.017780,27.308923,109.296921,1,0,1861.249676
1789772654,1,-117.264441,52.246430,0.000000,2.041728,27.085961,109.080727,1,0,1859.456589
1789772658,1,-117.265665,52.247019,0.000000,2.285383,26.228692,106.262138,1,0,1857.978158
1789772663,1,-117.267151,52.247738,0.000000,2.015822,25.678761,129.277640,1,0,1858.413254
1789772667,1,-117.268166,52.248403,0.000000,2.000157,25.222198,101.429060,1,0,1859.048297
1789772671,1,-117.268814,52.249213,0.000000,2.000002,25.269930,100.438916,1,0,1859.564730
1789772675,1,-117.269306,52.250082,0.000000,2.000000,26.178176,102.397314,1,0,1860.055825
1789772680,1,-117.270232,52.251061,0.000000,2.000000,24.538006,125.999235,1,0,1862.495089
1789772685,1,-117.271049,52.252013,0.000000,2.000000,23.962991,119.763178,1,0,1868.150823
1789772689,1,-117.271549,52.252802,0.000000,2.008349,23.175530,94.228663,1,0,1872.774983
1789772693,1,-117.272032,52.253553,0.000000,2.232060,22.054392,89.866959,1,0,1877.272326
1789772698,1,-117.272493,52.254454,0.000000,2.011632,20.523068,105.113650,1,0,1882.161072
1789772703,1,-117.272851,52.255337,0.000000,2.024189,20.638931,101.279070,1,0,1887.324592
1789772708,1,-117.273571,52.256166,0.000000,2.004898,21.000621,104.561112,1,0,1895.078880
1789772714,1,-117.274498,52.257163,0.000000,2.001650,21.440746,127.766898,1,0,1905.009742
1789772720,1,-117.275443,52.258114,0.000000,2.000006,19.742347,123.981908,1,0,1914.417359
1789772725,1,-117.276279,52.258798,0.000000,2.200923,17.479189,95.170299,1,0,1920.271949
1789772732,1,-117.277202,52.259448,0.000000,2.048414,13.025566,95.961722,1,0,1923.116596
1789772738,1,-117.278093,52.260016,0.000000,2.000522,15.503100,87.752462,1,0,1922.310205
1789772743,1,-117.278916,52.260524,0.000000,2.371785,16.152879,79.730393,1,0,1920.347690
1789772748,1,-117.279768,52.261047,0.000000,2.004813,16.513075,82.311186,1,0,1917.109145
1789772753,1,-117.280561,52.261567,0.000000,2.000067,15.104379,79.269099,1,0,1911.782758
1789772759,1,-117.280792,52.262337,0.000000,2.003068,15.938298,87.145441,1,0,1903.717400
1789772765,1,-117.280520,52.263244,0.000000,2.000014,17.817723,102.649172,1,0,1895.629873
1789772770,1,-117.280940,52.263992,0.000000,2.000000,18.186818,88.059812,1,0,1887.421023
1789772775,1,-117.281915,52.264592,0.000000,2.000000,19.512874,94.306064,1,0,1879.055143
1789772781,1,-117.283194,52.265315,0.000000,2.003664,19.765498,118.766224,1,0,1868.735925
1789772786,1,-117.284277,52.265926,0.000000,2.002826,20.543485,100.475016,1,0,1859.882727
1789772791,1,-117.285391,52.266567,0.000000,2.002166,20.957489,104.298440,1,0,1850.465065
1789772796,1,-117.286518,52.267177,0.000000,2.036734,20.216775,102.633126,1,0,1841.056486
1789772801,1,-117.287735,52.267614,0.000000,2.026815,18.602424,96.298716,1,0,1831.954626
1789772806,1,-117.289003,52.267868,0.000000,2.004719,18.235633,91.092861,1,0,1823.797231
1789772811,1,-117.290306,52.267966,0.000000,2.053343,17.638110,89.650880,1,0,1815.963768
1789772816,1,-117.291550,52.267895,0.000000,2.000526,16.419135,85.322243,1,0,1808.342289
1789772821,1,-117.292637,52.267740,0.000000,2.000008,14.188400,76.211880,1,0,1800.614400
1789772827,1,-117.293800,52.267605,0.000000,2.000000,13.381987,80.832501,1,0,1793.013469
1789772833,1,-117.294983,52.267852,0.000000,2.000000,15.157573,85.338921,1,0,1785.107563
1789772838,1,-117.295778,52.268398,0.000000,2.000000,17.528355,81.491240,1,0,1777.157466
1789772843,1,-117.296558,52.269038,0.000000,2.000000,18.315070,88.947940,1,0,1769.449889
1789772849,1,-117.297827,52.269673,0.000000,2.000000,18.847682,111.820996,1,0,1759.581105
1789772854,1,-117.299051,52.270006,0.000000,2.000685,17.661659,91.428918,1,0,1750.995269
1789772859,1,-117.300110,52.270236,0.000000,2.000010,13.747853,76.710074,1,0,1743.865557
1789772865,1,-117.301166,52.270582,0.000000,2.000000,13.986032,81.747017,1,0,1735.675963
1789772872,1,-117.302413,52.271213,0.000000,2.000000,17.158361,110.376550,1,0,1726.178546
1789772877,1,-117.303379,52.271764,0.000000,2.091865,18.605429,90.066900,1,0,1718.383106
1789772883,1,-117.304602,52.272422,0.000000,2.147532,18.022008,111.075039,1,0,1708.967446
1789772889,1,-117.305936,52.272780,0.000000,2.166264,15.821961,99.423765,1,0,1701.084669
1789772895,1,-117.307092,52.273133,0.000000,2.001400,13.880380,88.172939,1,0,1693.914130
1789772901,1,-117.307913,52.273659,0.000000,2.001781,13.628702,81.057206,1,0,1687.625790
1789772908,1,-117.308611,52.274492,0.000000,2.028195,15.987176,104.245498,1,0,1679.991777
1789772914,1,-117.309423,52.275267,0.000000,2.000131,17.894232,102.538669,1,0,1672.806414
1789772919,1,-117.310374,52.275866,0.000000,2.791209,19.172041,93.063265,1,0,1665.389158
1789772924,1,-117.311367,52.276483,0.000000,2.014150,19.426571,96.501330,1,0,1657.917673
1789772929,1,-117.312147,52.277238,0.000000,2.000095,20.315158,99.486457,1,0,1650.646925
1789772935,1,-117.312740,52.278293,0.000000,2.000000,20.878836,124.206900,1,0,1643.805491
1789772940,1,-117.313189,52.279173,0.000000,2.000000,20.194063,102.629530,1,0,1639.216663
1789772945,1,-117.313444,52.280055,0.000000,2.000000,19.825426,99.699268,1,0,1635.355865
1789772951,1,-117.313484,52.281058,0.000000,2.107996,16.827338,111.668439,1,0,1630.392798
1789772957,1,-117.313787,52.281878,0.000000,2.000705,15.658116,93.581627,1,0,1626.999668
1789772962,1,-117.314228,52.282555,0.000000,2.093923,16.786335,81.142626,1,0,1625.873879
1789772967,1,-117.314728,52.283288,0.000000,2.000887,17.967396,88.436537,1,0,1625.100869
1789772972,1,-117.315273,52.284042,0.000000,2.000006,18.612295,91.797177,1,0,1624.232322
1789772978,1,-117.316134,52.284929,0.000000,2.000000,19.488553,114.893918,1,0,1623.376510
1789772983,1,-117.317020,52.285640,0.000000,2.000000,20.229162,99.599358,1,0,1622.459458
1789772988,1,-117.318035,52.286327,0.000000,2.000000,20.803985,103.184446,1,0,1621.734678
1789772993,1,-117.319078,52.287031,0.000000,2.000000,21.249130,105.870023,1,0,1620.605561
1789772999,1,-117.320357,52.287890,0.000000,2.000000,21.835913,129.471900,1,0,1619.487117
1789773003,1,-117.321216,52.288466,0.000000,2.000000,21.028268,86.880095,1,0,1618.367737
1789773009,1,-117.322425,52.289277,0.000000,2.000000,20.369170,122.298284,1,0,1617.212085
1789773015,1,-117.323658,52.290106,0.000000,2.000000,21.104516,124.882248,1,0,1616.448929
1789773020,1,-117.324681,52.290800,0.000000,2.000000,20.408339,104.122997,1,0,1615.332087
1789773026,1,-117.325772,52.291673,0.000000,2.000000,20.498511,122.417186,1,0,1613.200658
1789773031,1,-117.326585,52.292473,0.000000,2.000000,21.363031,104.915688,1,0,1611.175334
1789773036,1,-117.327309,52.293364,0.000000,2.000000,22.561061,110.798574,1,0,1609.116280
1789773041,1,-117.327917,52.294332,0.000000,2.000000,23.296631,115.453088,1,0,1606.888935
1789773045,1,-117.328292,52.295146,0.000000,2.000000,23.511643,94.144105,1,0,1606.054875
1789773049,1,-117.328576,52.295978,0.000000,2.446838,23.441562,94.608898,1,0,1604.850133
1789773054,1,-117.328900,52.296997,0.000000,2.215004,22.780504,115.550920,1,0,1603.406930
1789773059,1,-117.329214,52.297999,0.000000,2.012786,22.657631,113.563572,1,0,1602.135361
1789773063,1,-117.329468,52.298803,0.000000,2.000228,22.872266,91.149324,1,0,1600.914148
1789773068,1,-117.329796,52.299831,0.000000,2.072778,23.769115,116.585889,1,0,1600.272731
1789773073,1,-117.330127,52.300890,0.000000,2.035397,24.015745,120.012212,1,0,1599.117795
1789773078,1,-117.330454,52.301930,0.000000,2.000266,23.314142,117.883962,1,0,1597.733516
1789773082,1,-117.330712,52.302745,0.000000,2.049963,22.969315,92.402816,1,0,1596.466169
1789773086,1,-117.330974,52.303552,0.000000,2.017396,22.906869,91.581749,1,0,1595.359283
1789773091,1,-117.331508,52.304541,0.000000,2.005581,23.452537,115.949626,1,0,1593.800016
1789773095,1,-117.332109,52.305304,0.000000,2.000086,23.406362,94.304293,1,0,1592.876301
1789773100,1,-117.332800,52.306246,0.000000,2.000001,22.625106,114.957912,1,0,1591.349393
1789773104,1,-117.333122,52.307025,0.000000,2.000000,22.338507,89.443521,1,0,1590.061580
1789773108,1,-117.333217,52.307825,0.000000,2.221106,22.446373,89.276302,1,0,1589.366140
1789773113,1,-117.333004,52.308848,0.000000,2.177554,23.026966,114.784442,1,0,1584.815684
1789773117,1,-117.332635,52.309673,0.000000,2.002710,23.823991,95.211374,1,0,1584.475794
1789773122,1,-117.332171,52.310715,0.000000,2.000018,23.964350,120.217785,1,0,1582.824013
1789773126,1,-117.331803,52.311546,0.000000,2.000000,23.925943,95.837648,1,0,1581.621714
1789773130,1,-117.331435,52.312370,0.000000,2.197165,23.695772,95.085949,1,0,1580.331717
1789773134,1,-117.331079,52.313183,0.000000,2.003060,23.343152,93.690084,1,0,1579.408319
1789773138,1,-117.330711,52.313998,0.000000,2.027758,23.570750,94.120130,1,0,1578.616373
1789773142,1,-117.330341,52.314845,0.000000,2.273626,24.848466,97.591853,1,0,1578.066313
1789773146,1,-117.329946,52.315740,0.000000,2.002865,26.166032,103.193898,1,0,1577.244743
1789773151,1,-117.329430,52.316917,0.000000,2.000677,27.396039,135.647204,1,0,1576.072379
1789773155,1,-117.329014,52.317862,0.000000,2.000004,26.938779,108.939907,1,0,1575.486958
1789773160,1,-117.328518,52.319004,0.000000,2.181986,26.011594,131.531430,1,0,1574.518602
1789773165,1,-117.328143,52.320164,0.000000,2.000287,26.771992,131.618058,1,0,1573.929962
1789773170,1,-117.327990,52.321385,0.000000,2.321212,27.530813,136.298443,1,0,1573.613245
1789773175,1,-117.328069,52.322620,0.000000,2.023721,27.497266,137.562152,1,0,1573.412123
1789773180,1,-117.328382,52.323840,0.000000,2.096878,27.523631,137.454962,1,0,1572.767341
1789773185,1,-117.328903,52.325035,0.000000,2.000091,27.548387,137.668688,1,0,1572.249089
1789773189,1,-117.329341,52.325988,0.000000,2.029933,27.397938,110.195472,1,0,1571.987203
1789773194,1,-117.329888,52.327168,0.000000,2.020563,27.369094,136.530178,1,0,1571.612668
1789773198,1,-117.330328,52.328119,0.000000,2.129998,27.474981,110.018330,1,0,1571.079909
1789773202,1,-117.330770,52.329074,0.000000,2.347938,27.597551,110.483846,1,0,1570.446728
1789773207,1,-117.331318,52.330266,0.000000,2.034604,27.500317,137.832804,1,0,1569.289409
1789773211,1,-117.331756,52.331219,0.000000,2.000204,27.536636,110.194554,1,0,1568.749427
1789773215,1,-117.332197,52.332172,0.000000,2.006294,27.537686,110.250164,1,0,1567.883399
1789773219,1,-117.332637,52.333127,0.000000,2.000817,27.528063,110.445787,1,0,1567.463230
1789773224,1,-117.333186,52.334319,0.000000,2.000002,27.524351,137.851247,1,0,1566.771278
1789773229,1,-117.333626,52.335268,0.000000,2.000000,27.329976,109.802373,1,0,1567.053912
1789773233,1,-117.334063,52.336221,0.000000,2.010262,27.564940,110.175217,1,0,1567.083552
1789773238,1,-117.334612,52.337411,0.000000,2.008085,27.530462,137.635964,1,0,1567.646264
1789773243,1,-117.335167,52.338598,0.000000,2.030909,27.526673,137.426768,1,0,1568.242272
1789773247,1,-117.335664,52.339540,0.000000,2.000177,27.522710,110.185612,1,0,1568.648933
1789773251,1,-117.336255,52.340447,0.000000,2.000001,26.887009,108.693389,1,0,1569.118254
1789773256,1,-117.337016,52.341550,0.000000,2.000000,26.720956,133.277212,1,0,1569.343639
1789773261,1,-117.337782,52.342657,0.000000,2.009501,26.686890,133.820081,1,0,1570.845764
1789773266,1,-117.338508,52.343761,0.000000,2.002141,26.404956,132.469944,1,0,1572.846591
1789773271,1,-117.338993,52.344900,0.000000,2.000009,26.055865,131.013005,1,0,1574.310572
1789773276,1,-117.339349,52.346043,0.000000,2.018402,25.891216,129.511232,1,0,1573.891571
1789773280,1,-117.339655,52.346956,0.000000,2.000169,26.082510,103.736799,1,0,1573.147289
1789773285,1,-117.340379,52.348049,0.000000,2.000001,26.621195,131.281592,1,0,1571.619770
1789773290,1,-117.341518,52.349029,0.000000,2.000893,26.900842,133.885599,1,0,1571.266429
1789773294,1,-117.342473,52.349808,0.000000,2.000006,27.316078,108.421455,1,0,1571.319006
1789773299,1,-117.343488,52.350862,0.000000,3.374325,27.225314,136.190565,1,0,1571.847381
1789773304,1,-117.344144,52.352009,0.000000,4.747146,26.974904,135.265929,1,0,1572.266334
1789773308,1,-117.344627,52.352946,0.000000,4.748641,27.348436,109.361861,1,0,1572.479198
1789773313,1,-117.345467,52.354070,0.000000,4.748651,27.707159,137.580969,1,0,1570.200065
1789773317,1,-117.346359,52.354904,0.000000,4.748651,27.821412,110.962791,1,0,1567.620858
1789773321,1,-117.347268,52.355730,0.000000,4.748651,27.507066,110.858472,1,0,1566.168815
1789773325,1,-117.348160,52.356539,0.000000,4.748651,27.031164,108.641957,1,0,1565.240845
1789773329,1,-117.348974,52.357365,0.000000,4.748651,26.765194,107.374949,1,0,1564.914555
1789773333,1,-117.349697,52.358223,0.000000,4.748651,27.021111,107.458582,1,0,1563.344595
1789773336,1,-117.350391,52.359121,0.000000,4.748651,27.543155,110.574068,1,0,1562.654264
1789773340,1,-117.351091,52.360013,0.000000,4.748651,27.531550,110.147267,1,0,1562.030337
1789773344,1,-117.351823,52.360895,0.000000,4.748651,27.556152,110.113206,1,0,1561.274714
1789773349,1,-117.352725,52.361717,0.000000,4.748651,27.484200,110.218774,1,0,1560.670728
1789773353,1,-117.353755,52.362480,0.000000,4.748651,27.529401,110.172488,1,0,1559.676984
1789773357,1,-117.354781,52.363236,0.000000,4.748651,27.144687,109.398660,1,0,1559.525466
1789773361,1,-117.355802,52.363979,0.000000,4.748651,27.043352,108.070065,1,0,1560.306102
1789773365,1,-117.356819,52.364725,0.000000,4.748651,27.021014,108.150944,1,0,1560.932874
1789773370,1,-117.358084,52.365651,0.000000,4.748651,26.764083,134.354605,1,0,1562.156738
1789773374,1,-117.359095,52.366393,0.000000,4.748651,26.934474,107.542535,1,0,1562.715412
1789773378,1,-117.360095,52.367131,0.000000,4.748651,26.625689,106.720990,1,0,1563.443341
1789773382,1,-117.361039,52.367895,0.000000,4.748651,26.798994,106.619737,1,0,1562.817536
1789773387,1,-117.362142,52.368919,0.000000,4.748651,27.612310,136.519799,1,0,1561.013802
1789773391,1,-117.362930,52.369788,0.000000,4.748651,27.635779,110.623506,1,0,1559.528002
1789773395,1,-117.363627,52.370679,0.000000,4.748651,27.270444,109.951757,1,0,1559.878411
1789773400,1,-117.364367,52.371820,0.000000,4.748651,27.503347,136.635682,1,0,1561.856965
1789773404,1,-117.364905,52.372754,0.000000,4.748651,27.557466,110.227830,1,0,1562.864361
1789773408,1,-117.365454,52.373692,0.000000,4.748651,27.681074,110.898294,1,0,1561.955567
1789773412,1,-117.366005,52.374634,0.000000,4.748651,27.870241,111.363349,1,0,1560.291718
1789773417,1,-117.366691,52.375812,0.000000,4.748651,27.684651,139.191869,1,0,1558.747762
1789773421,1,-117.367223,52.376734,0.000000,4.748651,26.958653,108.830978,1,0,1560.029447
1789773425,1,-117.367764,52.377662,0.000000,4.748651,27.542149,109.665422,1,0,1561.521755
1789773430,1,-117.368438,52.378827,0.000000,4.748651,27.542532,137.554852,1,0,1563.238763
1789773434,1,-117.368979,52.379755,0.000000,4.748651,27.084771,109.665474,1,0,1564.328366
1789773439,1,-117.369636,52.380880,0.000000,4.748651,26.371927,132.970571,1,0,1564.282819
1789773444,1,-117.370311,52.382014,0.000000,4.748651,27.164866,134.328915,1,0,1562.374106
1789773449,1,-117.371118,52.383128,0.000000,4.748651,26.878279,135.627444,1,0,1560.873347
1789773454,1,-117.372007,52.384162,0.000000,4.748651,25.558428,130.043072,1,0,1560.460018
1789773458,1,-117.372719,52.384956,0.000000,4.748651,24.971551,100.805130,1,0,1560.096713
1789773463,1,-117.373492,52.385951,0.000000,4.748651,24.357989,122.620986,1,0,1559.452941
1789773467,1,-117.374072,52.386965,0.000000,4.748651,23.260002,119.572762,1,0,1560.609062
1789773471,1,-117.374500,52.387717,0.000000,4.748651,21.494509,88.629273,1,0,1564.002877
1789773477,1,-117.374998,52.388609,0.000000,4.748651,20.779222,104.914488,1,0,1568.418360
1789773482,1,-117.375493,52.389490,0.000000,4.748651,20.746639,103.690119,1,0,1572.093118
1789773487,1,-117.375995,52.390386,0.000000,4.748651,21.530513,105.424029,1,0,1574.056467
1789773493,1,-117.376650,52.391515,0.000000,4.748651,22.349493,133.341096,1,0,1574.648968
1789773497,1,-117.377149,52.392260,0.000000,4.748651,22.548779,89.612242,1,0,1575.719977
1789773501,1,-117.377714,52.392986,0.000000,4.748651,22.291782,89.497173,1,0,1578.503782
1789773505,1,-117.378312,52.393693,0.000000,4.748651,21.940365,88.602589,1,0,1582.114252
1789773510,1,-117.379037,52.394552,0.000000,4.748651,21.243620,107.602625,1,0,1586.394748
1789773515,1,-117.379730,52.395370,0.000000,4.748651,20.188567,102.548298,1,0,1588.965077
1789773521,1,-117.380568,52.396365,0.000000,4.748651,21.417138,124.580234,1,0,1590.052032
1789773526,1,-117.381310,52.397242,0.000000,4.748651,22.169569,109.911523,1,0,1589.901570
1789773530,1,-117.381910,52.397954,0.000000,4.748651,22.569977,89.157646,1,0,1589.344315
1789773535,1,-117.382707,52.398896,0.000000,4.748651,24.349137,118.057920,1,0,1588.717797
1789773540,1,-117.383558,52.399902,0.000000,4.748651,25.626004,126.074183,1,0,1588.709600
1789773544,1,-117.384255,52.400723,0.000000,4.748651,25.607389,102.967798,1,0,1590.496029
1789773549,1,-117.385113,52.401741,0.000000,2.027696,25.410355,127.476498,1,0,1593.480754
1789773553,1,-117.385803,52.402555,0.000000,2.000286,25.541418,102.054249,1,0,1595.783899
1789773558,1,-117.386669,52.403570,0.000000,2.000001,25.295473,127.430968,1,0,1598.929105
1789773562,1,-117.387352,52.404380,0.000000,2.000000,25.366008,101.439972,1,0,1601.204378
1789773566,1,-117.388047,52.405195,0.000000,2.000000,25.743959,102.310174,1,0,1603.549704
1789773571,1,-117.388931,52.406248,0.000000,2.000000,26.574485,131.747843,1,0,1604.673141
1789773575,1,-117.389661,52.407105,0.000000,2.000000,27.032265,107.554697,1,0,1604.966463
1789773579,1,-117.390394,52.407972,0.000000,2.000000,27.107709,108.636679,1,0,1605.539746
1789773583,1,-117.391122,52.408829,0.000000,2.000000,26.662700,107.491875,1,0,1605.556934
1789773587,1,-117.391796,52.409694,0.000000,2.005577,26.662599,106.650563,1,0,1604.413828
1789773591,1,-117.392449,52.410564,0.000000,2.002127,26.441348,106.548935,1,0,1603.089195
1789773595,1,-117.393104,52.411425,0.000000,2.000017,26.413271,105.694548,1,0,1602.010716
1789773599,1,-117.393767,52.412289,0.000000,2.000756,26.699412,106.227545,1,0,1600.913331
1789773603,1,-117.394430,52.413168,0.000000,2.000006,27.138277,107.741266,1,0,1599.220870
1789773607,1,-117.395113,52.414069,0.000000,2.000000,27.842859,110.535127,1,0,1596.462221
1789773611,1,-117.395805,52.414977,0.000000,2.000000,27.699796,111.499803,1,0,1592.821231
1789773615,1,-117.396481,52.415867,0.000000,2.000000,27.094911,109.223873,1,0,1589.260630
1789773620,1,-117.397313,52.416969,0.000000,2.000000,26.127641,135.094642,1,0,1585.432766
1789773625,1,-117.398027,52.417913,0.000000,2.000000,21.460124,115.762095,1,0,1584.488973
1789773630,1,-117.398646,52.418726,0.000000,2.000000,19.151116,99.814596,1,0,1585.157822
1789773635,1,-117.399232,52.419488,0.000000,2.000000,18.646376,93.721329,1,0,1586.293637
1789773640,1,-117.399832,52.420274,0.000000,2.000000,19.865131,96.544523,1,0,1586.991470
1789773645,1,-117.400461,52.421091,0.000000,2.000000,20.224846,100.506395,1,0,1587.454702
1789773651,1,-117.401257,52.422138,0.000000,2.000000,22.621240,128.507622,1,0,1588.019081
1789773655,1,-117.401833,52.422898,0.000000,2.000000,23.564607,93.229913,1,0,1588.541453
1789773659,1,-117.402427,52.423675,0.000000,2.000000,23.954779,95.462205,1,0,1589.093821
1789773663,1,-117.403024,52.424462,0.000000,2.000000,24.260148,96.557411,1,0,1589.989543
1789773668,1,-117.403782,52.425457,0.000000,2.000000,24.497866,122.169294,1,0,1591.900926
1789773673,1,-117.404540,52.426464,0.000000,2.000000,24.671949,123.381383,1,0,1594.491537
1789773677,1,-117.405142,52.427264,0.000000,2.000228,24.314129,98.011792,1,0,1596.331817
1789773682,1,-117.405904,52.428253,0.000000,2.000001,24.284050,121.677574,1,0,1598.681958
1789773686,1,-117.406489,52.429034,0.000000,2.135268,23.540161,95.607375,1,0,1600.275090
1789773690,1,-117.407057,52.429782,0.000000,2.002182,22.601653,91.787524,1,0,1601.967935
1789773695,1,-117.407747,52.430684,0.000000,2.000012,22.014077,110.830348,1,0,1603.475749
1789773700,1,-117.408429,52.431586,0.000000,2.000000,22.330699,110.600889,1,0,1603.693472
1789773704,1,-117.409012,52.432331,0.000000,2.000000,23.401106,91.918680,1,0,1602.904558
1789773709,1,-117.409935,52.433269,0.000000,2.000000,24.870244,121.831676,1,0,1600.914931
1789773713,1,-117.410870,52.433988,0.000000,2.000000,26.026592,102.228075,1,0,1598.691984
1789773718,1,-117.412273,52.434810,0.000000,2.001689,26.809249,132.216406,1,0,1596.527029
1789773721,1,-117.413538,52.435401,0.000000,2.000012,27.289825,108.321085,1,0,1595.755618
1789773726,1,-117.414836,52.435989,0.000000,2.000000,27.409977,109.914054,1,0,1595.512346
1789773730,1,-117.416133,52.436578,0.000000,2.000000,27.534796,109.925744,1,0,1595.439252
1789773735,1,-117.417757,52.437315,0.000000,2.000000,27.571070,137.597174,1,0,1595.446340
1789773740,1,-117.419395,52.438046,0.000000,2.000000,27.454581,137.968037,1,0,1593.655854
1789773745,1,-117.420974,52.438760,0.000000,2.000000,26.652728,133.613488,1,0,1589.764409
1789773750,1,-117.422539,52.439466,0.000000,2.000000,26.616918,132.318285,1,0,1583.672039
1789773754,1,-117.423802,52.440039,0.000000,2.000000,26.808249,106.998971,1,0,1578.523616
1789773759,1,-117.425412,52.440771,0.000000,2.001611,27.354401,136.500412,1,0,1571.025429
1789773763,1,-117.426708,52.441356,0.000000,2.000010,27.386631,109.597648,1,0,1567.046636
1789773767,1,-117.427996,52.441939,0.000000,2.000000,27.211688,109.027697,1,0,1564.797756
1789773771,1,-117.429288,52.442523,0.000000,2.000000,27.388522,109.304164,1,0,1562.486959
1789773776,1,-117.430907,52.443261,0.000000,2.000000,27.433071,137.379511,1,0,1559.393146
1789773780,1,-117.432196,52.443848,0.000000,2.000000,27.346554,109.339290,1,0,1557.186468
1789773785,1,-117.433817,52.444577,0.000000,2.000000,27.455575,136.892344,1,0,1554.397079
1789773789,1,-117.435117,52.445164,0.000000,2.000000,27.449775,109.940027,1,0,1552.239123
1789773793,1,-117.436415,52.445752,0.000000,2.000000,27.460783,109.896858,1,0,1549.608040
1789773797,1,-117.437701,52.446333,0.000000,2.000000,26.948329,108.777246,1,0,1547.188991
1789773801,1,-117.438949,52.446903,0.000000,2.000000,26.100884,105.972513,1,0,1545.177710
1789773805,1,-117.440095,52.447494,0.000000,2.000000,25.159575,101.986279,1,0,1543.123403
1789773809,1,-117.441091,52.448154,0.000000,2.030202,24.883422,99.922477,1,0,1541.384467
1789773814,1,-117.442145,52.449038,0.000000,2.000190,23.786923,121.733253,1,0,1539.785657
1789773819,1,-117.442997,52.449926,0.000000,2.000001,22.147656,114.569096,1,0,1539.583893
1789773825,1,-117.443950,52.450929,0.000000,3.921426,21.212670,129.086300,1,0,1539.745855
1789773831,1,-117.444874,52.451882,0.000000,4.745336,19.889179,123.288055,1,0,1541.176626
1789773835,1,-117.445657,52.452597,0.000000,4.748626,19.072422,95.750502,1,0,1541.484317
1789773840,1,-117.446620,52.453294,0.000000,4.748651,21.094361,101.521129,1,0,1543.322056
1789773846,1,-117.448058,52.454160,0.000000,4.748651,23.822848,137.304317,1,0,1544.510652
1789773852,1,-117.449346,52.454927,0.000000,4.748651,24.603557,122.306713,1,0,1546.180344
1789773856,1,-117.450384,52.455545,0.000000,4.748651,24.689928,98.557307,1,0,1547.396114
1789773860,1,-117.451427,52.456171,0.000000,4.748651,24.888969,99.423077,1,0,1548.490594
1789773865,1,-117.452759,52.456959,0.000000,4.748651,25.398363,126.081515,1,0,1548.949786
1789773870,1,-117.454125,52.457778,0.000000,4.748651,26.435188,130.137917,1,0,1547.282350
1789773874,1,-117.455257,52.458457,0.000000,4.748651,27.103620,107.868022,1,0,1543.669732
1789773878,1,-117.456424,52.459142,0.000000,4.748651,27.594358,110.040307,1,0,1540.059162
1789773883,1,-117.457999,52.459916,0.000000,4.748651,27.294463,137.438529,1,0,1536.091169
1789773888,1,-117.459735,52.460466,0.000000,4.748651,26.166281,132.964702,1,0,1534.495449
1789773892,1,-117.461173,52.460750,0.000000,4.748651,25.515844,102.755604,1,0,1533.896191
1789773896,1,-117.462641,52.460949,0.000000,4.748651,25.586885,102.240581,1,0,1532.300647
1789773900,1,-117.464116,52.461135,0.000000,4.748652,25.516875,102.402943,1,0,1529.507715
1789773905,1,-117.465965,52.461372,0.000000,4.748652,25.746038,128.455129,1,0,1524.649958
1789773909,1,-117.467455,52.461559,0.000000,4.748652,25.852763,103.424177,1,0,1520.161457
1789773913,1,-117.468956,52.461704,0.000000,4.748652,25.774543,103.324262,1,0,1516.168385
1789773916,1,-117.470469,52.461767,0.000000,4.748652,25.656045,103.110611,1,0,1512.558580
1789773920,1,-117.471957,52.461818,0.000000,4.748652,25.071135,101.331176,1,0,1510.081054
1789773924,1,-117.473409,52.461902,0.000000,4.748652,24.536723,99.166022,1,0,1507.290640
1789773928,1,-117.474808,52.462059,0.000000,4.748652,24.084699,96.712473,1,0,1504.255565
1789773933,1,-117.476542,52.462279,0.000000,4.748652,24.127756,120.413906,1,0,1500.918470
1789773938,1,-117.478270,52.462519,0.000000,4.748652,24.096962,120.475277,1,0,1497.175885
1789773942,1,-117.479601,52.462803,0.000000,4.748652,23.782200,95.849050,1,0,1494.812520
1789773946,1,-117.480844,52.463188,0.000000,4.748652,23.678959,94.748049,1,0,1494.047733
1789773951,1,-117.482256,52.463791,0.000000,4.748652,23.101806,117.128981,1,0,1493.488914
1789773956,1,-117.483605,52.464411,0.000000,4.748652,23.002635,114.772923,1,0,1493.163402
1789773960,1,-117.484702,52.464907,0.000000,4.748652,23.277917,92.788146,1,0,1493.369308
1789773965,1,-117.486185,52.465440,0.000000,4.748652,23.655035,116.978980,1,0,1493.034050
1789773970,1,-117.487753,52.465914,0.000000,4.748652,23.889760,118.939740,1,0,1491.957414
1789773976,1,-117.489333,52.466406,0.000000,4.748652,24.124410,120.568064,1,0,1491.464409
1789773981,1,-117.490870,52.466989,0.000000,4.748652,24.832850,123.000246,1,0,1491.057558
1789773986,1,-117.492321,52.467686,0.000000,4.748652,25.182406,125.486698,1,0,1490.699986
1789773991,1,-117.493653,52.468475,0.000000,4.748652,25.355146,126.135733,1,0,1490.171420
1789773995,1,-117.494626,52.469178,0.000000,4.748652,25.707847,102.454811,1,0,1490.042896
1789774000,1,-117.495712,52.470140,0.000000,4.748652,26.056123,130.055030,1,0,1489.536526
1789774005,1,-117.496744,52.471136,0.000000,4.748651,26.544921,131.188891,1,0,1488.949037
1789774010,1,-117.497793,52.472155,0.000000,4.748651,26.794294,133.970599,1,0,1488.288780
1789774014,1,-117.498638,52.472965,0.000000,4.748651,26.788998,106.894683,1,0,1487.632887
1789774018,1,-117.499501,52.473773,0.000000,4.748651,26.930867,107.370441,1,0,1487.474757
1789774022,1,-117.500436,52.474572,0.000000,4.748652,27.513901,109.303654,1,0,1488.068435
1789774027,1,-117.501713,52.475531,0.000000,2.429825,27.553829,137.574197,1,0,1488.334136
1789774031,1,-117.502749,52.476294,0.000000,2.002506,27.482098,110.319193,1,0,1488.220872
1789774036,1,-117.504037,52.477248,0.000000,2.000959,27.550134,137.617269,1,0,1488.699796
1789774040,1,-117.505074,52.478009,0.000000,2.000006,27.481040,110.186273,1,0,1488.904617
1789774044,1,-117.506106,52.478768,0.000000,2.000000,27.338436,109.797886,1,0,1489.211054
1789774047,1,-117.507120,52.479511,0.000000,2.000000,26.645146,107.646496,1,0,1489.538002
1789774051,1,-117.508109,52.480238,0.000000,2.000000,26.127848,105.190873,1,0,1489.630123
1789774055,1,-117.509085,52.480952,0.000000,2.000000,25.717611,103.513616,1,0,1489.932422
1789774059,1,-117.510053,52.481664,0.000000,2.000000,25.758552,102.994705,1,0,1490.080152
1789774063,1,-117.511005,52.482364,0.000000,2.000000,24.868169,101.272499,1,0,1490.155182
1789774068,1,-117.512122,52.483189,0.000000,2.000000,23.153904,119.134492,1,0,1489.972216
1789774072,1,-117.512974,52.483822,0.000000,2.000000,22.631532,91.190668,1,0,1489.941031
1789774077,1,-117.514042,52.484610,0.000000,2.000000,22.920860,113.838937,1,0,1489.401326
1789774082,1,-117.515135,52.485418,0.000000,2.018481,23.735693,116.637030,1,0,1488.374696
1789774087,1,-117.516281,52.486269,0.000000,2.030996,24.834964,122.620895,1,0,1487.535410
1789774091,1,-117.517201,52.486940,0.000000,2.034293,24.322529,97.396042,1,0,1486.594864
1789774095,1,-117.518181,52.487547,0.000000,2.037869,23.831755,94.863745,1,0,1486.774576
1789774099,1,-117.519360,52.488068,0.000000,2.034317,24.780210,98.892899,1,0,1488.202465
1789774105,1,-117.521029,52.488557,0.000000,2.034698,25.297976,125.784903,1,0,1489.785878
1789774109,1,-117.522378,52.488880,0.000000,2.034635,23.511337,98.455946,1,0,1490.527902
1789774115,1,-117.523980,52.489309,0.000000,2.044079,17.822565,118.860274,1,0,1490.794191
1789774120,1,-117.525061,52.489736,0.000000,2.191686,17.205866,87.483772,1,0,1492.469591
1789774126,1,-117.526174,52.490351,0.000000,2.244830,17.029942,102.001688,1,0,1493.478935
1789774131,1,-117.526964,52.490950,0.000000,2.258418,17.144658,85.592592,1,0,1493.742336
1789774137,1,-117.527745,52.491762,0.000000,2.259688,18.110481,104.804731,1,0,1493.746052
1789774142,1,-117.528441,52.492522,0.000000,2.258511,20.175705,96.911218,1,0,1493.887521
1789774147,1,-117.529156,52.493322,0.000000,2.261092,20.206643,101.429991,1,0,1493.499550
1789774259,1,-117.529579,52.493695,0.000000,2.007760,11.314341,50.491664,1,0,1493.428101
1789774265,1,-117.528986,52.493061,0.000000,2.000124,15.428247,81.256191,1,0,1494.435552
1789774270,1,-117.528394,52.492416,0.000000,2.000002,16.474349,82.288464,1,0,1494.360131
1789774276,1,-117.527692,52.491633,0.000000,2.000000,16.458529,111.268095,1,0,1494.287802
1789774282,1,-117.526939,52.490871,0.000000,2.000000,16.500015,99.049416,1,0,1494.160388
1789774287,1,-117.526172,52.490293,0.000000,2.136816,16.642742,82.792330,1,0,1494.198315
1789774292,1,-117.525059,52.489692,0.000000,2.024433,17.103023,100.962612,1,0,1493.577575
1789774298,1,-117.523799,52.489212,0.000000,2.000112,16.851002,100.912970,1,0,1492.461367
1789774304,1,-117.522436,52.488853,0.000000,2.000000,16.872159,100.861364,1,0,1491.139984
1789774309,1,-117.521288,52.488569,0.000000,2.000000,16.825763,84.162318,1,0,1488.376429
1789774314,1,-117.520153,52.488284,0.000000,2.000000,16.723685,83.386616,1,0,1487.728773
1789774319,1,-117.519065,52.487907,0.000000,2.000000,17.759927,85.002852,1,0,1487.382484
1789774324,1,-117.517897,52.487336,0.000000,2.000000,21.716777,101.671135,1,0,1487.217763
1789774329,1,-117.516728,52.486548,0.000000,2.000000,24.178184,118.326428,1,0,1487.386770
1789774333,1,-117.515816,52.485873,0.000000,2.000000,24.459570,97.386592,1,0,1488.443966
1789774338,1,-117.514666,52.485019,0.000000,2.000000,24.655121,123.045864,1,0,1489.581451
1789774342,1,-117.513734,52.484337,0.000000,2.000000,24.717875,98.853868,1,0,1490.390533
1789774346,1,-117.512798,52.483654,0.000000,2.000000,24.838698,99.113540,1,0,1490.854729
1789774351,1,-117.511633,52.482787,0.000000,2.002413,24.903166,124.816074,1,0,1490.457719
1789774355,1,-117.510695,52.482099,0.000000,2.000028,24.853981,99.632089,1,0,1490.237469
1789774360,1,-117.509517,52.481251,0.000000,2.000000,24.748246,123.757918,1,0,1490.127298
1789774364,1,-117.508590,52.480557,0.000000,2.000000,24.880591,99.672199,1,0,1489.340252
1789774368,1,-117.507655,52.479872,0.000000,2.000000,24.791281,99.245032,1,0,1488.784372
1789774373,1,-117.506499,52.479019,0.000000,2.000000,24.723057,123.224506,1,0,1488.273437
1789774377,1,-117.505571,52.478335,0.000000,2.000000,24.692685,98.855439,1,0,1488.020558
1789774381,1,-117.504643,52.477649,0.000000,2.000000,24.719193,99.031681,1,0,1488.115935
1789774385,1,-117.503711,52.476962,0.000000,2.000000,24.761801,99.290706,1,0,1487.657305
1789774389,1,-117.502782,52.476275,0.000000,2.000000,24.755657,99.160767,1,0,1487.276021
1789774393,1,-117.501851,52.475589,0.000000,2.147385,24.770196,99.161630,1,0,1487.126383
1789774397,1,-117.500921,52.474903,0.000000,2.001769,24.793035,99.118277,1,0,1486.725533
1789774401,1,-117.500039,52.474195,0.000000,2.000021,24.737547,99.008335,1,0,1486.512838
1789774405,1,-117.499217,52.473457,0.000000,4.146449,24.680950,99.337053,1,0,1486.574294
1789774410,1,-117.498245,52.472523,0.000000,4.744913,24.593186,123.172408,1,0,1486.953891
1789774414,1,-117.497469,52.471772,0.000000,4.748605,24.686045,98.837083,1,0,1487.381311
1789774418,1,-117.496699,52.471017,0.000000,4.748651,24.751331,98.997705,1,0,1488.004151
1789774423,1,-117.495724,52.470077,0.000000,4.748652,24.705151,123.845571,1,0,1488.556104
1789774427,1,-117.494911,52.469339,0.000000,4.748652,24.739314,98.997860,1,0,1489.234152
1789774431,1,-117.493994,52.468649,0.000000,4.748652,24.799646,98.907032,1,0,1490.213954
1789774435,1,-117.492985,52.468008,0.000000,4.748652,24.766274,98.960670,1,0,1490.958384
1789774440,1,-117.491607,52.467280,0.000000,4.748652,24.768209,123.853815,1,0,1491.276859
1789774444,1,-117.490421,52.466764,0.000000,4.748652,24.738441,98.984484,1,0,1492.087061
1789774448,1,-117.489164,52.466315,0.000000,4.748652,24.756333,98.987126,1,0,1492.901564
1789774452,1,-117.487864,52.465913,0.000000,4.748652,24.795733,99.050574,1,0,1493.266044
1789774456,1,-117.486562,52.465515,0.000000,4.748652,24.750113,98.971823,1,0,1493.929301
1789774461,1,-117.484971,52.464977,0.000000,4.748652,24.814819,123.620634,1,0,1494.503027
1789774466,1,-117.483498,52.464319,0.000000,4.748652,24.760571,124.053956,1,0,1495.095846
1789774470,1,-117.482333,52.463784,0.000000,4.748652,24.721624,99.081729,1,0,1495.470693
1789774474,1,-117.481144,52.463268,0.000000,4.748652,24.758133,99.150709,1,0,1495.883116
1789774478,1,-117.479872,52.462840,0.000000,4.748652,24.724512,98.719789,1,0,1496.649113
1789774482,1,-117.478517,52.462533,0.000000,4.748652,24.519982,98.251054,1,0,1498.829250
1789774486,1,-117.477112,52.462317,0.000000,4.748652,24.766215,98.496145,1,0,1501.442861
1789774490,1,-117.475688,52.462139,0.000000,4.748651,24.678908,98.815219,1,0,1503.972950
1789774495,1,-117.473909,52.461918,0.000000,4.748651,24.700508,123.419093,1,0,1507.139638
1789774499,1,-117.472463,52.461806,0.000000,4.748651,24.785892,99.091747,1,0,1510.031000
1789774504,1,-117.470643,52.461734,0.000000,4.748651,24.704891,123.989735,1,0,1512.888709
1789774509,1,-117.468837,52.461655,0.000000,4.748651,24.606919,123.093234,1,0,1516.947385
1789774514,1,-117.467051,52.461470,0.000000,4.748651,24.580932,123.152784,1,0,1521.727801
1789774518,1,-117.465632,52.461288,0.000000,4.748651,24.615064,98.573079,1,0,1525.861449
1789774522,1,-117.464209,52.461111,0.000000,4.748652,24.802334,98.726734,1,0,1529.812276
1789774526,1,-117.462776,52.460926,0.000000,4.748651,24.956616,99.573360,1,0,1532.522379
1789774531,1,-117.460979,52.460682,0.000000,4.748651,25.024542,125.149492,1,0,1533.955362
1789774536,1,-117.459265,52.460302,0.000000,4.748652,24.725122,123.963153,1,0,1534.517211
1789774541,1,-117.457702,52.459747,0.000000,4.748652,24.612194,122.910152,1,0,1536.463417
1789774545,1,-117.456586,52.459189,0.000000,4.748652,24.568534,98.048848,1,0,1539.474937
1789774550,1,-117.455280,52.458417,0.000000,4.748652,24.691695,123.557450,1,0,1544.441337
1789774555,1,-117.453971,52.457642,0.000000,4.748652,24.825359,123.943036,1,0,1548.057536
1789774559,1,-117.452926,52.457016,0.000000,4.748652,24.990279,99.513546,1,0,1549.478358
1789774564,1,-117.451604,52.456231,0.000000,4.748652,25.247846,125.352559,1,0,1549.063295
1789774568,1,-117.450493,52.455569,0.000000,4.748652,26.540071,105.523356,1,0,1548.016564
1789774572,1,-117.449375,52.454903,0.000000,4.748652,26.495644,106.174909,1,0,1546.683097
1789774577,1,-117.447983,52.454075,0.000000,4.748652,26.400401,132.101230,1,0,1545.003092
1789774582,1,-117.446611,52.453243,0.000000,4.748652,26.192084,131.443657,1,0,1543.351281
1789774586,1,-117.445630,52.452523,0.000000,4.748652,26.036005,104.268711,1,0,1542.021001
1789774590,1,-117.444801,52.451739,0.000000,4.748652,25.873504,103.885922,1,0,1540.644703
1789774595,1,-117.443841,52.450736,0.000000,4.748652,25.696547,129.321830,1,0,1539.352754
1789774599,1,-117.443086,52.449938,0.000000,4.748652,25.653180,102.589771,1,0,1539.546906
1789774605,1,-117.442115,52.448936,0.000000,2.260732,25.944138,129.605218,1,0,1540.243543
1789774609,1,-117.441215,52.448182,0.000000,2.137323,25.962358,103.866798,1,0,1542.377538
1789774614,1,-117.439890,52.447339,0.000000,2.019481,26.088194,130.090160,1,0,1545.017268
1789774618,1,-117.438697,52.446750,0.000000,2.000173,26.123937,104.308458,1,0,1547.321805
1789774622,1,-117.437468,52.446191,0.000000,2.000002,25.985253,104.196300,1,0,1549.560834
1789774626,1,-117.436233,52.445630,0.000000,2.000000,26.072914,104.656589,1,0,1551.453830
1789774630,1,-117.434995,52.445074,0.000000,2.000000,26.126693,104.489859,1,0,1552.651537
1789774634,1,-117.433758,52.444516,0.000000,2.000000,26.080144,104.567162,1,0,1555.152922
1789774639,1,-117.432212,52.443818,0.000000,2.000000,26.161058,130.728394,1,0,1557.917193
1789774643,1,-117.430971,52.443258,0.000000,2.000000,26.164246,104.918313,1,0,1560.155244
1789774647,1,-117.429741,52.442698,0.000000,2.000000,26.059483,104.324769,1,0,1562.388531
1789774651,1,-117.428510,52.442135,0.000000,2.000000,26.101763,104.579087,1,0,1564.306652
1789774655,1,-117.426965,52.441437,0.000000,2.000000,26.118327,130.683002,1,0,1566.828624
1789774659,1,-117.425731,52.440882,0.000000,2.000000,26.021238,104.212332,1,0,1569.853910
1789774663,1,-117.424510,52.440325,0.000000,2.004231,26.015683,103.634630,1,0,1574.909842
1789774668,1,-117.422972,52.439631,0.000000,2.148708,26.032698,130.035770,1,0,1581.402015
1789774672,1,-117.421717,52.439061,0.000000,2.095605,27.225169,106.353733,1,0,1586.682075
1789774677,1,-117.420083,52.438320,0.000000,2.000085,27.671810,138.396471,1,0,1591.575818
1789774681,1,-117.418780,52.437729,0.000000,2.000001,27.547809,110.376396,1,0,1593.756936
1789774685,1,-117.417472,52.437141,0.000000,2.000306,27.554725,110.451542,1,0,1594.505558
1789774690,1,-117.415845,52.436400,0.000000,2.014468,27.581129,138.024459,1,0,1594.209740
1789774694,1,-117.414544,52.435812,0.000000,2.000085,27.508960,110.068334,1,0,1593.786698
1789774699,1,-117.412920,52.435077,0.000000,2.000000,27.413587,137.462388,1,0,1593.959820
1789774703,1,-117.411688,52.434453,0.000000,2.000000,27.089591,108.843312,1,0,1595.245062
1789774708,1,-117.410333,52.433544,0.000000,2.000000,27.422678,136.864182,1,0,1598.197849
1789774712,1,-117.409421,52.432729,0.000000,2.000000,27.443060,109.900559,1,0,1600.617568
1789774716,1,-117.408682,52.431849,0.000000,2.000000,27.542479,110.096073,1,0,1602.755621
1789774720,1,-117.407994,52.430947,0.000000,2.000000,27.745118,110.770068,1,0,1603.311956
1789774724,1,-117.407305,52.430040,0.000000,2.019298,27.854048,111.303340,1,0,1602.177159
1789774728,1,-117.406610,52.429127,0.000000,2.000100,27.957086,112.080957,1,0,1599.965647
1789774732,1,-117.405923,52.428220,0.000000,2.050758,27.535244,111.246049,1,0,1598.512250
1789774737,1,-117.405063,52.427103,0.000000,2.004421,27.397024,137.407091,1,0,1595.443104
1789774741,1,-117.404395,52.426213,0.000000,2.000028,27.147698,108.988773,1,0,1593.122216
1789774746,1,-117.403550,52.425106,0.000000,2.000000,27.330657,135.966045,1,0,1589.966751
1789774750,1,-117.402877,52.424215,0.000000,2.000000,27.287905,109.232029,1,0,1588.286566
1789774754,1,-117.402202,52.423330,0.000000,2.000000,27.077621,108.683489,1,0,1587.295162
1789774758,1,-117.401531,52.422447,0.000000,2.000000,27.129506,108.368832,1,0,1586.939778
1789774762,1,-117.400855,52.421558,0.000000,2.000000,27.356999,109.117829,1,0,1586.699246
1789774766,1,-117.400171,52.420663,0.000000,2.000000,27.597067,109.953088,1,0,1586.318822
1789774770,1,-117.399491,52.419762,0.000000,2.000000,27.746222,110.444160,1,0,1584.807155
1789774775,1,-117.398641,52.418638,0.000000,2.000000,27.570759,137.827824,1,0,1584.353465
1789774780,1,-117.397789,52.417516,0.000000,2.000000,27.586892,137.685595,1,0,1583.044258
1789774785,1,-117.396952,52.416407,0.000000,2.000000,27.022080,135.943717,1,0,1585.339767
1789774789,1,-117.396282,52.415521,0.000000,2.000000,27.316319,108.645184,1,0,1588.739845
1789774793,1,-117.395602,52.414630,0.000000,2.000000,27.563826,109.436653,1,0,1592.048091
1789774798,1,-117.394749,52.413510,0.000000,2.000000,27.533073,137.512660,1,0,1596.142433
1789774803,1,-117.393898,52.412388,0.000000,2.000000,27.531880,137.659983,1,0,1599.503774
1789774807,1,-117.393214,52.411487,0.000000,2.000000,27.544581,110.562976,1,0,1600.982906
1789774811,1,-117.392527,52.410595,0.000000,2.000000,27.528468,109.742057,1,0,1602.668524
1789774816,1,-117.391674,52.409473,0.000000,2.000000,27.489978,137.717437,1,0,1604.600215
1789774820,1,-117.390953,52.408582,0.000000,2.000000,27.694359,110.648099,1,0,1605.088576
1789774825,1,-117.390011,52.407479,0.000000,2.000000,27.696225,138.503828,1,0,1604.596152
1789774830,1,-117.389079,52.406377,0.000000,2.002094,27.563793,138.091134,1,0,1604.016334
1789774834,1,-117.388331,52.405497,0.000000,2.000013,27.548309,110.390001,1,0,1603.300639
1789774838,1,-117.387582,52.404609,0.000000,2.000000,27.863189,111.211977,1,0,1601.030673
1789774842,1,-117.386822,52.403717,0.000000,2.000000,27.979055,111.951815,1,0,1598.356469
1789774846,1,-117.386078,52.402826,0.000000,2.000000,27.807658,111.355954,1,0,1595.626612
1789774850,1,-117.385331,52.401945,0.000000,2.000000,27.601470,110.459706,1,0,1593.039997
1789774854,1,-117.384590,52.401068,0.000000,2.000000,27.295660,109.876505,1,0,1590.402554
1789774858,1,-117.383862,52.400196,0.000000,2.002235,27.059117,108.977056,1,0,1587.885925
1789774863,1,-117.382950,52.399119,0.000000,2.000034,26.848187,134.996801,1,0,1587.400549
1789774868,1,-117.382034,52.398035,0.000000,4.730184,27.321022,135.816873,1,0,1588.021092
1789774872,1,-117.381295,52.397158,0.000000,4.748539,27.430407,109.816383,1,0,1588.649256
1789774876,1,-117.380554,52.396281,0.000000,4.748651,27.412057,109.878847,1,0,1589.317271
1789774880,1,-117.379807,52.395399,0.000000,4.748652,27.729359,110.560842,1,0,1588.444919
1789774884,1,-117.379056,52.394505,0.000000,4.748652,28.050161,111.872636,1,0,1585.626793
1789774888,1,-117.378297,52.393608,0.000000,4.748652,28.102325,112.418989,1,0,1581.126416
1789774892,1,-117.377551,52.392713,0.000000,4.748652,27.806453,111.819202,1,0,1576.006159
1789774896,1,-117.376897,52.391824,0.000000,4.748652,26.960650,108.506872,1,0,1573.905678
1789774900,1,-117.376350,52.390922,0.000000,4.748652,26.718352,107.081064,1,0,1573.268814
1789774904,1,-117.375836,52.390001,0.000000,4.748652,27.332760,108.319458,1,0,1572.221399
1789774908,1,-117.375311,52.389061,0.000000,4.748652,27.841864,110.562741,1,0,1568.385950
1789774912,1,-117.374771,52.388107,0.000000,4.748652,28.174192,112.369563,1,0,1564.451428
1789774916,1,-117.374237,52.387155,0.000000,4.748652,27.918413,112.025866,1,0,1559.668969
1789774920,1,-117.373711,52.386225,0.000000,4.748651,27.102933,109.533275,1,0,1557.525855
1789774924,1,-117.373120,52.385339,0.000000,4.748652,26.621625,106.509965,1,0,1558.019245
1789774928,1,-117.372361,52.384484,0.000000,4.748652,27.238886,108.293745,1,0,1558.575103
1789774933,1,-117.371402,52.383405,0.000000,4.748652,27.330962,136.706061,1,0,1559.074948
1789774938,1,-117.370556,52.382292,0.000000,4.748652,27.295711,136.622659,1,0,1560.868231
1789774942,1,-117.369981,52.381372,0.000000,4.748652,27.513989,109.630551,1,0,1562.833356
1789774946,1,-117.369437,52.380435,0.000000,4.748652,27.803132,110.675396,1,0,1563.754170
1789774950,1,-117.368883,52.379500,0.000000,4.748652,27.697341,110.695944,1,0,1563.158497
1789774955,1,-117.368202,52.378324,0.000000,4.748652,27.795022,138.866905,1,0,1561.410142
1789774960,1,-117.367523,52.377157,0.000000,4.748652,27.364068,137.877339,1,0,1559.842371
1789774964,1,-117.366975,52.376224,0.000000,4.748652,27.468584,110.349092,1,0,1557.983458
1789774969,1,-117.366309,52.375077,0.000000,4.748652,26.795744,135.483220,1,0,1557.434208
1789774973,1,-117.365774,52.374164,0.000000,4.748651,27.102509,107.954777,1,0,1559.257380
1789774977,1,-117.365242,52.373234,0.000000,4.748652,27.329432,109.671372,1,0,1560.467302
1789774981,1,-117.364690,52.372300,0.000000,4.748652,27.693205,110.547652,1,0,1560.145802
1789774985,1,-117.364140,52.371359,0.000000,4.748652,27.845509,111.234644,1,0,1558.985757
1789774990,1,-117.363332,52.370213,0.000000,4.748652,27.718623,138.921021,1,0,1557.096920
1789774994,1,-117.362601,52.369339,0.000000,4.748652,26.982853,109.282395,1,0,1558.008486
1789774998,1,-117.361788,52.368509,0.000000,4.748652,27.089206,107.712638,1,0,1559.427556
1789775003,1,-117.360633,52.367502,0.000000,4.748652,27.480370,136.945151,1,0,1560.785852
1789775007,1,-117.359621,52.366728,0.000000,4.748652,27.612481,110.340191,1,0,1560.743023
1789775011,1,-117.358584,52.365966,0.000000,4.748652,27.624386,110.382889,1,0,1560.534444
1789775015,1,-117.357545,52.365206,0.000000,4.748652,27.572304,110.299336,1,0,1560.168408
1789775020,1,-117.356254,52.364259,0.000000,4.748652,27.428487,137.279376,1,0,1559.984078
1789775025,1,-117.354960,52.363313,0.000000,4.748652,27.477387,137.331544,1,0,1559.322088
1789775030,1,-117.353670,52.362366,0.000000,4.748652,27.347244,137.242182,1,0,1559.588627
1789775035,1,-117.352418,52.361398,0.000000,4.748652,27.577742,137.423243,1,0,1560.208307
1789775040,1,-117.351399,52.360331,0.000000,4.748652,27.445533,137.565665,1,0,1561.417992
1789775044,1,-117.350715,52.359464,0.000000,4.748652,26.170380,107.163463,1,0,1562.233867
1789775049,1,-117.349929,52.358459,0.000000,4.748652,23.559705,124.020161,1,0,1563.394415
1789775055,1,-117.349315,52.357589,0.000000,4.748652,13.263425,105.485111,1,0,1564.173838
1789775063,1,-117.349013,52.357012,0.000000,4.748652,5.020351,67.437713,1,0,1564.225884
1789775281,1,-117.349218,52.357163,0.000000,4.748652,0.009007,21.854222,1,0,1568.455678
1789775483,1,-117.348913,52.356980,0.000000,7.644952,0.388403,29.100431,1,0,1569.980469
1789775553,1,-117.348081,52.356429,0.000000,4.748651,13.265830,83.519116,1,0,1570.353885
1789775559,1,-117.347216,52.355649,0.000000,4.748651,18.045822,104.934993,1,0,1570.611519
1789775564,1,-117.346422,52.354921,0.000000,4.748651,20.195813,97.431861,1,0,1571.785845
1789775569,1,-117.345597,52.354156,0.000000,4.748651,20.664240,102.031170,1,0,1574.088217
1789775574,1,-117.344886,52.353302,0.000000,4.748651,22.048960,106.690194,1,0,1576.935263
1789775579,1,-117.344348,52.352327,0.000000,4.748651,24.329364,114.545946,1,0,1578.570118
1789775583,1,-117.343914,52.351461,0.000000,4.748651,25.211432,100.823374,1,0,1577.933940
1789775587,1,-117.343378,52.350624,0.000000,4.748651,25.041048,100.065434,1,0,1577.273989
1789775591,1,-117.342613,52.349862,0.000000,4.748651,24.871738,99.555263,1,0,1576.639075
1789775595,1,-117.341730,52.349155,0.000000,4.748651,24.831769,99.063555,1,0,1576.165805
1789775599,1,-117.340854,52.348443,0.000000,2.149458,24.733228,99.222339,1,0,1576.217213
1789775603,1,-117.340122,52.347686,0.000000,2.001872,24.484176,97.919608,1,0,1576.705002
1789775608,1,-117.339574,52.346630,0.000000,2.000005,24.747720,123.326690,1,0,1578.693558
1789775612,1,-117.339312,52.345757,0.000000,2.000000,24.806535,98.793628,1,0,1579.431593
1789775616,1,-117.339040,52.344878,0.000000,2.000000,25.088608,99.575163,1,0,1579.276648
1789775621,1,-117.338549,52.343737,0.000000,2.000000,26.481140,131.331433,1,0,1577.749417
1789775626,1,-117.337830,52.342636,0.000000,2.000000,26.388862,131.980718,1,0,1575.537380
1789775630,1,-117.337236,52.341760,0.000000,2.009901,26.225038,105.573542,1,0,1575.055272
1789775635,1,-117.336496,52.340688,0.000000,2.017502,25.699541,129.540015,1,0,1574.542062
1789775639,1,-117.335920,52.339838,0.000000,2.000176,25.743664,102.430400,1,0,1574.249613
1789775643,1,-117.335411,52.338958,0.000000,2.000001,26.035162,103.910452,1,0,1574.060050
1789775647,1,-117.334982,52.338062,0.000000,2.000000,26.123487,103.926090,1,0,1573.435962
1789775652,1,-117.334453,52.336935,0.000000,2.000000,26.106542,130.517974,1,0,1573.316094
1789775656,1,-117.334044,52.336028,0.000000,2.000000,26.233919,104.730250,1,0,1573.193520
1789775660,1,-117.333619,52.335127,0.000000,2.000000,26.053610,104.384190,1,0,1572.865607
1789775665,1,-117.333096,52.333995,0.000000,2.000000,26.140499,130.941870,1,0,1571.877237
1789775670,1,-117.332569,52.332873,0.000000,2.000000,26.053777,129.946414,1,0,1571.675754
1789775674,1,-117.332155,52.331972,0.000000,2.000000,26.070108,104.179261,1,0,1572.025641
1789775678,1,-117.331733,52.331071,0.000000,2.000570,26.087272,104.328378,1,0,1572.346889
1789775682,1,-117.331318,52.330168,0.000000,2.074896,26.111843,104.412029,1,0,1573.620276
1789775686,1,-117.330903,52.329263,0.000000,2.347356,26.182265,104.627098,1,0,1575.093407
1789775690,1,-117.330484,52.328360,0.000000,2.004693,26.019856,104.487082,1,0,1575.882599
1789775694,1,-117.330066,52.327452,0.000000,2.000040,26.145600,105.003973,1,0,1576.830070
1789775698,1,-117.329652,52.326544,0.000000,2.000000,26.146321,104.930275,1,0,1577.446990
1789775702,1,-117.329232,52.325634,0.000000,2.000000,26.259139,105.255276,1,0,1577.197597
1789775707,1,-117.328716,52.324503,0.000000,2.000000,26.181326,130.707440,1,0,1577.633306
1789775711,1,-117.328346,52.323594,0.000000,2.000000,26.152229,104.271722,1,0,1577.446726
1789775716,1,-117.328097,52.322434,0.000000,2.000000,26.091468,130.221132,1,0,1578.245978
1789775720,1,-117.328043,52.321497,0.000000,2.000000,26.044951,104.354103,1,0,1578.820110
1789775724,1,-117.328127,52.320558,0.000000,2.000000,26.166596,104.668590,1,0,1579.085844
1789775728,1,-117.328340,52.319631,0.000000,2.000000,25.938689,104.193755,1,0,1580.316336
1789775733,1,-117.328799,52.318489,0.000000,2.016877,26.147327,130.904222,1,0,1580.915965
1789775737,1,-117.329205,52.317580,0.000000,2.000147,26.148184,104.893671,1,0,1581.491963
1789775741,1,-117.329610,52.316672,0.000000,2.000001,26.087899,104.768332,1,0,1582.478581
1789775745,1,-117.330011,52.315764,0.000000,2.000000,26.072243,104.696749,1,0,1583.352648
1789775750,1,-117.330509,52.314630,0.000000,2.000000,26.135444,130.706620,1,0,1584.517587
1789775754,1,-117.330908,52.313725,0.000000,2.000000,26.007259,104.339553,1,0,1585.540010
1789775759,1,-117.331407,52.312591,0.000000,2.001113,26.135559,130.724410,1,0,1586.846972
1789775763,1,-117.331802,52.311683,0.000000,2.000011,26.116776,104.591351,1,0,1587.809680
1789775767,1,-117.332202,52.310777,0.000000,2.007969,26.111538,104.464854,1,0,1588.862217
1789775771,1,-117.332600,52.309869,0.000000,2.009134,26.124565,104.644978,1,0,1589.740474
1789775775,1,-117.332997,52.308963,0.000000,2.133816,26.099361,104.412319,1,0,1591.202078
1789775780,1,-117.333274,52.307809,0.000000,2.003450,26.030872,129.824013,1,0,1592.771255
1789775784,1,-117.333135,52.306873,0.000000,2.000030,26.161722,104.608448,1,0,1593.777243
1789775788,1,-117.332695,52.305976,0.000000,2.000000,26.127692,104.251728,1,0,1594.615637
1789775793,1,-117.331858,52.304919,0.000000,2.210367,26.116639,130.772476,1,0,1595.817509
1789775797,1,-117.331251,52.304057,0.000000,2.001840,25.799374,104.498084,1,0,1596.745894
1789775801,1,-117.330890,52.303192,0.000000,2.000019,24.574418,99.375952,1,0,1598.675722
1789775806,1,-117.330548,52.302103,0.000000,2.000000,24.766360,123.432398,1,0,1600.545347
1789775810,1,-117.330272,52.301230,0.000000,2.000000,24.749514,98.973705,1,0,1602.085615
1789775815,1,-117.329929,52.300136,0.000000,2.000000,24.674785,123.992215,1,0,1603.841383
1789775820,1,-117.329584,52.299045,0.000000,2.000000,24.673232,123.690262,1,0,1605.348591
1789775824,1,-117.329309,52.298171,0.000000,2.000000,24.773676,99.070409,1,0,1606.751431
1789775829,1,-117.328950,52.297084,0.000000,2.000000,24.587526,123.439291,1,0,1607.798899
1789775834,1,-117.328614,52.295992,0.000000,2.201510,24.787917,123.684297,1,0,1608.655816
1789775839,1,-117.328239,52.294904,0.000000,2.005238,24.855870,123.770020,1,0,1609.488759
1789775843,1,-117.327808,52.294057,0.000000,2.000064,24.723220,98.753717,1,0,1610.293264
1789775847,1,-117.327274,52.293232,0.000000,2.000001,24.546962,98.790198,1,0,1610.995645
1789775851,1,-117.326608,52.292436,0.000000,2.085282,24.826554,99.573241,1,0,1612.645475
1789775855,1,-117.325843,52.291684,0.000000,2.010631,24.736391,98.644921,1,0,1614.416051
1789775859,1,-117.324973,52.290973,0.000000,2.000128,24.755217,98.930531,1,0,1616.041426
1789775864,1,-117.323761,52.290143,0.000000,2.000000,24.762241,124.001728,1,0,1617.844707
1789775868,1,-117.322791,52.289479,0.000000,2.000000,24.882011,99.219615,1,0,1618.576477
1789775873,1,-117.321569,52.288661,0.000000,2.000000,24.607910,123.469959,1,0,1619.348758
1789775877,1,-117.320589,52.288004,0.000000,2.000000,24.754861,99.100037,1,0,1620.243509
1789775882,1,-117.319375,52.287182,0.000000,2.000000,24.787150,123.431474,1,0,1621.397748
1789775886,1,-117.318402,52.286526,0.000000,2.199111,24.690882,98.695889,1,0,1622.443135
1789775890,1,-117.317426,52.285869,0.000000,2.042130,24.667882,98.916043,1,0,1624.096581
1789775895,1,-117.316277,52.285010,0.000000,2.000561,24.674361,123.659992,1,0,1626.164109
1789775899,1,-117.315527,52.284270,0.000000,2.000007,23.665585,96.976251,1,0,1627.198152
1789775904,1,-117.314885,52.283431,0.000000,2.006712,18.654040,103.152606,1,0,1628.109360
1789775909,1,-117.314404,52.282728,0.000000,2.000064,16.327440,84.853862,1,0,1629.362801
1789775914,1,-117.313946,52.282051,0.000000,2.000001,16.266271,81.578659,1,0,1630.608914
1789775919,1,-117.313593,52.281354,0.000000,2.000000,16.113088,81.232722,1,0,1632.839242
1789775924,1,-117.313509,52.280640,0.000000,2.000000,16.130444,79.675699,1,0,1636.395078
1789775930,1,-117.313454,52.279760,0.000000,2.001726,16.435681,98.017056,1,0,1640.850825
1789775936,1,-117.313116,52.278895,0.000000,2.000009,16.603954,99.002062,1,0,1645.321747
1789775941,1,-117.312747,52.278191,0.000000,2.000000,16.443808,82.305757,1,0,1649.031077
1789775947,1,-117.312287,52.277360,0.000000,2.000000,16.236246,97.676993,1,0,1654.278254
1789775953,1,-117.311597,52.276600,0.000000,2.063266,16.150450,96.819860,1,0,1660.842436
1789775958,1,-117.310777,52.276061,0.000000,2.009740,16.494845,82.052172,1,0,1666.083667
1789775963,1,-117.309917,52.275551,0.000000,2.000127,16.338008,81.663232,1,0,1672.263136
1789775968,1,-117.309143,52.274998,0.000000,2.001021,15.690859,81.122596,1,0,1678.585277
1789775976,1,-117.308891,52.274351,0.000000,2.010050,7.854660,74.039116,1,0,1684.147011
1789775987,1,-117.308614,52.273877,0.000000,2.000877,5.516880,56.044416,1,0,1688.148321
1789775996,1,-117.308354,52.273576,0.000000,2.017411,0.611696,37.914182,1,0,1690.176321
1789776063,1,-117.308662,52.273732,0.000000,2.128106,0.047933,27.270338,1,0,1688.428719
1789776137,1,-117.308354,52.273935,0.000000,7.434094,0.125098,30.865747,1,0,1675.426023
1789776261,1,-117.308291,52.273619,0.000000,8.581918,0.084979,35.433442,1,0,1687.757188
1789776339,1,-117.307104,52.273127,0.000000,54.215306,12.749501,97.808118,1,0,1704.232018
1789776341,1,-117.305534,52.272768,0.000000,27.197950,12.049226,114.395621,1,0,1686.571801
1789776438,1,-117.294769,52.267817,0.000000,55.159266,4.787307,918.681533,1,0,1778.885229
1789776510,1,-117.284335,52.265813,0.000000,96.590921,10.067303,746.567781,1,0,1901.896859
1789776515,1,-117.284774,52.266575,0.000000,34.036589,15.392369,89.956228,1,0,1864.049298
1789776573,1,-117.287999,52.267574,0.000000,61.478136,13.831946,246.693797,1,0,1803.119034
1789776603,1,-117.287860,52.267340,0.000000,4.748652,0.247404,27.720691,1,0,1828.162240
1789776657,1,-117.287334,52.267322,0.000000,3.736929,0.890186,35.972776,1,0,1831.430077
1789776695,1,-117.286892,52.267242,0.000000,2.491574,0.117760,31.467296,1,0,1834.605836
1789776921,1,-117.282170,52.264754,0.000000,36.935980,18.739107,425.054990,1,0,1860.332095
1789776997,1,-117.274257,52.256779,0.000000,7.504824,13.919454,1039.239699,1,0,1908.225575
1789777003,1,-117.273634,52.256158,0.000000,3.843256,13.666622,81.167599,1,0,1898.637829
1789777039,1,-117.271875,52.253073,0.000000,12.761584,0.273335,363.791208,1,0,1870.298318
1789777072,1,-117.270906,52.251701,0.000000,13.645362,15.712320,166.437752,1,0,1865.276333
1789777078,1,-117.270297,52.251067,0.000000,2.654277,15.042243,81.916027,1,0,1864.908156
1789777107,1,-117.267249,52.247688,0.000000,24.355298,14.610852,429.892807,1,0,1855.227996
1789777113,1,-117.266167,52.247247,0.000000,3.438901,15.038704,88.730816,1,0,1860.515162
1789777119,1,-117.264905,52.246630,0.000000,4.748652,16.953671,110.223183,1,0,1860.109379
1789777128,1,-117.262920,52.245540,0.000000,19.514373,25.506958,181.956449,1,0,1862.112696
1789777132,1,-117.261845,52.244901,0.000000,4.940951,25.610682,102.234552,1,0,1862.660447
1789777136,1,-117.260855,52.244190,0.000000,2.644422,26.094131,104.105206,1,0,1864.262242
1789777140,1,-117.259743,52.243299,0.000000,4.748652,25.987448,124.929561,1,0,1864.937978
1789777144,1,-117.258916,52.242511,0.000000,4.748652,26.101685,104.332662,1,0,1867.074402
1789777148,1,-117.258162,52.241709,0.000000,4.748652,26.159880,103.064704,1,0,1870.562606
1789777157,1,-117.256651,52.240000,0.000000,33.745703,26.403130,216.428388,1,0,1871.860531
1789777162,1,-117.255758,52.238994,0.000000,3.964930,26.164055,127.519439,1,0,1875.641923
1789777168,1,-117.254814,52.237958,0.000000,15.195014,24.874466,132.127184,1,0,1878.151637
1789777171,1,-117.254021,52.237010,0.000000,16.318275,26.296108,118.616927,1,0,1877.913834
1789777176,1,-117.253052,52.235999,0.000000,3.497456,26.210949,130.563828,1,0,1880.628004
1789777181,1,-117.252249,52.235116,0.000000,3.569118,26.122141,112.561381,1,0,1882.788822
1789777185,1,-117.251507,52.234298,0.000000,4.748652,26.182989,104.215197,1,0,1884.470017
1789777198,1,-117.249577,52.232154,0.000000,43.295014,-1.000000,272.660205,1,0,1888.208765
1789777201,1,-117.248514,52.230860,0.000000,9.177397,26.102142,161.311319,1,0,1901.693052
1789777205,1,-117.247539,52.230021,0.000000,2.962275,25.784193,114.718343,1,0,1895.030222
1789777209,1,-117.246694,52.229238,0.000000,3.180172,26.013184,104.550386,1,0,1898.737065
1789777213,1,-117.245841,52.228449,0.000000,4.748652,26.209520,105.409191,1,0,1900.622550
1789777217,1,-117.244964,52.227664,0.000000,4.748652,26.107704,105.957791,1,0,1902.314364
1789777221,1,-117.244072,52.226895,0.000000,4.748652,26.260532,105.085568,1,0,1904.540075
1789777274,1,-117.238343,52.221549,0.000000,10.171592,0.000000,712.335356,1,0,1908.273957
1789777340,1,-117.237900,52.221382,0.000000,7.405853,0.235981,35.531152,1,0,1925.264792
1789777424,1,-117.225857,52.220162,0.000000,159.269911,-1.000000,834.326867,1,0,1979.206523
1789777456,1,-117.218674,52.220884,0.000000,8.088314,12.631909,497.530246,1,0,1963.540080
1789777517,1,-117.200609,52.218505,0.000000,10.780472,25.040453,1263.038939,1,0,2010.090380
1789777521,1,-117.198837,52.218444,0.000000,3.421646,24.908855,121.328970,1,0,2005.673166
1789777526,1,-117.197043,52.218339,0.000000,2.472045,25.063852,123.198415,1,0,2008.864536
1789777530,1,-117.195620,52.218269,0.000000,4.748652,24.724121,97.591814,1,0,2014.854411
1789777534,1,-117.194174,52.218200,0.000000,4.748652,24.681572,99.150596,1,0,2016.582452
1789777584,1,-117.176342,52.217055,0.000000,14.561020,24.655643,1225.692016,1,0,2031.567952
1789777588,1,-117.174914,52.217178,0.000000,3.454532,24.688431,98.577760,1,0,2033.827102
1789777593,1,-117.173131,52.217374,0.000000,3.218044,24.881571,123.828293,1,0,2035.992077
1789777598,1,-117.171341,52.217426,0.000000,4.748652,24.867506,122.506791,1,0,2043.908604
1789777603,1,-117.169635,52.217132,0.000000,4.748652,24.549765,121.131637,1,0,2046.481502
1789777608,1,-117.168011,52.216611,0.000000,4.748652,24.652859,125.254978,1,0,2046.655715
1789777612,1,-117.166713,52.216191,0.000000,4.748652,24.804283,100.296805,1,0,2047.157809
1789777616,1,-117.165418,52.215789,0.000000,2.000000,24.705479,99.195692,1,0,2049.133534
1789777620,1,-117.164137,52.215368,0.000000,2.000000,24.824692,99.322579,1,0,2049.612338
1789777624,1,-117.162857,52.214954,0.000000,3.929198,24.712071,98.896876,1,0,2050.293509
1789777629,1,-117.161293,52.214436,0.000000,4.861770,24.458820,121.485931,1,0,2055.617539
1789777633,1,-117.160016,52.214021,0.000000,5.686378,24.644082,98.776230,1,0,2059.703550
1789777637,1,-117.158737,52.213603,0.000000,5.777155,24.816606,99.053584,1,0,2063.066582
1789777710,1,-117.139116,52.202905,0.000000,5.459907,24.367014,1793.900552,1,0,2045.990654
1789777715,1,-117.138255,52.202003,0.000000,2.972714,23.721888,116.392383,1,0,2044.300775
1789777720,1,-117.137538,52.201153,0.000000,2.451846,23.200287,106.562990,1,0,2039.522420
1789777725,1,-117.136726,52.200231,0.000000,4.748652,23.334494,116.686344,1,0,2039.210617
1789777729,1,-117.135978,52.199538,0.000000,4.748652,23.216101,92.556853,1,0,2034.833029
1789777734,1,-117.134976,52.198726,0.000000,4.748652,22.613379,113.422154,1,0,2032.537124
1789777738,1,-117.134171,52.198081,0.000000,4.748652,22.627523,90.471545,1,0,2032.494270
1789777745,1,-117.132537,52.196765,0.000000,6.658527,24.335112,184.246472,1,0,2031.396799
1789777750,1,-117.131509,52.195915,0.000000,3.057785,24.714788,117.876990,1,0,2030.884058
1789777754,1,-117.130669,52.195201,0.000000,2.394284,24.692099,98.065596,1,0,2031.028069
1789777758,1,-117.129914,52.194361,0.000000,4.748652,24.002916,106.810441,1,0,2035.724555
1789777838,1,-117.109693,52.193444,0.000000,6.292155,17.130754,1386.820348,1,0,2018.160951
1789777843,1,-117.108778,52.194006,0.000000,2.672705,17.744354,88.485604,1,0,2023.968463
1789777848,1,-117.107746,52.194677,0.000000,2.512958,18.107105,102.764078,1,0,2026.240973
1789777888,1,-117.098749,52.195685,0.000000,14.541967,17.876112,625.512651,1,0,2002.813432
1789777894,1,-117.097411,52.195216,0.000000,2.781885,17.578671,105.356937,1,0,1985.960297
1789777900,1,-117.096195,52.194762,0.000000,2.341727,17.540209,97.318456,1,0,1983.471833
1789777968,1,-117.080677,52.189659,0.000000,10.607615,18.414831,1203.907873,1,0,1927.559412
1789777973,1,-117.079351,52.189634,0.000000,3.136456,18.117638,90.746531,1,0,1928.871006
1789777979,1,-117.078069,52.189445,0.000000,2.788023,17.947332,90.181947,1,0,1923.378613
1789777985,1,-117.076686,52.188984,0.000000,4.748652,17.808470,107.622279,1,0,1923.697571
1789777990,1,-117.075584,52.188554,0.000000,4.795014,17.848188,89.291674,1,0,1918.091940
1789777995,1,-117.074480,52.188129,0.000000,4.748652,17.853794,89.110435,1,0,1910.847217
1789778044,1,-117.064457,52.183539,0.000000,11.538700,17.076937,855.101201,1,0,1858.286152
1789778049,1,-117.063602,52.182977,0.000000,3.116431,16.495340,85.640266,1,0,1844.922688
1789778055,1,-117.062522,52.182374,0.000000,2.602540,16.751343,99.818149,1,0,1838.029400
1789778147,1,-117.062950,52.174406,0.000000,17.640849,12.530890,887.336090,1,0,1720.500078
1789778477,1,-117.061879,52.173342,0.000000,14.045590,22.700682,139.267117,1,0,1684.212496
1789778542,1,-117.056296,52.173633,0.000000,13.618239,2.047418,383.413241,1,0,1687.791633
1789778592,1,-117.048018,52.174046,0.000000,12.883870,16.368769,568.321427,1,0,1654.504375
1789778597,1,-117.046992,52.173698,0.000000,3.754441,16.432560,80.183666,1,0,1656.636945
1789778602,1,-117.045854,52.173380,0.000000,2.286016,18.299780,85.538432,1,0,1655.377301
1789778628,1,-117.039107,52.171141,0.000000,9.956870,22.135735,524.651753,1,0,1627.630862
1789778633,1,-117.037709,52.170604,0.000000,2.786047,21.977289,112.799393,1,0,1615.417631
1789778637,1,-117.036462,52.170073,0.000000,2.427833,21.899279,103.798457,1,0,1611.133920
1789778673,1,-117.028918,52.164417,0.000000,15.562510,24.394670,814.150116,1,0,1551.269429
1789778678,1,-117.027853,52.163535,0.000000,4.538017,24.169025,122.265156,1,0,1552.802420
1789778682,1,-117.026959,52.162891,0.000000,3.081691,24.604820,94.238384,1,0,1550.316071
1789778686,1,-117.025926,52.162281,0.000000,4.748652,24.620401,98.016887,1,0,1554.455087
1789778710,1,-117.024115,52.161384,0.000000,47.995014,-1.000000,159.160741,1,0,1551.344640
1789778714,1,-117.017513,52.158194,0.000000,10.661669,26.511829,574.675706,1,0,1538.175711
1789778719,1,-117.015910,52.157534,0.000000,3.108569,26.272823,132.038855,1,0,1540.114190
1789778722,1,-117.014662,52.157063,0.000000,2.642301,25.981272,100.223568,1,0,1537.521416
1789778726,1,-117.013371,52.156576,0.000000,4.748652,25.892315,103.671947,1,0,1542.116806
1789778736,1,-117.010514,52.155342,0.000000,12.094822,26.013872,238.980465,1,0,1543.943392
1789778741,1,-117.009236,52.154466,0.000000,3.188935,26.105219,130.992710,1,0,1537.659315
1789778783,1,-117.000537,52.146304,0.000000,17.190808,26.740931,1086.233244,1,0,1524.282598
1789778787,1,-116.999616,52.145559,0.000000,3.214021,26.241581,104.168432,1,0,1527.694538
1789778790,1,-116.998649,52.144892,0.000000,2.771367,25.993958,99.473120,1,0,1527.390639
1789778794,1,-116.997662,52.144182,0.000000,2.899236,26.021156,103.978680,1,0,1525.684240
1789778799,1,-116.996403,52.143298,0.000000,4.748652,26.039528,130.810464,1,0,1531.524824
1789778838,1,-116.995018,52.142113,0.000000,35.171234,1.004852,162.442301,1,0,1522.112390
1789778915,1,-116.992224,52.134632,0.000000,39.327501,25.880644,854.312417,1,0,1524.634309
1789778919,1,-116.991786,52.133687,0.000000,3.462358,25.512932,109.368830,1,0,1516.367475
1789778923,1,-116.991436,52.132801,0.000000,2.536641,25.534615,101.480463,1,0,1516.025928
1789778927,1,-116.991082,52.131899,0.000000,4.748652,25.654985,103.275687,1,0,1522.250407
1789778931,1,-116.990708,52.131011,0.000000,4.748652,25.743063,102.096836,1,0,1523.502510
1789778935,1,-116.990060,52.130160,0.000000,4.748652,25.967222,104.596116,1,0,1526.337405
1789778939,1,-116.989201,52.129415,0.000000,4.748652,26.096146,101.668050,1,0,1529.392745
1789779033,1,-116.970869,52.110582,0.000000,13.712579,26.359186,2443.508763,1,0,1485.546382
1789779130,1,-116.945722,52.092326,0.000000,11.952350,27.473438,2664.358338,1,0,1470.838406
1789779144,1,-116.943264,52.090056,0.000000,96.895014,-1.000000,303.678779,1,0,1469.519729
1789779147,1,-116.941777,52.088990,0.000000,19.690485,28.645277,156.420159,1,0,1471.758598
1789779151,1,-116.940749,52.088181,0.000000,3.804323,27.847040,114.338358,1,0,1459.435917
1789779155,1,-116.939690,52.087425,0.000000,2.466345,27.045660,111.130044,1,0,1456.700513
1789779160,1,-116.938410,52.086509,0.000000,4.748652,26.911148,134.509716,1,0,1462.187304
1789779164,1,-116.937376,52.085764,0.000000,4.748652,27.397388,109.089885,1,0,1461.983304
1789779259,1,-116.913089,52.068468,0.000000,25.709511,24.099960,2545.442409,1,0,1441.531067
1789779263,1,-116.911429,52.068328,0.000000,9.787552,23.919598,114.918532,1,0,1442.410538
1789779360,1,-116.886671,52.057265,0.000000,10.837211,23.495142,2097.686825,1,0,1436.747378
1789779456,1,-116.864447,52.042226,0.000000,10.480832,23.845793,2264.262624,1,0,1439.147492
1789779552,1,-116.842594,52.025210,0.000000,17.356144,26.893526,2415.866518,1,0,1416.124816
1789779556,1,-116.842268,52.024332,0.000000,17.333865,26.893526,100.245394,1,0,1422.288635
1789779602,1,-116.839029,52.017997,0.000000,14.096376,0.178389,739.283499,1,0,1449.479697
1789779716,1,-116.830586,52.006286,0.000000,37.217207,27.730099,1426.504060,1,0,1434.936098
1789779756,1,-116.820479,51.998435,0.000000,25.880249,27.664665,1115.989044,1,0,1434.864482
1789779761,1,-116.819067,51.997597,0.000000,3.404436,27.216938,134.555087,1,0,1437.151517
1789779766,1,-116.817832,51.996919,0.000000,3.064209,26.612646,113.541830,1,0,1439.965726
1789779861,1,-116.788566,51.982592,0.000000,8.518706,27.120913,2566.294026,1,0,1436.142204
1789779955,1,-116.755095,51.973187,0.000000,17.338939,24.837528,2527.312291,1,0,1453.359873
1789779966,1,-116.753782,51.972920,0.000000,15.280129,-1.000000,95.005658,1,0,1441.595208
1789780052,1,-116.721439,51.970965,0.000000,10.253556,22.813789,2233.755673,1,0,1391.853510
1789780145,1,-116.712119,51.954744,0.000000,13.964026,22.559128,1915.599905,1,0,1454.232850
1789780240,1,-116.718225,51.940423,0.000000,10.777850,3.931180,1648.210897,1,0,1520.619059
1789780536,1,-116.717717,51.940912,0.000000,2.225931,8.562572,64.674397,1,0,1525.365105
1789780561,1,-116.717766,51.940508,0.000000,2.034615,15.808544,45.088474,1,0,1528.547658
1789780567,1,-116.718337,51.939612,0.000000,2.005706,17.946395,107.174669,1,0,1533.740243
1789780573,1,-116.718917,51.938584,0.000000,2.212191,21.988227,121.165693,1,0,1539.208212
1789780577,1,-116.719305,51.937743,0.000000,2.003455,25.186935,97.328225,1,0,1543.350290
1789780581,1,-116.719697,51.936842,0.000000,2.000034,26.000669,103.837189,1,0,1548.143336
1789780585,1,-116.720100,51.935938,0.000000,2.000000,26.084683,104.358160,1,0,1552.838384
1789780590,1,-116.720620,51.934805,0.000000,2.000000,26.444908,131.071374,1,0,1558.562559
1789780595,1,-116.721165,51.933619,0.000000,2.000000,27.508319,137.215504,1,0,1564.802932
1789780600,1,-116.721709,51.932430,0.000000,2.000000,27.511702,137.518105,1,0,1570.926334
1789780604,1,-116.722146,51.931479,0.000000,2.000000,27.505008,110.026928,1,0,1575.597934
1789780608,1,-116.722586,51.930531,0.000000,2.000000,27.427393,109.762606,1,0,1580.388657
1789780612,1,-116.723024,51.929582,0.000000,2.000000,27.495384,109.832732,1,0,1585.435366
1789780617,1,-116.723564,51.928396,0.000000,2.000000,27.463673,137.123569,1,0,1591.643057
1789780622,1,-116.724002,51.927188,0.000000,2.000000,27.723944,137.778984,1,0,1596.027159
1789780626,1,-116.724191,51.926197,0.000000,2.000000,27.742791,111.056181,1,0,1598.300547
1789780630,1,-116.724369,51.925212,0.000000,2.000000,27.554592,110.306495,1,0,1601.237777
1789780634,1,-116.724494,51.924231,0.000000,2.003477,27.379544,109.517604,1,0,1604.873544
1789780638,1,-116.724232,51.923285,0.000000,2.049432,26.679254,106.816472,1,0,1607.438158
1789780643,1,-116.723636,51.922126,0.000000,2.037681,27.522123,135.352367,1,0,1611.099218
1789780647,1,-116.723204,51.921173,0.000000,2.080718,27.647937,110.150146,1,0,1613.589016
1789780652,1,-116.723161,51.919977,0.000000,2.000282,26.420609,133.140678,1,0,1620.289416
1789780657,1,-116.723220,51.918751,0.000000,2.000000,27.542832,136.507032,1,0,1626.505383
1789780662,1,-116.722945,51.917536,0.000000,2.389834,27.105434,136.540433,1,0,1630.797016
1789780666,1,-116.722329,51.916651,0.000000,2.021830,27.205476,107.230932,1,0,1631.740881
1789780670,1,-116.721673,51.915745,0.000000,2.036996,27.738039,110.477646,1,0,1631.959292
1789780675,1,-116.720838,51.914622,0.000000,2.000034,27.533281,137.560762,1,0,1631.869077
1789780680,1,-116.719663,51.913629,0.000000,2.024730,27.336631,136.944569,1,0,1630.944986
1789780684,1,-116.718465,51.912979,0.000000,2.019503,27.765102,109.690558,1,0,1630.307572
1789780688,1,-116.717241,51.912342,0.000000,2.000889,27.596432,110.104889,1,0,1629.580689
1789780692,1,-116.716017,51.911702,0.000000,2.291306,27.525974,110.320153,1,0,1628.884122
1789780696,1,-116.714789,51.911067,0.000000,2.200634,27.544460,110.172735,1,0,1627.897725
1789780700,1,-116.713568,51.910428,0.000000,2.001206,27.536582,110.090604,1,0,1627.452672
1789780705,1,-116.712035,51.909634,0.000000,2.099744,27.552334,137.628183,1,0,1626.889815
1789780710,1,-116.710506,51.908840,0.000000,2.297276,27.532979,137.425927,1,0,1626.393545
1789780715,1,-116.709022,51.908007,0.000000,2.000271,27.639856,137.947119,1,0,1625.187776
1789780719,1,-116.707923,51.907294,0.000000,2.313738,27.493245,109.633922,1,0,1625.140439
1789780724,1,-116.706664,51.906345,0.000000,2.040462,27.428014,136.621878,1,0,1625.999715
1789780728,1,-116.705706,51.905559,0.000000,2.019152,27.459649,109.547980,1,0,1626.661139
1789780732,1,-116.704749,51.904769,0.000000,2.198452,27.482501,109.862518,1,0,1627.629230
1789780737,1,-116.703551,51.903783,0.000000,2.007898,27.438669,137.272329,1,0,1629.373642
1789780742,1,-116.702356,51.902796,0.000000,2.000023,27.525106,137.237456,1,0,1631.598804
1789780747,1,-116.701154,51.901802,0.000000,2.000000,27.623017,138.149946,1,0,1631.818988
1789780751,1,-116.700176,51.901004,0.000000,2.000000,27.926132,111.448037,1,0,1630.160552
1789780755,1,-116.699200,51.900207,0.000000,2.000000,27.758366,111.276154,1,0,1629.001781
1789780759,1,-116.698260,51.899424,0.000000,2.000000,26.988222,108.542633,1,0,1629.535891
1789780764,1,-116.697082,51.898458,0.000000,4.745004,27.104789,134.671726,1,0,1632.646781
1789780769,1,-116.695896,51.897481,0.000000,4.748639,27.359777,135.981161,1,0,1636.429257
1789780773,1,-116.694946,51.896694,0.000000,4.748652,27.395023,109.315569,1,0,1640.087705
1789780777,1,-116.694010,51.895894,0.000000,4.748652,27.575767,109.910346,1,0,1642.622152
1789780781,1,-116.693194,51.895041,0.000000,4.748652,27.526440,110.312455,1,0,1644.375818
1789780785,1,-116.692505,51.894135,0.000000,4.748651,27.556429,111.434011,1,0,1644.782540
1789780789,1,-116.691969,51.893199,0.000000,4.748652,27.602412,110.516284,1,0,1645.058274
1789780793,1,-116.691572,51.892241,0.000000,4.748651,27.394500,110.068431,1,0,1646.137383
1789780797,1,-116.691244,51.891270,0.000000,4.748651,27.562047,110.401464,1,0,1646.532280
1789780802,1,-116.690854,51.890058,0.000000,4.748651,27.502487,137.535688,1,0,1647.770643
1789780806,1,-116.690537,51.889089,0.000000,4.748651,27.532640,110.030856,1,0,1648.051079
1789780810,1,-116.690213,51.888119,0.000000,4.748651,27.463254,110.236904,1,0,1648.702345
1789780814,1,-116.689774,51.887168,0.000000,4.748651,27.572161,110.073707,1,0,1648.733715
1789780819,1,-116.688937,51.886035,0.000000,4.748651,27.795334,138.645959,1,0,1646.720049
1789780823,1,-116.688075,51.885194,0.000000,4.748651,27.835850,110.835644,1,0,1644.416220
1789780827,1,-116.687164,51.884371,0.000000,4.748651,27.877362,111.020508,1,0,1642.407636
1789780832,1,-116.686028,51.883337,0.000000,4.748651,27.874196,139.156029,1,0,1639.348790
1789780836,1,-116.685113,51.882513,0.000000,4.748652,27.882812,111.271723,1,0,1637.076123
1789780840,1,-116.684205,51.881685,0.000000,4.748652,27.730115,111.367435,1,0,1635.562187
1789780844,1,-116.683317,51.880878,0.000000,4.748652,26.912313,108.660169,1,0,1635.693410
1789780849,1,-116.682209,51.879877,0.000000,4.748652,27.266081,135.035276,1,0,1636.703970
1789780853,1,-116.681317,51.879061,0.000000,4.748652,27.435604,109.643692,1,0,1638.023694
1789780857,1,-116.680417,51.878244,0.000000,4.748652,27.503481,110.049283,1,0,1638.406001
1789780861,1,-116.679515,51.877425,0.000000,4.748652,27.604348,110.310803,1,0,1638.560988
1789780865,1,-116.678615,51.876605,0.000000,4.748652,27.573972,110.325316,1,0,1638.771760
1789780869,1,-116.677712,51.875788,0.000000,4.748652,27.506642,110.165836,1,0,1639.306469
1789780873,1,-116.676816,51.874972,0.000000,4.748652,27.423223,109.802267,1,0,1639.882796
1789780877,1,-116.675932,51.874165,0.000000,4.748652,26.999970,108.509326,1,0,1643.408300
1789780882,1,-116.674821,51.873167,0.000000,4.748651,27.069916,134.886948,1,0,1650.663201
1789780886,1,-116.673884,51.872382,0.000000,4.748651,27.238057,108.624712,1,0,1656.904047
1789780890,1,-116.672893,51.871605,0.000000,4.748651,27.708703,110.175554,1,0,1661.370710
1789780894,1,-116.671862,51.870834,0.000000,4.748651,27.953590,111.388749,1,0,1663.355637
1789780899,1,-116.670572,51.869865,0.000000,4.748651,27.984239,139.741291,1,0,1661.841575
1789780904,1,-116.669283,51.868907,0.000000,4.748652,27.531800,138.754558,1,0,1660.563309
1789780909,1,-116.668030,51.867969,0.000000,4.748652,26.881401,135.464219,1,0,1661.032033
1789780913,1,-116.667035,51.867214,0.000000,4.748652,27.202749,108.443393,1,0,1661.952197
1789780917,1,-116.666023,51.866458,0.000000,4.748652,27.406123,109.273262,1,0,1663.414784
1789780922,1,-116.664750,51.865510,0.000000,4.748651,27.505313,137.200550,1,0,1665.589768
1789780926,1,-116.663735,51.864746,0.000000,4.748652,27.553448,110.091520,1,0,1667.124517
1789780930,1,-116.662719,51.863986,0.000000,4.748652,27.531581,109.791995,1,0,1668.545478
1789780934,1,-116.661700,51.863226,0.000000,4.748651,27.533589,109.928668,1,0,1670.375299
1789780939,1,-116.660437,51.862270,0.000000,4.748651,27.439682,137.455176,1,0,1672.444129
1789780943,1,-116.659429,51.861516,0.000000,4.748651,27.187538,108.930951,1,0,1677.208259
1789780947,1,-116.658411,51.860769,0.000000,4.748652,27.251442,108.775089,1,0,1683.201460
1789780951,1,-116.657271,51.860079,0.000000,4.748651,27.653527,109.852073,1,0,1686.867680
1789780956,1,-116.655643,51.859339,0.000000,4.748651,27.956895,139.163391,1,0,1687.579783
1789780961,1,-116.653857,51.858748,0.000000,4.748652,27.921982,139.538664,1,0,1685.056190
1789780965,1,-116.652410,51.858307,0.000000,4.748651,27.703425,111.140710,1,0,1683.043586
1789780969,1,-116.650980,51.857868,0.000000,4.748651,27.418297,109.991750,1,0,1681.363410
1789780974,1,-116.649210,51.857330,0.000000,4.748651,27.056185,135.878812,1,0,1680.214459
1789780979,1,-116.647441,51.856787,0.000000,4.748651,27.342644,136.063178,1,0,1679.644566
1789780984,1,-116.645651,51.856243,0.000000,4.748652,27.518018,137.410251,1,0,1678.553243
1789780989,1,-116.643860,51.855696,0.000000,4.748652,27.518007,137.619468,1,0,1677.836279
1789780993,1,-116.642436,51.855251,0.000000,4.748652,27.531236,109.920628,1,0,1677.392028
1789780997,1,-116.641031,51.854771,0.000000,4.748652,27.798977,110.581588,1,0,1674.828154
1789781001,1,-116.639628,51.854264,0.000000,4.748652,27.967809,111.945027,1,0,1671.229100
1789781006,1,-116.637884,51.853631,0.000000,4.748652,27.600098,139.309078,1,0,1666.673183
1789781011,1,-116.636188,51.853022,0.000000,4.748652,26.735727,135.117717,1,0,1666.552024
1789781016,1,-116.634501,51.852411,0.000000,4.748652,27.197853,134.693741,1,0,1669.061345
1789781020,1,-116.633124,51.851913,0.000000,4.748652,27.635610,109.902048,1,0,1669.392375
1789781024,1,-116.631732,51.851410,0.000000,4.748652,27.843472,111.075392,1,0,1668.023959
1789781030,1,-116.630031,51.850725,0.000000,4.748652,27.900117,139.841303,1,0,1664.432234
1789781035,1,-116.628684,51.849912,0.000000,4.748652,23.973379,129.635499,1,0,1662.387917
1789781039,1,-116.627644,51.849432,0.000000,2.776574,21.883147,89.394534,1,0,1662.363764
1789781045,1,-116.625992,51.848874,0.000000,2.002485,21.539279,129.691372,1,0,1663.179619
1789781050,1,-116.624736,51.848287,0.000000,2.024600,21.845580,108.456325,1,0,1664.030337
1789781055,1,-116.623800,51.847467,0.000000,2.000136,23.099216,111.762418,1,0,1664.755238
1789781059,1,-116.623044,51.846706,0.000000,2.000002,26.033477,99.440947,1,0,1665.818398
1789781064,1,-116.622005,51.845655,0.000000,2.039828,27.568083,137.151994,1,0,1667.066669
1789781068,1,-116.621164,51.844814,0.000000,2.027092,27.379885,110.094762,1,0,1668.255004
1789781072,1,-116.620327,51.843985,0.000000,2.157516,27.090538,108.815241,1,0,1672.225255
1789781076,1,-116.619471,51.843168,0.000000,2.560698,27.148682,108.396050,1,0,1677.575829
1789781081,1,-116.618336,51.842162,0.000000,2.530129,27.380856,136.591025,1,0,1684.351909
1789781085,1,-116.617132,51.841168,0.000000,2.162190,27.778327,138.299716,1,0,1688.593097
1789781090,1,-116.615930,51.840164,0.000000,2.004129,27.812299,139.109450,1,0,1689.706228
1789781094,1,-116.614967,51.839364,0.000000,2.000023,27.725079,111.059361,1,0,1689.207337
1789781098,1,-116.614006,51.838566,0.000000,2.003757,27.603203,110.802488,1,0,1688.641226
1789781102,1,-116.613067,51.837763,0.000000,2.000623,27.571890,110.352453,1,0,1688.072976
1789781106,1,-116.612197,51.836930,0.000000,2.000004,27.553877,110.418754,1,0,1687.839069
1789781110,1,-116.611419,51.836065,0.000000,2.017102,27.563325,110.202920,1,0,1687.551627
1789781116,1,-116.610571,51.834948,0.000000,2.089145,27.378673,137.376083,1,0,1688.588893
1789781121,1,-116.609805,51.833813,0.000000,2.046350,27.431582,136.915193,1,0,1689.671210
1789781125,1,-116.609211,51.832896,0.000000,2.021808,27.482364,109.967645,1,0,1690.610045
1789781129,1,-116.608564,51.831991,0.000000,2.005601,27.492957,110.157884,1,0,1691.766339
1789781133,1,-116.607853,51.831104,0.000000,2.008117,27.423221,110.219832,1,0,1692.019997
1789781138,1,-116.606929,51.830000,0.000000,2.000319,27.730627,138.403346,1,0,1692.142735
1789781142,1,-116.606208,51.829114,0.000000,2.005817,27.647147,110.431153,1,0,1691.416939
1789781147,1,-116.605299,51.828010,0.000000,2.646480,27.599104,137.933253,1,0,1690.534092
1789781151,1,-116.604569,51.827128,0.000000,2.029372,27.558239,110.315611,1,0,1689.919145
1789781156,1,-116.603659,51.826025,0.000000,2.006915,27.565246,137.865474,1,0,1689.973548
1789781161,1,-116.602756,51.824921,0.000000,2.148405,27.549854,137.745707,1,0,1690.109368
1789781165,1,-116.602033,51.824043,0.000000,2.736707,27.397898,109.701936,1,0,1691.056352
1789781170,1,-116.601135,51.822953,0.000000,2.006999,27.265011,136.203738,1,0,1695.119275
1789781175,1,-116.600232,51.821854,0.000000,2.005200,27.469665,137.252797,1,0,1698.382436
1789781179,1,-116.599505,51.820978,0.000000,2.005210,27.374308,109.629760,1,0,1701.400043
1789781183,1,-116.598783,51.820100,0.000000,2.543649,27.396418,109.670823,1,0,1704.858695
1789781188,1,-116.597847,51.819013,0.000000,2.460742,27.449764,137.124007,1,0,1709.346361
1789781193,1,-116.596796,51.817965,0.000000,2.808412,27.611044,137.327019,1,0,1713.308982
1789781197,1,-116.595855,51.817157,0.000000,2.093263,27.924390,110.900722,1,0,1713.872364
1789781201,1,-116.594877,51.816363,0.000000,2.050678,27.758077,111.170786,1,0,1713.271111
1789781206,1,-116.593660,51.815378,0.000000,2.325235,27.603801,138.069957,1,0,1712.658695
1789781211,1,-116.592452,51.814394,0.000000,2.536441,27.552107,137.609995,1,0,1711.702903
1789781215,1,-116.591483,51.813605,0.000000,2.099453,27.567744,110.356014,1,0,1711.530938
1789781219,1,-116.590272,51.812625,0.000000,2.000301,27.524074,137.381688,1,0,1710.946641
1789781224,1,-116.589060,51.811642,0.000000,2.460294,27.538449,137.688763,1,0,1709.950382
1789781228,1,-116.588094,51.810854,0.000000,2.011286,27.521032,110.142128,1,0,1709.484241
1789781232,1,-116.587125,51.810068,0.000000,2.171403,27.521014,110.090487,1,0,1708.864159
1789781237,1,-116.585918,51.809085,0.000000,2.219208,27.534419,137.485424,1,0,1708.216131
1789781243,1,-116.584713,51.808113,0.000000,2.068617,27.078753,136.429177,1,0,1710.120700
1789781247,1,-116.583772,51.807333,0.000000,2.502318,27.125175,108.397669,1,0,1713.817651
1789781251,1,-116.582885,51.806522,0.000000,2.149058,27.318660,109.046660,1,0,1717.597529
1789781255,1,-116.582086,51.805668,0.000000,2.792517,27.542408,109.872011,1,0,1721.348441
1789781259,1,-116.581357,51.804774,0.000000,2.303312,27.974399,111.484819,1,0,1722.512460
1789781264,1,-116.580588,51.803613,0.000000,2.186675,27.764410,139.681290,1,0,1721.513235
1789781269,1,-116.579967,51.802437,0.000000,2.017091,27.440139,137.716173,1,0,1720.926567
1789781273,1,-116.579538,51.801493,0.000000,2.210809,27.292293,109.151141,1,0,1720.033245
1789781278,1,-116.579008,51.800311,0.000000,2.011924,27.455830,136.537041,1,0,1718.877173
1789781283,1,-116.578469,51.799125,0.000000,2.000011,27.492142,137.133972,1,0,1717.553837
1789781287,1,-116.578033,51.798177,0.000000,4.355526,27.386591,109.711831,1,0,1717.296362
1789781291,1,-116.577582,51.797244,0.000000,4.746024,26.994024,108.400011,1,0,1720.017006
1789781295,1,-116.577150,51.796305,0.000000,4.748633,27.238323,108.672976,1,0,1723.969992
1789781300,1,-116.576606,51.795125,0.000000,4.748651,27.406056,136.585952,1,0,1728.951898
1789781305,1,-116.576070,51.793943,0.000000,4.748651,27.373216,136.650685,1,0,1734.181192
1789781309,1,-116.575629,51.792994,0.000000,4.748651,27.505728,109.915080,1,0,1738.156706
1789781313,1,-116.575188,51.792045,0.000000,4.748651,27.482900,109.915150,1,0,1742.286438
1789781317,1,-116.574714,51.791099,0.000000,4.748651,27.680434,110.248543,1,0,1745.503811
1789781321,1,-116.574121,51.790163,0.000000,4.748651,28.092823,111.921149,1,0,1744.756259
1789781325,1,-116.573444,51.789242,0.000000,4.748651,28.022696,112.649125,1,0,1740.940412
1789781328,1,-116.572688,51.788357,0.000000,4.748651,27.666699,111.461946,1,0,1737.266846
1789781332,1,-116.571856,51.787526,0.000000,4.748651,26.933059,108.861792,1,0,1735.405651
1789781336,1,-116.571026,51.786735,0.000000,4.748651,25.864857,105.030618,1,0,1735.321819
1789781340,1,-116.570165,51.785929,0.000000,4.748651,27.476703,107.600430,1,0,1736.079248
1789781345,1,-116.569069,51.784894,0.000000,4.748651,27.675161,137.805954,1,0,1735.832115
1789781350,1,-116.567959,51.783862,0.000000,4.748651,27.547945,138.065731,1,0,1735.519989
1789781354,1,-116.567005,51.783070,0.000000,4.748651,27.485950,110.026397,1,0,1735.763049
1789781358,1,-116.565947,51.782339,0.000000,4.748651,27.193707,109.325566,1,0,1737.666975
1789781362,1,-116.564808,51.781655,0.000000,4.748652,27.343804,109.436000,1,0,1740.472287
1789781367,1,-116.563649,51.780982,0.000000,4.748652,27.434911,109.591702,1,0,1743.384537
1789781371,1,-116.562495,51.780304,0.000000,4.748652,27.446340,109.722005,1,0,1746.256514
1789781375,1,-116.561335,51.779629,0.000000,4.748652,27.488281,109.794378,1,0,1749.057418
1789781379,1,-116.560172,51.778954,0.000000,4.748652,27.450402,109.952085,1,0,1752.180038
1789781384,1,-116.558716,51.778102,0.000000,4.748652,27.857612,138.182057,1,0,1753.661392
1789781388,1,-116.557541,51.777414,0.000000,4.748652,27.916965,111.546624,1,0,1752.034671
1789781393,1,-116.556155,51.776515,0.000000,4.748652,27.320975,138.439648,1,0,1751.131080
1789781397,1,-116.555165,51.775773,0.000000,4.748652,26.703466,107.192954,1,0,1754.132412
1789781401,1,-116.554247,51.774989,0.000000,4.748652,27.162355,107.840200,1,0,1757.753491
1789781406,1,-116.553098,51.773988,0.000000,4.748652,27.532835,136.763095,1,0,1761.399527
1789781411,1,-116.551929,51.772972,0.000000,4.748652,27.927215,138.924041,1,0,1761.497099
1789781415,1,-116.550994,51.772152,0.000000,4.748651,27.894842,111.784424,1,0,1759.353381
1789781419,1,-116.550058,51.771335,0.000000,4.748651,27.855858,111.551955,1,0,1757.247321
1789781423,1,-116.549123,51.770522,0.000000,4.748651,27.764332,111.149240,1,0,1755.219786
1789781427,1,-116.548192,51.769710,0.000000,4.748651,27.637006,110.898327,1,0,1753.199831
1789781431,1,-116.547244,51.768915,0.000000,4.748651,27.448096,110.060351,1,0,1751.338636
1789781436,1,-116.545906,51.768020,0.000000,4.748651,27.137251,135.857455,1,0,1749.170800
1789781441,1,-116.544535,51.767145,0.000000,4.748651,27.318774,135.812338,1,0,1747.137983
1789781446,1,-116.543144,51.766268,0.000000,4.748652,27.453721,136.937051,1,0,1745.519737
1789781451,1,-116.541758,51.765378,0.000000,4.748652,27.530477,137.731876,1,0,1743.989250
1789781456,1,-116.540380,51.764497,0.000000,4.748652,26.868700,136.628019,1,0,1744.019452
1789781460,1,-116.539035,51.763640,0.000000,4.748652,26.647854,133.132009,1,0,1750.580173
1789781465,1,-116.537673,51.762774,0.000000,4.748652,27.095318,134.668877,1,0,1758.366956
1789781470,1,-116.536293,51.761892,0.000000,4.748652,27.477817,136.812083,1,0,1766.295410
1789781474,1,-116.535178,51.761184,0.000000,4.748652,27.516374,110.171147,1,0,1771.431625
1789781478,1,-116.534002,51.760518,0.000000,4.748652,27.510763,109.951708,1,0,1776.533506
1789781482,1,-116.532622,51.760011,0.000000,4.748652,27.813852,110.751560,1,0,1779.725286
1789781487,1,-116.530782,51.759520,0.000000,4.748652,27.594996,138.318220,1,0,1782.765927
1789781493,1,-116.528984,51.759005,0.000000,4.748652,27.195691,136.768411,1,0,1787.560559
1789781497,1,-116.527697,51.758456,0.000000,4.748652,26.967770,107.861643,1,0,1794.392408
1789781501,1,-116.526588,51.757765,0.000000,4.748652,27.327440,108.539416,1,0,1801.646370
1789781506,1,-116.525472,51.756734,0.000000,4.748652,27.770826,138.228502,1,0,1807.019190
1789781511,1,-116.524445,51.755668,0.000000,4.748652,27.454856,138.226196,1,0,1812.521910
1789781515,1,-116.523628,51.754829,0.000000,4.748652,27.253216,109.101011,1,0,1818.317653
1789781519,1,-116.522771,51.754004,0.000000,4.748652,27.358086,109.245755,1,0,1824.195389
1789781523,1,-116.521821,51.753216,0.000000,4.748652,27.520888,109.531737,1,0,1829.470689
1789781527,1,-116.520832,51.752441,0.000000,4.748652,27.466715,110.028784,1,0,1834.621474
1789781531,1,-116.519870,51.751654,0.000000,4.748652,27.408203,109.941800,1,0,1839.723132
1789781535,1,-116.519045,51.750812,0.000000,4.748652,27.441318,109.676508,1,0,1844.819439
1789781539,1,-116.518354,51.749923,0.000000,4.748651,27.469396,109.852033,1,0,1850.230845
1789781543,1,-116.517672,51.749036,0.000000,4.748651,27.245300,109.384665,1,0,1856.420808
1789781548,1,-116.516831,51.747929,0.000000,2.329722,27.280992,136.214526,1,0,1865.857231
1789781553,1,-116.515997,51.746816,0.000000,2.305505,27.381148,136.614376,1,0,1875.168534
1789781557,1,-116.515310,51.745923,0.000000,2.031076,27.522707,110.136528,1,0,1882.019180
1789781561,1,-116.514664,51.745019,0.000000,2.000767,27.517292,110.064126,1,0,1887.972762
1789781565,1,-116.514229,51.744077,0.000000,2.002530,27.116022,109.062924,1,0,1895.604626
1789781569,1,-116.513938,51.743114,0.000000,2.000016,27.258565,109.047082,1,0,1903.743849
1789781573,1,-116.513634,51.742149,0.000000,2.729221,27.339887,109.434830,1,0,1912.388266
1789781577,1,-116.513173,51.741201,0.000000,2.399252,27.561651,110.211054,1,0,1919.704748
1789781580,1,-116.512433,51.740327,0.000000,2.002407,27.468549,109.890146,1,0,1926.335933
1789781584,1,-116.511517,51.739521,0.000000,3.254446,27.451747,109.785289,1,0,1932.841417
1789781588,1,-116.510598,51.738719,0.000000,2.134661,27.402736,109.541978,1,0,1939.593911
1789781593,1,-116.509456,51.737715,0.000000,2.036652,27.366668,136.794135,1,0,1947.867071
1789781597,1,-116.508532,51.736915,0.000000,2.589460,27.392993,109.561898,1,0,1954.861192
1789781601,1,-116.507615,51.736111,0.000000,2.027062,27.457144,109.643894,1,0,1961.710383
1789781606,1,-116.506461,51.735104,0.000000,3.142314,27.615962,137.546476,1,0,1968.318633
1789781610,1,-116.505603,51.734268,0.000000,2.007032,27.578158,110.329975,1,0,1973.074831
1789781614,1,-116.504764,51.733428,0.000000,2.407036,27.352549,110.008138,1,0,1978.638387
1789781619,1,-116.503937,51.732591,0.000000,2.937976,27.328416,109.288714,1,0,1985.000773
1789781624,1,-116.502892,51.731545,0.000000,2.095053,27.434678,136.995532,1,0,1992.338406
1789781628,1,-116.502055,51.730704,0.000000,2.000572,27.512180,110.030353,1,0,1997.855483
1789781633,1,-116.501180,51.729590,0.000000,2.145069,27.521627,137.946534,1,0,2002.599407
1789781637,1,-116.500904,51.728629,0.000000,2.019146,26.871191,108.644237,1,0,2007.481499
1789781641,1,-116.500988,51.727662,0.000000,2.000329,27.201694,107.780974,1,0,2015.132872
1789781645,1,-116.501149,51.726689,0.000000,2.020060,27.326052,108.862576,1,0,2022.705059
1789781649,1,-116.501194,51.725712,0.000000,2.000128,27.279668,108.782215,1,0,2030.668122
1789781653,1,-116.500762,51.724797,0.000000,2.006901,26.327746,106.124664,1,0,2038.323862
1789781657,1,-116.499902,51.724045,0.000000,2.000066,25.601028,102.657065,1,0,2044.893196
1789781662,1,-116.498663,51.723124,0.000000,2.071254,27.366914,133.571946,1,0,2053.754622
1789781667,1,-116.497383,51.722177,0.000000,2.001995,27.492663,137.610182,1,0,2063.213067
1789781672,1,-116.496100,51.721230,0.000000,2.016710,27.756027,137.743770,1,0,2070.354926
1789781677,1,-116.494839,51.720245,0.000000,2.000012,27.988691,140.060359,1,0,2072.502219
1789781682,1,-116.493757,51.719195,0.000000,2.189262,27.647711,138.749208,1,0,2074.575491
1789781686,1,-116.492948,51.718330,0.000000,2.016963,27.895730,111.337105,1,0,2074.674187
1789781690,1,-116.492157,51.717454,0.000000,2.000088,27.913717,111.783519,1,0,2073.052534
1789781694,1,-116.491377,51.716581,0.000000,2.697951,27.666573,111.121445,1,0,2071.738912
1789781698,1,-116.490271,51.715553,0.000000,2.352210,27.541405,137.612285,1,0,2069.203569
1789781703,1,-116.489012,51.714562,0.000000,2.067900,28.205326,140.503339,1,0,2061.596001
1789781707,1,-116.487995,51.713778,0.000000,2.001059,27.854454,112.059186,1,0,2055.064957
1789781711,1,-116.486989,51.713004,0.000000,2.125470,27.516270,110.715335,1,0,2048.746700
1789781715,1,-116.486015,51.712234,0.000000,2.047046,27.118712,108.988673,1,0,2042.808517
1789781719,1,-116.485047,51.711471,0.000000,2.500074,27.129003,108.119809,1,0,2037.544140
1789781723,1,-116.484057,51.710719,0.000000,2.019185,27.025113,108.121883,1,0,2034.246616
1789781727,1,-116.482922,51.710045,0.000000,2.038626,27.170967,108.561191,1,0,2031.099836
1789781732,1,-116.481356,51.709311,0.000000,2.052110,27.222917,135.635957,1,0,2027.149814
1789781736,1,-116.480113,51.708710,0.000000,2.018492,27.301486,108.905128,1,0,2024.283711
1789781741,1,-116.478735,51.707820,0.000000,2.010321,27.870236,137.438667,1,0,2019.205369
1789781746,1,-116.477836,51.706978,0.000000,2.167998,28.100120,112.452450,1,0,2013.575430
1789781750,1,-116.477178,51.706068,0.000000,2.028844,27.467674,111.030912,1,0,2009.797719
1789781754,1,-116.476674,51.705146,0.000000,2.000185,27.070075,108.372213,1,0,2006.466120
1789781758,1,-116.476173,51.704217,0.000000,2.000001,27.354344,109.044060,1,0,2003.552749
1789781763,1,-116.475544,51.703043,0.000000,2.000000,27.621763,137.711200,1,0,2000.058392
1789781768,1,-116.474928,51.701908,0.000000,2.038917,25.660262,133.309859,1,0,1999.698417
1789781772,1,-116.474470,51.701062,0.000000,2.301450,24.280930,99.341419,1,0,2000.757046
1789781776,1,-116.474039,51.700254,0.000000,2.006023,23.445798,94.738496,1,0,2001.466694
1789781780,1,-116.473601,51.699454,0.000000,2.001292,23.722901,94.048556,1,0,2002.166468
1789781784,1,-116.473129,51.698609,0.000000,2.000018,26.375795,99.549208,1,0,2001.988488
1789781789,1,-116.472380,51.697321,0.000000,2.000000,33.048815,152.421186,1,0,2002.572945
1789781793,1,-116.471756,51.696119,0.000000,2.000000,35.348471,140.567585,1,0,2001.891239
1789781797,1,-116.471148,51.694937,0.000000,2.000000,33.841526,138.109883,1,0,2000.695985
1789781801,1,-116.470553,51.693815,0.000000,2.000000,32.205957,131.480632,1,0,1999.259849
1789781806,1,-116.469854,51.692461,0.000000,2.000000,31.446902,158.260274,1,0,1995.065908
1789781809,1,-116.469325,51.691397,0.000000,2.011602,31.028146,123.943582,1,0,1990.414334
1789781813,1,-116.468788,51.690337,0.000000,2.006790,30.808209,123.683280,1,0,1986.256816
1789781818,1,-116.468122,51.689015,0.000000,2.000001,31.393967,154.176639,1,0,1980.159545
1789781822,1,-116.467613,51.687975,0.000000,2.000000,30.354326,120.984001,1,0,1974.779235
1789781826,1,-116.467098,51.686950,0.000000,2.028543,28.962559,119.510761,1,0,1970.675578
1789781830,1,-116.466582,51.686014,0.000000,2.036987,27.337214,110.118901,1,0,1966.749940
1789781835,1,-116.465714,51.684928,0.000000,2.075441,26.891004,134.960890,1,0,1962.721804
1789781839,1,-116.464846,51.684146,0.000000,2.041922,26.174538,105.737192,1,0,1960.035265
1789781843,1,-116.463894,51.683461,0.000000,2.043254,24.655812,100.743993,1,0,1959.040272
1789781848,1,-116.462790,51.682779,0.000000,2.003054,19.427982,107.675928,1,0,1958.484714
1789781853,1,-116.462197,51.682376,0.000000,2.080042,7.259188,60.782884,1,0,1957.688453
1789781867,1,-116.462291,51.682055,0.000000,2.107387,0.468313,36.312852,1,0,1956.230004
1789781919,1,-116.461079,51.681747,0.000000,2.005772,19.097867,90.580388,1,0,1955.733095
1789781924,1,-116.459783,51.680975,0.000000,2.003115,27.439789,124.185388,1,0,1953.889420
1789781929,1,-116.458329,51.680118,0.000000,2.002177,27.628046,138.625119,1,0,1951.836703
1789781933,1,-116.457204,51.679439,0.000000,2.000014,26.245038,108.484410,1,0,1950.089440
1789781938,1,-116.455961,51.678686,0.000000,2.000000,22.561634,120.078951,1,0,1948.178208
1789781942,1,-116.455112,51.678098,0.000000,2.000000,21.848331,87.936509,1,0,1946.912147
1789781947,1,-116.454182,51.677320,0.000000,2.011489,21.595528,107.876804,1,0,1945.446109
1789781952,1,-116.453270,51.676532,0.000000,2.023248,21.657269,108.040129,1,0,1944.820859
1789781958,1,-116.452184,51.675587,0.000000,2.000076,21.429079,129.260291,1,0,1945.551938
1789781963,1,-116.451276,51.674794,0.000000,2.000000,21.892364,108.335819,1,0,1946.403993
1789781968,1,-116.450461,51.674080,0.000000,2.000000,16.169807,97.441269,1,0,1946.495817
1789781974,1,-116.449714,51.673403,0.000000,2.162789,14.273131,91.371562,1,0,1947.049837
1789781980,1,-116.449363,51.672963,0.000000,2.017733,3.954175,54.661749,1,0,1947.394945
1789781997,1,-116.449731,51.673093,0.000000,2.003547,0.284663,29.286734,1,0,1948.172760
1789782104,1,-116.449973,51.673304,0.000000,19.195014,0.330768,28.841886,1,0,1938.096454
1789782325,1,-116.449815,51.673080,0.000000,4.850861,0.195397,27.221881,1,0,1940.138361
1789782476,1,-116.450003,51.673481,0.000000,5.436156,2.809531,46.486531,1,0,1949.683128
1789782616,1,-116.449130,51.672773,0.000000,2.384664,15.197815,99.286792,1,0,1947.795629
1789782621,1,-116.448560,51.672020,0.000000,2.004011,18.258887,92.622188,1,0,1947.234669
1789782627,1,-116.447859,51.671074,0.000000,2.110860,19.347155,115.921071,1,0,1946.929125
1789782633,1,-116.447147,51.670106,0.000000,2.075576,20.616942,118.466239,1,0,1947.244634
1789782638,1,-116.446507,51.669211,0.000000,2.000815,21.932771,109.011539,1,0,1948.488065
1789782643,1,-116.445830,51.668348,0.000000,2.393532,21.632772,106.864704,1,0,1952.966052
1789782648,1,-116.445004,51.667512,0.000000,2.076330,21.899390,109.198620,1,0,1958.379662
1789782655,1,-116.443798,51.666596,0.000000,2.008872,22.098357,131.750915,1,0,1964.510811
1789782661,1,-116.442532,51.665695,0.000000,2.024276,22.335903,133.157898,1,0,1967.020707
1789782665,1,-116.441688,51.665097,0.000000,2.000475,22.080896,88.553028,1,0,1967.511256
1789782671,1,-116.440406,51.664226,0.000000,2.000001,21.974203,131.413783,1,0,1968.545916
1789782675,1,-116.439478,51.663679,0.000000,2.416372,22.144404,88.494703,1,0,1968.472266
1789782680,1,-116.438256,51.663034,0.000000,2.009207,22.217169,110.932691,1,0,1968.368606
1789782684,1,-116.437234,51.662555,0.000000,2.470630,22.146172,88.572768,1,0,1967.540511
1789782687,1,-116.436180,51.662107,0.000000,2.011347,21.988259,88.359439,1,0,1966.641070
1789782692,1,-116.434813,51.661606,0.000000,2.000170,22.025708,109.818796,1,0,1966.253821
1789782696,1,-116.433683,51.661238,0.000000,2.000003,22.047413,88.282840,1,0,1966.643844
1789782701,1,-116.432242,51.660824,0.000000,2.033164,21.924978,109.861101,1,0,1965.745172
1789782707,1,-116.430524,51.660342,0.000000,2.033577,21.853776,130.455516,1,0,1966.172273
1789782712,1,-116.429080,51.659937,0.000000,2.142736,22.130514,109.643659,1,0,1966.846747
1789782716,1,-116.427918,51.659610,0.000000,2.002878,22.057959,88.281335,1,0,1967.849533
1789782722,1,-116.426177,51.659125,0.000000,2.009827,22.178400,132.044504,1,0,1968.912416
1789782726,1,-116.424998,51.658797,0.000000,2.000193,22.522310,89.400111,1,0,1967.851384
1789782730,1,-116.423823,51.658464,0.000000,2.000003,22.136677,89.376743,1,0,1966.668270
1789782735,1,-116.422374,51.658065,0.000000,2.000000,21.668017,109.687185,1,0,1964.798704
1789782740,1,-116.420915,51.657712,0.000000,2.000000,21.765813,108.361062,1,0,1963.942159
1789782745,1,-116.419371,51.657525,0.000000,2.003654,21.847940,108.879397,1,0,1963.729205
1789782750,1,-116.417781,51.657434,0.000000,2.000036,22.151434,110.520782,1,0,1961.963159
1789782754,1,-116.416504,51.657345,0.000000,2.000000,22.261043,88.943943,1,0,1960.465622
1789782759,1,-116.414925,51.657117,0.000000,2.000000,22.489066,112.201381,1,0,1958.103601
1789782764,1,-116.413415,51.656804,0.000000,2.000000,21.864023,110.170628,1,0,1954.699547
1789782769,1,-116.411937,51.656490,0.000000,2.005788,21.617673,108.107448,1,0,1951.189119
1789782774,1,-116.410444,51.656173,0.000000,2.121717,21.998648,109.197845,1,0,1948.521871
1789782778,1,-116.409230,51.655911,0.000000,2.002435,22.333993,88.945308,1,0,1945.981564
1789782784,1,-116.407694,51.655584,0.000000,2.000012,22.484828,112.374079,1,0,1941.888198
1789782788,1,-116.406468,51.655337,0.000000,2.034193,22.242760,89.210894,1,0,1938.984982
1789782792,1,-116.405221,51.655137,0.000000,2.000664,22.370652,89.147157,1,0,1935.203510
1789782797,1,-116.403614,51.655000,0.000000,2.002414,22.403379,112.284524,1,0,1930.365827
1789782802,1,-116.402019,51.654993,0.000000,2.000013,21.855938,110.416437,1,0,1925.317643
1789782808,1,-116.400148,51.655062,0.000000,2.000000,21.497839,129.747098,1,0,1919.125349
1789782812,1,-116.398557,51.655118,0.000000,2.005379,22.148506,110.312792,1,0,1913.362350
1789782816,1,-116.397267,51.655173,0.000000,2.000104,22.319108,89.509414,1,0,1909.148215
1789782822,1,-116.395390,51.655240,0.000000,2.000000,21.405436,130.148473,1,0,1905.230806
1789782828,1,-116.393549,51.655314,0.000000,2.257260,21.261495,127.708396,1,0,1905.599313
1789782833,1,-116.392002,51.655378,0.000000,2.272676,21.715757,107.327150,1,0,1907.188216
1789782839,1,-116.390112,51.655452,0.000000,2.213370,21.893300,131.093580,1,0,1908.935909
1789782845,1,-116.388212,51.655529,0.000000,2.321532,21.936669,131.805784,1,0,1910.214290
1789782850,1,-116.386625,51.655591,0.000000,2.376898,22.208386,110.076077,1,0,1910.666215
1789782854,1,-116.385337,51.655639,0.000000,2.058452,22.380070,89.321303,1,0,1910.647731
1789782858,1,-116.384046,51.655690,0.000000,2.027220,22.403883,89.549144,1,0,1909.900228
1789782862,1,-116.382751,51.655731,0.000000,2.022231,22.445168,89.762016,1,0,1908.144389
1789782866,1,-116.381470,51.655695,0.000000,2.000429,22.027594,88.767262,1,0,1907.312632
1789782871,1,-116.379949,51.655480,0.000000,2.000002,21.490174,107.975424,1,0,1906.668436
1789782876,1,-116.378501,51.655116,0.000000,2.000000,21.775878,108.114111,1,0,1906.858913
1789782881,1,-116.377056,51.654711,0.000000,2.054321,21.974913,109.716002,1,0,1906.891851
1789782886,1,-116.375612,51.654311,0.000000,2.011505,21.809432,109.425325,1,0,1906.897290
1789782891,1,-116.374169,51.653914,0.000000,2.001232,21.860063,109.226606,1,0,1906.927636
1789782897,1,-116.372446,51.653442,0.000000,2.000004,21.630859,130.329581,1,0,1909.630509
1789782903,1,-116.370713,51.652962,0.000000,2.000000,21.992064,131.323132,1,0,1913.336281
1789782910,1,-116.368967,51.652485,0.000000,2.000940,21.960628,132.011181,1,0,1916.164101
1789782915,1,-116.367512,51.652088,0.000000,2.007957,22.082725,109.986995,1,0,1918.392798
1789782919,1,-116.366338,51.651766,0.000000,2.000158,22.274245,88.820430,1,0,1918.479998
1789782923,1,-116.365157,51.651441,0.000000,2.000003,22.439528,89.398583,1,0,1917.324681
1789782927,1,-116.363974,51.651113,0.000000,2.000000,22.386965,89.660610,1,0,1915.631868
1789782930,1,-116.362798,51.650789,0.000000,2.000000,22.155708,89.036992,1,0,1914.171537
1789782935,1,-116.361349,51.650383,0.000000,2.147090,21.884639,110.024083,1,0,1912.383722
1789782940,1,-116.359970,51.649920,0.000000,2.001563,21.594517,108.489570,1,0,1910.873796
1789782946,1,-116.358415,51.649264,0.000000,2.001427,21.799119,130.077278,1,0,1908.693828
1789782951,1,-116.357186,51.648618,0.000000,2.128620,22.592652,111.394294,1,0,1904.990776
1789782956,1,-116.356056,51.647896,0.000000,2.076437,22.340083,112.147563,1,0,1900.527453
1789782960,1,-116.355245,51.647275,0.000000,2.001477,22.197361,89.045914,1,0,1896.903680
1789782965,1,-116.354305,51.646468,0.000000,2.000008,22.130470,110.913111,1,0,1892.402370
1789782970,1,-116.353388,51.645671,0.000000,2.572497,21.503526,109.079375,1,0,1888.648804
1789782976,1,-116.352292,51.644733,0.000000,2.612299,21.626769,129.061331,1,0,1886.995519
1789782982,1,-116.351012,51.643868,0.000000,2.003848,21.978411,130.852956,1,0,1886.029785
1789782987,1,-116.349709,51.643295,0.000000,2.000022,22.222101,110.482460,1,0,1885.164032
1789782992,1,-116.348285,51.642820,0.000000,2.000000,22.432492,111.875712,1,0,1883.521763
1789782997,1,-116.346860,51.642357,0.000000,2.000000,22.212375,111.312204,1,0,1881.497694
1789783001,1,-116.345734,51.641989,0.000000,2.000000,21.933604,88.067107,1,0,1880.208493
1789783006,1,-116.344345,51.641533,0.000000,2.000000,21.637050,108.743022,1,0,1878.513280
1789783011,1,-116.342959,51.641081,0.000000,2.017011,21.863543,108.351921,1,0,1875.963729
1789783016,1,-116.341529,51.640616,0.000000,2.000167,22.484359,111.721975,1,0,1872.225590
1789783020,1,-116.340387,51.640241,0.000000,2.000003,22.250354,89.410191,1,0,1869.428336
1789783024,1,-116.339259,51.639871,0.000000,2.000000,22.010579,88.300944,1,0,1866.810141
1789783029,1,-116.337916,51.639352,0.000000,2.000000,21.833417,109.477273,1,0,1863.320231
1789783035,1,-116.336699,51.638735,0.000000,2.000000,21.626926,108.708017,1,0,1860.081957
1789783040,1,-116.335615,51.638031,0.000000,2.058933,21.803909,108.505395,1,0,1856.173193
1789783045,1,-116.334668,51.637239,0.000000,2.000679,22.117469,109.862435,1,0,1851.826330
1789783049,1,-116.334024,51.636546,0.000000,2.324940,22.387601,89.090711,1,0,1848.529540
1789783053,1,-116.333304,51.635650,0.000000,2.010990,22.164559,111.488004,1,0,1844.691301
1789783058,1,-116.332603,51.634773,0.000000,2.197282,21.526850,109.010700,1,0,1841.464554
1789783063,1,-116.331910,51.633901,0.000000,2.061664,21.698639,108.265958,1,0,1838.327822
1789783068,1,-116.331213,51.633030,0.000000,2.369711,21.571915,108.289362,1,0,1836.064411
1789783073,1,-116.330526,51.632164,0.000000,2.011940,21.513449,107.483161,1,0,1836.317073
1789783079,1,-116.329767,51.631212,0.000000,2.006123,18.110147,118.273006,1,0,1836.932271
1789783085,1,-116.329102,51.630350,0.000000,2.000558,19.004485,106.415987,1,0,1837.180430
1789783090,1,-116.328430,51.629507,0.000000,2.000003,21.562243,104.730576,1,0,1837.631622
1789783095,1,-116.327737,51.628641,0.000000,2.000000,21.687101,107.670193,1,0,1839.955802
1789783101,1,-116.326889,51.627587,0.000000,2.000000,21.889964,131.185377,1,0,1843.034865
1789783106,1,-116.326147,51.626696,0.000000,2.000000,23.345554,111.688281,1,0,1845.704641
1789783110,1,-116.325501,51.625884,0.000000,2.000000,26.116167,100.839801,1,0,1848.130657
1789783115,1,-116.324660,51.624827,0.000000,2.000000,26.174618,131.270826,1,0,1851.229193
1789783119,1,-116.323940,51.624002,0.000000,2.000000,26.135472,104.487768,1,0,1853.735100
1789783124,1,-116.322752,51.623090,0.000000,2.001557,26.173114,130.667920,1,0,1856.459865
1789783129,1,-116.321342,51.622309,0.000000,2.000989,26.271001,130.746190,1,0,1858.037196
1789783134,1,-116.319915,51.621529,0.000000,3.074263,26.278615,131.554755,1,0,1857.703204
1789783138,1,-116.318789,51.620901,0.000000,2.242357,26.187712,104.730836,1,0,1857.574611
1789783142,1,-116.317793,51.620191,0.000000,2.022486,26.165066,104.903882,1,0,1857.126115
1789783146,1,-116.317028,51.619380,0.000000,2.301505,26.145606,104.667323,1,0,1857.229074
1789783150,1,-116.316512,51.618499,0.000000,2.034503,26.139095,104.361910,1,0,1857.229331
1789783154,1,-116.316213,51.617577,0.000000,2.045452,26.153037,104.681582,1,0,1857.614282
1789783158,1,-116.315958,51.616650,0.000000,2.134990,26.150503,104.669737,1,0,1857.400561
1789783162,1,-116.315704,51.615723,0.000000,3.362019,26.092258,104.658065,1,0,1857.277635
1789783166,1,-116.315453,51.614796,0.000000,2.264323,26.032416,104.623573,1,0,1858.300578
1789783170,1,-116.315178,51.613874,0.000000,2.782684,26.109620,104.365642,1,0,1858.964322
1789783174,1,-116.314805,51.612962,0.000000,2.077634,26.131561,104.737190,1,0,1859.949983
1789783179,1,-116.314273,51.611834,0.000000,2.001531,26.170558,130.837389,1,0,1861.296294
1789783184,1,-116.313732,51.610709,0.000000,2.074362,26.162239,130.694568,1,0,1862.473246
1789783188,1,-116.313306,51.609802,0.000000,2.001687,26.357473,105.169847,1,0,1861.736960
1789783192,1,-116.312862,51.608889,0.000000,2.001116,26.627337,106.165615,1,0,1859.062895
1789783197,1,-116.312319,51.607751,0.000000,2.128104,26.289441,132.121618,1,0,1855.939557
1789783201,1,-116.311887,51.606850,0.000000,2.002927,26.048795,104.647151,1,0,1853.478460
1789783205,1,-116.311461,51.605957,0.000000,2.000027,25.850848,103.675148,1,0,1851.071178
1789783209,1,-116.311034,51.605072,0.000000,2.000000,25.707799,102.842665,1,0,1849.332292
1789783213,1,-116.310612,51.604189,0.000000,2.005961,25.619478,102.530129,1,0,1849.197280
1789783218,1,-116.310080,51.603072,0.000000,2.083697,26.168498,129.665031,1,0,1849.391545
1789783222,1,-116.309643,51.602172,0.000000,2.000730,26.168348,104.640999,1,0,1849.746608
1789783226,1,-116.309225,51.601276,0.000000,2.132367,25.861662,103.840005,1,0,1852.479874
1789783230,1,-116.308793,51.600384,0.000000,2.121907,26.057197,103.689410,1,0,1857.345991
1789783234,1,-116.308363,51.599485,0.000000,2.371869,26.010333,104.395936,1,0,1862.130527
1789783238,1,-116.307936,51.598586,0.000000,2.121851,26.128125,104.336849,1,0,1867.002235
1789783243,1,-116.307419,51.597461,0.000000,2.006696,26.071123,130.230398,1,0,1873.140220
1789783247,1,-116.307158,51.596537,0.000000,2.000060,26.202433,104.413152,1,0,1877.697462
1789783252,1,-116.307237,51.595356,0.000000,2.000000,26.455790,131.550415,1,0,1880.613865
1789783256,1,-116.307565,51.594424,0.000000,2.000000,26.591686,106.187029,1,0,1879.695719
1789783261,1,-116.308012,51.593259,0.000000,2.328640,26.717992,133.306377,1,0,1874.885043
1789783265,1,-116.308371,51.592328,0.000000,2.153087,26.587863,106.559397,1,0,1869.808618
1789783269,1,-116.308732,51.591404,0.000000,2.096433,26.364815,105.834649,1,0,1864.251842
1789783273,1,-116.309081,51.590486,0.000000,2.332649,26.205232,104.991622,1,0,1859.020448
1789783278,1,-116.309460,51.589358,0.000000,2.009440,25.379834,128.257212,1,0,1857.273518
1789783283,1,-116.309603,51.588215,0.000000,2.104186,25.779459,127.592411,1,0,1857.182772
1789783288,1,-116.309666,51.587049,0.000000,2.018961,26.022144,129.839918,1,0,1856.883092
1789783293,1,-116.309727,51.585873,0.000000,2.011629,26.213023,130.947558,1,0,1855.372057
1789783297,1,-116.309777,51.584922,0.000000,2.000098,26.614827,105.895294,1,0,1852.777114
1789783301,1,-116.309725,51.583966,0.000000,2.356093,26.609734,106.456003,1,0,1848.331674
1789783305,1,-116.309554,51.583014,0.000000,2.088291,26.599721,106.610902,1,0,1842.679383
1789783309,1,-116.309384,51.582072,0.000000,2.000706,26.191996,105.497098,1,0,1836.944377
1789783314,1,-116.309175,51.580918,0.000000,2.077501,25.661596,129.245234,1,0,1829.999104
1789783318,1,-116.309008,51.579999,0.000000,2.081380,25.726296,102.930071,1,0,1825.537868
1789783323,1,-116.308801,51.578858,0.000000,2.000401,25.431272,127.791852,1,0,1824.338055
1789783328,1,-116.308484,51.577720,0.000000,2.097495,25.901643,128.542510,1,0,1823.358742
1789783332,1,-116.307957,51.576846,0.000000,2.030404,26.050828,103.905509,1,0,1822.620660
1789783336,1,-116.307354,51.575987,0.000000,2.027036,26.099606,104.343805,1,0,1821.750927
1789783340,1,-116.306952,51.575091,0.000000,2.000249,25.736694,103.540005,1,0,1821.919633
1789783344,1,-116.306716,51.574179,0.000000,2.293239,25.832530,102.808353,1,0,1822.122876
1789783348,1,-116.306475,51.573258,0.000000,2.002696,26.056385,103.852560,1,0,1822.725158
1789783353,1,-116.306179,51.572099,0.000000,2.340415,26.114687,130.609341,1,0,1823.000693
1789783357,1,-116.305935,51.571172,0.000000,2.483061,26.152934,104.545341,1,0,1823.053709
1789783361,1,-116.305699,51.570243,0.000000,2.359127,26.153907,104.676813,1,0,1823.097015
1789783365,1,-116.305435,51.569322,0.000000,2.846130,26.022051,104.121384,1,0,1823.640628
1789783369,1,-116.304972,51.568441,0.000000,2.215238,25.847286,103.171356,1,0,1826.460402
1789783373,1,-116.304341,51.567591,0.000000,2.348173,26.075175,104.228967,1,0,1828.872621
1789783377,1,-116.303717,51.566736,0.000000,2.318019,26.153627,104.532394,1,0,1831.145835
1789783381,1,-116.303181,51.565854,0.000000,2.002750,26.349211,104.963060,1,0,1831.739560
1789783385,1,-116.302643,51.564970,0.000000,2.356515,26.257145,105.220365,1,0,1831.968675
1789783389,1,-116.302053,51.564104,0.000000,2.045437,26.135504,104.706047,1,0,1832.443862
1789783393,1,-116.301412,51.563251,0.000000,2.751606,26.177082,104.826512,1,0,1832.423331
1789783397,1,-116.300756,51.562404,0.000000,2.245264,26.180807,104.670228,1,0,1832.408267
1789783401,1,-116.300100,51.561555,0.000000,2.373140,26.189965,104.870723,1,0,1832.222881
1789783405,1,-116.299452,51.560706,0.000000,2.016948,26.135614,104.633281,1,0,1831.613142
1789783409,1,-116.298866,51.559839,0.000000,2.008808,26.138433,104.702177,1,0,1831.079920
1789783413,1,-116.298359,51.558955,0.000000,2.000079,26.159314,104.478424,1,0,1831.018474
1789783418,1,-116.297716,51.557851,0.000000,2.362264,26.138136,130.710793,1,0,1830.444233
1789783422,1,-116.297168,51.556976,0.000000,2.048586,26.156544,104.536101,1,0,1829.808677
1789783426,1,-116.296468,51.556145,0.000000,2.000430,26.098020,104.455081,1,0,1829.617751
1789783430,1,-116.295736,51.555325,0.000000,2.096845,26.103719,104.436682,1,0,1829.943973
1789783435,1,-116.294815,51.554305,0.000000,2.266385,26.103882,130.263574,1,0,1830.610993
1789783439,1,-116.294083,51.553485,0.000000,2.252370,26.102194,104.436700,1,0,1831.199537
1789783444,1,-116.293157,51.552461,0.000000,2.010732,26.206797,130.821692,1,0,1830.658851
1789783448,1,-116.292421,51.551641,0.000000,2.000095,26.190107,104.571913,1,0,1830.440715
1789783452,1,-116.291685,51.550821,0.000000,2.130233,26.185305,104.571911,1,0,1830.429265
1789783457,1,-116.290764,51.549796,0.000000,2.010388,26.129601,130.752398,1,0,1830.195452
1789783461,1,-116.290026,51.548977,0.000000,3.592513,26.194215,104.545588,1,0,1829.774278
1789783466,1,-116.289110,51.547949,0.000000,4.746775,26.145182,130.874945,1,0,1829.471424
1789783470,1,-116.288371,51.547132,0.000000,4.748635,26.144131,104.385644,1,0,1829.222501
1789783474,1,-116.287632,51.546312,0.000000,4.748651,26.173245,104.676584,1,0,1828.788626
1789783479,1,-116.286699,51.545294,0.000000,4.748651,26.127104,130.487421,1,0,1828.684996
1789783483,1,-116.285920,51.544488,0.000000,4.748651,26.138611,104.728780,1,0,1828.283491
1789783487,1,-116.285129,51.543689,0.000000,4.748651,26.144732,104.497269,1,0,1827.522616
1789783491,1,-116.284342,51.542887,0.000000,4.748651,26.143967,104.636384,1,0,1827.351101
1789783496,1,-116.283373,51.541869,0.000000,4.748651,26.634223,131.744634,1,0,1824.093164
1789783500,1,-116.282706,51.541001,0.000000,4.748651,26.722797,107.115635,1,0,1819.469376
1789783505,1,-116.281913,51.539924,0.000000,4.748651,26.069795,131.890080,1,0,1814.382546
1789783510,1,-116.281141,51.538874,0.000000,4.748651,25.693648,128.551152,1,0,1811.005184
1789783514,1,-116.280512,51.538028,0.000000,4.748652,26.032077,103.778513,1,0,1807.790153
1789783519,1,-116.279724,51.536967,0.000000,4.748652,25.756200,130.127565,1,0,1805.791447
1789783523,1,-116.279080,51.536139,0.000000,4.748652,25.658494,102.414514,1,0,1805.813940
1789783527,1,-116.278314,51.535339,0.000000,4.748651,26.054420,103.697645,1,0,1805.599256
1789783532,1,-116.277343,51.534334,0.000000,4.748651,26.137097,130.581216,1,0,1805.275925
1789783536,1,-116.276561,51.533540,0.000000,4.748651,25.968273,103.701770,1,0,1805.361471
1789783540,1,-116.275780,51.532735,0.000000,4.748651,26.136512,104.710919,1,0,1805.722010
1789783544,1,-116.274998,51.531935,0.000000,4.748651,26.115753,104.271346,1,0,1806.056149
1789783548,1,-116.274214,51.531133,0.000000,4.748651,26.172678,104.533656,1,0,1806.391001
1789783552,1,-116.273433,51.530329,0.000000,4.748652,26.135565,104.618753,1,0,1806.927989
1789783556,1,-116.272652,51.529526,0.000000,4.748652,26.134704,104.523593,1,0,1807.324925
1789783560,1,-116.271831,51.528740,0.000000,4.748652,26.091974,104.400036,1,0,1808.313533
1789783564,1,-116.270941,51.527987,0.000000,4.748651,26.077935,104.111415,1,0,1810.169575
1789783568,1,-116.270055,51.527231,0.000000,4.748651,26.130441,104.216283,1,0,1812.113266
1789783573,1,-116.269112,51.526206,0.000000,4.748651,26.458615,131.518432,1,0,1812.657317
1789783578,1,-116.268304,51.525136,0.000000,4.748651,26.256894,131.629993,1,0,1812.477766
1789783582,1,-116.267658,51.524283,0.000000,4.748652,26.180941,104.990186,1,0,1812.397291
1789783587,1,-116.266851,51.523216,0.000000,4.748652,26.236301,131.298383,1,0,1811.526401
1789783592,1,-116.266041,51.522150,0.000000,4.748652,26.217719,131.286783,1,0,1810.050719
1789783596,1,-116.265409,51.521295,0.000000,4.748652,26.233496,104.780770,1,0,1808.414121
1789783601,1,-116.264766,51.520170,0.000000,4.748652,26.680661,132.921954,1,0,1804.129067
1789783605,1,-116.264314,51.519258,0.000000,4.748652,26.522717,106.236948,1,0,1800.338962
1789783609,1,-116.264050,51.518322,0.000000,4.748652,26.397016,105.767377,1,0,1796.471723
1789783613,1,-116.264143,51.517380,0.000000,4.748651,26.179780,105.033405,1,0,1792.159546
1789783617,1,-116.264381,51.516458,0.000000,4.748651,25.929157,103.930873,1,0,1787.921094
1789783622,1,-116.264664,51.515313,0.000000,4.748651,25.668474,128.932474,1,0,1782.712718
1789783626,1,-116.264689,51.514390,0.000000,4.748651,25.708392,102.734618,1,0,1779.312034
1789783631,1,-116.264302,51.513244,0.000000,4.748651,26.648328,130.337504,1,0,1775.352810
1789783635,1,-116.263915,51.512292,0.000000,4.748651,27.482435,109.301849,1,0,1771.468967
1789783639,1,-116.263519,51.511333,0.000000,4.748651,27.515312,110.211314,1,0,1768.125879
1789783644,1,-116.263033,51.510141,0.000000,4.748651,27.329415,136.882174,1,0,1764.570795
1789783649,1,-116.262551,51.508957,0.000000,4.748651,27.081902,135.950799,1,0,1761.442670
1789783653,1,-116.262160,51.508013,0.000000,4.748651,27.152883,108.508691,1,0,1758.823257
1789783657,1,-116.261742,51.507070,0.000000,4.748651,27.210454,108.885679,1,0,1756.396599
1789783661,1,-116.261165,51.506164,0.000000,4.748651,26.946969,108.497479,1,0,1756.687476
1789783666,1,-116.260399,51.505038,0.000000,4.748651,27.379697,136.136069,1,0,1757.048096
1789783671,1,-116.259620,51.503897,0.000000,4.748651,27.638949,138.025585,1,0,1755.610126
1789783675,1,-116.258991,51.502980,0.000000,4.748651,27.732542,111.008502,1,0,1754.052499
1789783679,1,-116.258364,51.502059,0.000000,4.748651,27.788392,111.363461,1,0,1752.436390
1789783683,1,-116.257732,51.501140,0.000000,4.748651,27.915456,111.295095,1,0,1749.728331
1789783688,1,-116.256941,51.499980,0.000000,4.748651,28.032109,140.299611,1,0,1743.824292
1789783692,1,-116.256309,51.499058,0.000000,4.748651,27.715811,111.603635,1,0,1739.353716
1789783696,1,-116.255684,51.498149,0.000000,4.748651,27.314286,110.082248,1,0,1734.713567
1789783701,1,-116.255072,51.496990,0.000000,4.748651,27.342374,135.807072,1,0,1728.532679
1789783706,1,-116.254962,51.495761,0.000000,4.748651,27.428953,136.986140,1,0,1722.309246
1789783710,1,-116.254891,51.494772,0.000000,4.748651,27.548519,110.174047,1,0,1717.346729
1789783715,1,-116.254312,51.493595,0.000000,4.748651,27.389850,137.021729,1,0,1712.069709
1789783720,1,-116.253546,51.492471,0.000000,4.748651,27.091223,135.934725,1,0,1707.888070
1789783725,1,-116.252781,51.491347,0.000000,4.748651,27.322577,135.907462,1,0,1704.009510
1789783730,1,-116.252121,51.490162,0.000000,4.748651,28.202277,139.619375,1,0,1696.575927
1789783734,1,-116.251651,51.489202,0.000000,4.748651,27.754487,111.714120,1,0,1690.384221
1789783739,1,-116.250971,51.488054,0.000000,4.748651,26.954195,136.212219,1,0,1683.743268
1789783743,1,-116.250107,51.487271,0.000000,4.748652,26.513712,105.810825,1,0,1680.953887
1789783748,1,-116.248724,51.486424,0.000000,4.748652,27.221039,134.597551,1,0,1678.291311
1789783753,1,-116.247547,51.485445,0.000000,4.748651,27.549647,136.226700,1,0,1674.117049
1789783758,1,-116.246690,51.484329,0.000000,4.748651,27.628593,137.732290,1,0,1669.116763
1789783763,1,-116.245834,51.483219,0.000000,4.748651,27.043382,137.100262,1,0,1666.767511
1789783767,1,-116.245056,51.482377,0.000000,4.748652,27.173769,108.177214,1,0,1665.748593
1789783772,1,-116.243792,51.481436,0.000000,4.748652,27.483563,136.672064,1,0,1663.644237
1789783776,1,-116.242822,51.480654,0.000000,4.748651,27.573583,110.075717,1,0,1661.323273
1789783780,1,-116.242132,51.479756,0.000000,4.748651,27.675808,110.841770,1,0,1660.019726
1789783784,1,-116.241663,51.478796,0.000000,4.748651,28.118987,111.695060,1,0,1655.839644
1789783788,1,-116.241210,51.477829,0.000000,4.748651,28.007097,112.123126,1,0,1650.840230
1789783793,1,-116.240653,51.476645,0.000000,4.748651,27.003653,137.329881,1,0,1646.536117
1789783798,1,-116.240079,51.475487,0.000000,4.748651,27.149533,134.901840,1,0,1643.799329
1789783802,1,-116.239384,51.474596,0.000000,4.748651,27.949315,110.293520,1,0,1639.457607
1789783806,1,-116.238563,51.473726,0.000000,4.748652,28.002984,112.379550,1,0,1634.630506
1789783810,1,-116.237746,51.472877,0.000000,4.748652,27.270180,110.229008,1,0,1631.149548
1789783814,1,-116.236681,51.472183,0.000000,4.748652,26.755025,106.969966,1,0,1626.905171
1789783818,1,-116.235329,51.471749,0.000000,4.748652,26.083168,105.643464,1,0,1620.658656
1789783822,1,-116.233945,51.471376,0.000000,4.748652,26.616432,104.755425,1,0,1614.240665
1789783826,1,-116.232779,51.470774,0.000000,4.748652,26.091869,105.145366,1,0,1612.351244
1789783830,1,-116.232222,51.469971,0.000000,4.748652,23.446398,97.387236,1,0,1616.269112
1789783836,1,-116.231923,51.468890,0.000000,4.748651,19.093718,122.081394,1,0,1622.596040
1789783841,1,-116.231664,51.467950,0.000000,4.748651,23.133276,106.145998,1,0,1624.966077
1789783846,1,-116.231355,51.466812,0.000000,4.748651,26.515330,128.451093,1,0,1622.259596
1789783851,1,-116.230687,51.465701,0.000000,4.748651,26.094905,132.069474,1,0,1616.682331
1789783855,1,-116.229750,51.465018,0.000000,4.748651,24.710920,100.095742,1,0,1616.247194
1789783860,1,-116.228251,51.464366,0.000000,4.748652,25.872379,126.969182,1,0,1615.846813
1789783864,1,-116.227008,51.463845,0.000000,4.748652,25.999613,104.051066,1,0,1614.884732
1789783868,1,-116.225825,51.463268,0.000000,4.748652,26.156299,104.330415,1,0,1614.162080
1789783873,1,-116.224353,51.462517,0.000000,4.748652,26.515541,132.112624,1,0,1611.731819
1789783877,1,-116.223166,51.461919,0.000000,4.748652,26.373191,106.001001,1,0,1610.426808
1789783882,1,-116.221713,51.461195,0.000000,4.748652,24.503476,129.205622,1,0,1609.804288
1789783886,1,-116.220770,51.460682,0.000000,4.748652,21.064698,86.928212,1,0,1609.410024
1789783892,1,-116.219985,51.459686,0.000000,4.748652,21.222169,123.545343,1,0,1612.589569
1789783898,1,-116.219864,51.458492,0.000000,4.748652,22.628318,133.140629,1,0,1619.462074
1789783902,1,-116.219811,51.457683,0.000000,4.748651,22.888869,90.105222,1,0,1620.021528
1789783907,1,-116.219696,51.456621,0.000000,4.748651,23.721264,118.455119,1,0,1617.489915
1789783912,1,-116.219048,51.455602,0.000000,4.748651,25.932700,122.021099,1,0,1609.292412
1789783917,1,-116.217887,51.454635,0.000000,4.748651,26.779593,134.520943,1,0,1599.798753
1789783922,1,-116.216866,51.453683,0.000000,4.748651,24.903050,127.525529,1,0,1590.178830
1789783926,1,-116.216408,51.452827,0.000000,4.748651,25.009323,100.440733,1,0,1586.992033
1789783931,1,-116.216065,51.451893,0.000000,4.748651,16.897092,106.640399,1,0,1585.271740
1789783955,1,-116.216092,51.452204,0.000000,4.748652,12.528998,34.660405,1,0,1587.018565
1789783961,1,-116.216404,51.452972,0.000000,4.748652,16.075566,88.176389,1,0,1588.126635
1789783966,1,-116.216793,51.453689,0.000000,4.748652,16.673416,84.250005,1,0,1592.027322
1789783971,1,-116.217376,51.454284,0.000000,4.748652,14.687231,52.800886,1,0,1597.323503
1789783977,1,-116.217895,51.454758,0.000000,4.748652,6.878040,63.909807,1,0,1600.973703
1789784062,1,-116.218186,51.454979,0.000000,4.748652,0.010474,31.846265,1,0,1607.877146
1789784094,1,-116.218986,51.455615,0.000000,4.748652,12.286843,90.016571,1,0,1608.973432
1789784100,1,-116.219515,51.456292,0.000000,4.748652,14.455436,83.837843,1,0,1614.452829
1789784105,1,-116.219706,51.456981,0.000000,4.748652,15.835680,77.816909,1,0,1618.083418
1789784111,1,-116.219767,51.457869,0.000000,4.748653,16.471608,98.912263,1,0,1619.424098
1789784117,1,-116.219779,51.458494,0.000000,4.748652,8.132005,69.558288,1,0,1618.818104
1789784129,1,-116.219874,51.459161,0.000000,4.748652,13.836527,74.520525,1,0,1616.741231
1789784134,1,-116.220009,51.459870,0.000000,4.748652,16.509994,79.457484,1,0,1612.419251
1789784139,1,-116.220546,51.460568,0.000000,4.748652,18.017894,86.183544,1,0,1609.940168
1789784144,1,-116.221515,51.461147,0.000000,4.748651,19.325633,93.217251,1,0,1610.054721
1789784150,1,-116.222795,51.461774,0.000000,4.748652,18.325702,113.077542,1,0,1610.395526
1789784156,1,-116.223784,51.462263,0.000000,4.748652,9.084795,87.683046,1,0,1610.211240
1789784168,1,-116.224096,51.461839,0.000000,4.748651,4.361114,51.931201,1,0,1610.846915
1789784196,1,-116.224013,51.462237,0.000000,4.748652,2.643804,44.665769,1,0,1613.033777
1789784207,1,-116.222975,51.461817,0.000000,4.748652,17.423568,85.974161,1,0,1611.803940
1789784212,1,-116.221947,51.461308,0.000000,4.748652,18.162667,91.190272,1,0,1611.330009
1789784218,1,-116.221164,51.460909,0.000000,4.748652,9.523408,70.245796,1,0,1608.948376
1789784224,1,-116.220547,51.460508,0.000000,4.748652,7.984594,61.896447,1,0,1608.864365
1789784234,1,-116.219977,51.459607,0.000000,4.748651,18.834344,107.813756,1,0,1614.045240
1789784240,1,-116.219869,51.458330,0.000000,4.748651,25.933908,142.309528,1,0,1620.097580
1789784244,1,-116.219810,51.457422,0.000000,4.748651,24.810152,101.130313,1,0,1619.607885
1789784248,1,-116.219675,51.456520,0.000000,4.748651,26.042015,100.817121,1,0,1615.937966
1789784253,1,-116.218901,51.455465,0.000000,4.748651,25.301397,129.150625,1,0,1607.495056
1789784257,1,-116.218019,51.454732,0.000000,4.748651,25.915034,102.050106,1,0,1599.522786
1789784262,1,-116.216939,51.453755,0.000000,4.748652,26.590938,132.133251,1,0,1589.452410
1789784266,1,-116.216447,51.452904,0.000000,4.748651,24.616358,100.691456,1,0,1585.063524
1789784270,1,-116.216100,51.452028,0.000000,4.748651,25.374022,100.426150,1,0,1584.037443
1789784275,1,-116.215645,51.450907,0.000000,4.748651,25.970253,128.699050,1,0,1583.301930
1789784279,1,-116.215272,51.450000,0.000000,4.748651,26.031759,104.213848,1,0,1582.899381
1789784284,1,-116.214856,51.448855,0.000000,4.748651,26.255191,130.662601,1,0,1581.560224
1789784288,1,-116.214652,51.447911,0.000000,2.024183,26.611970,106.005841,1,0,1579.563057
1789784293,1,-116.214418,51.446784,0.000000,2.031459,23.445553,126.468545,1,0,1576.691951
1789784298,1,-116.214001,51.445893,0.000000,2.094492,19.463647,103.307586,1,0,1576.739559
1789784304,1,-116.213177,51.445281,0.000000,2.000647,16.231094,89.004231,1,0,1577.909073
1789784310,1,-116.212059,51.444927,0.000000,2.000935,13.676697,87.156171,1,0,1579.068462
1789784316,1,-116.210891,51.444766,0.000000,2.071886,13.942206,83.174464,1,0,1578.878327
1789784322,1,-116.209710,51.444617,0.000000,2.093558,13.946402,83.782984,1,0,1577.655553
1789784328,1,-116.208533,51.444473,0.000000,2.097997,13.914418,83.401636,1,0,1576.672943
1789784334,1,-116.207356,51.444328,0.000000,2.099254,13.877901,83.423076,1,0,1575.582053
1789784341,1,-116.205991,51.444159,0.000000,2.099612,13.826546,96.766184,1,0,1574.596741
1789784347,1,-116.204816,51.444013,0.000000,2.099206,13.885592,83.308232,1,0,1573.251832
1789784353,1,-116.203634,51.443862,0.000000,2.095869,13.990479,83.895363,1,0,1570.770048
1789784359,1,-116.202509,51.443576,0.000000,2.085103,14.155887,84.457924,1,0,1566.707630
1789784366,1,-116.201549,51.442944,0.000000,2.069372,14.066722,96.969535,1,0,1562.100878
1789784372,1,-116.201145,51.442238,0.000000,2.064851,13.794415,83.438355,1,0,1558.192243
1789784379,1,-116.201204,51.441397,0.000000,2.058559,13.290430,93.679721,1,0,1556.290418
1789784386,1,-116.201071,51.440605,0.000000,2.011711,13.249528,88.620850,1,0,1553.879112
1789784391,1,-116.199920,51.440172,0.000000,2.000090,17.557560,93.432656,1,0,1549.879163
1789784396,1,-116.198555,51.439960,0.000000,4.443045,20.810337,97.819238,1,0,1546.038075
1789784401,1,-116.197272,51.439458,0.000000,4.745033,21.328927,105.273920,1,0,1543.820731
1789784406,1,-116.196267,51.438628,0.000000,4.748633,24.861983,115.830198,1,0,1542.466873
1789784410,1,-116.195490,51.437764,0.000000,4.748651,29.625278,110.293886,1,0,1542.264512
1789784414,1,-116.194698,51.436720,0.000000,4.748651,32.651221,128.575864,1,0,1542.985565
1789784420,1,-116.193714,51.435408,0.000000,4.748651,31.365096,161.249552,1,0,1543.262558
1789784425,1,-116.192559,51.434272,0.000000,4.748652,28.845363,149.784211,1,0,1543.441957
1789784429,1,-116.191468,51.433579,0.000000,4.748651,26.249341,108.193250,1,0,1542.559634
1789784433,1,-116.190246,51.433040,0.000000,4.748652,25.847714,104.029100,1,0,1542.143688
1789784437,1,-116.188921,51.432615,0.000000,4.748652,25.944787,103.586943,1,0,1541.392004
1789784442,1,-116.187242,51.432108,0.000000,4.748651,25.982348,129.696955,1,0,1541.390064
1789784447,1,-116.185554,51.431602,0.000000,4.748652,26.049125,130.212736,1,0,1541.866291
1789784451,1,-116.184203,51.431197,0.000000,4.748652,26.089317,104.217453,1,0,1542.720572
1789784456,1,-116.182521,51.430687,0.000000,4.748651,25.934977,130.042030,1,0,1543.988678
1789784461,1,-116.180833,51.430180,0.000000,4.748651,26.079928,130.272774,1,0,1545.446289
1789784465,1,-116.179479,51.429773,0.000000,4.748651,26.135440,104.511438,1,0,1546.308684
1789784469,1,-116.178223,51.429380,0.000000,4.748652,22.726138,97.704897,1,0,1546.986963
1789784474,1,-116.176993,51.428930,0.000000,4.748652,17.841830,99.139016,1,0,1546.657869
1789784479,1,-116.176110,51.428388,0.000000,4.748652,17.333940,86.086115,1,0,1545.534161
1789784485,1,-116.175425,51.427544,0.000000,4.748652,17.355415,105.319111,1,0,1545.849579
1789784490,1,-116.175227,51.426791,0.000000,4.748652,16.616649,84.920863,1,0,1545.601085
1789784496,1,-116.175168,51.426097,0.000000,4.748652,8.932410,77.339722,1,0,1546.374485
1789784505,1,-116.176019,51.425707,0.000000,4.748652,10.275367,73.407870,1,0,1544.409783
1789784513,1,-116.176888,51.425506,0.000000,4.748652,4.468500,64.461443,1,0,1541.162736
1789784539,1,-116.177640,51.425959,0.000000,4.748652,7.760634,72.652061,1,0,1541.944851
1789784548,1,-116.178252,51.426302,0.000000,4.748652,5.491737,57.181657,1,0,1541.758785
1789784558,1,-116.178646,51.425835,0.000000,4.748652,6.102561,58.754964,1,0,1541.215431
1789784568,1,-116.179051,51.425419,0.000000,4.748652,5.376836,54.194061,1,0,1541.171083
1789784578,1,-116.179445,51.425175,0.000000,4.748652,1.549925,38.582753,1,0,1541.328965
1789784601,1,-116.178634,51.425127,0.000000,4.748652,4.747300,56.673436,1,0,1543.189322
1789784614,1,-116.178355,51.425289,0.000000,11.651312,0.120978,26.490618,1,0,1541.596278
1789784679,1,-116.178608,51.425705,0.000000,4.748652,3.992238,49.526991,1,0,1541.287313
1789784691,1,-116.178430,51.426159,0.000000,4.748652,4.188498,52.018129,1,0,1542.411789
1789784710,1,-116.177617,51.425849,0.000000,4.748652,8.530473,66.250785,1,0,1542.156439
1789784718,1,-116.177359,51.425559,0.000000,4.748652,0.131124,36.927768,1,0,1541.736123
1789784741,1,-116.176985,51.425053,0.000000,4.748652,8.133278,62.030149,1,0,1542.277379
1789784754,1,-116.176387,51.424906,0.000000,4.748652,2.815358,44.703418,1,0,1541.558491
1789785939,1,-116.177347,51.424910,0.000000,43.201501,-1.000000,66.788528,1,0,1541.356544
1789785993,1,-116.178814,51.425305,0.000000,41.666765,-1.000000,111.122631,1,0,1541.097620
1789786000,1,-116.177625,51.426186,0.000000,61.405970,1.022853,128.274389,1,0,1542.442069
1789786215,1,-116.180295,51.427607,0.000000,46.103157,10.114851,243.944107,1,0,1420.643047
1789786221,1,-116.181277,51.427921,0.000000,27.304748,9.662415,76.734551,1,0,1541.495024
1789786238,1,-116.181697,51.428730,0.000000,24.275704,-1.000000,94.651191,1,0,1541.638607
1789786283,1,-116.181169,51.429164,0.000000,33.973525,-1.000000,60.678681,1,0,1544.250704
1789786291,1,-116.180643,51.429412,0.000000,32.973484,2.211625,45.834173,1,0,1556.283082
1789786308,1,-116.181383,51.429791,0.000000,27.948394,-1.000000,66.552402,1,0,1543.751493
1789786327,1,-116.182153,51.430037,0.000000,33.716447,-1.000000,60.158494,1,0,1542.460926
1789786341,1,-116.182029,51.429593,0.000000,8.542852,3.266239,50.157253,1,0,1547.679005
1789786379,1,-116.182719,51.429164,0.000000,30.999035,-1.000000,67.701348,1,0,1544.694877
1789786448,1,-116.183135,51.428688,0.000000,19.316374,0.236105,60.361404,1,0,1542.420298
1789789153,1,-116.182378,51.428746,0.000000,2.000000,0.070260,53.058462,1,0,1552.016005
