dataTime,locType,longitude,latitude,heading,accuracy,speed,distance,isBackForeground,stepType,altitude
1789826489,1,-116.182480,51.428731,0.000000,2.000000,-1.000000,0.000000,1,0,1544.356660
1789828087,1,-116.183003,51.428651,0.000000,4.748652,1.387210,37.456205,1,0,1542.547456
1789828268,1,-116.182241,51.428517,0.000000,18.081512,2.204170,55.066509,1,0,1541.534932
1789828417,1,-116.183034,51.428864,0.000000,25.492677,-1.000000,67.337813,1,0,1544.492948
1789828857,1,-116.181726,51.428742,0.000000,22.274517,-1.000000,91.999134,1,0,1544.501855
1789829211,1,-116.181553,51.428549,0.000000,5.944970,0.098738,24.619695,1,0,1544.091219
1789830173,1,-116.181697,51.428151,0.000000,4.748652,3.033295,45.409504,1,0,1539.602134
1789830201,1,-116.181165,51.427810,0.000000,4.748651,4.939270,53.006427,1,0,1542.910081
1789830210,1,-116.180307,51.427532,0.000000,4.748650,8.863648,67.228406,1,0,1542.850925
1789830217,1,-116.179533,51.427176,0.000000,4.748651,9.453542,66.847966,1,0,1541.430428
1789830225,1,-116.178705,51.426718,0.000000,4.748651,9.193329,76.912362,1,0,1540.771399
1789830234,1,-116.177996,51.426199,0.000000,4.748650,7.896041,75.950137,1,0,1540.420156
1789830242,1,-116.177524,51.425689,0.000000,4.748651,7.865147,65.568349,1,0,1539.146307
1789830254,1,-116.177785,51.425194,0.000000,4.748652,6.669530,58.000414,1,0,1540.001722
1789830262,1,-116.178458,51.424745,0.000000,4.748652,9.703633,68.472717,1,0,1537.189246
1789830270,1,-116.178899,51.424145,0.000000,4.748651,10.221616,73.480552,1,0,1532.818183
1789830277,1,-116.179141,51.423633,0.000000,4.748651,6.335584,59.412512,1,0,1533.480230
1789830290,1,-116.179772,51.423332,0.000000,4.748651,5.045727,55.219978,1,0,1533.497922
1789830302,1,-116.180412,51.423017,0.000000,4.748652,5.053657,56.669359,1,0,1537.681796
1789830316,1,-116.181336,51.422968,0.000000,4.748652,7.100444,64.516164,1,0,1537.031192
1789830323,1,-116.182368,51.422715,0.000000,4.748652,10.872314,77.122031,1,0,1538.438742
1789830329,1,-116.183075,51.422233,0.000000,4.748651,12.895443,72.777433,1,0,1542.626399
1789830335,1,-116.183382,51.421569,0.000000,4.748651,12.908105,76.917160,1,0,1545.850354
1789830342,1,-116.183266,51.420758,0.000000,4.748652,12.989499,90.610986,1,0,1553.896638
1789830349,1,-116.183195,51.419947,0.000000,4.748652,12.940030,180.970097,1,0,1561.500377
1789830356,1,-116.183851,51.419264,0.000000,4.748652,13.151090,88.656838,1,0,1567.195287
1789830362,1,-116.184805,51.418866,0.000000,4.748652,13.356261,79.799533,1,0,1572.387177
1789830369,1,-116.185480,51.418167,0.000000,4.748651,13.031913,90.866750,1,0,1580.407122
1789830375,1,-116.185326,51.417479,0.000000,4.748651,12.956003,77.309555,1,0,1588.366456
1789830382,1,-116.185187,51.416684,0.000000,4.748652,13.010495,88.997947,1,0,1597.976292
1789830388,1,-116.185606,51.416048,0.000000,4.748652,12.925225,76.546266,1,0,1605.453957
1789830396,1,-116.185844,51.415227,0.000000,4.748652,13.759126,92.853163,1,0,1613.485844
1789830403,1,-116.185776,51.414350,0.000000,4.748651,14.319625,97.711130,1,0,1618.977412
1789830409,1,-116.185845,51.413589,0.000000,4.748651,14.376043,182.283952,1,0,1624.380491
1789830416,1,-116.186769,51.412942,0.000000,4.748652,13.999678,96.532869,1,0,1632.129048
1789830422,1,-116.187928,51.412804,0.000000,4.748652,13.551663,82.101951,1,0,1639.547190
1789830428,1,-116.189091,51.412816,0.000000,4.748652,13.208745,80.942326,1,0,1647.279313
1789830446,1,-116.190548,51.412575,0.000000,38.898259,-1.000000,104.877703,1,0,1666.254196
1789831311,1,-116.171345,51.350791,0.000000,64.363890,4.606581,7004.575586,1,0,1896.588310
1789831326,1,-116.171548,51.350423,0.000000,4.748652,2.377617,43.328559,1,0,1912.493609
1789831638,1,-116.181743,51.328569,0.000000,35.814762,0.000000,2533.779717,1,0,1871.920594
1789831710,1,-116.181836,51.327993,0.000000,13.052101,0.000000,64.427774,1,0,1717.547470
1789831742,1,-116.181547,51.327868,0.000000,16.695014,0.033742,24.484717,1,0,1859.660322
1789831801,1,-116.181957,51.327640,0.000000,5.610334,1.051829,38.222495,1,0,1861.084225
1789831862,1,-116.181809,51.327427,0.000000,2.110862,0.050062,25.852719,1,0,1858.854991
1789832004,1,-116.182439,51.327026,0.000000,30.995014,0.728229,62.616683,1,0,1858.126544
1789832195,1,-116.182768,51.327071,0.000000,4.458820,0.057051,23.478652,1,0,1858.624875
1789832332,1,-116.182799,51.326419,0.000000,64.359265,1.497733,72.591734,1,0,1934.030432
1789832336,1,-116.183419,51.326574,0.000000,12.378644,0.325717,46.542110,1,0,1857.153777
1789832392,1,-116.183669,51.326305,0.000000,2.593624,0.825037,34.640928,1,0,1861.910699
1789832495,1,-116.183431,51.326625,0.000000,2.694262,0.759558,39.288114,1,0,1863.481144
1789832527,1,-116.183194,51.326918,0.000000,3.378478,0.856035,36.554972,1,0,1862.642589
1789832557,1,-116.182827,51.327170,0.000000,2.936149,1.349813,37.963396,1,0,1862.126470
1789832796,1,-116.181388,51.328173,0.000000,90.297436,0.000000,150.084020,1,0,1872.657887
1789832820,1,-116.181250,51.328403,0.000000,4.748652,0.055516,27.344683,1,0,1858.782451
1789832852,1,-116.180742,51.328485,0.000000,3.483571,0.959905,36.575192,1,0,1859.095306
1789832889,1,-116.180265,51.328346,0.000000,2.364705,0.889826,36.678631,1,0,1854.480379
1789832928,1,-116.179912,51.328215,0.000000,2.390903,0.136860,28.605402,1,0,1858.894245
1789832961,1,-116.179564,51.328253,0.000000,2.240786,0.048309,24.628844,1,0,1862.332755
1789833033,1,-116.179326,51.328033,0.000000,2.130987,0.317326,29.576626,1,0,1868.282780
1789833098,1,-116.179152,51.327809,0.000000,2.164105,0.249434,27.723571,1,0,1873.246026
1789833157,1,-116.179184,51.327498,0.000000,2.404351,0.936045,34.682182,1,0,1876.991169
1789833233,1,-116.179347,51.327248,0.000000,2.216641,0.473687,30.053426,1,0,1873.928756
1789833684,1,-116.179886,51.327441,0.000000,12.733911,0.212141,43.284791,1,0,1866.190673
1789833815,1,-116.180104,51.327612,0.000000,4.748652,0.047674,24.354977,1,0,1886.187256
1789834023,1,-116.180508,51.327805,0.000000,5.154979,0.590252,35.422253,1,0,1877.335547
1789834952,1,-116.179441,51.328139,0.000000,5.051662,0.558897,83.161963,1,0,1868.066939
1789835077,1,-116.180531,51.328389,0.000000,77.030982,1.278670,80.929039,1,0,1862.061025
1789835128,1,-116.180980,51.328429,0.000000,3.884143,0.532633,31.619843,1,0,1859.353319
1789835171,1,-116.181324,51.328226,0.000000,2.826871,0.745443,32.948536,1,0,1860.781238
1789835209,1,-116.181690,51.328026,0.000000,2.583508,0.870211,33.860942,1,0,1862.559772
1789835249,1,-116.182133,51.328022,0.000000,3.219403,0.534856,30.889828,1,0,1866.156846
1789835834,1,-116.181726,51.328133,0.000000,3.234798,0.572939,30.948785,1,0,1861.676422
1789835883,1,-116.181287,51.328305,0.000000,2.691160,0.964959,36.100197,1,0,1859.006754
1789835914,1,-116.181289,51.328518,0.000000,2.756020,0.043071,23.704542,1,0,1859.434488
1789837210,1,-116.182449,51.327308,0.000000,77.494254,0.000000,157.078550,1,0,1864.576536
1789837337,1,-116.182864,51.326655,0.000000,51.211327,2.438904,78.218943,1,0,1869.215794
1789837349,1,-116.183215,51.326708,0.000000,4.724120,0.074152,25.172989,1,0,1856.836724
1789837453,1,-116.183672,51.326494,0.000000,19.953360,0.273035,39.779472,1,0,1864.945500
1789837531,1,-116.183576,51.325945,0.000000,23.609578,0.000000,61.462088,1,0,1850.499229
1789837703,1,-116.183469,51.325632,0.000000,3.744531,0.999536,35.622736,1,0,1861.087340
1789838054,1,-116.184321,51.324331,0.000000,34.943743,0.000000,156.496787,1,0,1869.638386
1789838197,1,-116.184627,51.323943,0.000000,5.873939,0.636049,48.162577,1,0,1862.273913
1789838402,1,-116.185285,51.323670,0.000000,24.342553,1.864969,55.024543,1,0,1859.755847
1789838497,1,-116.186266,51.323193,0.000000,17.636512,0.000000,86.585184,1,0,1857.639447
1789838572,1,-116.186458,51.322911,0.000000,3.157916,0.671578,34.119258,1,0,1861.633761
1789838603,1,-116.186579,51.322625,0.000000,2.527214,0.603842,32.927371,1,0,1859.488955
1789839111,1,-116.185698,51.323414,0.000000,80.246104,1.390893,107.161588,1,0,1884.929029
1789839149,1,-116.185403,51.323670,0.000000,11.570262,0.943208,35.139432,1,0,1866.330668
1789839179,1,-116.185085,51.323787,0.000000,4.748652,0.046106,25.714040,1,0,1863.819562
1789839360,1,-116.184037,51.324740,0.000000,10.146949,0.000000,128.794681,1,0,1868.321870
1789839394,1,-116.183921,51.325046,0.000000,4.183106,0.622904,35.001265,1,0,1866.254931
1789839422,1,-116.183706,51.325332,0.000000,4.339395,0.912587,35.182075,1,0,1864.642096
1789839454,1,-116.183657,51.325636,0.000000,4.191312,0.835710,34.003345,1,0,1865.013918
1789839488,1,-116.183722,51.325960,0.000000,3.801934,1.072967,36.340736,1,0,1864.941482
1789839521,1,-116.183676,51.326284,0.000000,3.341226,1.129600,105.965885,1,0,1865.217828
1789839556,1,-116.183475,51.326592,0.000000,3.581828,1.160233,37.031150,1,0,1865.880219
1789839589,1,-116.183241,51.326858,0.000000,3.400926,0.790221,33.801316,1,0,1865.437620
1789839625,1,-116.182939,51.327132,0.000000,3.779253,0.828339,37.057323,1,0,1863.923419
1789839657,1,-116.182582,51.327349,0.000000,3.597025,0.950881,34.682257,1,0,1864.471472
1789839693,1,-116.182175,51.327543,0.000000,3.277391,0.883300,35.658352,1,0,1863.621084
1789839726,1,-116.181846,51.327778,0.000000,3.657529,0.896037,34.788358,1,0,1862.889936
1789839810,1,-116.181558,51.327863,0.000000,3.550535,0.009322,22.198261,1,0,1861.092473
1789840194,1,-116.181163,51.328961,0.000000,17.433323,0.000000,125.258064,1,0,1847.174397
1789840437,1,-116.181000,51.329614,0.000000,35.504135,0.000000,73.553568,1,0,1853.215691
1789841012,1,-116.171458,51.350102,0.000000,90.728586,1.019635,2375.091757,1,0,1914.300750
1789841490,1,-116.168698,51.389600,0.000000,121.518677,10.197621,4399.839309,1,0,1779.078164
1789841498,1,-116.168298,51.390421,0.000000,11.052287,13.146263,95.516875,1,0,1765.136783
1789841504,1,-116.168578,51.391170,0.000000,4.744396,13.460516,85.603084,1,0,1754.582011
1789841510,1,-116.169014,51.391887,0.000000,5.329933,14.136073,85.371941,1,0,1748.900367
1789841515,1,-116.169405,51.392633,0.000000,4.748652,13.724034,87.369220,1,0,1739.891919
1789841521,1,-116.169918,51.393218,0.000000,4.748651,12.261776,74.257072,1,0,1729.571048
1789841527,1,-116.170691,51.393592,0.000000,4.748651,10.693108,68.036904,1,0,1726.824134
1789841535,1,-116.171587,51.393783,0.000000,4.748651,6.664874,65.906847,1,0,1724.182512
1789841545,1,-116.172200,51.394094,0.000000,4.748651,5.434735,54.950017,1,0,1719.724935
1789841560,1,-116.171367,51.394415,0.000000,4.748651,9.867758,68.117250,1,0,1719.448180
1789841568,1,-116.170363,51.394583,0.000000,4.748651,8.640611,72.361689,1,0,1715.536134
1789841575,1,-116.170565,51.395281,0.000000,4.748651,13.150847,78.940202,1,0,1714.439161
1789841581,1,-116.171287,51.395941,0.000000,4.748650,15.414535,89.001369,1,0,1718.015215
1789841586,1,-116.172043,51.396516,0.000000,4.748650,16.253078,82.853730,1,0,1716.790939
1789841591,1,-116.172792,51.397092,0.000000,4.748649,16.236918,82.631293,1,0,1714.401101
1789841597,1,-116.173820,51.397704,0.000000,4.748650,16.417687,98.795420,1,0,1714.691629
1789841603,1,-116.174984,51.398184,0.000000,4.748650,16.065059,97.058029,1,0,1714.371195
1789841609,1,-116.175709,51.398916,0.000000,4.748650,16.376010,95.830601,1,0,1713.863972
1789841615,1,-116.176299,51.399699,0.000000,4.748650,15.785889,96.332565,1,0,1708.783760
1789841623,1,-116.176420,51.400564,0.000000,4.748650,13.348594,96.629981,1,0,1709.870386
1789841629,1,-116.176771,51.401280,0.000000,4.748650,14.336225,83.342590,1,0,1707.065229
1789841635,1,-116.177307,51.402001,0.000000,4.748650,14.498484,88.487919,1,0,1704.177709
1789841641,1,-116.177944,51.402670,0.000000,4.748650,14.287300,86.654667,1,0,1700.323077
1789841647,1,-116.178712,51.403248,0.000000,4.748650,13.534786,83.639311,1,0,1696.788914
1789841654,1,-116.179628,51.403859,0.000000,4.748650,12.882128,93.215592,1,0,1694.767693
1789841660,1,-116.180413,51.404291,0.000000,4.748650,11.144060,72.782154,1,0,1693.757752
1789841668,1,-116.181218,51.404708,0.000000,4.748651,6.857956,72.757233,1,0,1692.018001
1789841686,1,-116.181967,51.405011,0.000000,4.748651,6.741513,62.091920,1,0,1684.827042
1789841694,1,-116.182843,51.405467,0.000000,4.748651,11.260517,79.326902,1,0,1681.693454
1789841700,1,-116.183434,51.406017,0.000000,4.748650,12.590335,73.745473,1,0,1678.351971
1789841705,1,-116.184092,51.406654,0.000000,4.748650,14.467947,84.396222,1,0,1676.683567
1789841711,1,-116.185060,51.407221,0.000000,4.748650,15.094175,92.308723,1,0,1678.929364
1789841716,1,-116.185770,51.407761,0.000000,4.748651,15.610736,77.803775,1,0,1677.239044
1789841721,1,-116.186556,51.408315,0.000000,4.748651,15.601342,82.425147,1,0,1672.683754
1789841727,1,-116.187469,51.408999,0.000000,4.748650,16.039110,99.158290,1,0,1674.595672
1789841733,1,-116.188343,51.409645,0.000000,4.748650,15.526415,94.174446,1,0,1670.759157
1789841739,1,-116.189123,51.410307,0.000000,4.748650,14.971455,91.510607,1,0,1668.557068
1789841745,1,-116.189591,51.410976,0.000000,4.748651,12.594630,81.262664,1,0,1665.808227
1789841753,1,-116.189970,51.411647,0.000000,4.748651,9.557681,79.193991,1,0,1664.912219
1789841769,1,-116.190576,51.412643,0.000000,55.375682,-1.000000,118.592696,1,0,1665.703578
1789841954,1,-116.178940,51.423540,0.000000,85.912535,-1.000000,1458.118468,1,0,1553.456781
1789841981,1,-116.178371,51.425035,0.000000,56.776393,-1.000000,171.013560,1,0,1540.583343
1789841994,1,-116.177352,51.424874,0.000000,27.524245,-1.000000,73.123094,1,0,1541.759292
1789842013,1,-116.177655,51.425482,0.000000,56.825653,-1.000000,70.868128,1,0,1540.973770
1789842024,1,-116.177520,51.426045,0.000000,29.221899,8.230793,63.352591,1,0,1543.949123
1789842032,1,-116.178276,51.426491,0.000000,4.181232,9.202275,72.317220,1,0,1542.104863
1789842054,1,-116.180637,51.427060,0.000000,31.796548,-1.000000,176.042198,1,0,1541.428834
1789842067,1,-116.181786,51.428747,0.000000,49.857122,-1.000000,204.045559,1,0,1544.345564
1789843357,1,-116.182707,51.428781,0.000000,23.412023,-1.000000,64.187721,1,0,1544.470852
1789843670,1,-116.183117,51.428619,0.000000,4.714711,0.018962,33.744048,1,0,1543.168392
1789843865,1,-116.182873,51.428939,0.000000,7.476040,0.434409,39.449877,1,0,1547.374376
1789844789,1,-116.183895,51.428770,0.000000,70.698229,-1.000000,73.548121,1,0,1544.945566
1789844818,1,-116.180910,51.427940,0.000000,42.639762,11.372239,227.287349,1,0,1541.398236
1789844838,1,-116.178277,51.426345,0.000000,43.945564,-1.000000,255.071467,1,0,1541.712966
1789844864,1,-116.177796,51.425219,0.000000,33.115211,-1.000000,129.696556,1,0,1540.982075
1789844875,1,-116.178583,51.425686,0.000000,93.134970,-1.000000,75.490007,1,0,1541.131377
1789844934,1,-116.172449,51.427144,0.000000,22.771988,16.210398,456.560059,1,0,1561.422332
1789844940,1,-116.173829,51.427959,0.000000,2.785514,23.323606,132.074586,1,0,1550.420012
1789844945,1,-116.175165,51.428643,0.000000,2.617603,23.858923,120.139055,1,0,1549.737751
1789844949,1,-116.176315,51.429099,0.000000,4.748652,24.089727,94.743861,1,0,1550.515828
1789844953,1,-116.177541,51.429463,0.000000,4.748652,23.817802,94.417222,1,0,1549.601428
1789844957,1,-116.178822,51.429848,0.000000,4.748652,24.805290,98.876988,1,0,1548.589383
1789844971,1,-116.182093,51.430126,0.000000,46.788464,-1.000000,229.639714,1,0,1541.566369
1789844983,1,-116.185763,51.430940,0.000000,25.158674,-1.000000,270.896548,1,0,1541.499138
1789845372,1,-116.305670,51.452352,0.000000,25.925197,26.488808,8672.858924,1,0,1632.556802
1789845384,1,-116.309743,51.452041,0.000000,84.710412,-1.000000,285.306479,1,0,1639.552332
1789845748,1,-116.417631,51.427509,0.000000,172.910506,24.417017,7984.605512,1,0,1322.834869
1789846232,1,-116.488146,51.398062,0.000000,151.159651,-1.000000,5900.464260,1,0,1249.846587
1789846276,1,-116.497299,51.392290,0.000000,163.343777,18.348869,904.726178,1,0,1255.601304
1789846343,1,-116.504996,51.383869,0.000000,34.795109,16.582319,1079.482039,1,0,1244.532211
1789846370,1,-116.509529,51.381812,0.000000,19.869326,15.426461,389.902474,1,0,1252.928446
1789846376,1,-116.510742,51.381362,0.000000,3.759947,15.319980,98.191657,1,0,1249.431875
1789846383,1,-116.511795,51.380694,0.000000,4.748652,15.447186,104.410909,1,0,1252.485321
1789846388,1,-116.512504,51.380157,0.000000,4.748652,15.432647,77.511866,1,0,1251.969404
1789846394,1,-116.513803,51.380002,0.000000,4.748652,15.561234,92.081822,1,0,1250.104259
1789846400,1,-116.515134,51.379904,0.000000,4.748652,15.780650,93.319595,1,0,1248.545123
1789846406,1,-116.516506,51.379923,0.000000,4.748652,15.849433,95.558526,1,0,1249.697914
1789846411,1,-116.517655,51.380000,0.000000,4.748651,16.437508,80.464723,1,0,1252.533467
1789846415,1,-116.518823,51.380176,0.000000,4.748651,16.864302,83.655093,1,0,1252.696354
1789846420,1,-116.519986,51.380429,0.000000,4.748651,17.226043,85.736208,1,0,1249.626586
1789846426,1,-116.521394,51.380679,0.000000,4.748651,17.010954,101.912307,1,0,1242.819591
1789846431,1,-116.522588,51.380665,0.000000,4.748651,16.635272,83.155106,1,0,1236.623248
1789846436,1,-116.523710,51.380890,0.000000,4.748652,16.560615,82.040771,1,0,1231.126344
1789846441,1,-116.524680,51.381318,0.000000,4.748651,16.440009,82.645789,1,0,1226.256173
1789846447,1,-116.525971,51.381653,0.000000,4.748651,16.176253,97.317365,1,0,1221.710235
1789846453,1,-116.526696,51.382189,0.000000,4.748651,15.824237,78.140842,1,0,1221.766533
1789846458,1,-116.527260,51.382828,0.000000,4.748652,16.172516,81.230345,1,0,1221.280235
1789846463,1,-116.528260,51.383175,0.000000,4.748651,16.327296,79.621262,1,0,1219.899819
1789846468,1,-116.529395,51.383006,0.000000,4.748651,16.247901,81.238603,1,0,1218.353168
1789846473,1,-116.530716,51.382802,0.000000,4.748652,15.558576,94.743191,1,0,1221.208468
1789846480,1,-116.532125,51.383248,0.000000,4.748652,16.349762,109.949464,1,0,1227.147720
1789846485,1,-116.533071,51.383678,0.000000,4.748651,16.400662,81.416327,1,0,1230.994806
1789846490,1,-116.534025,51.384129,0.000000,4.748651,16.762844,83.255115,1,0,1233.690828
1789846496,1,-116.535125,51.384686,0.000000,4.748651,16.148310,98.531696,1,0,1237.721509
1789846502,1,-116.536006,51.385165,0.000000,4.748652,16.387913,81.267340,1,0,1243.395729
1789846507,1,-116.536867,51.385659,0.000000,4.748651,16.353695,81.339976,1,0,1249.476509
1789846512,1,-116.537540,51.386269,0.000000,4.748651,16.750355,82.484380,1,0,1253.840428
1789846518,1,-116.537894,51.387133,0.000000,4.748651,16.540043,99.253394,1,0,1257.963392
1789846524,1,-116.537700,51.388013,0.000000,4.748652,16.525978,98.851519,1,0,1260.392923
1789846529,1,-116.537206,51.388697,0.000000,4.748651,16.685562,83.524443,1,0,1263.663797
1789846535,1,-116.536605,51.389491,0.000000,4.748651,16.310127,97.762488,1,0,1269.631580
1789846541,1,-116.536045,51.390307,0.000000,4.748652,16.665115,98.819858,1,0,1274.118254
1789846546,1,-116.535725,51.391026,0.000000,4.748653,16.665711,83.053085,1,0,1276.211145
1789846551,1,-116.535563,51.391755,0.000000,4.748653,16.309277,81.902038,1,0,1278.384187
1789846557,1,-116.535577,51.392632,0.000000,4.748652,16.256006,97.595774,1,0,1281.557621
1789846562,1,-116.535605,51.393368,0.000000,4.748652,16.308295,81.923927,1,0,1284.549821
1789846567,1,-116.535648,51.394108,0.000000,4.748652,16.424501,261.904389,1,0,1286.026647
1789846572,1,-116.535693,51.394852,0.000000,4.748652,16.576225,82.850254,1,0,1286.849271
1789846577,1,-116.535732,51.395591,0.000000,4.748652,16.398330,165.129234,1,0,1288.477017
1789846582,1,-116.535771,51.396334,0.000000,4.795014,16.600956,82.724348,1,0,1291.519711
1789846587,1,-116.535805,51.397077,0.000000,4.748652,16.417576,82.713693,1,0,1294.306556
1789846593,1,-116.535856,51.397982,0.000000,4.748652,16.815791,100.769581,1,0,1295.954580
1789846598,1,-116.535888,51.398732,0.000000,4.748652,16.703111,83.488589,1,0,1295.293413
1789846603,1,-116.535925,51.399480,0.000000,4.748652,16.604576,83.276147,1,0,1295.472196
1789846608,1,-116.535967,51.400225,0.000000,4.748652,16.568248,82.954010,1,0,1295.403839
1789846613,1,-116.536007,51.400972,0.000000,4.748651,16.735495,332.888656,1,0,1294.482182
1789846619,1,-116.536057,51.401882,0.000000,4.748651,16.903973,101.323191,1,0,1292.756731
1789846625,1,-116.536107,51.402790,0.000000,4.748652,16.613809,202.424057,1,0,1290.967414
1789846630,1,-116.536143,51.403530,0.000000,4.748652,16.286288,82.384203,1,0,1291.518743
1789846635,1,-116.536181,51.404252,0.000000,4.748652,15.987806,80.386617,1,0,1292.822076
1789846641,1,-116.536225,51.405131,0.000000,4.748652,16.525217,97.861775,1,0,1294.391390
1789846647,1,-116.536272,51.406022,0.000000,4.748652,16.631490,99.203153,1,0,1294.739570
1789846652,1,-116.536245,51.406781,0.000000,4.748652,16.946905,361.836135,1,0,1293.881919
1789846657,1,-116.536057,51.407530,0.000000,4.748652,16.822873,84.368413,1,0,1292.812000
1789846663,1,-116.535656,51.408400,0.000000,4.748652,16.707830,100.754586,1,0,1291.454957
1789846669,1,-116.535139,51.409250,0.000000,4.748651,16.801989,101.199250,1,0,1289.625597
1789846674,1,-116.534697,51.409950,0.000000,4.748651,16.707779,83.748933,1,0,1288.892273
1789846679,1,-116.534276,51.410647,0.000000,4.748651,16.536738,82.910828,1,0,1287.728227
1789846685,1,-116.533880,51.411496,0.000000,4.748652,16.215075,98.413219,1,0,1288.623228
1789846690,1,-116.533665,51.412200,0.000000,4.748653,15.872406,79.756069,1,0,1290.981000
1789846695,1,-116.533571,51.412907,0.000000,4.748652,15.766093,78.945518,1,0,1294.304053
1789846700,1,-116.533539,51.413791,0.000000,4.748652,16.549146,98.395651,1,0,1299.775265
1789846705,1,-116.533528,51.414543,0.000000,4.748653,16.626667,83.685182,1,0,1299.129728
1789846710,1,-116.533523,51.415300,0.000000,4.748653,16.946294,84.238787,1,0,1298.778376
1789846716,1,-116.533536,51.416214,0.000000,4.748653,16.839202,368.006889,1,0,1295.398413
1789846722,1,-116.533590,51.417118,0.000000,4.748652,16.582130,100.666215,1,0,1293.544170
1789846727,1,-116.533738,51.417852,0.000000,4.748652,16.358030,82.325283,1,0,1294.240081
1789846732,1,-116.533890,51.418587,0.000000,4.748652,16.586673,265.211020,1,0,1294.498668
1789846737,1,-116.533891,51.419342,0.000000,4.748652,16.984312,84.015551,1,0,1292.900479
1789846743,1,-116.533600,51.420235,0.000000,4.748651,16.942080,101.413812,1,0,1290.437039
1789846748,1,-116.533190,51.420953,0.000000,4.748651,16.708391,84.838351,1,0,1284.671617
1789846754,1,-116.532794,51.421821,0.000000,4.748651,17.299947,100.443042,1,0,1280.164787
1789846760,1,-116.532713,51.422755,0.000000,4.748651,17.438022,104.086941,1,0,1278.585484
1789846765,1,-116.532922,51.423531,0.000000,4.748652,17.542627,190.494823,1,0,1278.936476
1789846770,1,-116.533293,51.424289,0.000000,4.748651,17.858457,88.210042,1,0,1279.804530
1789846776,1,-116.533736,51.425212,0.000000,4.748651,17.919055,107.234730,1,0,1280.436630
1789846782,1,-116.534065,51.426151,0.000000,4.748652,17.800301,106.968324,1,0,1281.299863
1789846787,1,-116.534183,51.426949,0.000000,4.748652,17.801285,89.179097,1,0,1282.272367
1789846793,1,-116.534377,51.427900,0.000000,4.748652,17.904365,106.683222,1,0,1283.715661
1789846799,1,-116.534735,51.428835,0.000000,4.748652,17.799109,106.984731,1,0,1284.475326
1789846805,1,-116.535266,51.429729,0.000000,4.748652,17.763819,106.119796,1,0,1285.880854
1789846811,1,-116.535970,51.430584,0.000000,4.748652,17.880118,107.007900,1,0,1287.264639
1789846817,1,-116.536775,51.431406,0.000000,4.748652,17.846435,107.251826,1,0,1288.554510
1789846822,1,-116.537393,51.432103,0.000000,4.748652,17.343103,88.679219,1,0,1289.634244
1789846828,1,-116.537960,51.432896,0.000000,4.748652,15.767138,96.656512,1,0,1291.387379
1789846834,1,-116.538488,51.433680,0.000000,4.748652,15.357991,94.657915,1,0,1294.433045
1789846841,1,-116.538986,51.434466,0.000000,4.748651,12.460299,94.074936,1,0,1298.348818
1789846847,1,-116.539355,51.435046,0.000000,4.748651,10.922638,69.458175,1,0,1300.888917
1789846855,1,-116.539776,51.435766,0.000000,4.748652,10.466190,85.304841,1,0,1303.918875
1789846862,1,-116.539991,51.436277,0.000000,4.748652,6.689431,58.797370,1,0,1306.415696
1789846897,1,-116.540434,51.437900,0.000000,33.053082,4.890931,183.215718,1,0,1302.464786
1789847015,1,-116.540349,51.437453,0.000000,4.748651,3.239617,50.091987,1,0,1312.190828
1789847036,1,-116.540290,51.437142,0.000000,4.748651,0.701610,84.942333,1,0,1314.018556
1789847057,1,-116.540176,51.436711,0.000000,4.748651,2.993328,48.612430,1,0,1310.155108
1789847071,1,-116.540034,51.436261,0.000000,4.748651,3.677898,51.040378,1,0,1306.818624
1789847085,1,-116.539866,51.435842,0.000000,4.748651,2.903921,48.067843,1,0,1304.709640
1789847100,1,-116.539643,51.435420,0.000000,4.748651,3.147530,49.454859,1,0,1301.817809
1789847116,1,-116.539438,51.435077,0.000000,4.748651,1.949863,40.744852,1,0,1299.515679
1789847137,1,-116.539231,51.434744,0.000000,4.748652,1.004014,39.754477,1,0,1299.077631
1789847167,1,-116.538896,51.434266,0.000000,4.748652,5.341993,58.070599,1,0,1298.210131
1789847178,1,-116.538582,51.433732,0.000000,4.748651,5.456828,63.309078,1,0,1294.954793
1789847188,1,-116.538276,51.433253,0.000000,4.748652,6.524890,57.394436,1,0,1293.629659
1789847198,1,-116.537902,51.432676,0.000000,4.748651,6.803376,69.276922,1,0,1293.081209
1789847208,1,-116.537613,51.432291,0.000000,4.748651,2.907749,47.323233,1,0,1291.607527
1789847224,1,-116.537114,51.431728,0.000000,4.748652,8.496336,71.622460,1,0,1290.462266
1789847233,1,-116.536600,51.431187,0.000000,4.748652,7.967473,70.018092,1,0,1288.559570
1789847241,1,-116.536083,51.430646,0.000000,4.748652,9.221166,70.124859,1,0,1287.485816
1789847248,1,-116.535616,51.430128,0.000000,4.748652,9.072676,66.165228,1,0,1286.424423
1789847257,1,-116.535159,51.429527,0.000000,4.748652,8.687447,74.048814,1,0,1285.198948
1789847264,1,-116.535002,51.429247,0.000000,4.748652,0.465036,33.016461,1,0,1285.075039
1789847528,1,-116.535203,51.429525,0.000000,4.745170,0.909211,33.948188,1,0,1282.631252
1789847638,1,-116.535103,51.429337,0.000000,4.748652,0.013755,22.046487,1,0,1283.784932
1789847691,1,-116.534698,51.428714,0.000000,4.748652,10.174770,74.831805,1,0,1280.637908
1789847698,1,-116.534424,51.428042,0.000000,4.748652,12.300730,77.169940,1,0,1281.255023
1789847704,1,-116.534247,51.427237,0.000000,4.748653,15.076218,90.421608,1,0,1280.874176
1789847709,1,-116.534172,51.426606,0.000000,4.748652,11.151818,70.410470,1,0,1277.141728
1789847802,1,-116.534175,51.426913,0.000000,4.748651,7.919993,126.822255,1,0,1281.454883
1789847810,1,-116.534265,51.427498,0.000000,4.748651,7.711431,65.398482,1,0,1281.480242
1789847818,1,-116.534416,51.428062,0.000000,4.748651,8.319947,128.953796,1,0,1280.810159
1789847826,1,-116.534645,51.428663,0.000000,4.748651,8.489097,68.749667,1,0,1281.473393
1789847834,1,-116.534964,51.429253,0.000000,4.748650,8.821145,69.303385,1,0,1281.633094
1789847842,1,-116.535361,51.429865,0.000000,4.748651,9.327722,73.489304,1,0,1283.320036
1789847849,1,-116.535796,51.430395,0.000000,4.748651,9.601989,66.287900,1,0,1284.855905
1789847856,1,-116.536434,51.431055,0.000000,4.748650,10.796095,85.812674,1,0,1286.071248
1789847863,1,-116.536998,51.431615,0.000000,4.748650,10.371227,73.638653,1,0,1287.154199
1789847870,1,-116.537465,51.432182,0.000000,4.748650,9.863694,70.967489,1,0,1288.694381
1789847877,1,-116.537868,51.432741,0.000000,4.748651,9.798540,68.229221,1,0,1289.520177
1789847884,1,-116.538247,51.433321,0.000000,4.748651,9.196698,69.718107,1,0,1290.739631
1789847891,1,-116.538512,51.433708,0.000000,4.748651,3.410065,46.843962,1,0,1291.074301
1789848075,1,-116.539066,51.434460,0.000000,45.684013,1.119856,92.128268,1,0,1323.168683
1789848077,1,-116.539270,51.434724,0.000000,18.511607,0.510342,32.625210,1,0,1319.146502
1789848183,1,-116.540012,51.435844,0.000000,14.703421,1.029792,134.896362,1,0,1267.924867
1789848291,1,-116.540359,51.437149,0.000000,31.458786,0.000000,147.211361,1,0,1316.329633
1789848361,1,-116.540536,51.437847,0.000000,26.345134,0.000000,78.642962,1,0,1368.068419
1789848402,1,-116.540697,51.438229,0.000000,24.992257,1.448111,43.959128,1,0,1335.150797
1789848458,1,-116.541114,51.438441,0.000000,5.342551,1.379940,37.385556,1,0,1299.400074
1789848495,1,-116.541462,51.438783,0.000000,17.995014,1.011620,45.101829,1,0,1305.213513
1789848599,1,-116.541265,51.439697,0.000000,35.795014,0.845018,102.628171,1,0,1314.931780
1789848658,1,-116.540928,51.439678,0.000000,4.748652,0.019339,23.533427,1,0,1307.325471
1789848826,1,-116.540218,51.440137,0.000000,47.675288,2.700569,71.044422,1,0,1320.995432
1789848959,1,-116.539386,51.440400,0.000000,59.581882,0.000000,64.845580,1,0,1330.673224
1789849116,1,-116.539784,51.440111,0.000000,19.139756,2.063315,42.432123,1,0,1317.696574
1789849673,1,-116.540757,51.439694,0.000000,14.806833,0.188051,82.053548,1,0,1314.780896
1789849776,1,-116.541091,51.439171,0.000000,28.939605,1.437775,62.663899,1,0,1313.572696
1789849876,1,-116.540759,51.438275,0.000000,47.701700,1.118369,102.345188,1,0,1301.943314
1789850003,1,-116.540155,51.436981,0.000000,30.189906,1.480663,149.998284,1,0,1333.744420
1789850122,1,-116.539892,51.435787,0.000000,32.287901,1.372095,134.121065,1,0,1302.274511
1789850190,1,-116.539469,51.435038,0.000000,10.710570,2.099776,88.388027,1,0,1307.418045
1789850294,1,-116.538572,51.433952,0.000000,35.326522,0.000000,136.002243,1,0,1303.619289
1789850331,1,-116.538808,51.433699,0.000000,25.229777,0.606735,32.588888,1,0,1276.525083
1789850485,1,-116.538284,51.433300,0.000000,4.748652,5.297331,57.441697,1,0,1292.248230
1789850496,1,-116.537958,51.432787,0.000000,4.748651,5.258618,61.423996,1,0,1289.788761
1789850512,1,-116.537546,51.432227,0.000000,4.748651,7.064655,68.589877,1,0,1290.443298
1789850520,1,-116.537152,51.431742,0.000000,4.748651,7.629261,60.529818,1,0,1289.672734
1789850529,1,-116.536589,51.431159,0.000000,4.748651,8.924112,75.778683,1,0,1288.480512
1789850536,1,-116.536085,51.430668,0.000000,4.748652,9.198080,64.917540,1,0,1287.261707
1789850543,1,-116.535639,51.430165,0.000000,4.748651,8.690237,63.995359,1,0,1285.551806
1789850552,1,-116.535190,51.429563,0.000000,4.748651,8.020317,73.912336,1,0,1283.831564
1789850560,1,-116.534864,51.429012,0.000000,4.748651,8.657869,65.373345,1,0,1282.934929
1789850568,1,-116.534590,51.428434,0.000000,4.748651,8.696026,67.083480,1,0,1282.313188
1789850576,1,-116.534393,51.427856,0.000000,4.748651,7.394510,65.762660,1,0,1283.370121
1789850587,1,-116.534256,51.427249,0.000000,4.748651,7.065694,68.215282,1,0,1283.152259
1789850596,1,-116.534182,51.426649,0.000000,4.748651,7.579217,66.965464,1,0,1281.584617
1789850605,1,-116.534068,51.425923,0.000000,4.748651,10.131209,148.134151,1,0,1280.218716
1789850613,1,-116.533903,51.425384,0.000000,4.748651,3.840887,61.067666,1,0,1278.788016
1789850861,1,-116.536125,51.403302,0.000000,43.469491,18.967762,2462.116652,1,0,1303.499958
1789850957,1,-116.537601,51.388406,0.000000,14.171616,17.694067,4122.886492,1,0,1260.364677
1789851040,1,-116.527084,51.382659,0.000000,18.085350,15.984784,972.214073,1,0,1208.304864
1789851117,1,-116.511595,51.380739,0.000000,19.248878,15.807454,1099.422439,1,0,1241.944956
1789851271,1,-116.512075,51.379873,0.000000,14.031571,25.547264,101.998401,1,0,1248.382266
1789851366,1,-116.527395,51.362036,0.000000,15.576735,24.873526,2253.489225,1,0,1260.651513
1789851461,1,-116.544055,51.343549,0.000000,14.889811,25.488352,2362.093073,1,0,1228.682543
1789851556,1,-116.565173,51.327250,0.000000,12.759077,26.215054,2335.852177,1,0,1157.124668
1789851563,1,-116.567833,51.326726,0.000000,34.244924,26.298994,194.394680,1,0,1164.897093
1789851652,1,-116.579570,51.308174,0.000000,23.263694,26.155720,2220.675643,1,0,1122.494380
1789851744,1,-116.582523,51.287082,0.000000,59.997874,25.873314,2356.009281,1,0,1144.411145
1789851838,1,-116.589931,51.278062,0.000000,24.527629,1.481291,1128.994157,1,0,1135.252504
1789851907,1,-116.589922,51.277605,0.000000,31.912703,0.729351,50.855745,1,0,1105.043740
1789852022,1,-116.589870,51.277812,0.000000,4.862633,0.040511,23.317640,1,0,1135.663200
1789852065,1,-116.589735,51.278103,0.000000,11.772421,0.429614,33.723174,1,0,1139.365942
1789852523,1,-116.590019,51.277973,0.000000,4.748652,0.027787,24.536063,1,0,1133.227611
1789852552,1,-116.590191,51.277483,0.000000,4.748652,5.278527,55.829716,1,0,1137.883959
1789852563,1,-116.590581,51.277017,0.000000,4.748652,4.969078,58.562866,1,0,1142.166188
1789852573,1,-116.590574,51.276512,0.000000,4.748651,5.059834,56.195260,1,0,1143.789340
1789852588,1,-116.591279,51.275827,0.000000,4.748651,15.660799,90.723210,1,0,1143.178878
1789852594,1,-116.592616,51.275016,0.000000,4.748649,23.293070,129.809275,1,0,1143.921164
1789852598,1,-116.593638,51.274414,0.000000,4.748650,24.882259,97.849693,1,0,1143.552809
1789852602,1,-116.594681,51.273807,0.000000,4.748650,24.733651,99.300682,1,0,1142.622376
1789852606,1,-116.595721,51.273205,0.000000,4.748650,24.425599,98.769128,1,0,1143.570293
1789852610,1,-116.596724,51.272605,0.000000,4.748650,24.234288,96.738928,1,0,1146.824318
1789852615,1,-116.597750,51.271720,0.000000,4.748651,24.637834,121.762333,1,0,1150.188970
1789852619,1,-116.598225,51.270877,0.000000,4.748652,24.987977,99.490202,1,0,1151.134212
1789852624,1,-116.598256,51.269759,0.000000,4.748650,25.212664,124.422661,1,0,1148.487831
1789852628,1,-116.597832,51.268890,0.000000,4.748649,25.327946,101.123989,1,0,1143.337229
1789852633,1,-116.596979,51.267893,0.000000,4.748651,25.127281,125.908519,1,0,1137.434327
1789852637,1,-116.596271,51.267119,0.000000,4.748651,24.541266,99.297929,1,0,1133.858864
1789852641,1,-116.595488,51.266404,0.000000,4.748652,24.049793,96.525676,1,0,1131.747868
1789852645,1,-116.594595,51.265746,0.000000,4.748652,23.976392,96.158798,1,0,1130.149684
1789852649,1,-116.593567,51.265123,0.000000,4.748652,25.745697,99.774844,1,0,1128.101465
1789852653,1,-116.592480,51.264478,0.000000,4.748652,26.111840,104.443503,1,0,1126.758631
1789852658,1,-116.591228,51.263609,0.000000,4.748652,26.122481,130.338167,1,0,1125.774872
1789852663,1,-116.590314,51.262586,0.000000,4.748652,26.083177,130.496301,1,0,1124.879554
1789852668,1,-116.589711,51.261481,0.000000,4.748651,26.202820,129.963311,1,0,1124.260185
1789852672,1,-116.589297,51.260580,0.000000,4.748651,25.959956,104.339780,1,0,1124.771088
1789852677,1,-116.588876,51.259449,0.000000,4.748651,26.011900,129.236139,1,0,1127.055222
1789852681,1,-116.588707,51.258514,0.000000,4.748651,26.030071,104.707089,1,0,1129.618971
1789852685,1,-116.588461,51.257581,0.000000,4.748651,26.297720,209.867640,1,0,1131.030498
1789852689,1,-116.588155,51.256660,0.000000,4.748651,26.003558,104.685686,1,0,1131.643267
1789852694,1,-116.587763,51.255510,0.000000,4.748651,26.124204,130.858079,1,0,1132.550076
1789852699,1,-116.587443,51.254350,0.000000,4.748651,26.305145,130.996016,1,0,1129.121348
1789852703,1,-116.587273,51.253363,0.000000,4.748651,27.933313,110.465881,1,0,1127.243374
1789852708,1,-116.587019,51.252119,0.000000,4.748651,27.948325,380.885677,1,0,1123.692405
1789852712,1,-116.586681,51.251140,0.000000,4.748651,27.784520,111.463315,1,0,1120.843767
1789852717,1,-116.585841,51.250018,0.000000,4.748652,27.511508,137.939482,1,0,1117.658368
1789852721,1,-116.584924,51.249236,0.000000,4.748652,26.900581,108.035019,1,0,1116.883805
1789852726,1,-116.583766,51.248273,0.000000,4.748652,26.958154,134.245544,1,0,1119.385224
1789852731,1,-116.582591,51.247301,0.000000,4.748652,27.352152,135.760548,1,0,1122.915135
1789852735,1,-116.581638,51.246518,0.000000,4.748652,27.489153,109.636488,1,0,1125.475275
1789852739,1,-116.580703,51.245717,0.000000,4.748652,27.767646,110.487365,1,0,1126.284343
1789852743,1,-116.579942,51.244840,0.000000,4.748652,27.852454,111.118413,1,0,1125.158150
1789852748,1,-116.579485,51.243879,0.000000,4.748651,27.986695,111.593821,1,0,1122.728168
1789852753,1,-116.579330,51.242629,0.000000,4.748651,27.735930,139.511245,1,0,1117.483007
1789852757,1,-116.579557,51.241648,0.000000,4.748651,27.496915,248.299728,1,0,1113.307445
1789852762,1,-116.580016,51.240453,0.000000,4.748651,27.186784,136.780252,1,0,1108.427191
1789852766,1,-116.580377,51.239506,0.000000,4.748651,27.027871,108.349263,1,0,1107.307261
1789852771,1,-116.580715,51.238312,0.000000,4.748651,27.320763,134.940033,1,0,1106.335788
1789852775,1,-116.580681,51.237328,0.000000,4.748651,27.514576,109.517523,1,0,1104.896866
1789852780,1,-116.580254,51.236124,0.000000,4.748651,27.482708,137.251547,1,0,1103.950486
1789852784,1,-116.579726,51.235192,0.000000,4.748651,27.507934,110.068394,1,0,1102.644833
1789852789,1,-116.579060,51.234029,0.000000,4.748651,27.505631,137.517023,1,0,1101.994770
1789852793,1,-116.578529,51.233098,0.000000,4.748651,27.513744,110.033994,1,0,1101.660461
1789852797,1,-116.578002,51.232167,0.000000,4.748651,27.487926,109.941420,1,0,1101.178796
1789852802,1,-116.577349,51.231002,0.000000,4.748651,27.516883,137.423975,1,0,1100.824576
1789852806,1,-116.576822,51.230068,0.000000,4.748651,27.542487,110.256004,1,0,1100.108464
1789852810,1,-116.576319,51.229129,0.000000,4.748651,27.551390,110.234742,1,0,1099.332839
1789852815,1,-116.575685,51.227956,0.000000,4.748651,27.519168,137.831730,1,0,1098.906375
1789852819,1,-116.575160,51.227025,0.000000,4.748651,27.466626,109.895947,1,0,1098.739475
1789852823,1,-116.574624,51.226097,0.000000,4.748651,27.475530,109.840956,1,0,1098.299417
1789852828,1,-116.573941,51.224939,0.000000,4.748651,27.548583,137.404775,1,0,1098.049582
1789852832,1,-116.573406,51.224009,0.000000,4.748651,27.493451,110.026429,1,0,1097.825047
1789852836,1,-116.573089,51.223049,0.000000,4.748651,27.166785,109.092710,1,0,1097.867727
1789852840,1,-116.573173,51.222084,0.000000,4.748651,26.731470,107.537478,1,0,1097.573716
1789852845,1,-116.573804,51.220941,0.000000,4.748651,27.214604,134.609018,1,0,1097.962955
1789852849,1,-116.574701,51.220137,0.000000,4.748651,27.354466,109.233035,1,0,1098.622913
1789852853,1,-116.575827,51.219451,0.000000,4.748651,27.548597,109.620977,1,0,1098.070706
1789852858,1,-116.577265,51.218603,0.000000,4.748651,27.500107,137.837943,1,0,1097.871358
1789852863,1,-116.578730,51.217779,0.000000,4.748651,27.515869,137.423197,1,0,1097.708255
1789852867,1,-116.580061,51.217262,0.000000,4.748651,27.240521,109.364297,1,0,1098.043497
1789852872,1,-116.581921,51.216938,0.000000,4.748651,26.814797,134.885781,1,0,1098.567480
1789852876,1,-116.583444,51.216941,0.000000,4.748651,26.749626,106.429213,1,0,1098.679332
1789852881,1,-116.585369,51.217178,0.000000,4.748651,27.590152,137.081375,1,0,1098.503512
1789852885,1,-116.586909,51.217385,0.000000,4.748651,27.510072,110.053966,1,0,1098.318894
1789852889,1,-116.588452,51.217586,0.000000,4.748651,27.547792,110.121439,1,0,1098.244981
1789852893,1,-116.589990,51.217793,0.000000,4.748651,27.505233,109.917300,1,0,1098.301922
1789852898,1,-116.591913,51.218050,0.000000,4.748651,27.404100,137.390130,1,0,1098.454447
1789852903,1,-116.593818,51.218304,0.000000,4.748651,27.173960,136.090403,1,0,1102.666337
1789852907,1,-116.595330,51.218526,0.000000,4.748651,27.217289,108.509280,1,0,1108.161363
1789852911,1,-116.596804,51.218847,0.000000,4.748651,27.358756,109.021859,1,0,1113.328007
1789852915,1,-116.598217,51.219270,0.000000,4.748651,27.380979,109.386429,1,0,1118.216030
1789852919,1,-116.599581,51.219762,0.000000,4.748651,27.406971,109.920954,1,0,1123.073710
1789852923,1,-116.600963,51.220238,0.000000,4.748651,27.594405,110.146470,1,0,1127.196507
1789852927,1,-116.602361,51.220714,0.000000,4.748651,27.790378,111.128174,1,0,1129.856388
1789852931,1,-116.603763,51.221190,0.000000,4.748651,27.858440,111.374022,1,0,1131.139528
1789852935,1,-116.605163,51.221671,0.000000,4.748651,27.894912,111.517051,1,0,1130.392797
1789852939,1,-116.606564,51.222141,0.000000,4.748651,27.675248,110.996415,1,0,1129.035193
1789852943,1,-116.607954,51.222598,0.000000,4.748651,27.245362,109.631599,1,0,1128.148457
1789852947,1,-116.609407,51.222930,0.000000,4.748651,27.029679,108.039039,1,0,1127.339911
1789852952,1,-116.611308,51.222982,0.000000,4.748651,26.626866,132.956299,1,0,1127.793936
1789852956,1,-116.612831,51.222794,0.000000,4.748651,27.326455,108.454618,1,0,1129.196684
1789852960,1,-116.614357,51.222572,0.000000,4.748651,27.421385,109.451675,1,0,1131.965427
1789852964,1,-116.615896,51.222359,0.000000,4.748651,27.553250,110.116951,1,0,1134.145980
1789852968,1,-116.617466,51.222288,0.000000,4.748651,27.344615,109.986293,1,0,1134.877281
1789852972,1,-116.618961,51.222500,0.000000,4.748651,26.685892,107.092052,1,0,1133.596289
1789852976,1,-116.620287,51.222965,0.000000,4.748652,26.705758,106.121405,1,0,1130.255836
1789852980,1,-116.621557,51.223524,0.000000,4.748651,27.317267,108.368613,1,0,1126.792090
1789852984,1,-116.622855,51.224089,0.000000,4.748651,27.747341,110.355363,1,0,1123.595354
1789852988,1,-116.624167,51.224652,0.000000,4.748651,27.718649,111.034968,1,0,1121.172830
1789852992,1,-116.625468,51.225214,0.000000,4.748651,27.469114,110.338086,1,0,1119.384756
1789852996,1,-116.626749,51.225777,0.000000,4.748651,27.191633,109.253337,1,0,1117.966346
1789853000,1,-116.628018,51.226338,0.000000,4.748651,27.134024,108.439165,1,0,1116.306024
1789853004,1,-116.629294,51.226901,0.000000,4.748651,27.279308,108.967245,1,0,1115.475358
1789853008,1,-116.630573,51.227465,0.000000,4.748651,27.300720,109.195129,1,0,1115.255709
1789853012,1,-116.631848,51.228032,0.000000,4.748651,27.339064,109.159146,1,0,1115.635903
1789853016,1,-116.633134,51.228598,0.000000,4.748651,27.435092,109.723315,1,0,1116.820163
1789853021,1,-116.634743,51.229308,0.000000,4.748651,27.510955,137.399762,1,0,1118.201114
1789853025,1,-116.636032,51.229876,0.000000,4.748651,27.453415,110.022747,1,0,1119.346008
1789853029,1,-116.637321,51.230445,0.000000,4.748651,27.537907,110.086725,1,0,1120.466977
1789853033,1,-116.638611,51.231014,0.000000,4.748651,27.545356,110.143904,1,0,1121.287845
1789853037,1,-116.639891,51.231588,0.000000,4.748651,27.513836,109.895372,1,0,1122.146368
1789853041,1,-116.641174,51.232170,0.000000,4.748651,27.663739,110.584950,1,0,1122.164564
1789853046,1,-116.642655,51.233005,0.000000,4.748651,28.044565,139.056584,1,0,1119.659286
1789853051,1,-116.644092,51.233880,0.000000,4.748651,27.865956,139.846453,1,0,1115.111605
1789853056,1,-116.645505,51.234768,0.000000,4.748651,27.972198,139.667332,1,0,1108.625178
1789853060,1,-116.646644,51.235476,0.000000,4.748651,27.974934,111.971116,1,0,1103.393067
1789853064,1,-116.647770,51.236181,0.000000,4.748651,27.645255,111.091539,1,0,1098.805690
1789853068,1,-116.648879,51.236867,0.000000,4.748651,26.927898,108.759665,1,0,1095.664279
1789853073,1,-116.650251,51.237720,0.000000,4.748651,26.967532,134.882530,1,0,1093.753837
1789853078,1,-116.651633,51.238580,0.000000,4.748651,27.340017,135.926916,1,0,1092.789881
1789853082,1,-116.652762,51.239266,0.000000,4.748651,27.456926,109.753464,1,0,1092.009502
1789853086,1,-116.653887,51.239959,0.000000,4.748651,27.553063,110.096987,1,0,1090.865264
1789853090,1,-116.655049,51.240630,0.000000,4.748651,27.601573,110.284492,1,0,1089.592753
1789853094,1,-116.656262,51.241306,0.000000,4.748651,28.779874,113.300657,1,0,1087.732008
1789853098,1,-116.657496,51.241994,0.000000,4.748651,28.803030,115.284072,1,0,1086.934027
1789853102,1,-116.658730,51.242680,0.000000,4.748651,28.779372,115.129390,1,0,1086.678929
1789853106,1,-116.659967,51.243368,0.000000,4.748651,28.907012,115.433791,1,0,1086.135629
1789853110,1,-116.661202,51.244059,0.000000,4.748651,28.934439,115.551125,1,0,1085.534971
1789853114,1,-116.662452,51.244743,0.000000,4.748651,28.920758,115.821928,1,0,1084.871854
1789853118,1,-116.663695,51.245429,0.000000,4.748651,28.899062,115.600668,1,0,1084.491105
1789853123,1,-116.665288,51.246259,0.000000,4.748651,28.984778,144.597383,1,0,1083.750580
1789853128,1,-116.666984,51.247003,0.000000,4.748651,28.870735,144.516197,1,0,1083.229788
1789853132,1,-116.668407,51.247534,0.000000,4.748651,28.911087,115.614542,1,0,1082.828644
1789853136,1,-116.669881,51.248007,0.000000,4.748651,28.874865,115.612678,1,0,1082.446037
1789853140,1,-116.671402,51.248419,0.000000,4.748651,28.931368,115.690935,1,0,1081.778955
1789853144,1,-116.672958,51.248780,0.000000,4.748651,28.928755,115.851229,1,0,1080.765655
1789853148,1,-116.674512,51.249142,0.000000,4.748651,28.936423,115.758888,1,0,1079.977020
1789853152,1,-116.676060,51.249513,0.000000,4.748651,28.925177,115.719598,1,0,1079.002957
1789853157,1,-116.677922,51.250081,0.000000,4.748651,28.918996,144.580073,1,0,1078.022300
1789853162,1,-116.679651,51.250788,0.000000,4.748651,28.685030,144.112498,1,0,1078.495636
1789853166,1,-116.680927,51.251429,0.000000,4.748651,28.605920,114.140037,1,0,1081.239047
1789853170,1,-116.682196,51.252076,0.000000,4.748651,28.570076,114.178642,1,0,1085.703735
1789853174,1,-116.683464,51.252730,0.000000,4.748651,28.666828,114.609902,1,0,1090.805044
1789853178,1,-116.684749,51.253376,0.000000,4.748651,28.814335,114.970885,1,0,1095.796283
1789853182,1,-116.686437,51.254134,0.000000,4.748651,29.130569,144.938882,1,0,1099.623800
1789853186,1,-116.687869,51.254673,0.000000,4.748651,29.229679,116.601352,1,0,1100.898727
1789853190,1,-116.689356,51.255152,0.000000,4.748651,29.241939,116.715147,1,0,1100.236521
1789853195,1,-116.691263,51.255683,0.000000,4.748651,29.132943,145.682168,1,0,1098.445937
1789853199,1,-116.692791,51.256090,0.000000,4.748652,28.871915,115.910806,1,0,1097.339942
1789853203,1,-116.694300,51.256494,0.000000,4.748652,28.530065,114.559279,1,0,1096.261301
1789853208,1,-116.696182,51.256992,0.000000,4.748652,28.659072,142.621719,1,0,1094.977314
1789853212,1,-116.697699,51.257396,0.000000,4.748652,28.760209,115.073269,1,0,1094.505901
1789853217,1,-116.699589,51.257904,0.000000,4.748652,28.703013,143.557255,1,0,1095.044706
1789853222,1,-116.701506,51.258375,0.000000,4.748651,28.827682,143.740311,1,0,1096.458615
1789853226,1,-116.703115,51.258616,0.000000,4.748651,28.923634,115.496977,1,0,1097.123677
1789853231,1,-116.705171,51.258706,0.000000,4.748651,28.852444,143.899169,1,0,1097.945797
1789853235,1,-116.706825,51.258671,0.000000,4.748651,28.831095,115.548232,1,0,1099.200547
1789853240,1,-116.708887,51.258631,0.000000,4.748651,28.874678,144.038041,1,0,1101.534189
1789853245,1,-116.710949,51.258712,0.000000,4.748652,28.851368,144.251163,1,0,1104.115527
1789853250,1,-116.712959,51.259011,0.000000,4.748652,28.882303,144.228569,1,0,1106.719203
1789853255,1,-116.714560,51.259277,0.000000,4.748652,28.960310,115.634542,1,0,1108.823613
1789853260,1,-116.716569,51.259613,0.000000,4.748651,29.085555,145.166169,1,0,1109.203303
1789853264,1,-116.718182,51.259880,0.000000,4.748651,29.219915,116.473016,1,0,1107.527964
1789853268,1,-116.719805,51.260152,0.000000,4.748651,29.384529,117.290545,1,0,1104.237789
1789853272,1,-116.721442,51.260386,0.000000,4.748651,29.221551,117.224023,1,0,1099.829362
1789853276,1,-116.723103,51.260467,0.000000,4.748651,29.360696,116.321025,1,0,1096.275893
1789853281,1,-116.725261,51.260486,0.000000,4.748651,30.320865,150.686709,1,0,1094.433350
1789853286,1,-116.727410,51.260679,0.000000,4.748651,30.430265,151.572542,1,0,1092.149330
1789853291,1,-116.729467,51.261138,0.000000,4.748652,30.653016,152.431071,1,0,1088.054774
1789853294,1,-116.731013,51.261656,0.000000,4.748652,30.548530,122.367003,1,0,1084.590933
1789853298,1,-116.732528,51.262194,0.000000,4.748652,30.095622,121.542542,1,0,1082.621846
1789853303,1,-116.734393,51.262856,0.000000,4.748651,30.135695,149.593788,1,0,1083.085929
1789853308,1,-116.736272,51.263527,0.000000,4.748651,30.139826,150.938139,1,0,1086.612972
1789853312,1,-116.737738,51.264104,0.000000,4.748651,30.229281,120.817011,1,0,1090.773980
1789853316,1,-116.739140,51.264746,0.000000,4.748651,30.279590,121.174339,1,0,1094.431755
1789853320,1,-116.740474,51.265440,0.000000,4.748651,30.223842,120.981993,1,0,1097.683527
1789853324,1,-116.741806,51.266138,0.000000,4.748651,30.282387,121.159443,1,0,1100.804122
1789853328,1,-116.743134,51.266838,0.000000,4.748651,30.260236,121.088336,1,0,1103.461255
1789853332,1,-116.744463,51.267540,0.000000,4.748651,30.277294,121.277914,1,0,1106.116697
1789853336,1,-116.745789,51.268236,0.000000,4.748651,30.100345,120.688351,1,0,1109.930641
1789853340,1,-116.747108,51.268930,0.000000,4.748651,30.071009,120.170943,1,0,1114.621597
1789853344,1,-116.748434,51.269623,0.000000,4.748651,30.151084,120.474582,1,0,1119.473207
1789853348,1,-116.749758,51.270322,0.000000,4.748651,30.237199,120.796243,1,0,1124.312260
1789853352,1,-116.751110,51.271008,0.000000,4.748651,30.397495,121.383421,1,0,1128.003822
1789853356,1,-116.752549,51.271631,0.000000,4.748651,30.600369,122.049514,1,0,1129.146869
1789853360,1,-116.754096,51.272151,0.000000,4.748651,30.693131,122.514682,1,0,1128.549932
1789853364,1,-116.755714,51.272576,0.000000,4.748651,30.679692,122.435381,1,0,1126.032998
1789853369,1,-116.757813,51.272984,0.000000,4.748651,30.744402,153.379342,1,0,1122.289548
1789853373,1,-116.759463,51.273301,0.000000,4.748651,29.765500,120.447702,1,0,1121.529821
1789853379,1,-116.761489,51.273680,0.000000,4.748651,29.550751,147.565615,1,0,1124.519707
1789853383,1,-116.763143,51.273937,0.000000,4.748651,29.898064,118.935400,1,0,1128.511255
1789853388,1,-116.765254,51.274219,0.000000,4.748651,30.257067,150.648350,1,0,1132.667377
1789853392,1,-116.766861,51.274614,0.000000,4.748651,30.187020,120.470079,1,0,1137.040937
1789853396,1,-116.768305,51.275192,0.000000,4.748652,30.152061,119.561402,1,0,1140.619796
1789853401,1,-116.769913,51.276112,0.000000,4.748652,30.315629,151.910510,1,0,1143.599315
1789853405,1,-116.771329,51.276752,0.000000,4.748652,30.423707,121.818874,1,0,1143.711750
1789853410,1,-116.773342,51.277279,0.000000,4.748652,30.549908,152.250420,1,0,1142.268091
1789853413,1,-116.775065,51.277489,0.000000,4.748651,30.750196,122.498851,1,0,1139.166509
1789853417,1,-116.776775,51.277750,0.000000,4.748651,30.724626,122.825068,1,0,1134.845081
1789853421,1,-116.778354,51.278216,0.000000,4.748652,30.480546,121.789537,1,0,1130.287522
1789853425,1,-116.779739,51.278872,0.000000,4.748652,30.352177,121.125814,1,0,1125.834770
1789853430,1,-116.781208,51.279857,0.000000,4.748652,29.953489,150.079595,1,0,1120.981832
1789853435,1,-116.782884,51.280706,0.000000,4.748652,30.295995,150.354458,1,0,1115.659526
1789853439,1,-116.784456,51.281180,0.000000,4.748651,30.537905,121.730359,1,0,1111.523181
1789853444,1,-116.786596,51.281500,0.000000,4.748651,30.806380,153.537411,1,0,1105.565953
1789853448,1,-116.788336,51.281667,0.000000,4.748651,30.561896,122.848755,1,0,1101.094357
1789853452,1,-116.790070,51.281830,0.000000,4.748651,30.602909,122.367988,1,0,1095.523698
1789853456,1,-116.791809,51.281963,0.000000,4.748651,30.639034,122.264175,1,0,1089.704387
1789853461,1,-116.794001,51.281883,0.000000,4.748651,30.741903,153.238765,1,0,1080.864090
1789853466,1,-116.796122,51.281528,0.000000,4.748651,30.616790,153.204723,1,0,1071.039961
1789853470,1,-116.797796,51.281206,0.000000,4.748651,30.339455,122.199144,1,0,1063.345038
1789853475,1,-116.799804,51.280735,0.000000,4.748651,29.795562,149.617471,1,0,1055.442739
1789853480,1,-116.801605,51.280028,0.000000,4.748651,29.778185,148.280713,1,0,1046.068742
1789853485,1,-116.803435,51.279287,0.000000,4.748651,30.597644,152.018215,1,0,1037.236380
1789853490,1,-116.805421,51.278722,0.000000,4.748651,30.172543,152.193883,1,0,1027.736283
1789853494,1,-116.807103,51.278534,0.000000,4.748651,29.627893,119.235284,1,0,1020.063202
1789853498,1,-116.808810,51.278588,0.000000,4.748651,30.052730,119.281916,1,0,1012.197023
1789853502,1,-116.810493,51.278873,0.000000,4.748652,30.584372,121.661166,1,0,1004.805050
1789853507,1,-116.812044,51.279395,0.000000,4.748652,30.684878,122.842410,1,0,997.744362
1789853511,1,-116.813362,51.280118,0.000000,4.748651,30.573865,122.199540,1,0,990.038154
1789853515,1,-116.814457,51.280968,0.000000,4.748651,30.402157,121.594727,1,0,982.984559
1789853520,1,-116.815804,51.282034,0.000000,4.748651,30.302490,151.348884,1,0,973.579585
1789853524,1,-116.817146,51.283102,0.000000,4.748651,30.244141,151.300461,1,0,964.892289
1789853528,1,-116.818299,51.283907,0.000000,4.748651,30.111293,120.402110,1,0,957.820562
1789853533,1,-116.819973,51.284760,0.000000,4.748652,30.242878,150.512105,1,0,947.923532
1789853537,1,-116.821354,51.285417,0.000000,4.748652,30.258463,120.958286,1,0,940.656933
1789853542,1,-116.823003,51.286303,0.000000,4.748652,30.354120,151.524793,1,0,931.333495
1789853546,1,-116.824242,51.287062,0.000000,4.748652,30.031308,120.861325,1,0,925.429455
1789853550,1,-116.825568,51.287725,0.000000,4.748652,29.547622,118.330534,1,0,921.778525
1789853554,1,-116.827088,51.288183,0.000000,4.748651,29.488728,117.663905,1,0,919.382431
1789853559,1,-116.829141,51.288585,0.000000,4.748651,30.237669,150.065765,1,0,916.192603
1789853564,1,-116.831074,51.289159,0.000000,4.748651,29.743620,149.229818,1,0,916.042567
1789853569,1,-116.833100,51.289556,0.000000,4.748651,29.511489,148.101650,1,0,915.566442
1789853573,1,-116.834779,51.289709,0.000000,4.748651,29.889650,118.379621,1,0,917.494110
1789853577,1,-116.836419,51.290006,0.000000,4.748651,29.910413,119.104482,1,0,921.407598
1789853581,1,-116.838067,51.290311,0.000000,4.748651,30.020165,119.889850,1,0,924.630436
1789853585,1,-116.839760,51.290430,0.000000,4.748651,29.850526,118.865885,1,0,926.843982
1789853589,1,-116.841472,51.290623,0.000000,4.748651,30.378638,121.366853,1,0,927.683122
1789853593,1,-116.843004,51.291082,0.000000,4.748651,29.307569,118.467185,1,0,926.874510
1789853598,1,-116.844700,51.291855,0.000000,4.748651,30.061492,146.291733,1,0,924.257543
1789853603,1,-116.846471,51.292674,0.000000,4.748651,30.840101,153.527164,1,0,918.671099
1789853608,1,-116.848339,51.293398,0.000000,4.748651,30.636483,153.211409,1,0,911.269626
1789853613,1,-116.850345,51.293950,0.000000,4.748651,30.787405,152.834845,1,0,901.533594
1789853617,1,-116.851851,51.294499,0.000000,4.748651,29.948337,121.534694,1,0,897.248119
1789853621,1,-116.853267,51.295077,0.000000,4.748651,29.265576,117.878462,1,0,896.709677
1789853625,1,-116.854613,51.295631,0.000000,4.748651,27.340379,112.329608,1,0,899.206977
1789853631,1,-116.856152,51.296223,0.000000,4.748651,23.776535,125.965173,1,0,905.268451
1789853634,1,-116.857375,51.296646,0.000000,4.748651,25.434426,97.444311,1,0,911.105301
1789853638,1,-116.858732,51.297132,0.000000,4.748651,28.265286,109.028174,1,0,918.329247
1789853642,1,-116.860191,51.297654,0.000000,4.748651,29.610249,117.184417,1,0,927.125035
1789853646,1,-116.861637,51.298230,0.000000,4.748651,29.955440,119.509630,1,0,936.032022
1789853650,1,-116.863092,51.298806,0.000000,4.748652,29.975474,120.040175,1,0,945.053858
1789853654,1,-116.864481,51.299442,0.000000,4.748652,29.999653,119.985956,1,0,953.845217
1789853659,1,-116.866014,51.300397,0.000000,4.748652,30.133923,150.758199,1,0,964.505462
1789853663,1,-116.867127,51.301222,0.000000,4.748652,29.977263,120.229474,1,0,973.621611
1789853667,1,-116.868217,51.302057,0.000000,4.748652,29.944911,120.058851,1,0,982.892727
1789853672,1,-116.869463,51.303158,0.000000,4.748652,30.186417,150.206215,1,0,994.566691
1789853677,1,-116.870834,51.304225,0.000000,4.748652,30.711213,152.449501,1,0,1002.487951
1789853682,1,-116.872473,51.305152,0.000000,4.748652,30.762702,153.977831,1,0,1005.524367
1789853687,1,-116.874315,51.305894,0.000000,4.748652,30.427817,152.722694,1,0,1007.286598
1789853691,1,-116.875934,51.306220,0.000000,4.748652,29.410897,118.610064,1,0,1008.345165
1789853696,1,-116.878044,51.306248,0.000000,4.748651,29.744173,147.207733,1,0,1007.232122
1789853700,1,-116.879688,51.305979,0.000000,4.748651,29.682672,118.512901,1,0,1006.221330
1789853705,1,-116.881685,51.305455,0.000000,4.748651,30.510605,151.003704,1,0,1003.731047
1789853709,1,-116.883360,51.305107,0.000000,4.748652,30.862998,123.082754,1,0,999.026915
1789853714,1,-116.885506,51.304984,0.000000,4.748652,29.785707,150.309918,1,0,992.689170
1789853718,1,-116.887222,51.304995,0.000000,4.748652,29.995163,119.698766,1,0,987.748404
1789853722,1,-116.888946,51.304979,0.000000,4.748652,30.147134,120.263613,1,0,984.172760
1789853726,1,-116.890650,51.304784,0.000000,4.748651,30.325535,120.819662,1,0,979.651843
1789853731,1,-116.892597,51.304200,0.000000,4.748651,29.975967,150.551034,1,0,974.093380
1789853735,1,-116.893924,51.303516,0.000000,4.748651,30.083607,119.832511,1,0,967.967024
1789853740,1,-116.895559,51.302628,0.000000,4.748651,30.225318,150.893202,1,0,960.316623
1789853744,1,-116.897077,51.302100,0.000000,4.748652,30.288918,121.088905,1,0,954.028868
1789853749,1,-116.899190,51.301782,0.000000,4.748652,30.356314,151.570776,1,0,949.823067
1789853753,1,-116.900911,51.301727,0.000000,4.748652,29.824282,120.196392,1,0,948.514933
1789853757,1,-116.902599,51.301549,0.000000,4.748651,30.168322,119.392977,1,0,945.658150
1789853761,1,-116.904228,51.301138,0.000000,4.748651,30.994213,122.481418,1,0,940.772390
1789853765,1,-116.905712,51.300526,0.000000,4.748651,30.933484,123.901066,1,0,933.461900
1789853770,1,-116.907454,51.299700,0.000000,4.748651,30.221575,152.350729,1,0,924.939989
1789853774,1,-116.908862,51.299087,0.000000,4.748651,29.892949,119.571149,1,0,917.840168
1789853779,1,-116.910822,51.298577,0.000000,4.748652,29.479580,148.020119,1,0,911.266664
1789853784,1,-116.912929,51.298450,0.000000,4.748652,29.910770,147.641054,1,0,905.408092
1789853789,1,-116.915047,51.298690,0.000000,4.748652,30.096568,150.124618,1,0,901.097146
1789853793,1,-116.916705,51.298935,0.000000,4.748652,29.391773,118.815042,1,0,901.566409
1789853797,1,-116.918406,51.298986,0.000000,4.748651,29.735970,118.780246,1,0,902.976659
1789853802,1,-116.920106,51.298850,0.000000,4.748651,30.050646,119.536630,1,0,905.814440
1789853805,1,-116.921822,51.298754,0.000000,4.748651,30.015491,120.166665,1,0,908.556859
1789853810,1,-116.923971,51.298903,0.000000,4.748652,30.286035,150.806862,1,0,911.563889
1789853814,1,-116.925715,51.298895,0.000000,4.748651,30.340124,121.647301,1,0,912.498980
1789853818,1,-116.927447,51.298776,0.000000,4.748652,30.557223,121.530525,1,0,911.193308
1789853822,1,-116.929180,51.298857,0.000000,4.748652,30.049339,121.212294,1,0,908.060244
1789853827,1,-116.931172,51.299298,0.000000,4.748652,29.247511,147.352409,1,0,906.550827
1789853831,1,-116.932789,51.299612,0.000000,4.748652,29.632698,118.073420,1,0,908.292411
1789853835,1,-116.934472,51.299795,0.000000,4.748651,29.802692,119.142205,1,0,911.861699
1789853840,1,-116.936470,51.300254,0.000000,4.748652,29.774897,148.424467,1,0,916.824969
1789853845,1,-116.938364,51.300867,0.000000,4.748652,29.176009,148.676101,1,0,919.762589
1789853850,1,-116.940342,51.301141,0.000000,4.748651,28.272739,141.294221,1,0,919.388495
1789853855,1,-116.942279,51.301118,0.000000,4.748651,25.739505,135.130164,1,0,916.837443
1789853859,1,-116.943704,51.301206,0.000000,4.748651,24.778499,99.874986,1,0,913.355798
1789853863,1,-116.945072,51.301463,0.000000,4.748651,24.819730,99.611007,1,0,909.443126
1789853867,1,-116.946345,51.301754,0.000000,4.748651,22.164407,94.511398,1,0,905.619888
1789853872,1,-116.947787,51.302023,0.000000,4.748651,20.119504,104.938637,1,0,902.206716
1789853878,1,-116.949444,51.302085,0.000000,4.748651,19.156563,115.781312,1,0,900.779369
1789853883,1,-116.950810,51.301955,0.000000,4.748651,19.462792,96.370133,1,0,898.655216
1789853888,1,-116.952147,51.301673,0.000000,4.748651,19.907099,98.392997,1,0,894.484153
1789853893,1,-116.953479,51.301364,0.000000,4.748652,19.784499,99.064658,1,0,889.432575
1789853898,1,-116.954821,51.301083,0.000000,4.748651,19.645084,98.688134,1,0,883.559951
1789853903,1,-116.956172,51.300827,0.000000,4.748652,19.634850,98.443029,1,0,877.698572
1789853909,1,-116.957800,51.300559,0.000000,4.748652,19.572070,117.402656,1,0,870.691036
1789853914,1,-116.959176,51.300363,0.000000,4.748652,19.779855,98.422012,1,0,863.793365
1789853920,1,-116.960869,51.300319,0.000000,4.748652,19.717174,118.187260,1,0,854.081491
1789853925,1,-116.962225,51.300549,0.000000,4.748652,19.784645,97.981328,1,0,845.595335
1789853931,1,-116.963544,51.301199,0.000000,4.748652,19.798530,117.024451,1,0,835.543756
1789853937,1,-116.964218,51.302167,0.000000,4.748652,19.755845,117.520354,1,0,826.092273
1789853942,1,-116.964561,51.303032,0.000000,4.748652,19.726240,99.175973,1,0,818.306535
1789853948,1,-116.964633,51.304084,0.000000,4.748652,19.515145,117.161891,1,0,808.798468
1789853953,1,-116.964526,51.304977,0.000000,4.748652,20.368906,99.642333,1,0,804.010577
1789853958,1,-116.964639,51.305864,0.000000,4.748652,18.298083,198.057703,1,0,802.222171
1789853963,1,-116.965033,51.306575,0.000000,4.748652,16.578407,83.748735,1,0,801.031057
1789853968,1,-116.965712,51.307249,0.000000,4.748651,17.985444,88.696759,1,0,799.924476
1789853974,1,-116.966645,51.308024,0.000000,4.748652,17.952388,108.027796,1,0,798.466735
1789853979,1,-116.967424,51.308666,0.000000,4.748652,17.947247,89.746331,1,0,797.837773
1789853984,1,-116.968206,51.309305,0.000000,4.748652,17.914551,89.608041,1,0,797.267996
1789853990,1,-116.969128,51.310070,0.000000,4.748652,17.685895,106.677507,1,0,797.423673
1789853996,1,-116.970049,51.310822,0.000000,4.748652,17.542750,105.484458,1,0,798.450186
1789854002,1,-116.970986,51.311575,0.000000,4.748652,17.794030,106.255354,1,0,800.038233
1789854007,1,-116.971724,51.312232,0.000000,4.748652,17.968342,89.404305,1,0,800.804548
1789854012,1,-116.972286,51.312952,0.000000,4.748652,17.906060,89.185181,1,0,802.059981
1789854017,1,-116.972636,51.313729,0.000000,4.748652,17.975638,89.834483,1,0,802.765334
1789854023,1,-116.972942,51.314687,0.000000,4.748652,18.334527,108.709818,1,0,801.980259
1789854028,1,-116.973201,51.315491,0.000000,4.748652,18.088893,91.264627,1,0,800.419034
1789854033,1,-116.973469,51.316282,0.000000,4.748652,17.298758,89.975439,1,0,798.368118
1789854039,1,-116.973692,51.317101,0.000000,4.748652,14.112461,92.445914,1,0,794.925315
1789854045,1,-116.973964,51.317821,0.000000,4.748652,13.399913,82.327409,1,0,793.663302
1789854051,1,-116.974136,51.318352,0.000000,4.748652,6.110204,60.288298,1,0,792.056313
1789854067,1,-116.974899,51.317694,0.000000,39.243938,-1.000000,90.502556,1,0,791.810000
1789854100,1,-116.975215,51.317990,0.000000,4.748652,1.784410,39.625928,1,0,795.256204
1789854288,1,-116.974324,51.317791,0.000000,48.811059,-1.000000,65.954000,1,0,789.132217
1789854303,1,-116.974191,51.317028,0.000000,64.954064,-1.000000,85.402602,1,0,794.822375
1789854337,1,-116.974005,51.315879,0.000000,36.524901,-1.000000,213.904295,1,0,792.802566
1789854365,1,-116.973571,51.314807,0.000000,81.872678,-1.000000,123.058325,1,0,798.982635
1789854378,1,-116.973764,51.315392,0.000000,20.424520,-1.000000,66.468459,1,0,796.650165
1789854537,1,-116.973776,51.315710,0.000000,26.786428,0.745706,35.393346,1,0,850.764689
1789854667,1,-116.973690,51.314944,0.000000,21.635114,-1.000000,85.442552,1,0,800.762648
1789857013,1,-116.973597,51.315527,0.000000,4.748651,7.787247,65.192729,1,0,799.559926
1789857036,1,-116.973876,51.316458,0.000000,4.748651,9.995211,105.401574,1,0,797.215583
1789857044,1,-116.974118,51.317244,0.000000,4.748651,10.801641,89.069764,1,0,795.503297
1789857051,1,-116.974452,51.317873,0.000000,4.748651,10.012586,73.760675,1,0,794.580650
1789857059,1,-116.974692,51.318359,0.000000,4.748651,6.224091,56.606428,1,0,792.781143
1789857090,1,-116.974264,51.319127,0.000000,4.748651,15.552220,90.515027,1,0,789.662748
1789857095,1,-116.974550,51.320045,0.000000,4.748651,22.620752,104.072551,1,0,788.923963
1789857099,1,-116.974823,51.320822,0.000000,4.748651,21.992736,88.526061,1,0,788.393597
1789857105,1,-116.975419,51.321954,0.000000,4.748651,22.909415,132.633909,1,0,788.079693
1789857110,1,-116.976330,51.322933,0.000000,4.748650,26.871968,126.095474,1,0,787.618981
1789857115,1,-116.977655,51.323848,0.000000,4.748650,27.481944,137.473238,1,0,786.974742
1789857119,1,-116.978760,51.324556,0.000000,4.748650,27.404061,110.186057,1,0,786.863186
1789857123,1,-116.979856,51.325254,0.000000,4.748651,27.081401,108.952346,1,0,788.638848
1789857127,1,-116.980953,51.325955,0.000000,4.748651,27.275771,109.239398,1,0,793.000978
1789857132,1,-116.982297,51.326850,0.000000,4.748650,27.439555,136.737890,1,0,797.727135
1789857136,1,-116.983304,51.327614,0.000000,4.748651,27.617521,110.247499,1,0,799.607590
1789857141,1,-116.984761,51.328456,0.000000,4.748651,27.657093,138.180480,1,0,801.089927
1789857145,1,-116.985977,51.329088,0.000000,4.748651,27.556392,110.140618,1,0,802.225434
1789857149,1,-116.987010,51.329834,0.000000,4.748651,27.604905,109.889842,1,0,803.153377
1789857153,1,-116.987975,51.330619,0.000000,4.748651,27.487452,110.248637,1,0,804.006563
1789857158,1,-116.989187,51.331596,0.000000,4.748651,27.475486,137.682082,1,0,805.007793
1789857162,1,-116.990122,51.332395,0.000000,4.748651,27.604407,110.233622,1,0,804.945284
1789857166,1,-116.990825,51.333283,0.000000,4.748651,27.559466,110.290293,1,0,804.613833
1789857171,1,-116.991572,51.334432,0.000000,4.748651,27.696496,138.044287,1,0,803.888287
1789857175,1,-116.992374,51.335286,0.000000,4.748651,27.528554,110.247811,1,0,803.344040
1789857179,1,-116.993093,51.336154,0.000000,4.748651,27.188702,108.810288,1,0,803.918121
1789857184,1,-116.993826,51.337292,0.000000,4.748651,27.399571,136.541524,1,0,807.034471
1789857188,1,-116.994403,51.338209,0.000000,4.748651,27.484980,109.672712,1,0,808.619453
1789857193,1,-116.995136,51.339360,0.000000,4.748651,27.606708,137.884095,1,0,809.794722
1789857197,1,-116.995733,51.340284,0.000000,4.748651,27.735404,110.913121,1,0,809.710241
1789857201,1,-116.996326,51.341206,0.000000,4.748651,27.601487,110.602382,1,0,809.190362
1789857206,1,-116.997063,51.342353,0.000000,4.748651,27.544878,137.572617,1,0,807.253446
1789857211,1,-116.997794,51.343504,0.000000,4.748651,27.506602,137.830480,1,0,805.658215
1789857216,1,-116.998378,51.344423,0.000000,4.748651,27.459862,110.057651,1,0,803.966775
1789857220,1,-116.998947,51.345345,0.000000,4.748651,27.396751,109.986660,1,0,803.177242
1789857225,1,-116.999549,51.346497,0.000000,4.748651,26.749676,134.872563,1,0,804.285666
1789857229,1,-117.000015,51.347427,0.000000,4.748651,27.223314,108.455275,1,0,806.597743
1789857234,1,-117.000599,51.348601,0.000000,4.748652,27.375461,136.821637,1,0,809.887940
1789857239,1,-117.001278,51.349759,0.000000,4.748651,27.471561,137.261852,1,0,812.349469
1789857243,1,-117.002067,51.350616,0.000000,4.748651,27.735159,110.071554,1,0,811.671555
1789857247,1,-117.002924,51.351463,0.000000,4.748651,27.873057,111.571698,1,0,809.842150
1789857252,1,-117.004054,51.352499,0.000000,4.748651,27.687140,139.595678,1,0,806.391122
1789857256,1,-117.005000,51.353280,0.000000,4.748651,27.020833,109.069472,1,0,805.360169
1789857260,1,-117.005896,51.354074,0.000000,4.748651,27.170992,108.178309,1,0,804.292564
1789857264,1,-117.006602,51.354949,0.000000,4.748651,27.404920,109.081117,1,0,804.020196
1789857268,1,-117.007230,51.355856,0.000000,4.748651,27.537762,109.998071,1,0,804.060824
1789857272,1,-117.007878,51.356788,0.000000,4.748651,28.908983,113.104684,1,0,804.384051
1789857276,1,-117.008553,51.357735,0.000000,4.748651,28.921730,115.388645,1,0,803.605437
1789857281,1,-117.009649,51.358841,0.000000,4.748651,29.119021,144.826033,1,0,802.209427
1789857285,1,-117.010591,51.359702,0.000000,4.748651,28.956541,116.124240,1,0,800.614598
1789857290,1,-117.011749,51.360775,0.000000,4.748651,28.594137,144.092116,1,0,799.084451
1789857295,1,-117.012731,51.361888,0.000000,4.748651,28.302421,141.481980,1,0,799.922965
1789857299,1,-117.013332,51.362844,0.000000,4.748651,28.463401,114.315059,1,0,802.893921
1789857304,1,-117.014099,51.364040,0.000000,4.748651,28.738428,143.402595,1,0,808.351059
1789857308,1,-117.014873,51.364946,0.000000,4.748651,28.363479,114.322097,1,0,810.055403
1789857312,1,-117.015603,51.365860,0.000000,4.748651,28.420494,113.704466,1,0,809.707267
1789857317,1,-117.016273,51.367044,0.000000,4.748651,27.623058,139.765413,1,0,807.070607
1789857322,1,-117.016835,51.368189,0.000000,4.748651,25.872647,133.281057,1,0,802.967088
1789857326,1,-117.017440,51.369017,0.000000,4.748651,25.310929,101.310221,1,0,799.696150
1789857330,1,-117.018027,51.369849,0.000000,4.748651,24.870847,101.202142,1,0,796.824763
1789857334,1,-117.018426,51.370695,0.000000,4.748651,24.563821,98.150233,1,0,794.537611
1789857338,1,-117.018750,51.371534,0.000000,4.748651,23.332633,96.043620,1,0,792.719657
1789857343,1,-117.019505,51.372409,0.000000,4.748651,21.835085,110.654139,1,0,792.027227
1789857347,1,-117.020230,51.373063,0.000000,4.748651,21.951313,88.570849,1,0,790.884753
1789857353,1,-117.020764,51.374149,0.000000,4.748651,20.492079,126.431535,1,0,791.065638
1789857358,1,-117.020660,51.375069,0.000000,4.748651,20.749963,102.623581,1,0,791.343202
1789857363,1,-117.020485,51.376008,0.000000,4.748652,21.150158,105.190204,1,0,791.680199
1789857368,1,-117.020518,51.377018,0.000000,4.748652,23.392118,319.690813,1,0,793.803543
1789857373,1,-117.020888,51.378093,0.000000,4.748652,24.977433,122.358005,1,0,796.336567
1789857377,1,-117.021372,51.378937,0.000000,4.748651,25.034951,99.776083,1,0,798.088016
1789857381,1,-117.021903,51.379804,0.000000,4.748651,25.946259,103.314193,1,0,800.496964
1789857386,1,-117.022569,51.380912,0.000000,4.748651,26.544223,131.720965,1,0,802.982670
1789857391,1,-117.023244,51.382047,0.000000,4.748651,26.877326,134.754385,1,0,803.568408
1789857396,1,-117.023892,51.383100,0.000000,4.748651,24.050113,125.553866,1,0,801.528905
1789857401,1,-117.024652,51.384014,0.000000,4.748651,22.598799,114.643647,1,0,797.861877
1789857406,1,-117.025322,51.384980,0.000000,4.748651,24.104923,117.173244,1,0,793.197047
1789857410,1,-117.025626,51.385848,0.000000,4.748651,25.064590,98.874074,1,0,789.038969
1789857415,1,-117.026010,51.386929,0.000000,4.748651,24.226288,123.217921,1,0,784.586098
1789857419,1,-117.026299,51.387767,0.000000,4.748651,23.449152,95.389813,1,0,783.713606
1789857424,1,-117.026650,51.388807,0.000000,4.748651,24.278750,118.272138,1,0,782.977399
1789857429,1,-117.027021,51.389876,0.000000,4.748651,24.461419,121.718989,1,0,782.534301
1789857434,1,-117.027391,51.390947,0.000000,4.748651,24.232512,121.921738,1,0,782.703543
1789857438,1,-117.027696,51.391795,0.000000,4.748651,24.146611,96.716183,1,0,783.273980
1789857442,1,-117.028066,51.392601,0.000000,4.748651,23.140895,93.308531,1,0,784.519055
1789857446,1,-117.028564,51.393429,0.000000,4.748651,25.969396,98.437578,1,0,785.727744
1789857450,1,-117.029245,51.394298,0.000000,4.748651,26.662848,107.689058,1,0,787.757980
1789857454,1,-117.030048,51.395159,0.000000,4.748651,28.443165,110.918603,1,0,789.480143
1789857459,1,-117.031105,51.396274,0.000000,4.748651,28.825284,144.244223,1,0,791.929664
1789857463,1,-117.031963,51.397170,0.000000,4.748651,28.978774,116.219691,1,0,792.299745
1789857467,1,-117.032823,51.398068,0.000000,4.748651,29.152495,116.478579,1,0,790.958851
1789857472,1,-117.033905,51.399198,0.000000,4.748651,29.258900,146.564447,1,0,787.008487
1789857476,1,-117.034736,51.400076,0.000000,4.748651,27.830127,113.533604,1,0,784.015552
1789857481,1,-117.035756,51.401140,0.000000,4.748651,27.637159,138.046723,1,0,781.537565
1789857486,1,-117.036791,51.402220,0.000000,4.748651,28.122549,140.110469,1,0,780.879529
1789857490,1,-117.037625,51.403086,0.000000,4.748651,27.971973,112.491017,1,0,780.874006
1789857494,1,-117.038441,51.403936,0.000000,4.748651,27.380401,110.319713,1,0,780.525049
1789857499,1,-117.039438,51.404976,0.000000,4.748651,26.677776,134.929277,1,0,780.508465
1789857503,1,-117.040222,51.405791,0.000000,4.748651,26.437014,105.834499,1,0,780.429977
1789857507,1,-117.040997,51.406610,0.000000,4.748652,26.532771,105.895707,1,0,780.482050
1789857512,1,-117.041978,51.407638,0.000000,4.748651,26.734327,133.211750,1,0,780.416887
1789857516,1,-117.042776,51.408467,0.000000,4.748651,27.092817,107.668327,1,0,780.437359
1789857520,1,-117.043577,51.409311,0.000000,4.748651,27.450240,109.208054,1,0,780.870818
1789857525,1,-117.044601,51.410374,0.000000,4.748651,27.717791,138.086596,1,0,782.936167
1789857530,1,-117.045638,51.411453,0.000000,4.748651,28.354170,140.078500,1,0,784.375338
1789857534,1,-117.046483,51.412337,0.000000,4.748651,28.850446,114.598887,1,0,784.481584
1789857538,1,-117.047343,51.413231,0.000000,4.748651,28.934957,116.086876,1,0,783.660504
1789857543,1,-117.048408,51.414341,0.000000,4.748651,28.779638,144.034901,1,0,783.885567
1789857548,1,-117.049460,51.415443,0.000000,4.748651,28.269001,142.806585,1,0,785.906904
1789857552,1,-117.050274,51.416302,0.000000,4.748651,27.606255,111.102290,1,0,788.754264
1789857557,1,-117.051269,51.417359,0.000000,4.748651,27.220216,136.476978,1,0,791.648104
1789857562,1,-117.052255,51.418404,0.000000,4.748651,26.865508,135.004937,1,0,792.243775
1789857567,1,-117.053248,51.419452,0.000000,4.748651,27.424298,135.540127,1,0,790.500278
1789857571,1,-117.054060,51.420316,0.000000,4.748651,28.085709,111.507629,1,0,788.738700
1789857576,1,-117.055086,51.421409,0.000000,4.748651,28.088119,141.019372,1,0,786.809088
1789857580,1,-117.055921,51.422257,0.000000,4.748651,27.382821,110.806880,1,0,787.671067
1789857585,1,-117.056883,51.423281,0.000000,4.748651,25.903649,132.140582,1,0,789.529069
1789857589,1,-117.057638,51.424072,0.000000,4.748651,25.538267,102.494948,1,0,791.039423
1789857594,1,-117.058564,51.425042,0.000000,4.748651,24.692065,125.694385,1,0,792.599386
1789857599,1,-117.059437,51.425952,0.000000,4.748651,22.817655,118.072309,1,0,793.396877
1789857603,1,-117.060082,51.426623,0.000000,4.748651,21.101151,87.108041,1,0,794.224669
1789857608,1,-117.060814,51.427389,0.000000,4.748651,19.083669,99.286349,1,0,794.388668
1789857613,1,-117.061590,51.428056,0.000000,4.748651,18.008289,91.770392,1,0,794.565856
1789857618,1,-117.062539,51.428617,0.000000,4.748651,18.461361,90.852068,1,0,795.163437
1789857624,1,-117.063801,51.429297,0.000000,4.748651,19.853594,115.891929,1,0,795.033234
1789857629,1,-117.064924,51.429889,0.000000,4.748652,20.918450,102.181362,1,0,794.344535
1789857634,1,-117.066110,51.430510,0.000000,4.748651,22.039822,107.612218,1,0,792.320143
1789857638,1,-117.067121,51.431026,0.000000,4.748651,23.114012,90.785506,1,0,790.483012
1789857642,1,-117.068177,51.431561,0.000000,4.748651,23.798216,94.547806,1,0,788.081191
1789857646,1,-117.069232,51.432098,0.000000,4.748651,23.481151,94.634100,1,0,786.391662
1789857651,1,-117.070498,51.432758,0.000000,4.748651,22.462655,114.657879,1,0,784.775629
1789857656,1,-117.071740,51.433419,0.000000,4.748651,23.547480,113.453098,1,0,784.494011
1789857660,1,-117.072838,51.434002,0.000000,4.748651,25.810044,100.200917,1,0,785.413239
1789857665,1,-117.074302,51.434801,0.000000,4.748651,27.528228,135.174553,1,0,788.486523
1789857669,1,-117.075425,51.435491,0.000000,4.748651,27.122455,109.522962,1,0,791.606551
1789857674,1,-117.076765,51.436386,0.000000,4.748651,27.485380,136.395381,1,0,795.735527
1789857678,1,-117.077848,51.437110,0.000000,4.748651,27.629231,110.289091,1,0,798.802587
1789857682,1,-117.078932,51.437841,0.000000,4.748651,27.859710,110.901030,1,0,801.744395
1789857686,1,-117.080030,51.438577,0.000000,4.748651,28.085503,111.971450,1,0,803.521910
1789857690,1,-117.081130,51.439316,0.000000,4.748651,28.110419,112.310533,1,0,803.100568
1789857694,1,-117.082228,51.440057,0.000000,4.748651,28.098521,112.378994,1,0,801.073773
1789857698,1,-117.083337,51.440790,0.000000,4.748651,28.062249,112.251699,1,0,798.538390
1789857702,1,-117.084543,51.441452,0.000000,4.748651,27.880192,111.625180,1,0,796.340572
1789857707,1,-117.086082,51.442252,0.000000,4.748651,27.782150,139.208498,1,0,793.147382
1789857712,1,-117.087621,51.443054,0.000000,4.748651,27.846845,139.341591,1,0,789.739202
1789857717,1,-117.089164,51.443856,0.000000,4.748651,27.896641,139.555252,1,0,786.535635
1789857721,1,-117.090376,51.444489,0.000000,4.748651,27.120975,109.835033,1,0,786.382625
1789857725,1,-117.091565,51.445110,0.000000,4.748651,26.835048,107.751611,1,0,789.251894
1789857730,1,-117.093035,51.445915,0.000000,4.748651,27.511305,135.911235,1,0,794.572853
1789857734,1,-117.094061,51.446677,0.000000,4.748651,27.786176,110.810837,1,0,797.151177
1789857738,1,-117.094821,51.447563,0.000000,4.748651,28.096986,111.857182,1,0,798.114347
1789857742,1,-117.095522,51.448465,0.000000,4.748651,27.871093,111.574623,1,0,798.573682
1789857746,1,-117.096509,51.449218,0.000000,4.748651,26.838580,108.303001,1,0,798.599100
1789857750,1,-117.097626,51.449894,0.000000,4.748651,27.280661,108.117731,1,0,799.348922
1789857754,1,-117.098762,51.450583,0.000000,4.748651,27.617871,110.073099,1,0,800.128399
1789857758,1,-117.099914,51.451277,0.000000,4.748651,27.764910,111.259494,1,0,800.775961
1789857762,1,-117.101063,51.451977,0.000000,4.748651,27.912898,111.574475,1,0,801.289597
1789857766,1,-117.102212,51.452675,0.000000,4.748651,27.896697,111.419238,1,0,801.338584
1789857770,1,-117.103359,51.453379,0.000000,4.748651,27.870070,111.780224,1,0,802.336534
1789857774,1,-117.104532,51.454062,0.000000,4.748651,27.767975,111.470754,1,0,803.768217
1789857779,1,-117.106036,51.454884,0.000000,4.748651,27.697749,138.918646,1,0,805.685389
1789857783,1,-117.107217,51.455550,0.000000,4.748651,27.753310,110.602087,1,0,807.792562
1789857787,1,-117.108312,51.456273,0.000000,4.748651,27.756334,110.756822,1,0,809.820362
1789857791,1,-117.109414,51.456996,0.000000,4.748651,27.813238,111.091892,1,0,811.023547
1789857795,1,-117.110550,51.457704,0.000000,4.748651,27.952036,111.550032,1,0,811.141830
1789857800,1,-117.112059,51.458527,0.000000,4.748651,27.815176,139.245014,1,0,810.840334
1789857805,1,-117.113589,51.459320,0.000000,4.748651,27.459470,138.192999,1,0,810.689610
1789857810,1,-117.115044,51.460139,0.000000,4.748651,26.982226,136.141291,1,0,810.120062
1789857815,1,-117.116365,51.460983,0.000000,4.748652,25.179537,131.345932,1,0,809.580973
1789857820,1,-117.117529,51.461719,0.000000,4.748652,21.620487,115.125193,1,0,808.791791
1789857826,1,-117.118766,51.462516,0.000000,4.748652,19.925513,123.525481,1,0,808.206380
1789857832,1,-117.119973,51.463310,0.000000,4.748652,20.990660,121.834715,1,0,807.950094
1789857837,1,-117.121124,51.464010,0.000000,4.748651,23.236544,111.655676,1,0,807.795744
1789857841,1,-117.122114,51.464617,0.000000,4.748651,24.539947,96.419756,1,0,807.639251
1789857845,1,-117.123115,51.465248,0.000000,4.748651,24.828934,98.845565,1,0,807.249781
1789857849,1,-117.124129,51.465891,0.000000,4.748651,25.340950,100.430463,1,0,806.505602
1789857854,1,-117.125434,51.466725,0.000000,4.748651,26.185384,129.766103,1,0,805.695041
1789857858,1,-117.126503,51.467403,0.000000,4.748651,26.504155,105.887621,1,0,804.863379
1789857863,1,-117.127861,51.468233,0.000000,4.748652,26.320085,132.048369,1,0,803.224860
1789857868,1,-117.129305,51.468999,0.000000,4.748651,26.431383,131.666170,1,0,801.154048
1789857873,1,-117.130865,51.469691,0.000000,4.748652,26.735981,132.978205,1,0,798.373802
1789857878,1,-117.132458,51.470368,0.000000,4.748651,26.859388,133.908528,1,0,795.766508
1789857883,1,-117.134080,51.471048,0.000000,4.748652,27.357040,135.765262,1,0,793.145882
1789857888,1,-117.135724,51.471741,0.000000,4.748651,27.663293,137.841324,1,0,791.584010
1789857892,1,-117.137029,51.472323,0.000000,4.748651,27.940040,111.442313,1,0,790.305422
1789857896,1,-117.138276,51.472955,0.000000,4.748651,27.861017,111.599452,1,0,789.218598
1789857901,1,-117.139788,51.473774,0.000000,4.748651,27.735681,139.084657,1,0,788.302820
1789857905,1,-117.141042,51.474420,0.000000,4.748651,29.080995,112.962368,1,0,787.643564
1789857910,1,-117.142677,51.475309,0.000000,4.748651,30.241811,150.645377,1,0,786.924817
1789857915,1,-117.144142,51.476309,0.000000,4.748651,30.148477,150.815302,1,0,786.191702
1789857920,1,-117.145412,51.477410,0.000000,4.748651,30.254460,150.987298,1,0,785.727340
1789857924,1,-117.146440,51.478293,0.000000,4.748651,30.282815,121.472324,1,0,785.356149
1789857928,1,-117.147601,51.479105,0.000000,4.748651,30.231230,121.124169,1,0,784.492392
1789857932,1,-117.149025,51.479718,0.000000,4.748651,29.882745,120.176037,1,0,783.664038
1789857936,1,-117.150535,51.480242,0.000000,4.748651,30.106910,120.031496,1,0,782.453454
1789857940,1,-117.152428,51.480909,0.000000,4.748651,30.192099,151.025185,1,0,781.959571
1789857944,1,-117.153889,51.481496,0.000000,4.748651,30.048269,120.711729,1,0,781.157811
1789857948,1,-117.155281,51.482096,0.000000,4.748651,29.006465,117.524374,1,0,780.212369
1789857952,1,-117.156579,51.482735,0.000000,4.748651,28.544319,114.845471,1,0,779.705476
1789857956,1,-117.157828,51.483399,0.000000,4.748651,28.475406,113.967378,1,0,779.783220
1789857962,1,-117.159387,51.484224,0.000000,4.748651,28.278862,141.979903,1,0,781.003853
1789857967,1,-117.160995,51.484984,0.000000,4.748651,27.992391,140.113361,1,0,784.078544
1789857971,1,-117.162363,51.485515,0.000000,4.748651,27.925229,111.910345,1,0,786.080838
1789857976,1,-117.164165,51.486044,0.000000,4.748651,27.328777,138.340988,1,0,788.369393
1789857980,1,-117.165649,51.486337,0.000000,4.748651,26.798709,108.132621,1,0,789.963842
1789857985,1,-117.167535,51.486549,0.000000,4.748651,26.547929,133.136074,1,0,793.621274
1789857989,1,-117.169063,51.486612,0.000000,4.748651,26.604329,106.388832,1,0,796.470612
1789857993,1,-117.170586,51.486564,0.000000,4.748651,26.135304,105.945010,1,0,798.553147
1789857998,1,-117.172419,51.486341,0.000000,4.748652,26.018971,129.742472,1,0,799.299162
1789858003,1,-117.174109,51.486032,0.000000,4.748652,23.136863,122.343395,1,0,797.623873
1789858008,1,-117.175619,51.485640,0.000000,4.748652,22.848564,113.613661,1,0,794.974328
1789858012,1,-117.176832,51.485285,0.000000,4.748652,23.500935,93.071459,1,0,791.778332
1789858016,1,-117.178053,51.484911,0.000000,4.748652,23.632303,94.486877,1,0,790.103103
1789858021,1,-117.179603,51.484549,0.000000,4.748652,22.558320,114.972904,1,0,790.235258
1789858025,1,-117.180844,51.484363,0.000000,4.748652,21.979784,88.667553,1,0,791.201141
1789858030,1,-117.182426,51.484248,0.000000,4.748652,22.451834,110.651611,1,0,792.535008
1789858034,1,-117.183762,51.484224,0.000000,4.748652,23.763491,92.856830,1,0,793.604620
1789858038,1,-117.185135,51.484331,0.000000,4.748651,24.258188,96.129172,1,0,795.522594
1789858042,1,-117.186505,51.484546,0.000000,4.748651,24.761182,98.141119,1,0,799.030109
1789858046,1,-117.188205,51.484970,0.000000,4.748651,25.978636,127.181909,1,0,805.726894
1789858050,1,-117.189554,51.485421,0.000000,4.748651,26.815091,106.311637,1,0,811.649038
1789858055,1,-117.191249,51.486037,0.000000,4.748651,27.366869,136.255959,1,0,818.852025
1789858059,1,-117.192648,51.486499,0.000000,4.748651,27.412322,109.953444,1,0,824.861122
1789858063,1,-117.194059,51.487001,0.000000,4.748651,29.083107,112.827173,1,0,830.688587
1789858067,1,-117.195552,51.487540,0.000000,4.748651,30.100921,119.817750,1,0,837.180019
1789858071,1,-117.196992,51.488083,0.000000,4.748651,28.370656,116.865352,1,0,842.692682
1789858075,1,-117.198373,51.488569,0.000000,4.748651,27.251544,110.127704,1,0,847.348702
1789858079,1,-117.199701,51.489079,0.000000,4.748651,27.074649,108.310743,1,0,851.647863
1789858085,1,-117.201231,51.489818,0.000000,4.748651,26.920728,134.382521,1,0,856.413585
1789858090,1,-117.202646,51.490646,0.000000,4.748651,26.982102,134.725902,1,0,862.069904
1789858094,1,-117.203795,51.491300,0.000000,4.748651,27.033901,108.013526,1,0,866.476636
1789858098,1,-117.205049,51.491886,0.000000,4.748651,27.200304,108.814333,1,0,871.304946
1789858103,1,-117.206736,51.492514,0.000000,4.748651,27.338822,136.445672,1,0,876.596779
1789858108,1,-117.208531,51.493017,0.000000,4.748651,27.458164,136.669063,1,0,882.041952
1789858112,1,-117.210000,51.493382,0.000000,4.748651,27.474660,109.824339,1,0,886.637324
1789858117,1,-117.211844,51.493829,0.000000,4.748651,27.546365,137.404912,1,0,892.647201
1789858121,1,-117.213324,51.494189,0.000000,4.748651,27.611215,110.331570,1,0,897.327669
1789858125,1,-117.214801,51.494549,0.000000,4.748651,27.515279,110.137515,1,0,902.193593
1789858129,1,-117.216282,51.494909,0.000000,4.748651,27.586841,110.396462,1,0,907.179255
1789858133,1,-117.217762,51.495271,0.000000,4.748651,27.603818,110.412821,1,0,912.361707
1789858138,1,-117.219616,51.495718,0.000000,4.748651,27.630001,138.053205,1,0,918.639030
1789858143,1,-117.221482,51.496132,0.000000,4.748651,27.448863,137.558360,1,0,924.778776
1789858148,1,-117.223449,51.496140,0.000000,4.748651,27.559438,136.633845,1,0,930.197404
1789858151,1,-117.224902,51.495731,0.000000,4.748652,27.631488,110.714360,1,0,934.362399
1789858155,1,-117.225997,51.495030,0.000000,4.748652,26.665303,108.948112,1,0,938.766969
1789858159,1,-117.226618,51.494212,0.000000,4.748652,24.147009,100.726049,1,0,942.458179
1789858164,1,-117.227103,51.493220,0.000000,4.748651,22.720433,115.410454,1,0,947.636309
1789858169,1,-117.227586,51.492226,0.000000,4.748652,23.357056,115.583006,1,0,951.227984
1789858173,1,-117.227973,51.491416,0.000000,4.748652,23.580550,94.055522,1,0,953.729123
1789858178,1,-117.228303,51.490381,0.000000,4.748651,23.653168,117.427980,1,0,957.351951
1789858182,1,-117.228274,51.489528,0.000000,4.748652,23.884302,94.938459,1,0,959.920697
1789858186,1,-117.227944,51.488689,0.000000,4.748652,24.065514,96.132168,1,0,962.351545
1789858190,1,-117.227330,51.487901,0.000000,4.748652,24.807163,97.506581,1,0,965.358958
1789858194,1,-117.226439,51.487149,0.000000,4.748652,26.820740,104.083648,1,0,967.754247
1789858198,1,-117.225463,51.486368,0.000000,4.748652,27.813885,110.225936,1,0,970.561301
1789858202,1,-117.224471,51.485573,0.000000,4.748652,28.108747,112.137994,1,0,974.022649
1789858207,1,-117.223222,51.484571,0.000000,4.748652,28.292951,141.281017,1,0,976.836753
1789858212,1,-117.222225,51.483767,0.000000,4.748652,28.242464,113.142099,1,0,977.555655
1789858217,1,-117.220975,51.482772,0.000000,4.748652,28.112476,140.710013,1,0,976.520543
1789858222,1,-117.219744,51.481780,0.000000,4.748652,27.628134,139.641141,1,0,974.211200
1789858226,1,-117.218861,51.480976,0.000000,4.748652,26.715700,108.478757,1,0,971.938065
1789858230,1,-117.218298,51.480101,0.000000,4.748652,25.967562,104.928742,1,0,970.320267
1789858234,1,-117.218076,51.479198,0.000000,4.748652,25.278376,101.657732,1,0,968.954946
1789858239,1,-117.218258,51.478072,0.000000,4.748652,25.329437,225.792870,1,0,967.290760
1789858243,1,-117.218743,51.477220,0.000000,4.748652,25.190542,100.617207,1,0,965.764235
1789858247,1,-117.219505,51.476445,0.000000,4.748652,25.412177,101.194647,1,0,964.152967
1789858252,1,-117.220819,51.475655,0.000000,4.748652,25.386658,126.743277,1,0,963.431216
1789858256,1,-117.222078,51.475211,0.000000,4.748652,25.149782,100.468673,1,0,965.134936
1789858260,1,-117.223440,51.474952,0.000000,4.748652,24.513410,98.929529,1,0,968.631688
1789858264,1,-117.224842,51.474884,0.000000,4.748652,24.912282,97.711438,1,0,973.235591
1789858268,1,-117.226690,51.475067,0.000000,4.748651,26.882370,130.013042,1,0,978.873361
1789858272,1,-117.228143,51.475469,0.000000,4.748651,27.807479,110.427770,1,0,982.891386
1789858276,1,-117.229567,51.475959,0.000000,4.748651,28.285333,112.975288,1,0,985.998656
1789858281,1,-117.231332,51.476590,0.000000,4.748652,28.211499,141.318639,1,0,987.398377
1789858286,1,-117.233090,51.477212,0.000000,4.748652,27.978216,140.400365,1,0,987.731580
1789858290,1,-117.234487,51.477709,0.000000,4.748652,27.888907,111.719416,1,0,988.069065
1789858294,1,-117.235882,51.478194,0.000000,4.748651,27.693102,110.943040,1,0,988.269887
1789858298,1,-117.237261,51.478685,0.000000,4.748651,27.447012,110.302199,1,0,989.303358
1789858302,1,-117.238632,51.479167,0.000000,4.748651,27.262286,109.324892,1,0,991.894609
1789858306,1,-117.239995,51.479647,0.000000,4.748651,27.167771,108.731410,1,0,996.313583
1789858310,1,-117.241363,51.480126,0.000000,4.748651,27.300673,108.979778,1,0,1001.536121
1789858314,1,-117.242731,51.480610,0.000000,4.748651,27.217376,109.253066,1,0,1007.261115
1789858318,1,-117.244033,51.481072,0.000000,4.748651,25.049556,104.056352,1,0,1011.908144
1789858322,1,-117.245219,51.481490,0.000000,4.748651,22.997721,94.629992,1,0,1016.204830
1789858326,1,-117.246359,51.481898,0.000000,4.748651,22.873781,91.301523,1,0,1020.528713
1789858330,1,-117.247512,51.482300,0.000000,4.748651,23.036986,91.759077,1,0,1025.546061
1789858334,1,-117.248668,51.482712,0.000000,4.748651,23.228705,92.480319,1,0,1030.179987
1789858339,1,-117.249830,51.483121,0.000000,4.748651,23.038583,92.678271,1,0,1035.037871
1789858343,1,-117.250917,51.483507,0.000000,4.748651,20.791598,86.882845,1,0,1038.905811
1789858348,1,-117.252151,51.483944,0.000000,4.748651,19.285139,98.566498,1,0,1043.244280
1789858353,1,-117.253346,51.484362,0.000000,4.748651,18.780514,95.167884,1,0,1047.205395
1789858358,1,-117.254510,51.484778,0.000000,4.748651,18.593346,93.184068,1,0,1050.936281
1789858363,1,-117.255655,51.485180,0.000000,4.748651,18.207001,91.267192,1,0,1054.029681
1789858368,1,-117.256802,51.485587,0.000000,4.748651,18.707394,91.662003,1,0,1056.894963
1789858373,1,-117.258141,51.486021,0.000000,4.748651,22.526264,104.819917,1,0,1060.926363
1789858377,1,-117.259390,51.486426,0.000000,4.748651,25.209662,97.783346,1,0,1064.765990
1789858382,1,-117.261135,51.486915,0.000000,4.748651,27.765166,132.891322,1,0,1069.637788
1789858386,1,-117.262598,51.487272,0.000000,4.748651,25.401735,109.134405,1,0,1073.406307
1789858389,1,-117.263815,51.487538,0.000000,4.748651,20.799154,89.578240,1,0,1076.036729
1789858394,1,-117.265120,51.487813,0.000000,4.748652,18.400568,95.685323,1,0,1078.792356
1789858399,1,-117.266355,51.488071,0.000000,4.748652,18.122756,90.473087,1,0,1081.102988
1789858405,1,-117.267851,51.488383,0.000000,4.748652,18.441124,109.574834,1,0,1083.129628
1789858410,1,-117.269115,51.488650,0.000000,4.748652,18.531781,92.702002,1,0,1084.045334
1789858415,1,-117.270387,51.488917,0.000000,4.748652,18.700198,93.228639,1,0,1084.852484
1789858420,1,-117.271666,51.489189,0.000000,4.748652,18.795300,93.867639,1,0,1084.679817
1789858426,1,-117.273209,51.489508,0.000000,4.748652,18.874067,112.918990,1,0,1084.076002
1789858431,1,-117.274500,51.489771,0.000000,4.748652,18.824740,94.341666,1,0,1082.169157
1789858437,1,-117.276000,51.490080,0.000000,4.748652,17.561612,109.733354,1,0,1079.480527
1789858442,1,-117.277123,51.490314,0.000000,4.748652,15.902310,82.246970,1,0,1076.860672
1789858447,1,-117.278163,51.490533,0.000000,4.748652,14.755172,76.249363,1,0,1074.825060
1789858453,1,-117.279339,51.490778,0.000000,4.748652,14.141460,86.127020,1,0,1072.728715
1789858461,1,-117.280695,51.491060,0.000000,4.748652,14.293706,99.292097,1,0,1070.622996
1789858467,1,-117.281874,51.491306,0.000000,4.748652,14.411107,86.359895,1,0,1068.817975
1789858474,1,-117.283260,51.491588,0.000000,4.748652,14.519000,101.271500,1,0,1066.948944
1789858480,1,-117.284472,51.491830,0.000000,4.748652,14.777228,88.400563,1,0,1066.096241
1789858486,1,-117.285689,51.492055,0.000000,4.748652,14.671418,88.175793,1,0,1066.855239
1789858493,1,-117.287058,51.492332,0.000000,4.748651,14.165417,99.976337,1,0,1067.480507
1789858499,1,-117.288221,51.492569,0.000000,4.748651,14.197476,84.981829,1,0,1067.947297
1789858504,1,-117.289365,51.492829,0.000000,4.748651,14.069977,84.569226,1,0,1069.067760
1789858510,1,-117.290501,51.493095,0.000000,4.748651,14.026477,84.279439,1,0,1070.087594
1789858517,1,-117.291843,51.493373,0.000000,4.748652,14.067507,98.218971,1,0,1071.233280
1789858523,1,-117.293005,51.493613,0.000000,4.748652,14.259979,85.020115,1,0,1071.212909
1789858530,1,-117.294402,51.493856,0.000000,4.748652,14.378714,100.737603,1,0,1070.433132
1789858536,1,-117.295639,51.493951,0.000000,4.748652,14.286408,86.574324,1,0,1069.532602
1789858543,1,-117.297088,51.493908,0.000000,4.748652,14.253614,100.766431,1,0,1068.183083
1789858550,1,-117.298375,51.493729,0.000000,4.748652,12.405738,91.591696,1,0,1065.379319
1789858557,1,-117.299585,51.493447,0.000000,4.748652,13.409644,89.717630,1,0,1063.734016
1789858563,1,-117.300690,51.493203,0.000000,4.748652,13.521185,81.417860,1,0,1061.938048
1789858569,1,-117.301763,51.492915,0.000000,4.748652,13.903213,81.132091,1,0,1060.767494
1789858575,1,-117.302965,51.492634,0.000000,24.248131,16.223298,89.158076,1,0,1058.283256
1789858580,1,-117.304015,51.492385,0.000000,37.961953,15.646270,78.022273,1,0,1056.189160
1789858587,1,-117.305129,51.492119,0.000000,26.451891,13.299588,82.850170,1,0,1058.791616
1789858593,1,-117.306188,51.491861,0.000000,4.748651,13.772619,78.965625,1,0,1063.377695
1789858599,1,-117.307339,51.491577,0.000000,4.748651,14.106654,85.971674,1,0,1067.774451
1789858606,1,-117.308645,51.491257,0.000000,4.748651,14.006387,97.457612,1,0,1072.772742
1789858613,1,-117.309963,51.490935,0.000000,4.748651,14.042537,98.314982,1,0,1077.519720
1789858619,1,-117.311090,51.490658,0.000000,4.748651,13.994028,84.135196,1,0,1081.350214
1789858624,1,-117.312215,51.490380,0.000000,4.748651,14.013209,84.046883,1,0,1084.575756
1789858630,1,-117.313318,51.490058,0.000000,4.748651,14.114581,84.582921,1,0,1087.788322
1789858636,1,-117.314447,51.489778,0.000000,4.748651,14.034364,84.387291,1,0,1090.207708
1789858643,1,-117.315772,51.489462,0.000000,4.748651,14.150646,98.527943,1,0,1092.279805
1789858649,1,-117.316938,51.489245,0.000000,4.748652,14.100138,84.517742,1,0,1093.466087
1789858656,1,-117.318360,51.488885,0.000000,4.748652,17.318808,106.591724,1,0,1094.433575
1789858662,1,-117.319983,51.488469,0.000000,4.748652,22.364404,121.873507,1,0,1094.895721
1789858666,1,-117.321294,51.488165,0.000000,4.748652,25.097085,97.147154,1,0,1094.355479
1789858670,1,-117.322708,51.487823,0.000000,4.748652,26.720447,105.336862,1,0,1093.149085
1789858674,1,-117.324180,51.487461,0.000000,4.748652,27.965581,109.899420,1,0,1092.470659
1789858678,1,-117.325705,51.487087,0.000000,4.748652,28.758825,113.825418,1,0,1092.156391
1789858682,1,-117.327259,51.486703,0.000000,4.748652,29.104748,116.107841,1,0,1091.840562
1789858686,1,-117.328823,51.486325,0.000000,4.748652,29.106726,116.511371,1,0,1090.738126
1789858691,1,-117.330808,51.485967,0.000000,4.748652,28.791851,143.540120,1,0,1089.822801
1789858695,1,-117.332420,51.485803,0.000000,4.748652,28.259528,113.465570,1,0,1089.574012
1789858700,1,-117.334384,51.485487,0.000000,4.748652,27.954194,140.900650,1,0,1088.427791
1789858704,1,-117.335892,51.485120,0.000000,4.748652,28.036583,112.441675,1,0,1087.339557
1789858709,1,-117.337754,51.484643,0.000000,4.748652,27.789852,139.822776,1,0,1086.251260
1789858714,1,-117.339156,51.484152,0.000000,4.748652,27.745207,111.677182,1,0,1084.923116
1789858718,1,-117.340507,51.483615,0.000000,4.748652,27.901190,111.264105,1,0,1083.404590
1789858722,1,-117.341935,51.483181,0.000000,4.748652,27.599558,110.336022,1,0,1082.739196
1789858727,1,-117.343768,51.482714,0.000000,4.748651,27.596256,137.536656,1,0,1083.101807
1789858731,1,-117.345244,51.482357,0.000000,4.748651,27.547709,109.966402,1,0,1083.937336
1789858735,1,-117.346720,51.481992,0.000000,4.748651,27.614772,110.301753,1,0,1084.760021
1789858739,1,-117.348573,51.481540,0.000000,4.748651,27.680672,138.221355,1,0,1086.158458
1789858743,1,-117.350054,51.481177,0.000000,4.748651,27.733446,110.543339,1,0,1087.267182
1789858747,1,-117.351545,51.480812,0.000000,4.748652,27.928354,111.271428,1,0,1087.152207
1789858751,1,-117.353057,51.480469,0.000000,4.748652,28.086692,111.771583,1,0,1084.958629
1789858755,1,-117.354609,51.480203,0.000000,4.748652,28.025612,111.820704,1,0,1081.347611
1789858759,1,-117.356183,51.480017,0.000000,4.748652,27.927372,111.301827,1,0,1078.252891
1789858764,1,-117.358169,51.479906,0.000000,4.748652,27.821747,138.537611,1,0,1074.273134
1789858769,1,-117.360159,51.479924,0.000000,4.748652,27.805209,138.278231,1,0,1070.454562
1789858774,1,-117.362134,51.480066,0.000000,4.748652,27.758054,138.128217,1,0,1066.314407
1789858779,1,-117.364070,51.480339,0.000000,4.748652,27.660070,137.899372,1,0,1062.659072
1789858784,1,-117.365939,51.480723,0.000000,4.748652,27.426802,136.706140,1,0,1061.234973
1789858789,1,-117.367740,51.481232,0.000000,4.748652,27.734266,137.353657,1,0,1059.915946
1789858794,1,-117.369454,51.481856,0.000000,4.748652,27.677569,137.851916,1,0,1058.907571
1789858799,1,-117.371129,51.482530,0.000000,4.748651,27.739306,138.451169,1,0,1058.807637
1789858804,1,-117.372802,51.483204,0.000000,4.748651,27.671646,138.334386,1,0,1058.941436
1789858809,1,-117.374480,51.483878,0.000000,4.748651,27.705859,138.626424,1,0,1059.093962
1789858814,1,-117.376159,51.484550,0.000000,4.748651,27.646431,138.564636,1,0,1059.179855
1789858819,1,-117.377851,51.485215,0.000000,4.748652,27.825380,138.909398,1,0,1059.118664
1789858824,1,-117.379551,51.485879,0.000000,4.748652,27.845198,139.321052,1,0,1057.889176
1789858828,1,-117.380909,51.486413,0.000000,4.748652,27.947998,111.504759,1,0,1056.069330
1789858832,1,-117.382261,51.486955,0.000000,4.748652,27.924543,111.630635,1,0,1054.224550
1789858836,1,-117.383604,51.487501,0.000000,4.748652,27.777896,111.338557,1,0,1052.511551
1789858841,1,-117.384949,51.488044,0.000000,4.748652,27.800941,111.273360,1,0,1050.872589
1789858845,1,-117.386294,51.488587,0.000000,4.748652,27.806303,111.273332,1,0,1049.265555
1789858850,1,-117.387978,51.489262,0.000000,4.748652,27.807738,139.026199,1,0,1046.922731
1789858854,1,-117.389659,51.489937,0.000000,4.748652,27.781678,138.850820,1,0,1045.086390
1789858859,1,-117.391337,51.490615,0.000000,4.748652,27.706414,138.856633,1,0,1043.106492
1789858864,1,-117.393007,51.491289,0.000000,4.748652,27.535093,138.148199,1,0,1041.889945
1789858869,1,-117.394674,51.491962,0.000000,4.748652,27.613860,137.912737,1,0,1040.690359
1789858873,1,-117.396001,51.492511,0.000000,4.748651,27.656475,110.584202,1,0,1039.719986
1789858877,1,-117.397281,51.493104,0.000000,4.748652,27.727126,110.724086,1,0,1039.205815
1789858882,1,-117.398785,51.493919,0.000000,4.748652,27.770135,138.344851,1,0,1037.728312
1789858887,1,-117.400251,51.494764,0.000000,4.748652,27.723156,138.605036,1,0,1036.094130
1789858892,1,-117.401701,51.495624,0.000000,4.748652,27.834557,138.934870,1,0,1034.010491
1789858896,1,-117.402859,51.496318,0.000000,4.748652,27.841565,111.508528,1,0,1032.270475
1789858900,1,-117.404026,51.497004,0.000000,4.748652,27.800611,111.348153,1,0,1030.310132
1789858905,1,-117.405478,51.497860,0.000000,4.748652,27.616766,138.721233,1,0,1028.347542
1789858910,1,-117.406931,51.498703,0.000000,4.748651,27.594596,137.782792,1,0,1027.276391
1789858914,1,-117.408087,51.499379,0.000000,4.748651,27.507850,110.022706,1,0,1027.424697
1789858918,1,-117.409246,51.500060,0.000000,4.748651,27.621781,110.555478,1,0,1027.665671
1789858922,1,-117.410407,51.500742,0.000000,4.748651,27.703010,110.732902,1,0,1028.059768
1789858926,1,-117.411570,51.501420,0.000000,4.748651,27.609572,110.529815,1,0,1028.590546
1789858931,1,-117.413019,51.502276,0.000000,4.748651,27.659315,138.569820,1,0,1029.631195
1789858935,1,-117.414183,51.502956,0.000000,4.748651,27.630038,110.725919,1,0,1030.103522
1789858940,1,-117.415638,51.503805,0.000000,4.748651,27.679239,138.331382,1,0,1029.857287
1789858944,1,-117.416801,51.504486,0.000000,4.748651,27.707246,110.751339,1,0,1030.239495
1789858949,1,-117.418255,51.505338,0.000000,4.748651,27.704207,138.508952,1,0,1030.256967
1789858953,1,-117.419416,51.506024,0.000000,4.748651,27.756184,111.031868,1,0,1030.145455
1789858957,1,-117.420583,51.506704,0.000000,4.748651,27.743121,110.878120,1,0,1030.213170
1789858962,1,-117.422043,51.507554,0.000000,4.748651,27.694000,138.661120,1,0,1030.528752
1789858967,1,-117.423221,51.508228,0.000000,4.748651,27.615382,110.978554,1,0,1030.835375
1789858972,1,-117.424811,51.508974,0.000000,4.748651,27.467167,138.134582,1,0,1033.753174
1789858977,1,-117.426540,51.509574,0.000000,4.748651,27.402442,137.376799,1,0,1038.305101
1789858981,1,-117.428010,51.509948,0.000000,4.748651,27.521673,110.234376,1,0,1042.004849
1789858985,1,-117.429856,51.510401,0.000000,4.748651,27.636765,137.741167,1,0,1046.726234
1789858989,1,-117.431291,51.510826,0.000000,4.748651,27.679118,110.299388,1,0,1051.009314
1789858994,1,-117.433093,51.511356,0.000000,4.748651,27.568030,138.332745,1,0,1056.202945
1789858998,1,-117.434564,51.511738,0.000000,4.748651,27.533681,110.637949,1,0,1059.733898
1789859002,1,-117.436014,51.512079,0.000000,4.748651,26.247670,107.600809,1,0,1063.064265
1789859007,1,-117.437795,51.512280,0.000000,4.748651,24.395322,125.679061,1,0,1066.566157
1789859011,1,-117.439202,51.512264,0.000000,4.748651,24.439869,97.718481,1,0,1069.772428
1789859015,1,-117.440592,51.512112,0.000000,4.748652,24.245450,97.992594,1,0,1073.125262
1789859019,1,-117.441918,51.511808,0.000000,4.748652,24.538952,98.095084,1,0,1076.007222
1789859023,1,-117.443152,51.511375,0.000000,4.748651,24.516219,98.306835,1,0,1079.303032
1789859028,1,-117.444512,51.510652,0.000000,4.748651,24.806893,124.062056,1,0,1083.621096
1789859032,1,-117.445416,51.509936,0.000000,4.748652,25.310708,101.432596,1,0,1087.064740
1789859036,1,-117.446145,51.509125,0.000000,4.748652,25.932721,103.473973,1,0,1090.310416
1789859041,1,-117.447004,51.508077,0.000000,4.748652,26.214654,130.988073,1,0,1093.568571
1789859046,1,-117.447854,51.507019,0.000000,4.748652,26.049685,131.698515,1,0,1095.151480
1789859051,1,-117.448749,51.506032,0.000000,4.748652,24.718901,126.195309,1,0,1094.369135
1789859056,1,-117.449965,51.505247,0.000000,4.748652,24.297991,121.492757,1,0,1091.152320
1789859061,1,-117.451460,51.504709,0.000000,4.748652,24.204994,119.838509,1,0,1087.160877
1789859066,1,-117.453099,51.504351,0.000000,4.748652,24.235080,120.583256,1,0,1083.080465
1789859071,1,-117.454743,51.504003,0.000000,4.748652,24.062565,120.548892,1,0,1079.280607
1789859075,1,-117.456075,51.503722,0.000000,4.748652,24.612512,97.636819,1,0,1076.166090
1789859080,1,-117.457797,51.503357,0.000000,4.748652,25.601649,126.285719,1,0,1072.240365
1789859084,1,-117.459190,51.503044,0.000000,4.748652,25.636339,102.809634,1,0,1069.570946
1789859088,1,-117.460481,51.502584,0.000000,4.748652,25.766873,103.240190,1,0,1066.240962
1789859093,1,-117.461490,51.501897,0.000000,4.748652,25.784561,103.703113,1,0,1062.665427
1789859097,1,-117.462182,51.501064,0.000000,4.748652,26.022332,104.410695,1,0,1058.194543
1789859101,1,-117.462798,51.500211,0.000000,4.748652,25.731360,104.113746,1,0,1055.030445
1789859105,1,-117.463556,51.499150,0.000000,4.748652,25.783397,129.268115,1,0,1050.483435
1789859109,1,-117.464152,51.498304,0.000000,4.748652,25.666219,102.837114,1,0,1046.563592
1789859113,1,-117.464761,51.497460,0.000000,4.748652,25.708478,103.002575,1,0,1043.167860
1789859117,1,-117.465448,51.496639,0.000000,4.748652,25.790095,103.067873,1,0,1039.825302
1789859121,1,-117.466248,51.495859,0.000000,4.748652,25.803526,103.057114,1,0,1036.757098
1789859125,1,-117.467139,51.495096,0.000000,4.748652,26.663802,105.063211,1,0,1033.293236
1789859130,1,-117.468299,51.494109,0.000000,4.748652,27.522662,136.211649,1,0,1029.029367
1789859135,1,-117.469478,51.493113,0.000000,4.748652,27.539017,137.800438,1,0,1025.747712
1789859139,1,-117.470412,51.492317,0.000000,4.748652,27.401600,109.794235,1,0,1024.195986
1789859144,1,-117.471565,51.491319,0.000000,4.748652,27.597223,136.920653,1,0,1024.851643
1789859149,1,-117.472638,51.490267,0.000000,4.748652,27.726552,138.775858,1,0,1026.312007
1789859154,1,-117.473562,51.489156,0.000000,4.748651,27.665652,139.295443,1,0,1027.997458
1789859159,1,-117.474376,51.488011,0.000000,4.748652,27.752886,139.393478,1,0,1029.483232
1789859164,1,-117.475167,51.486860,0.000000,4.748652,27.800462,139.368854,1,0,1030.474397
1789859168,1,-117.475794,51.485941,0.000000,4.748652,27.707474,111.152545,1,0,1031.776723
1789859172,1,-117.476416,51.485021,0.000000,4.748652,27.702574,111.119413,1,0,1032.668429
1789859176,1,-117.477039,51.484101,0.000000,4.748651,27.784333,111.146462,1,0,1033.603565
1789859180,1,-117.477658,51.483179,0.000000,4.748651,27.797508,111.243785,1,0,1034.661845
1789859185,1,-117.478444,51.482028,0.000000,4.748652,27.749587,139.234548,1,0,1036.249861
1789859189,1,-117.479065,51.481106,0.000000,4.748652,27.817017,111.299302,1,0,1037.163539
1789859194,1,-117.479865,51.479953,0.000000,4.748652,28.025283,139.823124,1,0,1035.555239
1789859198,1,-117.480500,51.479025,0.000000,4.748652,28.101120,112.293587,1,0,1032.870168
1789859202,1,-117.481136,51.478095,0.000000,4.748652,28.156179,112.525481,1,0,1028.712131
1789859206,1,-117.481769,51.477156,0.000000,4.748652,28.309015,113.367857,1,0,1022.960911
1789859211,1,-117.482328,51.475917,0.000000,4.748652,28.816746,143.237086,1,0,1015.242912
1789859215,1,-117.482508,51.474878,0.000000,4.748652,29.323159,116.289356,1,0,1007.840164
1789859220,1,-117.482352,51.473549,0.000000,4.748652,29.948938,148.281110,1,0,999.442091
1789859225,1,-117.482099,51.472189,0.000000,4.748652,30.515781,152.351453,1,0,991.460454
1789859229,1,-117.481896,51.471098,0.000000,4.748652,30.487280,122.217439,1,0,985.972126
1789859233,1,-117.481693,51.470014,0.000000,4.748652,30.313889,121.443648,1,0,980.090460
1789859237,1,-117.481485,51.468937,0.000000,4.748652,30.168306,120.711030,1,0,973.665084
1789859241,1,-117.481276,51.467861,0.000000,4.748652,30.126189,120.608864,1,0,967.163101
1789859245,1,-117.481071,51.466786,0.000000,4.748652,30.040468,120.465087,1,0,961.090821
1789859250,1,-117.480741,51.465450,0.000000,4.748652,30.160700,150.420676,1,0,952.545411
1789859254,1,-117.480433,51.464384,0.000000,4.748652,29.952124,120.533831,1,0,947.718539
1789859258,1,-117.480037,51.463338,0.000000,4.748652,29.936039,119.602441,1,0,946.352659
1789859262,1,-117.479536,51.462298,0.000000,4.748652,30.098225,120.850224,1,0,944.138954
1789859266,1,-117.479180,51.461245,0.000000,4.748652,29.850511,119.755320,1,0,942.971045
1789859270,1,-117.479103,51.460194,0.000000,4.748652,29.130011,117.070943,1,0,941.904981
1789859274,1,-117.479054,51.459180,0.000000,4.748652,27.828030,112.882779,1,0,939.239507
1789859278,1,-117.479004,51.458189,0.000000,4.748652,27.393526,110.326697,1,0,934.472561
1789859283,1,-117.478984,51.456953,0.000000,4.748652,27.555883,137.540810,1,0,926.790098
1789859287,1,-117.479042,51.455953,0.000000,4.748652,28.016431,111.346179,1,0,919.997024
1789859291,1,-117.479152,51.454930,0.000000,4.748652,28.687931,114.088849,1,0,912.898220
1789859295,1,-117.479191,51.453881,0.000000,4.748652,28.999408,116.756777,1,0,906.851129
1789859299,1,-117.478883,51.452873,0.000000,4.748652,28.288992,114.188497,1,0,901.012779
1789859303,1,-117.478487,51.451863,0.000000,4.748652,29.413279,115.708201,1,0,895.723239
1789859308,1,-117.478233,51.450540,0.000000,4.748651,29.681707,148.268844,1,0,890.707100
1789859313,1,-117.478326,51.449215,0.000000,4.748652,29.711595,147.577678,1,0,884.926337
1789859318,1,-117.478355,51.447877,0.000000,4.748652,29.736515,148.895896,1,0,877.233710
1789859322,1,-117.478314,51.446797,0.000000,4.748652,30.174504,120.207670,1,0,869.656814
1789859327,1,-117.478224,51.445439,0.000000,4.748652,30.299001,151.236830,1,0,861.436059
1789859331,1,-117.478164,51.444349,0.000000,4.748652,30.281020,121.358014,1,0,854.655533
1789859335,1,-117.477987,51.443266,0.000000,4.748652,30.140121,121.134045,1,0,848.077284
1789859339,1,-117.477614,51.442206,0.000000,4.748652,30.106677,120.765846,1,0,841.884841
1789859343,1,-117.477211,51.441158,0.000000,4.748652,29.914024,119.932182,1,0,837.257024
1789859348,1,-117.476924,51.439827,0.000000,4.748651,30.198609,149.440682,1,0,835.103993
1789859352,1,-117.476978,51.438745,0.000000,4.748651,30.037802,120.454054,1,0,836.164866
1789859356,1,-117.477292,51.437688,0.000000,4.748651,29.662000,119.623628,1,0,838.660978
1789859360,1,-117.477827,51.436712,0.000000,4.748651,28.174197,114.796966,1,0,841.094302
1789859365,1,-117.478535,51.435584,0.000000,4.748651,26.037920,134.825605,1,0,843.612616
1789859369,1,-117.478978,51.434713,0.000000,4.748652,25.031967,101.695904,1,0,844.261274
1789859373,1,-117.479216,51.433832,0.000000,4.748652,24.704804,99.417706,1,0,843.614897
1789859377,1,-117.479255,51.432929,0.000000,4.748652,24.984471,100.514584,1,0,842.657983
1789859381,1,-117.479085,51.432031,0.000000,4.748652,24.883562,100.618689,1,0,841.422433
1789859386,1,-117.478599,51.430953,0.000000,4.748652,24.819198,124.621879,1,0,840.110823
1789859390,1,-117.478013,51.430128,0.000000,4.748652,25.182065,100.439360,1,0,838.898299
1789859394,1,-117.477362,51.429304,0.000000,4.748652,25.782324,102.257391,1,0,837.698994
1789859399,1,-117.476531,51.428260,0.000000,4.748652,26.042824,129.753259,1,0,836.807833
1789859403,1,-117.475935,51.427411,0.000000,4.748652,25.689243,103.165179,1,0,835.317725
1789859407,1,-117.475541,51.426545,0.000000,4.748652,24.953060,100.182158,1,0,834.055941
1789859411,1,-117.475283,51.425676,0.000000,4.748652,24.416072,98.345749,1,0,833.611366
1789859415,1,-117.475072,51.424811,0.000000,4.748651,24.177546,97.362004,1,0,834.081135
1789859419,1,-117.474861,51.423953,0.000000,4.748651,24.091309,96.592099,1,0,836.333713
1789859423,1,-117.474649,51.423099,0.000000,4.748651,23.919010,96.163059,1,0,838.873231
1789859428,1,-117.474391,51.422034,0.000000,4.748651,24.060047,119.855095,1,0,840.336677
1789859432,1,-117.474188,51.421167,0.000000,4.748652,24.570499,97.500116,1,0,840.575441
1789859437,1,-117.473915,51.420052,0.000000,4.748652,25.177733,125.512331,1,0,838.719989
1789859441,1,-117.473690,51.419145,0.000000,4.748652,25.667106,102.129357,1,0,837.317979
1789859446,1,-117.473414,51.417997,0.000000,4.748652,26.065896,129.174206,1,0,837.801459
1789859451,1,-117.473145,51.416834,0.000000,4.748652,26.047065,130.754383,1,0,839.090882
1789859456,1,-117.472864,51.415691,0.000000,4.748652,25.624924,128.676496,1,0,840.320278
1789859461,1,-117.472593,51.414551,0.000000,4.748652,25.674356,128.242456,1,0,841.109738
1789859465,1,-117.472375,51.413636,0.000000,4.748652,25.859932,102.936442,1,0,841.829076
1789859470,1,-117.472098,51.412483,0.000000,4.748652,25.830997,129.735037,1,0,842.188137
1789859474,1,-117.471886,51.411579,0.000000,4.748652,25.121419,101.664755,1,0,842.293936
1789859479,1,-117.471617,51.410489,0.000000,4.748651,24.146514,122.721064,1,0,843.316267
1789859483,1,-117.471395,51.409635,0.000000,4.748652,24.015267,96.272695,1,0,844.533949
1789859487,1,-117.471069,51.408754,0.000000,4.748651,25.980132,100.619919,1,0,846.244839
1789859491,1,-117.470595,51.407791,0.000000,4.748651,29.025602,112.115878,1,0,847.753862
1789859496,1,-117.469773,51.406528,0.000000,4.748652,30.168498,151.730738,1,0,849.085390
1789859501,1,-117.468670,51.405350,0.000000,4.748652,30.014180,151.897348,1,0,847.695342
1789859505,1,-117.467488,51.404581,0.000000,4.748652,29.222889,118.690876,1,0,846.404995
1789859509,1,-117.466242,51.403873,0.000000,4.748652,29.791974,117.151678,1,0,845.003432
1789859513,1,-117.465092,51.403083,0.000000,4.748652,30.054755,118.881505,1,0,844.527746
1789859517,1,-117.464305,51.402160,0.000000,4.748652,29.192407,116.395397,1,0,845.784959
1789859521,1,-117.463621,51.401177,0.000000,4.748652,30.302324,119.289265,1,0,846.400731
1789859525,1,-117.462933,51.400188,0.000000,4.748652,29.581806,120.012529,1,0,846.706871
1789859529,1,-117.462253,51.399241,0.000000,4.748652,28.443156,115.513033,1,0,847.139272
1789859534,1,-117.461391,51.398073,0.000000,4.748652,29.130638,143.144984,1,0,848.035803
1789859539,1,-117.460346,51.396939,0.000000,4.748652,29.113376,145.643884,1,0,849.208456
1789859544,1,-117.459222,51.395910,0.000000,4.748652,26.668113,138.673483,1,0,849.634324
1789859549,1,-117.458046,51.395052,0.000000,4.748652,24.235241,125.756263,1,0,849.327928
1789859554,1,-117.456915,51.394243,0.000000,4.748652,24.068116,119.584096,1,0,849.339366
1789859558,1,-117.456077,51.393528,0.000000,4.748652,25.044793,98.652955,1,0,850.574058
1789859562,1,-117.455271,51.392771,0.000000,4.748652,25.354993,101.207409,1,0,851.236600
1789859566,1,-117.454451,51.392010,0.000000,4.748652,25.624818,102.119675,1,0,852.295863
1789859570,1,-117.453630,51.391228,0.000000,4.748652,26.259210,104.103650,1,0,853.242807
1789859575,1,-117.452533,51.390237,0.000000,4.748652,27.209693,134.129243,1,0,854.401020
1789859580,1,-117.451298,51.389276,0.000000,4.748652,27.390094,137.204351,1,0,854.141362
1789859585,1,-117.449986,51.388364,0.000000,4.748652,27.154372,136.531590,1,0,851.866661
1789859589,1,-117.448996,51.387630,0.000000,4.748652,26.629672,106.867734,1,0,849.654533
1789859593,1,-117.448347,51.386800,0.000000,4.748652,25.500282,102.814469,1,0,847.752582
1789859598,1,-117.448233,51.385704,0.000000,4.748652,24.218042,122.210440,1,0,846.390373
1789859602,1,-117.448633,51.384889,0.000000,4.748652,23.982348,94.864787,1,0,845.630852
1789859606,1,-117.449382,51.384158,0.000000,4.748652,24.522274,96.617877,1,0,845.763145
1789859610,1,-117.450225,51.383442,0.000000,4.748652,25.068618,98.956216,1,0,847.119840
1789859615,1,-117.451327,51.382484,0.000000,4.748652,27.481965,131.339751,1,0,849.222626
1789859619,1,-117.452253,51.381606,0.000000,4.748652,30.195819,117.052489,1,0,851.797142
1789859623,1,-117.452843,51.380601,0.000000,4.748652,29.165272,119.133401,1,0,852.902224
1789859628,1,-117.452943,51.379303,0.000000,4.748651,28.828107,144.596860,1,0,854.606814
1789859633,1,-117.452412,51.378061,0.000000,4.748651,27.825536,143.058930,1,0,855.671931
1789859637,1,-117.451906,51.377180,0.000000,4.748651,24.937521,104.169245,1,0,856.341623
1789859641,1,-117.451434,51.376368,0.000000,4.748651,23.603625,96.144030,1,0,857.816227
1789859645,1,-117.450965,51.375546,0.000000,4.748651,24.852979,97.120015,1,0,858.991963
1789859649,1,-117.450435,51.374685,0.000000,4.748651,26.190464,102.666688,1,0,860.294858
1789859654,1,-117.449648,51.373573,0.000000,4.748651,27.462637,135.327951,1,0,862.260146
1789859658,1,-117.448921,51.372683,0.000000,4.748652,27.838722,111.222237,1,0,863.703442
1789859662,1,-117.448184,51.371796,0.000000,4.748651,27.726116,111.244730,1,0,865.173863
1789859666,1,-117.447453,51.370927,0.000000,4.748652,27.005789,109.276417,1,0,866.740547
1789859671,1,-117.446476,51.369928,0.000000,4.748651,25.361313,130.329361,1,0,868.470176
1789859675,1,-117.445600,51.369233,0.000000,4.748652,24.292399,98.499168,1,0,869.151087
1789859679,1,-117.444709,51.368570,0.000000,4.748652,24.028011,96.402630,1,0,870.337473
1789859683,1,-117.443852,51.367900,0.000000,4.748652,23.735868,95.502329,1,0,871.619242
1789859687,1,-117.443142,51.367192,0.000000,4.748652,22.932497,93.013990,1,0,872.254209
1789859691,1,-117.442582,51.366478,0.000000,4.748652,21.711972,88.504953,1,0,873.674181
1789859696,1,-117.441910,51.365593,0.000000,4.748651,21.835913,109.031450,1,0,876.751634
1789859701,1,-117.441250,51.364720,0.000000,4.748651,21.202845,107.466924,1,0,881.249249
1789859706,1,-117.440620,51.363875,0.000000,4.748651,20.647133,103.760357,1,0,886.833002
1789859711,1,-117.439999,51.363033,0.000000,4.748651,20.844533,103.193713,1,0,893.283077
1789859717,1,-117.439279,51.361932,0.000000,4.748651,23.432155,132.377493,1,0,902.004038
1789859721,1,-117.438889,51.361063,0.000000,4.748651,25.904519,100.438165,1,0,908.540167
1789859725,1,-117.438624,51.360108,0.000000,4.748651,27.516702,107.855285,1,0,915.551621
1789859730,1,-117.438496,51.358835,0.000000,4.748651,28.546517,141.928636,1,0,924.096213
1789859734,1,-117.438451,51.357864,0.000000,4.748651,25.890245,108.089937,1,0,930.568010
1789859739,1,-117.438351,51.356775,0.000000,4.748651,23.371284,121.374704,1,0,938.001709
1789859743,1,-117.438166,51.355956,0.000000,4.748651,22.769252,92.038210,1,0,943.545133
1789859747,1,-117.437809,51.355174,0.000000,4.748651,22.486702,90.498816,1,0,948.897664
1789859751,1,-117.437340,51.354423,0.000000,4.748651,22.476302,89.726381,1,0,953.429399
1789859755,1,-117.436859,51.353639,0.000000,4.748651,24.248474,93.452410,1,0,959.013458
1789859760,1,-117.436460,51.352510,0.000000,4.748651,26.260327,128.664909,1,0,967.931621
1789859765,1,-117.436284,51.351327,0.000000,4.748651,26.546813,132.204708,1,0,976.395172
1789859769,1,-117.436189,51.350391,0.000000,4.748651,25.571553,104.360841,1,0,982.580703
1789859774,1,-117.436069,51.349284,0.000000,4.748651,24.003233,123.461773,1,0,989.920190
1789859779,1,-117.435720,51.348244,0.000000,3.109841,23.889724,118.250697,1,0,996.913142
1789859783,1,-117.435101,51.347445,0.000000,3.103083,25.031538,98.816615,1,0,1002.614541
1789859788,1,-117.434421,51.346372,0.000000,3.097472,26.361666,128.453592,1,0,1010.613810
1789859793,1,-117.434369,51.345239,0.000000,3.083825,24.382291,126.123996,1,0,1018.378659
1789859797,1,-117.434740,51.344457,0.000000,3.075799,22.262413,90.774881,1,0,1023.614213
1789859801,1,-117.435277,51.343730,0.000000,3.076351,22.287615,89.131705,1,0,1028.796924
1789859805,1,-117.435815,51.343000,0.000000,3.076186,22.542496,89.464042,1,0,1034.203401
1789859809,1,-117.436370,51.342253,0.000000,3.078557,23.167852,91.678546,1,0,1040.123118
1789859814,1,-117.437082,51.341284,0.000000,3.077757,24.114716,118.692143,1,0,1047.643522
1789859818,1,-117.437655,51.340483,0.000000,3.079822,24.690795,97.665799,1,0,1053.831389
1789859823,1,-117.438292,51.339420,0.000000,3.077156,25.582669,126.340629,1,0,1061.499039
1789859827,1,-117.438752,51.338530,0.000000,3.079239,26.087098,104.093324,1,0,1068.325142
1789859832,1,-117.439398,51.337400,0.000000,3.081597,26.837851,133.556681,1,0,1076.985943
1789859836,1,-117.440012,51.336510,0.000000,3.214114,26.948997,107.883600,1,0,1083.533812
1789859840,1,-117.440722,51.335645,0.000000,3.089081,26.916257,108.226803,1,0,1089.902474
1789859844,1,-117.441497,51.334802,0.000000,3.089261,27.457605,108.246264,1,0,1095.996881
1789859849,1,-117.442498,51.333650,0.000000,3.157131,30.043726,145.945942,1,0,1104.067000
1789859854,1,-117.443538,51.332449,0.000000,3.184788,30.376688,152.034822,1,0,1109.059730
1789859858,1,-117.444340,51.331516,0.000000,3.190338,28.884027,117.912306,1,0,1111.529531
1789859862,1,-117.445164,51.330654,0.000000,3.194028,27.490121,111.799385,1,0,1112.461687
1789859866,1,-117.446225,51.329967,0.000000,3.192076,26.341509,106.368856,1,0,1113.074250
1789859871,1,-117.447881,51.329468,0.000000,3.184988,25.879953,128.099708,1,0,1115.051694
1789859875,1,-117.449374,51.329225,0.000000,3.178568,27.917913,107.532550,1,0,1118.314836
1789859879,1,-117.450785,51.328975,0.000000,3.168541,24.295561,102.219387,1,0,1122.194617
1789859884,1,-117.452295,51.328617,0.000000,3.164552,22.022961,112.548396,1,0,1127.500958
1789859890,1,-117.453964,51.328147,0.000000,3.171216,20.581977,127.560693,1,0,1134.682898
1789859895,1,-117.455248,51.327780,0.000000,3.413440,18.968877,98.384197,1,0,1141.012198
1789859900,1,-117.456417,51.327452,0.000000,4.682644,17.089745,89.291626,1,0,1145.856895
1789859907,1,-117.457774,51.327039,0.000000,6.426535,15.226029,105.169591,1,0,1152.169111
1789859912,1,-117.458842,51.326698,0.000000,4.748652,17.174809,83.562870,1,0,1159.332636
1789859918,1,-117.460355,51.326305,0.000000,3.401011,19.139993,114.178917,1,0,1165.308166
1789859923,1,-117.461658,51.326002,0.000000,4.769779,19.321966,96.888908,1,0,1170.966260
1789859928,1,-117.462913,51.325691,0.000000,5.459945,18.584764,94.083027,1,0,1176.381098
1789859933,1,-117.464058,51.325226,0.000000,7.401978,18.472898,95.130164,1,0,1179.844396
1789859938,1,-117.465085,51.324736,0.000000,12.164176,17.924194,89.997891,1,0,1185.142969
1789859944,1,-117.466408,51.324301,0.000000,16.327300,17.809277,104.166999,1,0,1191.605599
1789859950,1,-117.467778,51.324086,0.000000,20.560304,16.178955,98.464966,1,0,1198.047953
1789859956,1,-117.469048,51.323934,0.000000,3.609731,15.311212,90.143538,1,0,1201.350863
1789859962,1,-117.470209,51.323786,0.000000,3.367558,12.222182,82.601649,1,0,1207.134789
1789859970,1,-117.471540,51.323660,0.000000,3.604746,12.626809,93.848736,1,0,1212.178775
1789859977,1,-117.472812,51.323591,0.000000,5.822461,12.801943,89.013923,1,0,1216.653652
1789859984,1,-117.474011,51.323491,0.000000,9.954098,13.073446,84.330107,1,0,1216.104058
1789859990,1,-117.475369,51.323322,0.000000,3.933855,13.146629,96.527638,1,0,1223.901574
1789859997,1,-117.476239,51.323069,0.000000,3.482449,8.028379,66.870420,1,0,1227.557697
1789860006,1,-117.477301,51.322705,0.000000,3.504881,10.327902,84.396337,1,0,1231.450789
1789860014,1,-117.478138,51.322404,0.000000,3.499923,6.975387,67.283910,1,0,1233.287610
1789860024,1,-117.479111,51.322059,0.000000,3.495000,9.176888,77.946137,1,0,1236.046312
1789860031,1,-117.479921,51.321783,0.000000,3.476413,9.148714,64.283459,1,0,1237.026933
1789860040,1,-117.480859,51.321447,0.000000,4.497078,8.094230,75.329972,1,0,1238.667531
1789860047,1,-117.481638,51.321158,0.000000,7.752391,8.758706,63.117998,1,0,1242.041547
1789860055,1,-117.482592,51.320842,0.000000,5.121554,10.496208,75.234878,1,0,1238.457420
1789860062,1,-117.483948,51.320622,0.000000,3.476155,16.334205,97.657146,1,0,1244.818278
1789860068,1,-117.485584,51.320432,0.000000,3.548098,21.240481,116.015336,1,0,1249.494423
1789860073,1,-117.487245,51.320232,0.000000,3.606555,24.644858,117.934727,1,0,1252.893445
1789860077,1,-117.488404,51.320107,0.000000,3.619694,17.621061,82.001439,1,0,1255.502653
1789860082,1,-117.489433,51.319946,0.000000,3.624586,13.305622,73.951611,1,0,1258.930583
1789860088,1,-117.490419,51.319730,0.000000,3.624719,11.542791,72.830933,1,0,1262.028975
1789860095,1,-117.491476,51.319466,0.000000,3.617011,11.451274,79.340174,1,0,1266.270452
1789860102,1,-117.492582,51.319168,0.000000,5.562582,12.268646,83.945016,1,0,1270.733110
1789860108,1,-117.493593,51.318893,0.000000,7.511391,13.432487,76.849201,1,0,1274.348599
1789860114,1,-117.494769,51.318554,0.000000,6.573278,15.628445,90.259634,1,0,1274.931903
1789860120,1,-117.496214,51.318199,0.000000,3.658027,17.826722,108.222601,1,0,1278.235123
1789860125,1,-117.497447,51.317881,0.000000,3.622787,18.522052,92.970767,1,0,1279.202395
1789860131,1,-117.498931,51.317499,0.000000,3.673003,18.773372,111.865611,1,0,1280.160585
1789860137,1,-117.500446,51.317104,0.000000,3.692924,19.010887,114.415888,1,0,1281.517947
1789860143,1,-117.501974,51.316702,0.000000,3.694832,19.230684,115.552641,1,0,1282.932521
1789860149,1,-117.503539,51.316293,0.000000,3.695268,19.973511,118.233282,1,0,1284.547300
1789860154,1,-117.504910,51.315936,0.000000,3.695153,21.578242,103.521331,1,0,1286.374369
1789860158,1,-117.506147,51.315618,0.000000,3.691990,24.401533,93.228863,1,0,1287.564250
1789860162,1,-117.507536,51.315253,0.000000,3.690390,27.174038,105.032415,1,0,1289.218560
1789860166,1,-117.509053,51.314856,0.000000,3.689528,29.285486,114.641194,1,0,1290.808582
1789860170,1,-117.510650,51.314436,0.000000,3.741019,30.168234,120.775591,1,0,1292.320529
1789860174,1,-117.512190,51.313928,0.000000,3.772136,30.182790,121.360707,1,0,1293.438901
1789860179,1,-117.513839,51.313040,0.000000,3.784202,30.220073,151.616232,1,0,1294.736847
1789860183,1,-117.514862,51.312156,0.000000,3.787893,30.237151,121.513886,1,0,1295.945068
1789860187,1,-117.515672,51.311189,0.000000,3.787055,30.233178,121.529291,1,0,1297.691344
1789860192,1,-117.516658,51.309979,0.000000,3.783065,30.288023,151.188689,1,0,1301.190724
1789860196,1,-117.517450,51.309009,0.000000,3.781100,30.244219,121.250760,1,0,1304.089168
1789860201,1,-117.518436,51.307798,0.000000,3.779463,30.172949,151.287951,1,0,1307.736755
1789860205,1,-117.519223,51.306828,0.000000,3.778223,30.252433,121.092427,1,0,1310.735295
1789860210,1,-117.520025,51.305565,0.000000,3.774979,29.883598,151.266134,1,0,1314.766013
1789860214,1,-117.520278,51.304500,0.000000,3.772173,29.783827,119.816712,1,0,1316.657295
1789860219,1,-117.520273,51.303165,0.000000,3.770192,29.513255,148.555368,1,0,1317.664163
1789860224,1,-117.520201,51.301846,0.000000,3.770610,29.171004,146.860433,1,0,1318.454839
1789860229,1,-117.520130,51.300545,0.000000,3.768788,29.023597,144.856142,1,0,1319.143191
1789860234,1,-117.520026,51.299248,0.000000,3.766074,28.636515,144.508580,1,0,1320.481595
1789860239,1,-117.519509,51.297999,0.000000,3.759932,28.349556,143.587878,1,0,1321.083073
1789860243,1,-117.518980,51.297022,0.000000,3.759820,29.292203,114.809611,1,0,1321.467810
1789860247,1,-117.518437,51.296012,0.000000,3.757967,29.775270,118.602225,1,0,1321.935856
1789860251,1,-117.517892,51.294987,0.000000,3.758983,30.067720,120.229196,1,0,1322.945472
1789860256,1,-117.517170,51.293704,0.000000,3.758683,30.268461,151.393241,1,0,1324.953591
1789860260,1,-117.516611,51.292674,0.000000,3.757362,30.228536,121.068285,1,0,1326.438433
1789860264,1,-117.516062,51.291637,0.000000,3.753755,30.263256,121.584431,1,0,1327.875503
1789860269,1,-117.515368,51.290347,0.000000,3.753050,30.203687,151.494317,1,0,1329.632714
1789860274,1,-117.514669,51.289057,0.000000,3.752734,30.344783,151.606225,1,0,1331.390128
1789860279,1,-117.513976,51.287773,0.000000,3.751259,29.828552,150.839519,1,0,1331.999261
1789860283,1,-117.513483,51.286772,0.000000,3.747158,28.949712,116.578591,1,0,1330.883783
1789860287,1,-117.513326,51.285768,0.000000,3.732812,28.262858,112.257911,1,0,1327.598974
1789860291,1,-117.513527,51.284764,0.000000,3.726382,28.579766,112.598946,1,0,1323.430390
1789860295,1,-117.513766,51.283702,0.000000,3.724397,30.557640,119.346924,1,0,1317.608413
1789860299,1,-117.513685,51.282615,0.000000,3.716957,29.476900,121.089743,1,0,1310.472436
1789860304,1,-117.513066,51.281361,0.000000,3.710922,29.752840,146.072890,1,0,1301.485444
1789860308,1,-117.512403,51.280347,0.000000,3.712590,30.816772,121.952295,1,0,1294.187234
1789860313,1,-117.511582,51.279063,0.000000,3.710404,30.677794,153.938402,1,0,1284.784247
1789860317,1,-117.510930,51.278047,0.000000,3.709426,30.458587,121.869223,1,0,1276.854388
1789860322,1,-117.510123,51.276789,0.000000,3.708716,30.077987,150.889128,1,0,1267.405727
1789860326,1,-117.509501,51.275787,0.000000,3.706634,29.897897,119.651237,1,0,1260.012022
1789860330,1,-117.508929,51.274772,0.000000,3.702740,30.068800,119.792538,1,0,1252.792949
1789860334,1,-117.508243,51.273781,0.000000,3.701424,30.039530,120.219270,1,0,1246.144687
1789860338,1,-117.507192,51.272924,0.000000,3.691822,29.751975,120.311017,1,0,1238.720226
1789860342,1,-117.505809,51.272267,0.000000,3.684997,30.452207,121.085453,1,0,1230.719203
1789860346,1,-117.504400,51.271632,0.000000,2.424851,29.956799,121.092112,1,0,1220.632412
1789860350,1,-117.503743,51.270793,0.000000,2.002187,25.644206,104.014712,1,0,1213.923405
1789860355,1,-117.504029,51.269678,0.000000,2.000004,25.107828,125.666921,1,0,1205.677611
1789860359,1,-117.504989,51.269032,0.000000,2.000000,24.307234,98.271990,1,0,1202.277260
1789860364,1,-117.506716,51.268757,0.000000,2.000000,26.722244,124.369216,1,0,1199.052884
1789860369,1,-117.508866,51.268669,0.000000,2.000000,30.867796,150.390665,1,0,1195.546499
1789860373,1,-117.510565,51.268468,0.000000,2.020169,30.012505,120.682030,1,0,1192.229390
1789860378,1,-117.512444,51.267852,0.000000,2.001985,29.670097,147.986956,1,0,1186.252846
1789860382,1,-117.513860,51.267193,0.000000,2.000004,30.814937,123.069532,1,0,1181.601319
1789860387,1,-117.515649,51.266396,0.000000,2.000000,30.522502,153.161337,1,0,1175.489427
1789860391,1,-117.517183,51.265878,0.000000,2.000000,30.361553,121.612895,1,0,1170.610267
1789860396,1,-117.519205,51.265395,0.000000,2.000000,30.160948,151.037801,1,0,1164.446558
1789860400,1,-117.520808,51.265009,0.000000,2.158729,29.912244,119.862240,1,0,1159.454046
1789860404,1,-117.522390,51.264601,0.000000,2.000390,29.904195,119.403864,1,0,1156.274710
1789860408,1,-117.523963,51.264168,0.000000,2.000001,30.071722,119.913406,1,0,1154.090272
1789860413,1,-117.525943,51.263622,0.000000,2.000000,30.289634,150.983072,1,0,1151.342511
1789860417,1,-117.527497,51.263132,0.000000,2.143670,30.387513,121.412898,1,0,1148.840573
1789860421,1,-117.529044,51.262622,0.000000,2.000240,30.493924,121.995633,1,0,1146.356099
1789860425,1,-117.530590,51.262107,0.000000,2.097287,30.524287,122.193730,1,0,1144.187720
1789860429,1,-117.532137,51.261596,0.000000,2.000778,30.459648,122.047346,1,0,1141.739378
1789860434,1,-117.534057,51.260957,0.000000,2.000001,30.195349,151.735955,1,0,1139.148567
1789860438,1,-117.535573,51.260456,0.000000,2.000000,29.908697,119.623877,1,0,1138.417861
1789860442,1,-117.537106,51.259950,0.000000,2.000000,30.280899,120.933260,1,0,1138.121520
1789860447,1,-117.539030,51.259409,0.000000,2.000000,29.543501,147.196833,1,0,1138.227273
1789860451,1,-117.540670,51.259286,0.000000,2.000000,28.501120,115.311924,1,0,1138.054883
1789860456,1,-117.542615,51.259600,0.000000,2.211009,28.080997,140.213455,1,0,1135.082967
1789860460,1,-117.544019,51.260084,0.000000,2.001031,27.597192,111.841282,1,0,1129.698881
1789860464,1,-117.545364,51.260582,0.000000,2.052338,27.387074,109.032717,1,0,1124.100958
1789860468,1,-117.546751,51.261097,0.000000,2.000293,28.494092,112.519394,1,0,1118.713890
1789860472,1,-117.548191,51.261624,0.000000,2.000001,29.338172,116.386018,1,0,1112.779803
1789860476,1,-117.549685,51.262114,0.000000,2.000000,29.361395,117.694566,1,0,1108.705816
1789860480,1,-117.551290,51.262309,0.000000,2.008157,28.188751,114.134241,1,0,1106.361095
1789860484,1,-117.552893,51.262273,0.000000,2.000041,28.006699,111.984731,1,0,1104.018950
1789860488,1,-117.554498,51.262223,0.000000,2.000000,27.968320,112.190692,1,0,1102.105155
1789860492,1,-117.556082,51.262163,0.000000,2.000000,27.472828,110.787863,1,0,1100.342755
1789860496,1,-117.557633,51.262122,0.000000,2.000000,26.869068,108.378659,1,0,1098.237643
1789860500,1,-117.559142,51.262081,0.000000,2.000000,25.934844,105.449088,1,0,1097.276280
1789860504,1,-117.560573,51.262043,0.000000,2.000000,24.421734,99.994250,1,0,1098.572477
1789860508,1,-117.561942,51.262000,0.000000,2.000000,23.746498,95.696013,1,0,1100.343257
1789860513,1,-117.563634,51.261879,0.000000,2.000000,23.583940,118.891327,1,0,1101.435128
1789860517,1,-117.564941,51.261678,0.000000,2.499940,23.447767,93.948894,1,0,1100.489874
1789860521,1,-117.566248,51.261416,0.000000,2.039807,24.299140,95.791877,1,0,1098.948327
1789860526,1,-117.568001,51.261055,0.000000,2.008960,26.811036,128.808754,1,0,1095.569131
1789860530,1,-117.569557,51.260745,0.000000,2.000053,29.597830,113.976691,1,0,1092.535034
1789860534,1,-117.571220,51.260405,0.000000,2.000000,30.782024,122.110221,1,0,1089.009916
1789860539,1,-117.573305,51.259989,0.000000,2.000352,30.235653,152.746156,1,0,1085.095831
1789860543,1,-117.574940,51.259664,0.000000,2.000419,29.797480,119.738381,1,0,1083.777775
1789860547,1,-117.576548,51.259343,0.000000,2.000001,29.171415,117.807058,1,0,1082.850862
1789860552,1,-117.578475,51.258953,0.000000,2.000000,27.705665,141.358533,1,0,1081.480240
1789860556,1,-117.579939,51.258658,0.000000,2.007804,26.461429,107.350188,1,0,1081.540843
1789860560,1,-117.581404,51.258359,0.000000,2.003040,27.356032,107.553513,1,0,1081.876206
1789860565,1,-117.583203,51.257897,0.000000,2.022130,26.865072,135.709935,1,0,1082.251830
1789860569,1,-117.584535,51.257399,0.000000,2.000152,27.205635,108.251294,1,0,1081.054696
1789860573,1,-117.585813,51.256818,0.000000,2.001960,28.103636,110.182724,1,0,1077.802695
1789860577,1,-117.587269,51.256153,0.000000,2.000002,33.449429,125.738717,1,0,1075.233707
1789860581,1,-117.588942,51.255384,0.000000,4.733145,37.456068,144.799407,1,0,1073.037152
1789860584,1,-117.590243,51.254766,0.000000,2.000000,37.658031,113.931151,1,0,1072.297708
1789860587,1,-117.591526,51.254192,0.000000,2.043075,35.935188,110.018977,1,0,1072.303831
1789860592,1,-117.593476,51.253313,0.000000,2.094974,31.960766,167.642002,1,0,1073.453154
1789860596,1,-117.594924,51.252740,0.000000,2.114091,28.570647,119.527225,1,0,1074.182113
1789860601,1,-117.596611,51.252207,0.000000,2.119929,25.158006,131.877680,1,0,1074.667454
1789860606,1,-117.598213,51.251809,0.000000,2.128555,23.623169,120.302378,1,0,1074.017448
1789860610,1,-117.599507,51.251558,0.000000,2.138044,23.695022,94.567584,1,0,1072.254635
1789860615,1,-117.601188,51.251327,0.000000,2.138446,24.309053,120.164293,1,0,1068.985986
1789860620,1,-117.602586,51.251206,0.000000,2.134185,24.893069,98.545377,1,0,1066.046430
1789860624,1,-117.604035,51.251144,0.000000,2.129815,25.639528,101.417448,1,0,1063.359022
1789860628,1,-117.605527,51.251105,0.000000,2.133761,26.225835,104.275481,1,0,1060.389939
1789860632,1,-117.607047,51.251060,0.000000,2.142094,26.690919,106.258355,1,0,1057.675138
1789860636,1,-117.608582,51.250990,0.000000,2.138277,27.011437,107.470342,1,0,1056.039619
1789860640,1,-117.610112,51.250752,0.000000,2.132734,27.943309,110.071810,1,0,1054.812434
1789860644,1,-117.611539,51.250267,0.000000,2.125919,28.555308,113.321456,1,0,1053.786142
1789860648,1,-117.612870,51.249637,0.000000,2.132734,29.368326,116.415060,1,0,1053.058937
1789860652,1,-117.614204,51.248991,0.000000,2.128699,29.119744,117.661481,1,0,1051.872592
1789860657,1,-117.615865,51.248300,0.000000,4.736285,26.611064,139.156818,1,0,1049.949307
1789860661,1,-117.617197,51.247961,0.000000,4.748539,24.414220,100.370112,1,0,1048.156272
1789860665,1,-117.618503,51.247737,0.000000,4.748650,23.210888,94.541443,1,0,1046.716466
1789860669,1,-117.619772,51.247547,0.000000,4.748652,22.656872,91.100119,1,0,1045.360497
1789860673,1,-117.621041,51.247321,0.000000,4.748652,23.377818,92.112163,1,0,1043.931557
1789860677,1,-117.622354,51.247034,0.000000,4.748652,24.784650,97.087890,1,0,1043.228407
1789860681,1,-117.623729,51.246728,0.000000,4.748652,25.760202,101.873377,1,0,1042.272435
1789860686,1,-117.625488,51.246336,0.000000,4.748652,26.250019,130.356313,1,0,1040.812600
1789860691,1,-117.627269,51.245940,0.000000,4.748652,26.428484,131.953085,1,0,1039.346156
1789860694,1,-117.628697,51.245625,0.000000,4.748652,26.386974,105.706533,1,0,1037.318282
1789860698,1,-117.630173,51.245445,0.000000,4.748652,26.251937,105.006265,1,0,1034.267589
1789860703,1,-117.632035,51.245607,0.000000,4.748652,26.595411,131.278650,1,0,1030.733115
1789860707,1,-117.633498,51.245891,0.000000,4.748652,26.736516,106.945885,1,0,1027.938197
1789860711,1,-117.634992,51.246056,0.000000,4.748652,26.422612,105.938384,1,0,1025.443413
1789860715,1,-117.636470,51.245899,0.000000,4.748652,26.308499,104.685825,1,0,1022.501175
1789860719,1,-117.637781,51.245441,0.000000,4.748652,26.528413,104.783050,1,0,1019.270209
1789860724,1,-117.639327,51.244714,0.000000,4.748652,27.281127,134.909651,1,0,1015.759358
1789860729,1,-117.640601,51.244124,0.000000,4.748652,27.933778,110.570155,1,0,1013.611125
1789860733,1,-117.641904,51.243511,0.000000,4.748652,28.755505,113.722498,1,0,1012.705785
1789860737,1,-117.643239,51.242885,0.000000,4.748652,29.104760,116.378386,1,0,1011.341762
1789860741,1,-117.644574,51.242258,0.000000,4.748652,29.083255,116.444994,1,0,1010.046560
1789860745,1,-117.645909,51.241636,0.000000,4.748652,28.961262,116.112490,1,0,1008.480473
1789860750,1,-117.647676,51.240984,0.000000,4.748652,28.381643,143.158432,1,0,1006.625939
1789860755,1,-117.649523,51.240504,0.000000,4.748652,27.785045,139.621098,1,0,1005.140558
1789860759,1,-117.651011,51.240116,0.000000,4.748652,28.554576,112.538322,1,0,1003.904646
1789860763,1,-117.652581,51.239731,0.000000,4.748652,29.913944,117.725905,1,0,1003.286256
1789860768,1,-117.654586,51.239223,0.000000,4.748652,30.136082,151.014840,1,0,1004.476936
1789860772,1,-117.656190,51.238813,0.000000,4.748652,30.161178,120.962404,1,0,1005.965592
1789860777,1,-117.658179,51.238299,0.000000,4.748652,29.856493,150.232113,1,0,1007.313478
1789860781,1,-117.659754,51.237889,0.000000,4.748652,29.728435,119.089004,1,0,1008.239872
1789860785,1,-117.661326,51.237480,0.000000,4.748652,29.657353,118.852843,1,0,1008.413242
1789860789,1,-117.662814,51.236977,0.000000,4.748652,29.466471,118.040338,1,0,1008.528054
1789860793,1,-117.664102,51.236301,0.000000,4.748652,29.289360,117.269477,1,0,1009.301273
1789860797,1,-117.665127,51.235474,0.000000,4.748652,29.151912,116.593191,1,0,1009.584280
1789860801,1,-117.665915,51.234535,0.000000,4.748652,29.969587,118.094748,1,0,1008.608555
1789860805,1,-117.666608,51.233532,0.000000,4.748652,30.240570,121.649947,1,0,1005.928201
1789860810,1,-117.667444,51.232335,0.000000,4.748652,28.792397,145.429525,1,0,999.565785
1789860815,1,-117.668246,51.231145,0.000000,4.748652,28.805287,143.776679,1,0,991.990129
1789860818,1,-117.669035,51.230216,0.000000,4.748652,29.639985,117.146604,1,0,986.594193
1789860822,1,-117.670038,51.229336,0.000000,4.748652,30.351758,120.404844,1,0,981.860839
1789860826,1,-117.671229,51.228549,0.000000,4.748652,30.032887,120.792402,1,0,979.475045
1789860830,1,-117.672549,51.227871,0.000000,4.748652,29.575340,119.140749,1,0,978.972829
1789860834,1,-117.673783,51.227253,0.000000,4.748652,26.672050,110.271822,1,0,978.302837
1789860838,1,-117.674884,51.226603,0.000000,4.748652,26.336738,105.583672,1,0,978.018669
1789860842,1,-117.675845,51.225869,0.000000,4.748652,26.646063,105.726877,1,0,977.572638
1789860847,1,-117.676945,51.224873,0.000000,4.748652,27.090104,134.864040,1,0,977.081757
1789860851,1,-117.677820,51.224072,0.000000,4.748652,26.909242,108.077611,1,0,976.904660
1789860856,1,-117.678680,51.223290,0.000000,4.748652,26.109240,105.741926,1,0,976.484801
1789860861,1,-117.679722,51.222345,0.000000,4.748652,25.365438,127.891679,1,0,974.804325
1789860866,1,-117.680774,51.221392,0.000000,4.748652,26.285756,129.025729,1,0,971.959670
1789860870,1,-117.681650,51.220598,0.000000,4.748652,27.234365,107.479613,1,0,968.577250
1789860874,1,-117.682638,51.219826,0.000000,4.748652,27.736059,110.202364,1,0,964.926453
1789860879,1,-117.684099,51.218944,0.000000,4.748652,28.842177,141.607097,1,0,960.146255
1789860884,1,-117.685625,51.218049,0.000000,4.748652,29.255923,145.898780,1,0,954.877211
1789860889,1,-117.687143,51.217171,0.000000,4.748652,28.046376,144.202489,1,0,949.821567
1789860893,1,-117.688332,51.216611,0.000000,4.748652,25.011761,103.856471,1,0,945.530313
1789860898,1,-117.689893,51.216050,0.000000,4.748652,25.467636,125.680497,1,0,940.550511
1789860902,1,-117.691213,51.215640,0.000000,4.748652,25.548900,102.906530,1,0,936.477715
1789860906,1,-117.692515,51.215235,0.000000,4.748652,25.436325,101.532357,1,0,932.057863
1789860910,1,-117.693835,51.214824,0.000000,4.748652,25.842748,102.955768,1,0,927.868452
1789860914,1,-117.695157,51.214392,0.000000,4.748652,26.048482,104.138641,1,0,924.766763
1789860918,1,-117.696459,51.213917,0.000000,4.748652,26.435314,105.220888,1,0,922.240384
1789860923,1,-117.698104,51.213317,0.000000,4.748652,26.575891,132.932801,1,0,919.320228
1789860927,1,-117.699431,51.212852,0.000000,4.748652,26.509324,106.188452,1,0,917.117916
1789860932,1,-117.701187,51.212415,0.000000,4.748652,26.458403,131.991851,1,0,914.373895
1789860935,1,-117.702666,51.212181,0.000000,4.748652,26.946423,106.581524,1,0,912.324683
1789860939,1,-117.704198,51.211988,0.000000,4.748652,27.415796,109.188568,1,0,911.524041
1789860943,1,-117.705726,51.211788,0.000000,4.748652,27.136114,109.082079,1,0,910.821395
1789860947,1,-117.707238,51.211589,0.000000,4.748652,26.837882,107.964750,1,0,910.001117
1789860951,1,-117.708709,51.211338,0.000000,4.748652,26.603591,106.530425,1,0,908.863352
1789860956,1,-117.710468,51.210875,0.000000,4.748652,26.789149,133.290189,1,0,906.237974
1789860961,1,-117.712217,51.210366,0.000000,4.748652,27.057839,134.716302,1,0,903.634071
1789860966,1,-117.714035,51.209909,0.000000,4.748652,27.665944,136.852800,1,0,900.909468
1789860970,1,-117.715586,51.209730,0.000000,4.748652,27.344511,110.209850,1,0,900.605273
1789860975,1,-117.717458,51.209632,0.000000,4.748652,25.231989,131.282722,1,0,904.122776
1789860980,1,-117.718796,51.209467,0.000000,4.748652,23.170516,95.294550,1,0,907.491943
1789860985,1,-117.720297,51.209117,0.000000,4.748652,21.735986,111.896586,1,0,911.725669
1789860990,1,-117.721592,51.208675,0.000000,4.748652,19.858591,103.003637,1,0,915.408357
1789860996,1,-117.722833,51.208067,0.000000,4.748652,16.961156,109.994722,1,0,919.888866
1789861002,1,-117.723815,51.207510,0.000000,4.748652,14.849957,92.472181,1,0,922.775503
1789861008,1,-117.724818,51.206972,0.000000,4.748652,15.962008,92.179884,1,0,924.057220
1789861013,1,-117.725776,51.206576,0.000000,5.471605,16.565526,80.156643,1,0,925.238785
1789861019,1,-117.727335,51.206245,0.000000,9.660633,19.232895,115.022639,1,0,927.752056
1789861024,1,-117.728840,51.206121,0.000000,4.748652,21.807129,106.093456,1,0,924.143616
1789861029,1,-117.730491,51.206137,0.000000,4.748652,23.568610,115.410883,1,0,923.165918
1789861033,1,-117.731847,51.206168,0.000000,4.748652,23.724528,94.840772,1,0,922.903715
1789861037,1,-117.733201,51.206161,0.000000,4.748652,23.543380,94.641435,1,0,922.398742
1789861042,1,-117.734823,51.205955,0.000000,4.748652,22.792142,115.664067,1,0,921.071345
1789861046,1,-117.736020,51.205671,0.000000,4.748652,22.027076,89.433470,1,0,920.785817
1789861051,1,-117.737383,51.205201,0.000000,4.748651,21.478304,108.677193,1,0,920.340781
1789861056,1,-117.738884,51.204676,0.000000,4.748652,18.452934,120.079577,1,0,919.034782
1789861062,1,-117.740200,51.204211,0.000000,4.748652,17.035619,105.535384,1,0,918.246638
1789861067,1,-117.741294,51.203816,0.000000,4.748652,18.210590,88.196623,1,0,918.049878
1789861072,1,-117.742482,51.203395,0.000000,4.748652,19.335696,95.337595,1,0,917.973781
1789861077,1,-117.743639,51.202930,0.000000,4.748652,19.131525,96.003971,1,0,917.588479
1789861082,1,-117.744598,51.202352,0.000000,4.748652,17.555348,92.893093,1,0,917.656628
1789861088,1,-117.745253,51.201670,0.000000,4.748652,13.907952,88.627774,1,0,917.113954
1789861094,1,-117.745604,51.200988,0.000000,4.748652,12.610396,79.752855,1,0,916.897045
1789861100,1,-117.745667,51.200330,0.000000,4.748651,11.956906,73.346773,1,0,918.171772
1789861108,1,-117.745515,51.199679,0.000000,4.748651,9.677552,73.210696,1,0,916.845522
1789861116,1,-117.745314,51.198907,0.000000,4.748651,11.590631,87.040512,1,0,914.985397
1789861122,1,-117.745171,51.198248,0.000000,4.748651,13.094115,74.003882,1,0,912.025391
1789861129,1,-117.745161,51.197360,0.000000,4.748651,15.063923,98.808474,1,0,907.419787
1789861135,1,-117.745380,51.196552,0.000000,4.748652,15.072739,91.198732,1,0,902.654449
1789861142,1,-117.745874,51.195704,0.000000,4.748652,13.588937,100.476744,1,0,896.868146
1789861149,1,-117.746437,51.195000,0.000000,4.748652,12.584427,87.664815,1,0,892.096481
1789861155,1,-117.746984,51.194372,0.000000,4.748652,13.374009,79.655569,1,0,888.625156
1789861162,1,-117.747632,51.193630,0.000000,4.748652,14.115825,94.172528,1,0,885.085152
1789861168,1,-117.748347,51.192797,0.000000,4.748652,15.720808,105.305289,1,0,882.422107
1789861174,1,-117.748853,51.192001,0.000000,4.748652,15.755970,95.371841,1,0,881.042857
1789861179,1,-117.749099,51.191337,0.000000,4.748652,14.399284,75.857147,1,0,879.830227
1789861185,1,-117.749292,51.190642,0.000000,4.748652,12.264599,78.499291,1,0,878.828677
1789861191,1,-117.749466,51.190022,0.000000,4.748652,11.316770,70.050213,1,0,878.572352
1789861199,1,-117.749684,51.189214,0.000000,4.748652,11.594037,91.186874,1,0,881.359724
1789861206,1,-117.750015,51.188431,0.000000,4.748652,13.737933,90.143710,1,0,883.623492
1789861212,1,-117.750632,51.187724,0.000000,4.748652,15.643172,89.718113,1,0,885.097648
1789861219,1,-117.751704,51.187066,0.000000,4.748652,14.319900,104.776226,1,0,885.228068
1789861225,1,-117.752611,51.186722,0.000000,4.748652,11.370248,74.071338,1,0,884.871281
1789861234,1,-117.753911,51.186358,0.000000,4.748652,14.096208,99.517531,1,0,885.262108
1789861241,1,-117.755199,51.185920,0.000000,4.748652,14.406817,102.404303,1,0,885.005768
1789861247,1,-117.756143,51.185447,0.000000,4.748652,14.106494,84.422362,1,0,885.734624
1789861253,1,-117.756986,51.184862,0.000000,4.748652,14.706816,87.816068,1,0,887.050232
1789861260,1,-117.757750,51.184181,0.000000,4.748652,11.805630,92.712366,1,0,886.738166
1789861267,1,-117.758421,51.183586,0.000000,4.748652,11.573843,81.144722,1,0,886.536418
1789861273,1,-117.759019,51.183080,0.000000,4.748652,11.618853,70.131054,1,0,886.004546
1789861281,1,-117.759719,51.182513,0.000000,4.748652,9.941079,79.850227,1,0,884.507369
1789861288,1,-117.760387,51.181994,0.000000,4.748652,10.910186,74.274113,1,0,882.906616
1789861294,1,-117.761044,51.181500,0.000000,4.748652,9.887370,71.639892,1,0,880.470388
1789861301,1,-117.761772,51.180989,0.000000,4.748652,11.820601,76.319751,1,0,878.286671
1789861307,1,-117.762678,51.180475,0.000000,4.748652,16.292492,85.353409,1,0,875.987262
1789861312,1,-117.763603,51.179857,0.000000,4.748652,20.458041,94.407895,1,0,873.163277
1789861318,1,-117.765001,51.178971,0.000000,4.748652,25.142107,138.840425,1,0,869.403488
1789861323,1,-117.766413,51.178118,0.000000,4.748652,28.956262,136.961925,1,0,866.568412
1789861327,1,-117.767665,51.177366,0.000000,4.748652,30.589000,121.107762,1,0,864.107810
1789861331,1,-117.768971,51.176645,0.000000,4.748652,30.221228,121.568924,1,0,862.898913
1789861336,1,-117.770676,51.175837,0.000000,4.748652,29.834599,149.340303,1,0,861.846161
1789861340,1,-117.772071,51.175206,0.000000,4.748652,30.180041,120.201651,1,0,860.450704
1789861344,1,-117.773437,51.174528,0.000000,4.748652,30.562021,121.730998,1,0,857.268794
1789861348,1,-117.774776,51.173807,0.000000,4.748652,30.905118,123.312290,1,0,851.941503
1789861353,1,-117.776417,51.172922,0.000000,4.748652,29.820830,151.224454,1,0,845.385541
1789861359,1,-117.778055,51.172049,0.000000,4.748652,30.205532,150.198210,1,0,840.081858
1789861363,1,-117.779364,51.171336,0.000000,4.748652,30.286005,121.149281,1,0,835.707151
1789861368,1,-117.780966,51.170435,0.000000,4.748652,29.968588,150.355265,1,0,831.206775
1789861372,1,-117.782248,51.169725,0.000000,4.748652,29.830123,119.507273,1,0,829.221013
1789861376,1,-117.783546,51.169023,0.000000,4.748652,29.829510,119.766869,1,0,828.015062
1789861380,1,-117.784848,51.168348,0.000000,4.748652,29.342562,118.045332,1,0,826.831736
1789861384,1,-117.786216,51.167750,0.000000,4.748652,29.066927,116.547679,1,0,825.163253
1789861389,1,-117.788025,51.167121,0.000000,4.748652,28.818601,144.599791,1,0,822.132994
1789861394,1,-117.789821,51.166502,0.000000,4.748652,28.577726,143.278077,1,0,818.964672
1789861398,1,-117.791183,51.165937,0.000000,4.748652,28.502979,114.148849,1,0,816.512492
1789861403,1,-117.792819,51.165176,0.000000,4.748652,28.404342,142.363511,1,0,813.551308
1789861407,1,-117.794111,51.164559,0.000000,4.748652,28.352038,113.497687,1,0,811.478140
1789861411,1,-117.795396,51.163943,0.000000,4.748652,28.165494,113.040600,1,0,810.182224
1789861414,1,-117.796667,51.163336,0.000000,4.748652,27.818100,111.654797,1,0,810.190773
1789861418,1,-117.797947,51.162730,0.000000,4.748652,28.084690,112.089839,1,0,811.395604
1789861423,1,-117.799565,51.161982,0.000000,4.748652,28.192106,140.491500,1,0,812.904077
1789861427,1,-117.800936,51.161448,0.000000,4.748652,28.212725,112.829768,1,0,813.942110
1789861431,1,-117.802367,51.160987,0.000000,4.748652,28.241271,112.491063,1,0,815.685843
1789861435,1,-117.803860,51.160599,0.000000,4.748652,28.301506,113.023552,1,0,817.343000
1789861439,1,-117.805378,51.160256,0.000000,4.748652,28.246569,112.851845,1,0,818.984887
1789861444,1,-117.807278,51.159831,0.000000,4.748652,28.282296,141.089067,1,0,821.071855
1789861448,1,-117.808797,51.159487,0.000000,4.748652,28.208534,112.955409,1,0,822.904501
1789861452,1,-117.810287,51.159096,0.000000,4.748652,28.198769,112.957877,1,0,824.856689
1789861457,1,-117.812090,51.158526,0.000000,4.748652,28.272235,141.188354,1,0,827.261502
1789861461,1,-117.813485,51.158000,0.000000,4.748652,28.516839,113.800540,1,0,828.199864
1789861465,1,-117.814836,51.157421,0.000000,4.748652,28.645536,114.386186,1,0,826.952209
1789861469,1,-117.816185,51.156832,0.000000,4.748652,28.848042,114.901516,1,0,823.891788
1789861473,1,-117.817538,51.156231,0.000000,4.748652,29.052170,115.905274,1,0,819.288130
1789861477,1,-117.818566,51.155442,0.000000,4.748652,28.055191,113.492944,1,0,814.265927
1789861482,1,-117.819733,51.154437,0.000000,4.748652,27.674975,138.461826,1,0,813.438409
1789861488,1,-117.821536,51.154004,0.000000,4.748652,26.807159,135.042511,1,0,812.243161
1789861493,1,-117.823399,51.153921,0.000000,4.748652,25.978288,130.681021,1,0,811.242344
1789861497,1,-117.824854,51.153752,0.000000,4.748652,25.957812,103.528466,1,0,809.247770
1789861501,1,-117.826279,51.153451,0.000000,4.748652,26.382918,105.181706,1,0,806.348168
1789861505,1,-117.827709,51.153142,0.000000,4.748652,26.401021,105.799263,1,0,804.034586
1789861510,1,-117.829487,51.152801,0.000000,4.748652,25.754499,130.063726,1,0,801.358135
1789861514,1,-117.830941,51.152713,0.000000,4.748652,25.503481,102.206427,1,0,798.731312
1789861519,1,-117.832682,51.152567,0.000000,4.748652,24.239171,122.896051,1,0,797.229283
1789861523,1,-117.833947,51.152225,0.000000,4.748652,24.057967,96.345072,1,0,793.860939
1789861528,1,-117.835241,51.151522,0.000000,4.748652,24.197987,119.656109,1,0,788.429806
1789861532,1,-117.835967,51.150759,0.000000,4.748651,25.117213,98.935060,1,0,782.965463
1789861535,1,-117.836382,51.149873,0.000000,4.748651,26.269607,102.769050,1,0,775.647425
1789861539,1,-117.836701,51.148947,0.000000,4.748651,26.037972,105.421529,1,0,768.195524
1789861544,1,-117.837086,51.147871,0.000000,4.748651,23.597224,122.714477,1,0,759.053500
1789861549,1,-117.837459,51.146849,0.000000,4.748651,23.412173,116.669818,1,0,750.738983
1789861553,1,-117.837938,51.146039,0.000000,4.748651,24.359218,96.156389,1,0,744.296349
1789861558,1,-117.838971,51.145205,0.000000,4.748651,22.564628,117.630729,1,0,736.897344
1789861562,1,-117.840012,51.144758,0.000000,4.748652,21.910278,88.210216,1,0,730.055468
1789861567,1,-117.841437,51.144298,0.000000,4.748652,22.731823,112.092681,1,0,722.096937
1789861572,1,-117.842936,51.143820,0.000000,4.748652,24.010100,117.615815,1,0,713.689186
1789861577,1,-117.844506,51.143315,0.000000,4.748652,25.190566,123.406611,1,0,705.336824
1789861581,1,-117.845807,51.142899,0.000000,4.748652,25.580090,102.137242,1,0,699.227816
1789861585,1,-117.847109,51.142480,0.000000,4.748652,25.447636,102.351158,1,0,695.607054
1789861589,1,-117.848384,51.142072,0.000000,4.748652,24.949839,100.120491,1,0,694.558727
1789861593,1,-117.849658,51.141667,0.000000,4.748652,24.931899,99.907100,1,0,693.226605
1789861597,1,-117.850926,51.141262,0.000000,4.748652,24.864807,99.532467,1,0,692.930547
1789861602,1,-117.852487,51.140762,0.000000,4.748652,24.014847,122.603077,1,0,693.243481
1789861606,1,-117.853674,51.140386,0.000000,4.748652,22.920678,93.017244,1,0,692.678134
1789861611,1,-117.854826,51.140028,0.000000,4.748652,22.266421,89.931199,1,0,692.075942
1789861615,1,-117.855960,51.139658,0.000000,4.748652,22.542437,89.410269,1,0,691.292591
1789861620,1,-117.857442,51.139195,0.000000,4.748652,23.486646,115.813599,1,0,689.819016
1789861624,1,-117.858736,51.138951,0.000000,4.748652,23.627051,94.548875,1,0,687.800140
1789861628,1,-117.860073,51.138834,0.000000,4.748652,23.552013,94.478144,1,0,684.651322
1789861632,1,-117.861422,51.138843,0.000000,4.748652,23.771002,94.422164,1,0,681.956179
1789861637,1,-117.863147,51.138913,0.000000,4.748652,24.368820,120.984081,1,0,678.335750
1789861641,1,-117.864540,51.138968,0.000000,4.748652,24.445203,97.688185,1,0,675.343964
1789861646,1,-117.866280,51.139037,0.000000,4.748652,24.420350,122.024597,1,0,671.484790
1789861650,1,-117.868005,51.139102,0.000000,4.748652,23.639202,120.949339,1,0,667.334469
1789861654,1,-117.869273,51.139120,0.000000,4.748652,21.317611,88.769999,1,0,664.905371
1789861660,1,-117.870990,51.138928,0.000000,4.748652,19.788093,122.056864,1,0,662.296757
1789861666,1,-117.872625,51.138699,0.000000,4.748652,19.565220,117.235890,1,0,661.620170
1789861671,1,-117.874013,51.138497,0.000000,4.748652,20.101827,99.712088,1,0,661.557414
1789861676,1,-117.875418,51.138296,0.000000,4.748652,20.285060,100.846927,1,0,661.943844
1789861681,1,-117.876861,51.138090,0.000000,4.748652,20.908939,103.563709,1,0,662.003877
1789861686,1,-117.878330,51.137841,0.000000,4.748652,21.648867,106.482525,1,0,662.600827
1789861692,1,-117.879986,51.137286,0.000000,4.748652,22.070192,131.326958,1,0,662.523279
1789861696,1,-117.880919,51.136744,0.000000,4.748652,22.334944,88.891809,1,0,662.786732
1789861700,1,-117.881669,51.136091,0.000000,4.748652,22.525466,89.636780,1,0,663.199190
1789861704,1,-117.882195,51.135341,0.000000,4.748652,22.949278,91.208622,1,0,663.566114
1789861708,1,-117.882462,51.134525,0.000000,4.748652,23.246751,92.693869,1,0,663.331589
1789861713,1,-117.882517,51.133462,0.000000,4.748651,23.584811,118.334655,1,0,663.336339
1789861718,1,-117.882767,51.132422,0.000000,4.748652,23.318644,117.028738,1,0,663.543876
1789861722,1,-117.883113,51.131619,0.000000,4.748651,23.128568,92.568877,1,0,663.406655
1789861726,1,-117.883341,51.130809,0.000000,4.748651,22.877941,91.525042,1,0,664.170098
1789861730,1,-117.883255,51.129974,0.000000,4.748651,23.418097,93.098963,1,0,663.294995
1789861736,1,-117.883112,51.128926,0.000000,4.748651,23.435155,117.031921,1,0,663.746947
1789861741,1,-117.883518,51.127882,0.000000,4.748652,24.110857,119.584654,1,0,663.587731
1789861746,1,-117.884610,51.127080,0.000000,4.748652,23.122386,117.500750,1,0,663.372721
1789861750,1,-117.885544,51.126545,0.000000,4.748652,21.314442,88.427634,1,0,662.899152
1789861755,1,-117.886352,51.125797,0.000000,4.748652,19.635680,100.630630,1,0,662.707883
1789861761,1,-117.886585,51.124797,0.000000,4.748652,18.268031,112.451814,1,0,662.483161
1789861767,1,-117.886369,51.123859,0.000000,4.748651,17.036270,105.454000,1,0,661.530867
1789861771,1,-117.886181,51.123115,0.000000,4.748651,16.805269,83.819056,1,0,662.058478
1789861777,1,-117.886096,51.122164,0.000000,4.748651,17.996787,105.977636,1,0,662.506764
1789861783,1,-117.886313,51.121195,0.000000,4.748651,18.196314,108.878495,1,0,662.024104
1789861788,1,-117.886704,51.120423,0.000000,4.748651,18.012344,90.152177,1,0,661.479763
1789861793,1,-117.887272,51.119676,0.000000,4.748652,18.857993,92.138774,1,0,660.219041
1789861799,1,-117.888133,51.118740,0.000000,4.748652,20.984229,120.333232,1,0,659.221954
1789861805,1,-117.889387,51.117841,0.000000,4.748652,23.053247,133.097351,1,0,657.456797
1789861810,1,-117.890707,51.117180,0.000000,4.748652,23.971750,118.117161,1,0,656.683791
1789861814,1,-117.891823,51.116657,0.000000,4.748652,24.515203,97.435871,1,0,657.503240
1789861818,1,-117.892966,51.116125,0.000000,4.748652,25.070207,99.550993,1,0,658.547604
1789861823,1,-117.894389,51.115412,0.000000,4.748652,25.459395,127.371130,1,0,659.748350
1789861827,1,-117.895434,51.114778,0.000000,4.748652,25.124789,101.642345,1,0,660.720609
1789861832,1,-117.896578,51.113936,0.000000,4.748652,24.338903,123.265718,1,0,660.161078
1789861836,1,-117.897380,51.113229,0.000000,4.748652,24.098538,96.654026,1,0,658.463996
1789861840,1,-117.898089,51.112477,0.000000,4.748652,24.589144,97.291482,1,0,655.452922
1789861844,1,-117.898819,51.111700,0.000000,4.748652,25.493965,100.436763,1,0,651.860277
1789861848,1,-117.899576,51.110893,0.000000,4.748652,26.341433,104.272338,1,0,648.224532
1789861852,1,-117.900351,51.110069,0.000000,4.748652,26.773807,106.542033,1,0,644.604194
1789861856,1,-117.901140,51.109234,0.000000,2.456055,27.031654,108.094851,1,0,640.318080
1789861862,1,-117.902130,51.108184,0.000000,2.123659,27.203654,135.850444,1,0,635.508445
1789861866,1,-117.902916,51.107349,0.000000,2.180095,26.859697,107.987468,1,0,634.258362
1789861870,1,-117.903694,51.106530,0.000000,2.253402,26.457909,106.174234,1,0,636.294988
1789861874,1,-117.904465,51.105712,0.000000,2.283181,26.273321,105.827773,1,0,640.238451
1789861878,1,-117.905212,51.104902,0.000000,2.298996,25.879386,104.209245,1,0,643.297592
1789861882,1,-117.905935,51.104110,0.000000,2.302264,25.130044,101.634264,1,0,644.410269
1789861887,1,-117.906823,51.103147,0.000000,2.300936,24.600097,123.889731,1,0,642.585028
1789861892,1,-117.907710,51.102189,0.000000,2.307236,24.870791,123.373592,1,0,639.239728
1789861896,1,-117.908614,51.101223,0.000000,2.304785,25.029860,124.747034,1,0,634.568413
1789861900,1,-117.909339,51.100441,0.000000,2.306399,25.379116,100.744316,1,0,630.803204
1789861904,1,-117.910085,51.099643,0.000000,2.307762,25.971298,103.023948,1,0,626.855168
1789861908,1,-117.910847,51.098833,0.000000,4.492758,26.310095,104.743429,1,0,622.829028
1789861912,1,-117.911611,51.098017,0.000000,4.746491,26.409508,105.389366,1,0,618.839560
1789861917,1,-117.912563,51.096997,0.000000,4.748643,26.193874,131.630023,1,0,614.258744
1789861921,1,-117.913317,51.096188,0.000000,4.748652,26.067474,104.365663,1,0,611.924057
1789861926,1,-117.914258,51.095181,0.000000,4.748652,26.028740,129.996120,1,0,610.528515
1789861930,1,-117.915010,51.094372,0.000000,4.748652,26.087462,104.294763,1,0,609.446443
1789861935,1,-117.915946,51.093370,0.000000,4.748652,25.867044,129.338965,1,0,607.974511
1789861939,1,-117.916693,51.092562,0.000000,4.748652,26.163210,104.022043,1,0,607.045295
1789861943,1,-117.917454,51.091750,0.000000,4.748652,26.261850,104.901948,1,0,605.630072
1789861947,1,-117.918206,51.090943,0.000000,4.748652,25.877621,104.105657,1,0,605.774818
1789861952,1,-117.919130,51.089961,0.000000,4.748652,25.173993,126.998969,1,0,608.089879
1789861956,1,-117.919867,51.089180,0.000000,4.748652,25.197799,101.080405,1,0,609.893932
1789861960,1,-117.920594,51.088398,0.000000,4.748652,25.236611,100.820288,1,0,611.912645
1789861965,1,-117.921535,51.087420,0.000000,4.748652,25.685988,127.229590,1,0,614.542704
1789861969,1,-117.922286,51.086622,0.000000,4.748652,25.916343,103.207698,1,0,616.761684
1789861974,1,-117.923227,51.085622,0.000000,4.748652,25.764577,129.333033,1,0,619.295101
1789861978,1,-117.923964,51.084820,0.000000,4.748652,25.676411,103.098898,1,0,619.622834
1789861982,1,-117.924691,51.084014,0.000000,4.748652,25.778593,103.136386,1,0,618.512639
1789861988,1,-117.925627,51.083019,0.000000,4.748652,25.822547,128.675822,1,0,616.735306
1789861993,1,-117.926570,51.082012,0.000000,4.748652,26.112244,130.074731,1,0,614.779108
1789861997,1,-117.927328,51.081204,0.000000,4.748652,25.981414,104.417952,1,0,613.873291
1789862002,1,-117.928155,51.080160,0.000000,4.748652,25.799361,129.812868,1,0,613.685455
1789862007,1,-117.928589,51.079031,0.000000,4.748652,25.771852,129.243120,1,0,613.366746
1789862011,1,-117.928652,51.078110,0.000000,4.748652,25.580205,102.566017,1,0,612.954890
1789862015,1,-117.928455,51.077202,0.000000,4.748652,25.417971,101.963587,1,0,612.972557
1789862018,1,-117.928013,51.076334,0.000000,4.748652,25.334532,101.420446,1,0,613.239620
1789862023,1,-117.927267,51.075292,0.000000,4.748652,25.348124,127.178964,1,0,614.063986
1789862027,1,-117.926701,51.074468,0.000000,4.748652,24.834828,99.893693,1,0,615.052214
1789862032,1,-117.926420,51.073390,0.000000,4.748652,24.082692,121.545130,1,0,616.719737
1789862036,1,-117.926714,51.072560,0.000000,4.748652,23.547515,94.617391,1,0,618.462093
1789862041,1,-117.927634,51.071683,0.000000,4.748652,23.679245,116.957300,1,0,620.596456
1789862045,1,-117.928629,51.071101,0.000000,4.748652,24.013633,95.166410,1,0,622.603313
1789862050,1,-117.929883,51.070350,0.000000,4.748652,24.299590,121.278921,1,0,625.472607
1789862055,1,-117.930888,51.069471,0.000000,4.748652,24.056528,120.529725,1,0,627.875400
1789862059,1,-117.931430,51.068686,0.000000,4.748652,23.843295,95.245313,1,0,629.448666
1789862063,1,-117.931720,51.067841,0.000000,4.748652,24.184033,96.187868,1,0,630.695494
1789862067,1,-117.931834,51.066968,0.000000,4.748652,24.509599,97.458719,1,0,632.059603
1789862071,1,-117.931963,51.066087,0.000000,4.748652,24.660380,98.436870,1,0,633.262012
1789862076,1,-117.932425,51.065015,0.000000,4.748652,24.947782,123.590834,1,0,635.263128
1789862081,1,-117.933273,51.064020,0.000000,4.748652,25.301636,125.657099,1,0,636.661632
1789862086,1,-117.934100,51.063007,0.000000,4.748652,25.404811,126.744859,1,0,638.030076
1789862091,1,-117.934504,51.061906,0.000000,4.748652,25.028300,125.729623,1,0,639.376642
1789862096,1,-117.934541,51.060787,0.000000,4.748652,24.880585,124.527733,1,0,639.481909
1789862100,1,-117.934614,51.059891,0.000000,4.748652,24.967346,99.820797,1,0,639.343766
1789862105,1,-117.934986,51.058791,0.000000,4.748652,25.133991,125.135030,1,0,639.129266
1789862109,1,-117.935336,51.057929,0.000000,4.748652,24.542587,98.996362,1,0,638.396196
1789862115,1,-117.935696,51.056888,0.000000,4.748652,23.236320,118.540697,1,0,637.869820
1789862120,1,-117.935584,51.055872,0.000000,4.748652,22.456159,113.313156,1,0,637.140983
1789862124,1,-117.935396,51.055083,0.000000,4.748652,21.880845,88.768813,1,0,636.269774
1789862129,1,-117.935563,51.054114,0.000000,4.748652,21.791760,108.445469,1,0,635.992975
1789862133,1,-117.936118,51.053395,0.000000,4.748652,22.464866,88.960335,1,0,635.432710
1789862136,1,-117.937006,51.052816,0.000000,4.748652,22.264046,89.594271,1,0,635.354370
1789862140,1,-117.938103,51.052439,0.000000,4.748652,21.447392,87.615571,1,0,634.527139
1789862146,1,-117.939810,51.052040,0.000000,4.748652,21.980036,127.663437,1,0,635.920778
1789862150,1,-117.941065,51.051766,0.000000,4.748652,24.058125,93.132523,1,0,638.503188
1789862154,1,-117.942378,51.051393,0.000000,4.748652,25.966138,100.989760,1,0,642.364984
1789862159,1,-117.944039,51.050777,0.000000,4.748652,27.629002,135.139735,1,0,647.604028
1789862163,1,-117.945293,51.050171,0.000000,4.748652,27.303913,110.813596,1,0,651.508692
1789862167,1,-117.946458,51.049568,0.000000,4.748652,25.290379,105.716426,1,0,655.583623
1789862171,1,-117.947452,51.049075,0.000000,4.748652,20.584305,88.701100,1,0,658.567747
1789862177,1,-117.948663,51.048473,0.000000,4.748652,16.680496,108.160035,1,0,662.801620
1789862183,1,-117.949772,51.047945,0.000000,4.748652,15.786011,97.466260,1,0,666.800081
1789862189,1,-117.950967,51.047443,0.000000,4.748652,17.938488,100.710742,1,0,668.742663
1789862194,1,-117.952157,51.047026,0.000000,4.748652,19.671266,95.483107,1,0,668.499932
1789862199,1,-117.953474,51.046641,0.000000,4.748652,20.803747,101.809519,1,0,665.872903
1789862204,1,-117.954932,51.046302,0.000000,4.748652,22.619780,108.982603,1,0,662.782084
1789862208,1,-117.956200,51.046023,0.000000,4.748652,23.976856,94.185642,1,0,660.186953
1789862212,1,-117.957535,51.045735,0.000000,4.748652,25.040622,98.953563,1,0,657.188351
1789862217,1,-117.959224,51.045372,0.000000,4.748652,24.799425,125.155529,1,0,655.096026
1789862221,1,-117.960524,51.045068,0.000000,4.748652,23.917230,97.248360,1,0,654.723585
1789862226,1,-117.961983,51.044584,0.000000,4.748652,23.052025,115.632933,1,0,656.237619
1789862230,1,-117.963020,51.044057,0.000000,4.748652,23.666352,93.422740,1,0,657.648945
1789862235,1,-117.964291,51.043333,0.000000,4.748652,24.362262,120.146664,1,0,660.001676
1789862241,1,-117.965651,51.042616,0.000000,4.748652,25.130933,124.347139,1,0,661.669250
1789862245,1,-117.966898,51.042170,0.000000,4.748652,24.955819,100.556396,1,0,661.658847
1789862249,1,-117.968237,51.041895,0.000000,4.748652,24.464347,98.770860,1,0,659.849662
1789862253,1,-117.969956,51.041795,0.000000,4.748652,24.117085,121.076308,1,0,656.090400
1789862258,1,-117.971663,51.041957,0.000000,4.748652,24.451620,121.071477,1,0,651.165174
1789862262,1,-117.973048,51.042174,0.000000,4.748652,25.442726,100.093865,1,0,647.225658
1789862267,1,-117.974873,51.042351,0.000000,4.748652,26.375356,129.504259,1,0,642.138584
1789862271,1,-117.976371,51.042248,0.000000,4.748651,26.685349,105.686783,1,0,638.200291
1789862276,1,-117.978173,51.041864,0.000000,4.748651,26.754866,133.410911,1,0,632.866344
1789862281,1,-117.979971,51.041454,0.000000,4.748651,26.793453,134.101285,1,0,627.073229
1789862286,1,-117.981813,51.041137,0.000000,4.748652,26.637219,133.917935,1,0,622.337103
1789862290,1,-117.983300,51.040994,0.000000,4.748652,26.120052,105.498436,1,0,619.536693
1789862294,1,-117.984764,51.040928,0.000000,4.748652,25.512466,102.940913,1,0,617.592796
1789862298,1,-117.986201,51.040939,0.000000,4.748652,25.133290,100.792409,1,0,615.809217
1789862302,1,-117.987630,51.041011,0.000000,4.748652,25.105533,100.543494,1,0,613.755664
1789862307,1,-117.989421,51.041046,0.000000,4.748652,25.299590,125.673276,1,0,611.471203
1789862311,1,-117.990855,51.040931,0.000000,4.748652,25.584770,101.385080,1,0,609.918925
1789862315,1,-117.992229,51.040632,0.000000,4.748652,25.748405,101.946738,1,0,607.577726
1789862320,1,-117.993895,51.040094,0.000000,4.748652,26.523185,131.297181,1,0,605.336091
1789862324,1,-117.995209,51.039633,0.000000,4.748652,26.269195,105.478679,1,0,604.807466
1789862329,1,-117.996858,51.039090,0.000000,4.748652,26.107495,130.493585,1,0,604.848444
1789862333,1,-117.998190,51.038652,0.000000,4.748652,26.604035,105.376136,1,0,604.379626
1789862338,1,-117.999888,51.038058,0.000000,4.748652,27.651211,136.210437,1,0,602.948952
1789862343,1,-118.001656,51.037475,0.000000,4.748652,28.098337,139.952554,1,0,600.512351
1789862347,1,-118.003151,51.037098,0.000000,4.748652,28.286749,112.941967,1,0,598.740190
1789862352,1,-118.005133,51.036765,0.000000,4.748652,29.067718,143.876144,1,0,596.792982
1789862356,1,-118.006766,51.036538,0.000000,4.748652,29.268861,117.295303,1,0,595.040121
1789862360,1,-118.008390,51.036311,0.000000,4.748652,28.992606,116.678868,1,0,593.334478
1789862364,1,-118.009994,51.036086,0.000000,4.748652,28.630338,115.261095,1,0,591.380958
1789862368,1,-118.011570,51.035864,0.000000,4.748652,28.164896,113.271486,1,0,589.726349
1789862372,1,-118.013122,51.035634,0.000000,4.748652,27.990973,111.829446,1,0,588.338106
1789862376,1,-118.014646,51.035313,0.000000,4.748652,28.454876,112.717097,1,0,586.752433
1789862380,1,-118.016094,51.034844,0.000000,4.748652,28.809928,114.196779,1,0,584.798605
1789862384,1,-118.017363,51.034121,0.000000,4.748652,30.453211,119.980819,1,0,582.573944
1789862389,1,-118.019003,51.033238,0.000000,4.748652,30.134224,151.285242,1,0,579.641889
1789862393,1,-118.020430,51.032635,0.000000,4.748652,29.929388,120.506922,1,0,575.888528
1789862397,1,-118.022015,51.032168,0.000000,4.748652,32.054947,122.729359,1,0,571.387807
1789862401,1,-118.023832,51.031674,0.000000,4.748652,35.493996,138.808084,1,0,565.387985
1789862404,1,-118.025215,51.031300,0.000000,4.748652,34.282154,105.564807,1,0,561.067008
1789862408,1,-118.026870,51.030852,0.000000,4.748652,30.363008,126.346037,1,0,556.295435
1789862412,1,-118.028416,51.030418,0.000000,4.748652,29.404047,118.726140,1,0,552.478898
1789862416,1,-118.029925,51.030006,0.000000,4.748652,28.586863,115.365185,1,0,548.960644
1789862420,1,-118.031407,51.029603,0.000000,4.748652,28.109538,113.229078,1,0,545.543150
1789862424,1,-118.032863,51.029206,0.000000,4.748652,27.598883,111.289748,1,0,542.353605
1789862428,1,-118.034289,51.028812,0.000000,4.748652,27.082982,109.226648,1,0,539.142234
1789862433,1,-118.036046,51.028345,0.000000,4.748652,26.633797,133.769248,1,0,536.643033
1789862438,1,-118.037880,51.027970,0.000000,4.748652,27.397630,135.263815,1,0,534.359829
1789862442,1,-118.039414,51.027776,0.000000,4.748652,27.358534,109.764377,1,0,534.184187
1789862446,1,-118.040943,51.027636,0.000000,4.748652,27.174164,108.395513,1,0,537.879352
1789862451,1,-118.042841,51.027410,0.000000,4.748652,27.067936,135.511907,1,0,542.838208
1789862456,1,-118.044700,51.027114,0.000000,4.748652,26.845941,134.516236,1,0,547.831689
1789862461,1,-118.046533,51.026740,0.000000,4.748652,27.364422,135.163117,1,0,554.279442
1789862466,1,-118.048340,51.026264,0.000000,4.748652,27.436698,137.391745,1,0,560.338229
1789862470,1,-118.049725,51.025821,0.000000,4.748652,27.297095,108.953872,1,0,565.281860
1789862474,1,-118.051051,51.025298,0.000000,4.748652,27.546319,109.736840,1,0,569.199423
1789862478,1,-118.052319,51.024714,0.000000,4.748652,27.426833,110.169713,1,0,570.846250
1789862482,1,-118.053502,51.024077,0.000000,4.748652,27.205542,109.145546,1,0,571.798697
1789862487,1,-118.055038,51.023340,0.000000,4.748652,26.974618,135.421075,1,0,573.687234
1789862491,1,-118.056468,51.022963,0.000000,4.748652,27.232666,108.750936,1,0,574.917770
1789862496,1,-118.058345,51.022635,0.000000,4.748652,27.344913,136.662914,1,0,576.353750
1789862500,1,-118.059852,51.022374,0.000000,4.748652,27.495097,109.654185,1,0,577.718876
1789862504,1,-118.061372,51.022115,0.000000,4.748652,27.606926,110.475808,1,0,579.048864
1789862508,1,-118.062883,51.021842,0.000000,4.748652,27.610303,110.285105,1,0,580.184921
1789862513,1,-118.064691,51.021338,0.000000,4.748652,28.033405,138.699686,1,0,582.003286
1789862518,1,-118.066301,51.020598,0.000000,4.748652,27.927415,139.785236,1,0,582.746951
1789862523,1,-118.067917,51.019887,0.000000,4.748652,27.515434,138.265186,1,0,582.998929
1789862527,1,-118.069357,51.019477,0.000000,4.748652,27.767443,110.868878,1,0,582.266393
1789862532,1,-118.071280,51.019096,0.000000,4.748652,28.453265,141.444927,1,0,579.409104
1789862536,1,-118.072838,51.018777,0.000000,4.748652,28.922369,114.946754,1,0,575.699851
1789862540,1,-118.074414,51.018449,0.000000,4.748651,29.235980,116.458613,1,0,570.797407
1789862544,1,-118.076005,51.018129,0.000000,4.748651,29.345662,117.185093,1,0,565.567530
1789862548,1,-118.077604,51.017809,0.000000,4.748651,29.439814,117.719972,1,0,560.508166
1789862552,1,-118.079205,51.017489,0.000000,4.748651,29.512617,117.853661,1,0,555.491427
1789862556,1,-118.080790,51.017138,0.000000,4.748651,29.596864,117.880985,1,0,550.294525
1789862560,1,-118.082317,51.016694,0.000000,4.748651,29.596571,117.992755,1,0,545.478003
1789862564,1,-118.083772,51.016156,0.000000,4.748651,29.713020,118.353849,1,0,540.795744
1789862568,1,-118.085124,51.015518,0.000000,4.748651,29.710814,118.488827,1,0,536.099528
1789862572,1,-118.086429,51.014848,0.000000,4.748651,29.281121,118.087124,1,0,531.039210
1789862576,1,-118.087715,51.014192,0.000000,4.748652,28.973002,116.070189,1,0,526.337537
1789862581,1,-118.089366,51.013408,0.000000,4.748652,28.947863,145.030275,1,0,520.287806
1789862586,1,-118.091107,51.012712,0.000000,4.748652,28.857266,144.655421,1,0,514.178239
1789862590,1,-118.092560,51.012228,0.000000,4.748652,28.776837,115.316888,1,0,509.765282
1789862594,1,-118.094053,51.011821,0.000000,4.748652,28.406177,114.145221,1,0,506.522609
1789862598,1,-118.095495,51.011369,0.000000,4.748652,28.077590,113.006027,1,0,505.425782
1789862603,1,-118.097145,51.010702,0.000000,4.748652,27.457932,137.535421,1,0,505.001286
1789862607,1,-118.098424,51.010115,0.000000,4.748652,27.808457,111.012435,1,0,504.549762
1789862612,1,-118.100044,51.009405,0.000000,4.748652,27.516364,138.449955,1,0,504.922331
1789862616,1,-118.101399,51.008941,0.000000,4.748652,26.746656,108.211656,1,0,506.170582
1789862620,1,-118.102846,51.008651,0.000000,4.748652,26.433740,106.563202,1,0,507.014664
1789862624,1,-118.104326,51.008432,0.000000,4.748652,26.733542,106.696854,1,0,507.801516
1789862628,1,-118.105830,51.008206,0.000000,4.748652,27.353836,108.515348,1,0,508.442701
1789862632,1,-118.107358,51.007976,0.000000,4.748652,27.688734,110.257140,1,0,508.846549
1789862636,1,-118.108901,51.007741,0.000000,4.748652,27.953290,111.410715,1,0,509.278536
1789862641,1,-118.110804,51.007368,0.000000,4.748652,28.114480,139.865275,1,0,510.197895
1789862646,1,-118.112584,51.006799,0.000000,4.748652,28.103983,140.057336,1,0,511.109089
1789862650,1,-118.113884,51.006226,0.000000,4.748652,27.713105,111.308432,1,0,511.406366
1789862654,1,-118.115028,51.005557,0.000000,4.748652,27.307769,109.486201,1,0,512.338839
1789862659,1,-118.116281,51.004630,0.000000,4.748652,27.217450,135.547206,1,0,514.325207
1789862663,1,-118.117241,51.003865,0.000000,4.748652,27.109670,108.559441,1,0,516.306977
1789862668,1,-118.118430,51.002915,0.000000,4.748652,26.727330,134.674981,1,0,518.833735
1789862672,1,-118.119374,51.002157,0.000000,4.748652,26.984854,107.252483,1,0,520.737409
1789862676,1,-118.120338,51.001396,0.000000,4.748652,27.099798,108.386074,1,0,522.811139
1789862680,1,-118.121366,51.000671,0.000000,4.748652,26.965061,108.229163,1,0,524.507893
1789862684,1,-118.122573,51.000076,0.000000,4.748652,26.777949,107.527669,1,0,526.116203
1789862689,1,-118.124256,50.999513,0.000000,4.748652,26.624408,133.728420,1,0,528.866444
1789862693,1,-118.125609,50.999057,0.000000,4.748652,27.194556,107.684493,1,0,530.928502
1789862698,1,-118.127347,50.998490,0.000000,4.748652,27.564572,137.355670,1,0,533.471331
1789862703,1,-118.129084,50.997902,0.000000,4.748652,27.822393,138.382458,1,0,536.459761
1789862707,1,-118.130297,50.997271,0.000000,4.748652,27.734492,110.363639,1,0,538.828440
1789862711,1,-118.131257,50.996486,0.000000,4.748652,27.615001,110.317174,1,0,540.600229
1789862716,1,-118.132374,50.995487,0.000000,4.748652,27.006165,136.024769,1,0,542.653079
1789862721,1,-118.133615,50.994568,0.000000,4.748652,26.882612,134.336097,1,0,541.529123
1789862725,1,-118.134838,50.993968,0.000000,4.748652,27.325558,108.763593,1,0,539.163707
1789862730,1,-118.136601,50.993375,0.000000,4.748652,28.451610,140.266941,1,0,535.277329
1789862734,1,-118.138067,50.992909,0.000000,4.748652,28.880774,115.249580,1,0,531.843377
1789862738,1,-118.139570,50.992488,0.000000,4.748652,28.761778,115.455207,1,0,528.483235
1789862742,1,-118.141119,50.992158,0.000000,4.748652,28.543474,114.786869,1,0,525.073754
1789862746,1,-118.142686,50.991920,0.000000,4.748652,28.012928,113.162130,1,0,522.232683
1789862750,1,-118.144234,50.991769,0.000000,4.748652,27.174533,109.977214,1,0,520.847397
1789862754,1,-118.145747,50.991700,0.000000,4.748652,26.300421,106.506117,1,0,520.820887
1789862758,1,-118.147220,50.991711,0.000000,4.748652,25.437774,103.427908,1,0,521.943601
1789862763,1,-118.149009,50.991820,0.000000,4.748652,25.379098,126.191410,1,0,524.536778
1789862767,1,-118.150441,50.991986,0.000000,4.748652,25.629286,102.224287,1,0,526.629062
1789862771,1,-118.151857,50.992225,0.000000,4.748652,25.667584,102.913277,1,0,529.041198
1789862776,1,-118.153557,50.992621,0.000000,4.748652,25.275920,127.230520,1,0,531.993087
1789862780,1,-118.154849,50.993006,0.000000,4.748652,24.914806,100.317249,1,0,534.901591
1789862785,1,-118.156368,50.993585,0.000000,4.748652,24.986563,124.595537,1,0,537.631019
1789862789,1,-118.157581,50.994055,0.000000,4.748652,25.073064,99.938050,1,0,539.929028
1789862793,1,-118.158802,50.994536,0.000000,4.748652,25.242936,101.059878,1,0,542.060348
1789862797,1,-118.160012,50.995023,0.000000,4.748652,24.993998,100.762972,1,0,544.411092
1789862801,1,-118.161137,50.995563,0.000000,4.748652,24.524198,99.239817,1,0,546.372581
1789862806,1,-118.162310,50.996378,0.000000,4.748652,24.166695,122.493918,1,0,547.902826
1789862810,1,-118.163116,50.997095,0.000000,4.748652,24.465706,97.805898,1,0,547.537271
1789862814,1,-118.163986,50.997781,0.000000,4.748652,24.588819,97.756799,1,0,545.841398
1789862819,1,-118.164983,50.998376,0.000000,4.748652,14.065063,96.344651,1,0,543.038124
1789862828,1,-118.165985,50.998216,0.000000,4.748651,11.818263,72.568757,1,0,540.253051
1789862835,1,-118.167679,50.998372,0.000000,4.748651,20.750609,120.197241,1,0,531.373970
1789862841,1,-118.169453,50.998840,0.000000,4.748651,23.381034,134.999557,1,0,520.135494
1789862846,1,-118.170996,50.999173,0.000000,4.748651,22.788718,114.495177,1,0,510.759680
1789862850,1,-118.172271,50.999222,0.000000,4.748651,22.213875,89.684547,1,0,502.771928
1789862854,1,-118.173551,50.999091,0.000000,4.748651,22.830906,91.043806,1,0,495.606670
1789862858,1,-118.174744,50.998753,0.000000,4.748651,22.979010,91.815380,1,0,488.782379
1789862862,1,-118.175780,50.998234,0.000000,4.748651,23.076584,92.870830,1,0,481.396202
1789862867,1,-118.176820,50.997407,0.000000,4.748651,23.549766,117.462490,1,0,475.295683
1789862872,1,-118.177857,50.996565,0.000000,4.748651,23.951888,118.644754,1,0,469.202660
1789862877,1,-118.179116,50.995857,0.000000,4.748651,22.895690,118.398755,1,0,463.196874
1789862882,1,-118.180364,50.995421,0.000000,4.748651,19.186228,100.153287,1,0,458.803887
1789862887,1,-118.181567,50.995167,0.000000,4.748651,16.878744,89.064879,1,0,456.309938
1789862892,1,-118.182672,50.994975,0.000000,4.748651,15.418483,80.469286,1,0,454.681857
1789862898,1,-118.183762,50.994759,0.000000,4.748652,10.686995,80.213500,1,0,454.030159
1789862909,1,-118.183995,50.994401,0.000000,4.748652,1.577126,43.058331,1,0,454.422561
1789862923,1,-118.183049,50.994832,0.000000,4.748652,12.239175,81.919456,1,0,456.237124
1789862930,1,-118.181657,50.995095,0.000000,4.748652,15.308633,102.018779,1,0,458.381515
1789862937,1,-118.180248,50.995394,0.000000,4.748652,14.768884,104.369520,1,0,461.191832
1789862943,1,-118.179106,50.995802,0.000000,4.748652,15.962709,92.137592,1,0,464.366244
1789862948,1,-118.178214,50.996260,0.000000,4.748652,15.933447,80.738260,1,0,467.616362
1789862953,1,-118.177448,50.996803,0.000000,4.748652,16.114320,80.882906,1,0,471.744492
1789862958,1,-118.176736,50.997396,0.000000,4.748652,16.419631,82.774936,1,0,475.754941
1789862964,1,-118.175876,50.998087,0.000000,4.748652,15.707424,97.755451,1,0,480.190483
1789862971,1,-118.174726,50.998686,0.000000,4.748652,14.930797,104.692575,1,0,488.343398
1789862977,1,-118.173583,50.999015,0.000000,4.748652,14.772719,88.204249,1,0,495.967226
1789862983,1,-118.172311,50.999163,0.000000,4.748652,15.672386,90.813238,1,0,503.784697
1789862989,1,-118.170963,50.999104,0.000000,4.748652,15.763159,94.871464,1,0,511.984934
1789862994,1,-118.169902,50.998892,0.000000,4.748652,15.747391,78.138565,1,0,518.218798
1789862999,1,-118.168844,50.998620,0.000000,4.748652,16.290678,80.210800,1,0,524.577647
1789863004,1,-118.167756,50.998330,0.000000,4.748652,16.402770,82.923882,1,0,531.454414
1789863010,1,-118.166510,50.998129,0.000000,4.748652,13.647439,90.295979,1,0,538.097587
1789863016,1,-118.165539,50.998231,0.000000,4.748652,9.594129,69.113044,1,0,542.248934
1789863022,1,-118.165240,50.998342,0.000000,4.748652,0.038390,24.356194,1,0,543.448085
1789863072,1,-118.166006,50.998855,0.000000,4.748651,15.299720,78.422264,1,0,542.715313
1789863077,1,-118.167117,50.999231,0.000000,4.748651,19.147528,88.513847,1,0,540.345492
1789863082,1,-118.168554,50.999605,0.000000,4.748651,23.419791,109.137024,1,0,538.262951
1789863086,1,-118.169946,50.999839,0.000000,4.748651,26.396862,101.141898,1,0,535.997596
1789863090,1,-118.171540,50.999966,0.000000,4.748651,29.185670,112.804851,1,0,533.741640
1789863095,1,-118.173659,50.999950,0.000000,4.748650,29.997053,148.787816,1,0,530.774757
1789863099,1,-118.175369,50.999918,0.000000,4.748651,30.070573,120.113591,1,0,529.327080
1789863103,1,-118.177084,50.999878,0.000000,4.748651,30.170949,120.494063,1,0,528.778972
1789863107,1,-118.178804,50.999843,0.000000,4.748651,30.173115,120.825659,1,0,527.953113
1789863111,1,-118.180526,50.999801,0.000000,4.748651,30.274065,120.993562,1,0,526.623212
1789863116,1,-118.182680,50.999762,0.000000,4.748651,30.293363,151.296638,1,0,525.426796
1789863121,1,-118.184837,50.999723,0.000000,4.748651,30.294222,151.507156,1,0,524.210186
1789863125,1,-118.186550,50.999797,0.000000,4.748651,30.071557,120.552801,1,0,524.193781
1789863130,1,-118.188583,51.000211,0.000000,4.748652,30.183298,149.971988,1,0,524.945162
1789863135,1,-118.190386,51.000945,0.000000,4.748653,30.167099,150.633767,1,0,526.903868
1789863140,1,-118.191879,51.001924,0.000000,4.748652,30.183337,151.161262,1,0,527.819862
1789863144,1,-118.193026,51.002746,0.000000,4.748652,30.478207,121.851487,1,0,527.433866
1789863149,1,-118.194462,51.003779,0.000000,4.748652,30.594231,152.878234,1,0,524.578989
1789863153,1,-118.195587,51.004582,0.000000,4.748652,28.004803,119.244454,1,0,521.783955
1789863157,1,-118.196593,51.005307,0.000000,4.748652,26.445242,107.205767,1,0,517.965676
1789863161,1,-118.197551,51.005968,0.000000,4.748652,24.203497,99.652121,1,0,514.389203
1789863165,1,-118.198523,51.006477,0.000000,4.748651,20.968013,88.669815,1,0,510.571334
1789863171,1,-118.199819,51.007104,0.000000,4.748652,16.449963,114.640464,1,0,502.466557
1789863177,1,-118.200744,51.007736,0.000000,4.748652,15.998564,95.708845,1,0,509.677836
1789863184,1,-118.201516,51.008506,0.000000,4.748652,14.041268,101.369225,1,0,518.681237
1789863190,1,-118.201839,51.009186,0.000000,4.748652,11.432231,78.979561,1,0,525.977315
1789863197,1,-118.201937,51.009886,0.000000,4.748652,11.978893,78.183557,1,0,532.388209
1789863204,1,-118.201965,51.010670,0.000000,4.748652,11.555812,87.248291,1,0,541.982324
1789863211,1,-118.201967,51.011331,0.000000,4.748652,9.957057,73.541670,1,0,549.366015
1789863218,1,-118.201966,51.011879,0.000000,4.748652,6.945043,60.969477,1,0,553.168982
1789863226,1,-118.202108,51.012571,0.000000,4.748652,11.673176,77.633108,1,0,561.072229
1789863232,1,-118.202389,51.013207,0.000000,4.748652,12.835029,73.457567,1,0,568.727759
1789863238,1,-118.202864,51.013859,0.000000,4.748653,13.534254,79.835143,1,0,576.101179
1789863244,1,-118.203345,51.014492,0.000000,4.748653,12.661500,78.100582,1,0,581.883230
1789863250,1,-118.203828,51.015133,0.000000,4.748653,12.731821,78.964349,1,0,584.248996
1789863258,1,-118.204381,51.015854,0.000000,4.748652,11.662049,89.112691,1,0,585.601045
1789863265,1,-118.204836,51.016559,0.000000,4.748652,11.340839,84.688272,1,0,587.912730
1789863273,1,-118.205144,51.017339,0.000000,4.748652,10.837440,89.433411,1,0,588.755829
1789863304,1,-118.205073,51.017023,0.000000,4.748651,13.975023,35.509137,1,0,586.379780
1789863310,1,-118.204708,51.016279,0.000000,4.748651,14.593162,32.421795,1,0,584.365024
1789863317,1,-118.204089,51.015414,0.000000,4.748651,15.385044,105.589317,1,0,581.232273
1789863324,1,-118.203435,51.014547,0.000000,4.748650,15.526714,106.824244,1,0,577.660551
1789863329,1,-118.202945,51.013906,0.000000,4.748650,15.733861,79.174812,1,0,572.878950
1789863334,1,-118.202483,51.013269,0.000000,4.748650,15.666985,77.936335,1,0,566.707427
1789863340,1,-118.202105,51.012456,0.000000,4.748649,15.177203,94.262959,1,0,558.878971
1789863347,1,-118.202016,51.011869,0.000000,4.748651,5.897908,65.606615,1,0,553.617741
1789863359,1,-118.201366,51.011429,0.000000,4.748650,9.765504,66.913317,1,0,556.055437
1789863366,1,-118.201259,51.010723,0.000000,4.748651,11.486624,78.906494,1,0,558.830303
1789863373,1,-118.200615,51.009993,0.000000,4.748651,13.790066,92.949435,1,0,561.725079
1789863379,1,-118.199952,51.009507,0.000000,4.748652,11.215313,71.338753,1,0,563.807307
1789863385,1,-118.198963,51.009214,0.000000,4.748652,13.738142,76.689505,1,0,565.358316
1789863391,1,-118.197809,51.009206,0.000000,4.748652,13.782304,81.002153,1,0,567.935547
1789863398,1,-118.196511,51.009310,0.000000,4.748652,12.017023,91.836278,1,0,572.917615
1789863405,1,-118.195457,51.009097,0.000000,4.748652,11.644102,77.681541,1,0,577.512005
1789863412,1,-118.194715,51.008529,0.000000,4.748651,11.837011,81.889553,1,0,582.015677
1789863418,1,-118.194575,51.007870,0.000000,4.748651,12.858527,73.974992,1,0,583.714277
1789863424,1,-118.194691,51.007260,0.000000,4.748651,8.074310,68.354428,1,0,586.209024
1789863434,1,-118.194541,51.006851,0.000000,4.748652,2.665428,46.706878,1,0,586.586314
1789863468,1,-118.194368,51.007023,0.000000,4.748652,0.015887,22.663818,1,0,588.020751
1789863697,1,-118.194355,51.006734,0.000000,8.354232,0.690894,32.166728,1,0,591.368408
1789863815,1,-118.194769,51.006787,0.000000,13.062820,0.406366,29.650301,1,0,580.279677
1789863898,1,-118.194420,51.007008,0.000000,18.621289,0.814704,34.707650,1,0,588.804895
1789864061,1,-118.194590,51.007558,0.000000,4.748652,7.799760,62.344777,1,0,585.892356
1789864068,1,-118.194513,51.008202,0.000000,4.748652,10.293993,71.854129,1,0,583.533927
1789864076,1,-118.195015,51.008916,0.000000,4.748652,10.879278,86.902129,1,0,582.066905
1789864082,1,-118.195841,51.009286,0.000000,4.748652,11.993975,71.104060,1,0,578.128395
1789864088,1,-118.196845,51.009340,0.000000,4.748651,12.080668,70.724770,1,0,573.702190
1789864094,1,-118.197977,51.009227,0.000000,4.748651,13.511273,80.441697,1,0,567.583057
1789864100,1,-118.199132,51.009276,0.000000,4.748651,13.810561,81.250537,1,0,563.379725
1789864106,1,-118.200136,51.009647,0.000000,4.748652,13.161416,81.667939,1,0,560.863078
1789864112,1,-118.200785,51.010233,0.000000,4.748652,13.239212,79.534200,1,0,558.293228
1789864118,1,-118.201271,51.010854,0.000000,4.748652,12.513933,77.053263,1,0,556.929851
1789864124,1,-118.201313,51.011518,0.000000,4.748653,11.889578,73.934222,1,0,554.775966
1789864133,1,-118.201822,51.011844,0.000000,4.748651,4.096721,50.910264,1,0,555.848129
1789864149,1,-118.201983,51.011293,0.000000,4.748651,7.995141,62.336071,1,0,555.891193
1789864156,1,-118.201978,51.010674,0.000000,4.748651,9.869005,68.869665,1,0,548.343482
1789864163,1,-118.201973,51.009938,0.000000,4.748650,12.636152,81.886618,1,0,539.724908
1789864170,1,-118.201889,51.009111,0.000000,4.748650,12.826299,92.198913,1,0,530.468756
1789864176,1,-118.201479,51.008384,0.000000,4.748650,14.887095,85.850976,1,0,522.797734
1789864183,1,-118.200776,51.007713,0.000000,4.748650,11.234902,89.486425,1,0,513.669880
1789864191,1,-118.200544,51.007057,0.000000,4.748651,8.636306,74.779278,1,0,506.584760
1789864200,1,-118.201524,51.006773,0.000000,4.748651,14.572136,75.694061,1,0,502.617599
1789864204,1,-118.202882,51.006824,0.000000,4.748652,25.175507,95.483420,1,0,497.737882
1789864208,1,-118.204327,51.007151,0.000000,4.748652,26.748570,107.748694,1,0,490.567841
1789864212,1,-118.205405,51.007845,0.000000,4.748653,26.900297,108.104058,1,0,484.424220
1789864216,1,-118.206098,51.008622,0.000000,4.748652,23.804753,99.190965,1,0,479.450306
1789864220,1,-118.206827,51.009282,0.000000,4.748651,22.373298,89.498072,1,0,475.544158
1789864225,1,-118.207917,51.009964,0.000000,4.748651,21.346887,107.750690,1,0,471.684779
1789864231,1,-118.209454,51.010496,0.000000,4.748651,20.231440,123.048314,1,0,466.721193
1789864237,1,-118.211103,51.010678,0.000000,4.748651,19.335981,117.496543,1,0,463.595061
1789864243,1,-118.212709,51.010611,0.000000,4.748651,18.595486,112.966710,1,0,459.470714
1789864248,1,-118.213937,51.010387,0.000000,4.748651,17.275897,89.720392,1,0,456.992324
1789864254,1,-118.215052,51.009988,0.000000,4.748651,14.466652,89.972169,1,0,454.274940
1789864261,1,-118.216086,51.009428,0.000000,4.748652,14.252446,95.648465,1,0,450.372462
1789864266,1,-118.216886,51.008861,0.000000,4.748652,18.480419,84.452092,1,0,447.748108
1789864271,1,-118.217863,51.008159,0.000000,4.748652,21.737152,103.933235,1,0,446.549867
1789864276,1,-118.218831,51.007421,0.000000,4.748652,21.362284,106.571848,1,0,448.488952
1789864281,1,-118.219854,51.006649,0.000000,4.748653,23.232332,111.948623,1,0,449.710974
1789864285,1,-118.220731,51.005996,0.000000,4.748653,23.990289,95.220640,1,0,449.248463
1789864289,1,-118.221617,51.005336,0.000000,4.748653,23.979186,96.227170,1,0,447.124925
1789864293,1,-118.222497,51.004681,0.000000,4.748654,23.751000,95.530461,1,0,445.382111
1789864297,1,-118.223421,51.004078,0.000000,4.748653,23.070923,93.313732,1,0,444.956306
1789864301,1,-118.224494,51.003640,0.000000,4.748653,22.235481,89.707635,1,0,445.053810
1789864307,1,-118.226260,51.003240,0.000000,4.748652,22.195544,131.708792,1,0,446.102111
1789864312,1,-118.227868,51.003071,0.000000,4.748652,23.459906,114.427336,1,0,446.946901
1789864317,1,-118.229592,51.002929,0.000000,4.748652,24.926382,122.041418,1,0,449.254508
1789864322,1,-118.231364,51.002744,0.000000,4.748652,25.557775,126.075355,1,0,453.645151
1789864327,1,-118.233083,51.002303,0.000000,4.748652,26.526161,130.257488,1,0,458.106109
1789864331,1,-118.234374,51.001760,0.000000,4.748652,27.468255,108.911642,1,0,461.478648
1789864335,1,-118.235657,51.001206,0.000000,4.748652,27.202268,109.131402,1,0,465.208135
1789864340,1,-118.237226,51.000527,0.000000,4.748652,26.644086,133.562500,1,0,469.716993
1789864344,1,-118.238491,50.999979,0.000000,4.748652,27.130320,107.719476,1,0,472.003686
1789864348,1,-118.239696,50.999353,0.000000,4.748652,27.677653,109.574646,1,0,472.798227
1789864353,1,-118.240955,50.998387,0.000000,4.748653,27.867793,139.148528,1,0,472.700884
1789864357,1,-118.241706,50.997518,0.000000,4.748653,27.258758,110.122391,1,0,473.204340
1789864361,1,-118.242360,50.996660,0.000000,4.748652,25.881435,105.925213,1,0,474.301956
1789864366,1,-118.243155,50.995633,0.000000,4.748652,25.306917,127.164703,1,0,476.048032
1789864370,1,-118.243981,50.994876,0.000000,4.748652,25.811655,102.256203,1,0,479.137129
1789864374,1,-118.245122,50.994271,0.000000,4.748652,26.515452,104.632686,1,0,485.510162
1789864378,1,-118.246526,50.993865,0.000000,4.748652,27.173028,108.429846,1,0,490.747855
1789864382,1,-118.248031,50.993611,0.000000,4.748652,27.334435,109.378026,1,0,496.247166
1789864386,1,-118.249502,50.993378,0.000000,4.748652,26.186530,106.481060,1,0,501.783417
1789864390,1,-118.250935,50.993155,0.000000,4.748652,25.847973,103.623507,1,0,506.596722
1789864395,1,-118.252790,50.992870,0.000000,4.748652,27.563378,134.042198,1,0,510.994587
1789864400,1,-118.254772,50.992558,0.000000,4.748652,28.705779,143.418636,1,0,513.127184
1789864405,1,-118.256744,50.992224,0.000000,4.748652,28.689634,143.352464,1,0,514.329231
1789864409,1,-118.258303,50.991981,0.000000,4.748652,27.807047,112.745498,1,0,515.368289
1789864413,1,-118.259824,50.991828,0.000000,4.748652,26.697059,108.136332,1,0,516.919553
1789864417,1,-118.261326,50.991792,0.000000,4.748652,26.197199,105.530220,1,0,518.325790
1789864421,1,-118.262815,50.991780,0.000000,4.748652,26.271527,104.550015,1,0,519.854683
1789864426,1,-118.264775,50.991767,0.000000,4.748652,28.341085,137.617641,1,0,520.140174
1789864430,1,-118.266411,50.991757,0.000000,4.748652,28.794292,114.867626,1,0,517.563586
1789864434,1,-118.268058,50.991743,0.000000,4.748652,28.961309,115.644968,1,0,513.390160
1789864439,1,-118.270103,50.991640,0.000000,4.748652,28.662997,144.034234,1,0,510.965757
1789864443,1,-118.271677,50.991446,0.000000,4.748652,27.827770,112.597221,1,0,512.014325
1789864448,1,-118.273538,50.991089,0.000000,4.748652,27.300256,136.575950,1,0,515.982404
1789864452,1,-118.274968,50.990719,0.000000,4.748651,26.936904,108.520359,1,0,519.846177
1789864456,1,-118.276353,50.990334,0.000000,4.748651,26.413328,106.265281,1,0,523.101845
1789864460,1,-118.277631,50.989977,0.000000,4.748652,22.120559,98.134011,1,0,524.619779
1789864465,1,-118.279040,50.989586,0.000000,4.748652,23.152548,108.076662,1,0,524.659206
1789864469,1,-118.280356,50.989223,0.000000,4.748652,26.311094,100.845205,1,0,523.631157
1789864473,1,-118.281802,50.988823,0.000000,4.748652,27.819029,110.858015,1,0,522.660378
1789864477,1,-118.283195,50.988442,0.000000,4.748652,26.132936,106.601869,1,0,521.840443
1789864481,1,-118.284540,50.988068,0.000000,4.748652,25.655407,103.201597,1,0,521.897933
1789864485,1,-118.285878,50.987695,0.000000,4.748652,25.811579,102.706986,1,0,521.246311
1789864491,1,-118.287572,50.987227,0.000000,4.748652,26.097238,129.844046,1,0,520.849466
1789864494,1,-118.288927,50.986854,0.000000,4.748652,25.827634,103.800003,1,0,521.442300
1789864498,1,-118.290274,50.986480,0.000000,4.748652,25.837980,103.330137,1,0,523.831187
1789864503,1,-118.291945,50.986005,0.000000,4.748652,25.777976,128.695744,1,0,528.824308
1789864508,1,-118.293577,50.985463,0.000000,4.748652,26.029325,129.502138,1,0,534.097195
1789864512,1,-118.294788,50.984923,0.000000,4.748652,26.045918,104.122848,1,0,538.220333
1789864516,1,-118.295917,50.984310,0.000000,4.748652,26.110684,104.581044,1,0,542.296377
1789864520,1,-118.296976,50.983683,0.000000,4.748652,24.454372,101.964650,1,0,545.598667
1789864524,1,-118.297951,50.983101,0.000000,4.748653,23.214078,94.237941,1,0,548.221978
1789864528,1,-118.298909,50.982526,0.000000,4.748653,23.185746,92.835842,1,0,551.879776
1789864532,1,-118.299927,50.981913,0.000000,4.748652,25.720905,98.802754,1,0,555.313852
1789864537,1,-118.301366,50.981059,0.000000,4.748653,28.683502,138.713709,1,0,560.196663
1789864542,1,-118.303005,50.980287,0.000000,4.748654,28.726584,143.622961,1,0,566.269394
1789864546,1,-118.304502,50.979868,0.000000,4.748652,28.893540,115.008504,1,0,570.768151
1789864551,1,-118.306511,50.979589,0.000000,4.748652,29.091833,144.470045,1,0,575.076911
1789864556,1,-118.308578,50.979610,0.000000,4.748652,29.162683,145.188218,1,0,576.803767
1789864560,1,-118.310209,50.979815,0.000000,4.748652,29.155288,116.796893,1,0,576.577405
1789864564,1,-118.311845,50.979986,0.000000,4.748652,29.149228,116.463895,1,0,575.142685
1789864569,1,-118.313892,50.979868,0.000000,4.748651,28.713874,144.362918,1,0,571.938923
1789864574,1,-118.315776,50.979405,0.000000,4.748651,28.340219,141.990411,1,0,568.465201
1789864579,1,-118.317650,50.978906,0.000000,4.748651,28.735947,142.844595,1,0,565.517531
1789864584,1,-118.319537,50.978404,0.000000,4.748651,28.843180,143.815496,1,0,562.692497
1789864588,1,-118.321017,50.977949,0.000000,4.748651,28.912584,115.614745,1,0,560.873928
1789864592,1,-118.322316,50.977311,0.000000,4.748651,28.932564,115.592426,1,0,559.080834
1789864597,1,-118.323825,50.976419,0.000000,4.748651,29.132498,145.199345,1,0,556.153827
1789864602,1,-118.325333,50.975520,0.000000,4.748652,29.167584,145.681606,1,0,552.658149
1789864606,1,-118.326538,50.974803,0.000000,4.748652,28.842086,116.305763,1,0,552.914125
1789864611,1,-118.328008,50.973925,0.000000,4.748652,28.233846,142.136953,1,0,553.686080
1789864616,1,-118.329288,50.973303,0.000000,4.748652,28.317247,113.454576,1,0,555.550528
1789864620,1,-118.331098,50.972790,0.000000,4.748652,28.229876,139.356120,1,0,558.382434
1789864624,1,-118.332617,50.972394,0.000000,4.748652,28.872944,115.431473,1,0,560.330386
1789864628,1,-118.334158,50.972034,0.000000,4.748652,28.903233,115.410866,1,0,562.130820
1789864632,1,-118.335719,50.971696,0.000000,4.748652,29.045828,115.923454,1,0,563.625931
1789864637,1,-118.337691,50.971297,0.000000,4.748652,29.093283,145.464805,1,0,563.599318
1789864641,1,-118.339317,50.971130,0.000000,4.748652,28.924837,115.721835,1,0,563.924980
1789864645,1,-118.340962,50.971139,0.000000,4.748653,28.839335,115.559538,1,0,564.134192
1789864650,1,-118.343012,50.971239,0.000000,4.748653,28.943359,144.434105,1,0,563.823019
1789864654,1,-118.344653,50.971319,0.000000,4.748653,28.916991,115.617318,1,0,563.727774
1789864659,1,-118.346700,50.971417,0.000000,4.748653,28.810304,144.206996,1,0,563.968452
1789864664,1,-118.348756,50.971439,0.000000,4.748653,29.036253,144.447181,1,0,564.346395
1789864669,1,-118.350847,50.971329,0.000000,4.748652,30.268206,147.394000,1,0,561.850755
1789864674,1,-118.352988,50.971096,0.000000,4.748652,30.520216,152.615029,1,0,559.017349
1789864679,1,-118.355064,50.970802,0.000000,4.748652,29.529999,149.454619,1,0,560.440158
1789864683,1,-118.356523,50.970313,0.000000,4.748651,28.996686,116.034315,1,0,562.433933
1789864688,1,-118.358051,50.969421,0.000000,4.748651,29.513286,146.184895,1,0,564.883090
1789864692,1,-118.359028,50.968534,0.000000,4.748651,30.517029,120.203957,1,0,563.703490
1789864696,1,-118.360014,50.967632,0.000000,4.748651,30.238537,121.935764,1,0,560.714722
1789864700,1,-118.361217,50.966916,0.000000,4.748651,28.689759,116.133910,1,0,558.900454
1789864704,1,-118.362637,50.966419,0.000000,4.748651,28.714670,114.060302,1,0,559.179963
1789864708,1,-118.364207,50.966090,0.000000,4.748651,29.028433,116.213978,1,0,559.406235
1789864712,1,-118.365767,50.965717,0.000000,4.748651,29.456428,117.190179,1,0,557.678536
1789864716,1,-118.367303,50.965280,0.000000,4.748651,29.613556,118.357421,1,0,555.982469
1789864721,1,-118.369230,50.964723,0.000000,4.748651,29.928579,148.889074,1,0,555.174920
1789864725,1,-118.370688,50.964213,0.000000,4.748651,28.997835,117.096383,1,0,556.410577
1789864729,1,-118.371970,50.963590,0.000000,4.748652,28.294812,113.649341,1,0,556.295188
1789864734,1,-118.373548,50.962906,0.000000,4.748652,26.043802,134.466945,1,0,555.818693
1789864738,1,-118.374900,50.962707,0.000000,4.748651,24.283844,97.529773,1,0,556.769026
1789864742,1,-118.376240,50.962743,0.000000,4.748651,21.693492,94.225637,1,0,556.990859
1789864748,1,-118.376795,50.962851,0.000000,4.748652,1.461954,40.800475,1,0,556.963229
1789864789,1,-118.377048,50.963223,0.000000,4.748652,2.734642,45.042968,1,0,553.708748
1789864812,1,-118.376651,50.962950,0.000000,4.748652,0.642795,41.236328,1,0,556.955989
1789864831,1,-118.377560,50.962819,0.000000,4.748652,8.746079,65.503029,1,0,559.869623
1789864838,1,-118.379402,50.962878,0.000000,4.748652,24.331874,129.574489,1,0,562.825810
1789864842,1,-118.380957,50.962949,0.000000,4.748652,28.240096,109.530409,1,0,561.640461
1789864846,1,-118.382644,50.962995,0.000000,4.748652,29.996092,118.629152,1,0,559.179249
1789864850,1,-118.384326,50.962791,0.000000,4.748651,30.074783,120.327307,1,0,555.736316
1789864854,1,-118.385870,50.962329,0.000000,4.748651,30.226637,120.034474,1,0,549.794590
1789864859,1,-118.387787,50.961681,0.000000,4.748651,30.744113,152.759597,1,0,543.040773
1789864864,1,-118.389703,50.961042,0.000000,4.748651,30.124811,152.240848,1,0,537.820853
1789864868,1,-118.391202,50.960543,0.000000,4.748651,29.626943,119.058801,1,0,536.809567
1789864872,1,-118.392676,50.960036,0.000000,4.748651,29.597560,117.930888,1,0,537.717684
1789864877,1,-118.394487,50.959319,0.000000,4.748651,30.163870,150.181732,1,0,539.154612
1789864881,1,-118.395926,50.958731,0.000000,4.748651,30.216837,120.425314,1,0,540.081111
1789864886,1,-118.397883,50.958159,0.000000,4.748651,30.300439,151.515237,1,0,539.483399
1789864890,1,-118.399411,50.957661,0.000000,4.748650,30.189367,120.814023,1,0,539.479261
1789864894,1,-118.400717,50.956970,0.000000,4.748651,29.726139,119.710427,1,0,540.915711
1789864898,1,-118.401654,50.956102,0.000000,4.748651,29.017007,116.880922,1,0,539.653113
1789864902,1,-118.402461,50.955162,0.000000,4.748651,30.398824,118.966315,1,0,537.361957
1789864906,1,-118.403306,50.954194,0.000000,4.748651,30.735407,122.980604,1,0,533.512643
1789864910,1,-118.404161,50.953236,0.000000,4.748651,30.431683,122.350948,1,0,531.188981
1789864915,1,-118.405342,50.952121,0.000000,4.748651,29.570571,149.250396,1,0,530.778589
1789864920,1,-118.406630,50.951060,0.000000,4.748651,29.879430,148.752804,1,0,532.361309
1789864924,1,-118.407795,50.950269,0.000000,4.748651,30.137535,120.198839,1,0,533.163019
1789864928,1,-118.409173,50.949617,0.000000,4.748651,30.290653,120.996512,1,0,533.671918
1789864932,1,-118.410711,50.949118,0.000000,4.748651,30.374714,121.509623,1,0,532.613115
1789864936,1,-118.412325,50.948729,0.000000,4.748651,30.425836,121.402601,1,0,530.276102
1789864940,1,-118.413715,50.948122,0.000000,4.748651,29.298125,118.755692,1,0,531.738740
1789864944,1,-118.414683,50.947328,0.000000,4.748651,27.445305,111.495898,1,0,535.411382
1789864949,1,-118.416091,50.946364,0.000000,4.748651,30.031632,145.930980,1,0,538.834474
1789864954,1,-118.417882,50.945593,0.000000,4.748651,30.581305,152.326479,1,0,540.283940
1789864958,1,-118.419466,50.945134,0.000000,4.748651,30.619940,122.482993,1,0,539.886120
1789864962,1,-118.421092,50.944747,0.000000,4.748651,30.594831,122.123255,1,0,536.912498
1789864966,1,-118.422710,50.944335,0.000000,4.748651,30.758933,122.609655,1,0,533.364730
1789864971,1,-118.424508,50.943573,0.000000,4.748651,30.211695,152.172966,1,0,527.165841
1789864975,1,-118.425633,50.942775,0.000000,4.748651,29.637484,118.887673,1,0,525.027689
1789864979,1,-118.426451,50.941844,0.000000,4.748651,29.675386,118.468212,1,0,524.759552
1789864984,1,-118.427141,50.940561,0.000000,4.748651,30.220318,150.756506,1,0,522.307538
1789864988,1,-118.427833,50.939566,0.000000,4.748651,30.261910,120.914980,1,0,520.407776
1789864993,1,-118.429105,50.938474,0.000000,4.748651,30.232600,150.845266,1,0,516.701734
1789864998,1,-118.430739,50.937566,0.000000,4.748651,30.653312,152.959795,1,0,512.033443
1789865002,1,-118.432192,50.936963,0.000000,4.748651,30.479105,122.204262,1,0,509.918471
1789865007,1,-118.434111,50.936363,0.000000,4.748651,29.825746,150.514129,1,0,509.169406
1789865011,1,-118.435701,50.935995,0.000000,4.748652,29.904639,119.036185,1,0,508.645798
1789865016,1,-118.437719,50.935542,0.000000,4.748652,30.265957,150.547787,1,0,507.641240
1789865021,1,-118.439716,50.935037,0.000000,4.748652,30.270409,151.210384,1,0,507.134194
1789865025,1,-118.441253,50.934544,0.000000,4.748652,30.287333,121.172459,1,0,506.267679
1789865029,1,-118.442828,50.934119,0.000000,4.748652,29.958130,120.393029,1,0,505.794254
1789865033,1,-118.444446,50.933800,0.000000,4.748652,29.948056,119.150390,1,0,506.294977
1789865037,1,-118.445893,50.933263,0.000000,4.748652,29.503901,117.968478,1,0,506.576825
1789865042,1,-118.447598,50.932451,0.000000,4.748652,30.356553,150.090589,1,0,505.280905
1789865047,1,-118.449536,50.931866,0.000000,4.748652,30.124550,150.998893,1,0,506.015022
1789865051,1,-118.451193,50.931582,0.000000,4.748652,30.294199,120.705183,1,0,506.364047
1789865055,1,-118.452822,50.931253,0.000000,4.748652,30.202256,120.234786,1,0,507.436575
1789865059,1,-118.454408,50.930825,0.000000,4.748652,30.311399,121.246491,1,0,507.036295
1789865063,1,-118.456023,50.930445,0.000000,4.748652,30.353986,121.158954,1,0,508.085450
1789865068,1,-118.458038,50.929956,0.000000,4.748652,30.345728,151.753062,1,0,507.716628
1789865072,1,-118.459513,50.929386,0.000000,4.748652,30.280533,121.554133,1,0,506.819195
1789865076,1,-118.461015,50.928869,0.000000,4.748652,30.018363,120.248114,1,0,507.375547
1789865081,1,-118.463068,50.928629,0.000000,4.748651,29.156746,146.786356,1,0,506.915264
1789865085,1,-118.464756,50.928476,0.000000,4.748651,30.411785,119.890360,1,0,505.987440
1789865089,1,-118.466467,50.928316,0.000000,4.748651,30.417377,121.602771,1,0,505.452465
1789865094,1,-118.468602,50.928121,0.000000,4.748651,30.253192,151.662070,1,0,504.328124
1789865098,1,-118.470307,50.927965,0.000000,4.748651,30.288452,121.120892,1,0,503.328498
1789865103,1,-118.472440,50.927767,0.000000,4.748651,30.327035,151.571002,1,0,502.033876
1789865107,1,-118.474106,50.927719,0.000000,4.748651,28.100885,117.250667,1,0,501.457178
1789865111,1,-118.475552,50.928018,0.000000,4.748651,26.131528,106.965932,1,0,503.523909
1789865115,1,-118.476680,50.928567,0.000000,4.748651,25.326813,100.099604,1,0,509.402043
1789865119,1,-118.477845,50.929219,0.000000,4.748651,28.212335,109.409735,1,0,515.764783
1789865123,1,-118.479115,50.929927,0.000000,4.748651,30.130247,119.067167,1,0,522.617606
1789865127,1,-118.480409,50.930646,0.000000,4.748651,30.251021,121.142415,1,0,529.960986
1789865131,1,-118.481617,50.931413,0.000000,4.748651,29.618544,120.394491,1,0,535.797821
1789865135,1,-118.482317,50.932285,0.000000,4.748651,27.016136,108.784395,1,0,537.766036
1789865140,1,-118.483153,50.933488,0.000000,4.748651,30.535672,146.178308,1,0,534.192753
1789865145,1,-118.484089,50.934760,0.000000,4.748651,31.052521,156.069797,1,0,524.830086
1789865150,1,-118.484601,50.935943,0.000000,4.748651,26.699058,136.449622,1,0,515.588043
1789865155,1,-118.484265,50.937141,0.000000,4.748652,27.671446,135.361794,1,0,509.549527
1789865159,1,-118.483749,50.938116,0.000000,4.748652,29.015614,114.378703,1,0,505.564428
1789865163,1,-118.483581,50.939188,0.000000,4.748654,30.525663,119.849614,1,0,504.339552
1789865168,1,-118.483633,50.940549,0.000000,4.748655,30.180132,151.463391,1,0,505.586774
1789865172,1,-118.483409,50.941609,0.000000,4.748652,29.433044,118.977911,1,0,508.101530
1789865177,1,-118.482638,50.942830,0.000000,4.748652,29.779653,146.254846,1,0,511.116107
1789865182,1,-118.481815,50.944080,0.000000,4.748652,29.944058,150.622129,1,0,516.093764
1789865187,1,-118.481177,50.945356,0.000000,4.748653,29.925076,148.877734,1,0,520.339113
1789865191,1,-118.481127,50.946402,0.000000,4.748653,28.933947,116.427125,1,0,523.387476
1789865195,1,-118.481489,50.947388,0.000000,4.748653,27.950629,112.610661,1,0,526.044324
1789865200,1,-118.482196,50.948584,0.000000,4.748652,28.725311,142.038099,1,0,524.373812
1789865204,1,-118.482770,50.949545,0.000000,4.748652,28.168662,114.275391,1,0,521.554150
1789865208,1,-118.483463,50.950425,0.000000,4.748652,27.118041,109.351824,1,0,518.513696
1789865212,1,-118.484511,50.951119,0.000000,4.748651,26.722722,106.710089,1,0,519.714889
1789865216,1,-118.485886,50.951591,0.000000,4.748651,28.133323,109.985794,1,0,524.541358
1789865220,1,-118.487411,50.951966,0.000000,4.748651,28.989242,115.005783,1,0,529.707095
1789865224,1,-118.488878,50.952391,0.000000,4.748651,27.927587,113.421411,1,0,532.293496
1789865228,1,-118.490057,50.953022,0.000000,4.748651,26.928564,108.597993,1,0,532.583820
1789865232,1,-118.490855,50.953837,0.000000,4.748651,26.820488,106.615298,1,0,531.675016
1789865236,1,-118.491357,50.954741,0.000000,4.748651,26.454943,106.583835,1,0,530.204718
1789865240,1,-118.492029,50.955565,0.000000,4.748651,25.743133,103.124404,1,0,527.088838
1789865244,1,-118.493085,50.956250,0.000000,4.748651,26.981153,106.374065,1,0,522.368157
1789865249,1,-118.494599,50.957034,0.000000,4.748651,27.944103,137.573242,1,0,514.559836
1789865253,1,-118.495850,50.957681,0.000000,4.748651,28.533071,113.617892,1,0,508.377550
1789865258,1,-118.497415,50.958497,0.000000,4.748651,28.253171,142.602334,1,0,500.993640
1789865263,1,-118.498773,50.959404,0.000000,4.748651,27.677535,138.883257,1,0,493.458216
1789865267,1,-118.499650,50.960232,0.000000,4.748651,27.638814,110.832245,1,0,487.856128
1789865271,1,-118.500477,50.961066,0.000000,4.748651,27.196302,109.482918,1,0,482.210754
1789865276,1,-118.501479,50.962077,0.000000,4.748651,26.288823,132.695329,1,0,476.358800
1789865280,1,-118.502244,50.962876,0.000000,4.748651,25.951324,103.879980,1,0,471.452758
1789865284,1,-118.502802,50.963771,0.000000,4.748651,27.443495,107.014168,1,0,467.684306
1789865288,1,-118.503331,50.964739,0.000000,4.748651,28.539407,113.928837,1,0,466.527395
1789865292,1,-118.504161,50.965604,0.000000,4.748651,27.980518,112.526478,1,0,467.012778
1789865296,1,-118.505135,50.966444,0.000000,4.748651,29.814001,115.831811,1,0,466.838115
1789865301,1,-118.506557,50.967471,0.000000,4.748651,30.345657,151.773330,1,0,466.677285
1789865305,1,-118.507759,50.968225,0.000000,4.748651,29.365714,119.028325,1,0,466.267161
1789865309,1,-118.509097,50.968822,0.000000,4.748651,28.825332,115.096523,1,0,466.362434
1789865314,1,-118.510827,50.969514,0.000000,4.748652,28.668648,143.869986,1,0,467.248028
1789865318,1,-118.512094,50.970139,0.000000,4.748651,27.867306,112.950879,1,0,467.538176
1789865322,1,-118.513456,50.970631,0.000000,4.748651,27.870667,110.234690,1,0,468.314156
1789865327,1,-118.515362,50.971007,0.000000,4.748651,27.925668,140.283905,1,0,469.979220
1789865331,1,-118.516859,50.971259,0.000000,4.748651,26.933825,108.841220,1,0,470.329385
1789865335,1,-118.518304,50.971553,0.000000,4.748651,26.543045,106.654655,1,0,469.101732
1789865339,1,-118.519590,50.972058,0.000000,4.748651,26.752071,106.382208,1,0,466.078849
1789865343,1,-118.520575,50.972801,0.000000,4.748651,27.113640,107.799209,1,0,462.841875
1789865347,1,-118.521362,50.973693,0.000000,4.748651,29.255639,113.599407,1,0,460.279239
1789865352,1,-118.522420,50.974858,0.000000,4.748651,29.673971,149.408512,1,0,458.290317
1789865357,1,-118.523834,50.975831,0.000000,4.748651,29.460573,146.915844,1,0,457.226381
1789865361,1,-118.525262,50.976407,0.000000,4.748651,29.837781,119.032782,1,0,456.590965
1789865365,1,-118.526842,50.976806,0.000000,4.748651,29.852018,119.525074,1,0,456.230561
1789865369,1,-118.528395,50.977165,0.000000,4.748651,28.583097,116.162068,1,0,455.853777
1789865373,1,-118.529951,50.977360,0.000000,4.748651,27.703427,111.422784,1,0,455.701836
1789865377,1,-118.531514,50.977302,0.000000,4.748651,27.471427,109.971455,1,0,457.162454
1789865382,1,-118.533357,50.977022,0.000000,4.748651,26.067572,133.144189,1,0,458.821768
1789865387,1,-118.535169,50.976737,0.000000,4.748651,26.561187,131.161644,1,0,461.129429
1789865392,1,-118.537079,50.976442,0.000000,4.748651,28.125713,138.111048,1,0,463.197248
1789865396,1,-118.538640,50.976202,0.000000,4.748651,28.325362,112.846144,1,0,464.666757
1789865400,1,-118.540206,50.975955,0.000000,4.748651,28.157194,113.373651,1,0,464.620803
1789865405,1,-118.542131,50.975654,0.000000,4.748651,27.709761,139.293664,1,0,462.107087
1789865410,1,-118.544067,50.975351,0.000000,4.748651,28.160190,140.097043,1,0,457.526155
1789865415,1,-118.546026,50.975055,0.000000,4.748650,28.192492,141.482170,1,0,451.385708
1789865419,1,-118.547613,50.974978,0.000000,4.748651,28.062328,111.796259,1,0,446.284204
1789865423,1,-118.549174,50.975224,0.000000,4.748651,28.097880,113.005594,1,0,440.608607
1789865427,1,-118.550594,50.975680,0.000000,4.748651,28.123366,111.898999,1,0,435.515552
1789865431,1,-118.552160,50.975903,0.000000,4.748651,28.147558,112.755670,1,0,432.846029
1789865436,1,-118.554103,50.975655,0.000000,4.748651,27.998918,139.233104,1,0,431.065177
1789865441,1,-118.556104,50.975231,0.000000,4.748651,30.389090,148.250792,1,0,429.105930
1789865446,1,-118.558148,50.974803,0.000000,4.748651,30.199683,151.256562,1,0,427.594106
1789865451,1,-118.560192,50.974377,0.000000,4.748652,30.289703,151.186644,1,0,427.652270
1789865455,1,-118.561821,50.974031,0.000000,4.748652,30.226222,120.719113,1,0,428.897159
1789865459,1,-118.563385,50.973586,0.000000,4.748652,29.996265,120.492773,1,0,429.319860
1789865463,1,-118.564665,50.972906,0.000000,4.748651,29.096191,117.499968,1,0,429.203515
1789865467,1,-118.565933,50.972199,0.000000,4.748651,30.090075,118.823127,1,0,429.421741
1789865471,1,-118.567228,50.971478,0.000000,4.748651,30.325840,121.282596,1,0,429.785251
1789865476,1,-118.568880,50.970601,0.000000,4.748652,30.254397,151.612698,1,0,430.420023
1789865480,1,-118.570395,50.970116,0.000000,4.748652,29.661500,119.318826,1,0,429.682201
1789865485,1,-118.572420,50.969842,0.000000,4.748651,29.006658,145.475642,1,0,429.048509
1789865489,1,-118.574082,50.969903,0.000000,4.748651,29.343733,116.944071,1,0,428.543854
1789865493,1,-118.575683,50.970205,0.000000,4.748651,29.371298,117.373793,1,0,427.871608
1789865497,1,-118.577293,50.970517,0.000000,4.748651,29.840893,118.301331,1,0,428.962472
1789865502,1,-118.579442,50.970687,0.000000,4.748651,30.413682,152.136459,1,0,428.685850
1789865506,1,-118.581128,50.970789,0.000000,4.748651,29.346385,118.975293,1,0,428.936031
1789865510,1,-118.582710,50.970890,0.000000,4.748651,27.341202,111.694065,1,0,429.330564
1789865514,1,-118.584279,50.970946,0.000000,4.748651,27.864489,110.390172,1,0,429.025631
1789865519,1,-118.586287,50.971011,0.000000,4.748651,28.400750,141.236968,1,0,428.599221
1789865523,1,-118.587945,50.971028,0.000000,4.748652,29.332194,116.481359,1,0,428.835413
1789865527,1,-118.589622,50.971112,0.000000,4.748651,29.656498,118.170777,1,0,428.973603
1789865532,1,-118.591604,50.971475,0.000000,4.748651,29.120070,144.964472,1,0,429.005309
1789865537,1,-118.593582,50.971875,0.000000,4.748651,29.380753,145.897131,1,0,428.711580
1789865542,1,-118.595544,50.972322,0.000000,4.748651,29.415051,146.518441,1,0,428.104185
1789865546,1,-118.596970,50.972861,0.000000,4.748651,29.059720,116.746963,1,0,428.271407
1789865551,1,-118.598834,50.973335,0.000000,4.748651,27.910926,141.157101,1,0,428.001715
1789865555,1,-118.600379,50.973523,0.000000,4.748651,27.815324,110.525446,1,0,427.867580
1789865560,1,-118.602328,50.973815,0.000000,4.748652,28.063079,140.708805,1,0,428.035253
1789865564,1,-118.603789,50.974240,0.000000,4.748651,28.533785,112.996388,1,0,429.242255
1789865568,1,-118.605155,50.974809,0.000000,4.748651,28.987089,114.955172,1,0,428.784937
1789865573,1,-118.606729,50.975691,0.000000,4.748651,29.781588,147.829697,1,0,421.559782
1789865578,1,-118.608430,50.976520,0.000000,4.748651,30.469284,150.941819,1,0,413.981766
1789865583,1,-118.610281,50.977213,0.000000,4.748651,30.078720,151.151170,1,0,409.358836
1789865587,1,-118.611625,50.977878,0.000000,4.748651,30.032118,119.936693,1,0,406.404243
1789865591,1,-118.612713,50.978707,0.000000,4.748651,29.908363,119.775305,1,0,403.210293
1789865595,1,-118.613642,50.979622,0.000000,4.748651,30.388674,120.915069,1,0,399.962208
1789865599,1,-118.614592,50.980534,0.000000,4.748651,30.268467,121.438302,1,0,398.299449
1789865603,1,-118.615745,50.981319,0.000000,4.748651,29.551915,119.103668,1,0,398.308519
1789865607,1,-118.617114,50.981945,0.000000,4.748652,30.180503,118.719332,1,0,399.283748
1789865612,1,-118.619029,50.982582,0.000000,4.748652,30.382162,152.019862,1,0,400.563019
1789865616,1,-118.620574,50.983072,0.000000,4.748652,30.316175,121.429887,1,0,401.043630
1789865621,1,-118.622590,50.983500,0.000000,4.748652,29.553223,149.376091,1,0,402.460873
1789865625,1,-118.624241,50.983714,0.000000,4.748652,29.736511,118.368557,1,0,402.287544
1789865629,1,-118.625799,50.984078,0.000000,4.748652,28.880877,116.671752,1,0,401.437094
1789865634,1,-118.627458,50.984823,0.000000,4.748651,28.537330,142.985217,1,0,399.076236
1789865639,1,-118.628712,50.985806,0.000000,4.748651,28.306179,140.415015,1,0,396.434475
1789865643,1,-118.629728,50.986654,0.000000,4.748651,29.966075,118.284087,1,0,394.280992
1789865648,1,-118.631387,50.987475,0.000000,4.748651,29.233672,148.037828,1,0,393.306767
1789865652,1,-118.632867,50.988005,0.000000,4.748651,30.104605,119.491713,1,0,395.208342
1789865656,1,-118.634276,50.988549,0.000000,4.748652,28.509493,115.986634,1,0,398.245009
1789865660,1,-118.635480,50.989222,0.000000,4.748652,28.476476,112.936369,1,0,401.422078
1789865665,1,-118.636731,50.990208,0.000000,4.748651,27.636544,140.538088,1,0,405.164236
1789865669,1,-118.637719,50.991007,0.000000,4.748651,28.766955,112.763251,1,0,406.243579
1789865674,1,-118.639006,50.992049,0.000000,4.748652,29.318835,146.987769,1,0,405.389512
1789865678,1,-118.640033,50.992879,0.000000,4.748652,29.399531,117.162125,1,0,404.686332
1789865682,1,-118.641083,50.993735,0.000000,4.748652,30.266500,120.436987,1,0,404.260279
1789865687,1,-118.642411,50.994808,0.000000,4.748652,30.273295,151.477782,1,0,403.090319
1789865691,1,-118.643476,50.995666,0.000000,4.748652,30.358552,121.259634,1,0,402.218980
1789865695,1,-118.644541,50.996522,0.000000,4.748652,30.348748,121.084532,1,0,401.333055
1789865699,1,-118.645705,50.997328,0.000000,4.748652,30.385614,121.323010,1,0,399.591571
1789865703,1,-118.647022,50.998036,0.000000,4.748652,30.374266,121.465075,1,0,397.722997
1789865707,1,-118.648355,50.998734,0.000000,4.748651,30.371895,121.608855,1,0,395.661028
1789865711,1,-118.649688,50.999428,0.000000,4.748651,30.347588,121.325117,1,0,393.206225
1789865716,1,-118.651339,51.000298,0.000000,4.748651,30.209076,151.010147,1,0,391.087729
1789865720,1,-118.652690,51.000964,0.000000,4.748651,30.159585,120.360096,1,0,390.156561
1789865724,1,-118.654160,51.001529,0.000000,4.748651,30.263956,120.839857,1,0,390.424079
1789865729,1,-118.656158,51.002043,0.000000,4.748651,30.279643,151.467782,1,0,391.150824
1789865734,1,-118.658254,51.002368,0.000000,4.748651,30.306575,151.515331,1,0,391.410711
1789865738,1,-118.659941,51.002594,0.000000,4.748652,30.270119,121.065956,1,0,391.362681
1789865742,1,-118.661627,51.002823,0.000000,4.748652,30.274032,121.067090,1,0,391.817651
1789865746,1,-118.663313,51.003056,0.000000,4.748652,30.300326,121.161527,1,0,391.971096
1789865751,1,-118.664988,51.003283,0.000000,4.748652,29.575075,120.265382,1,0,391.688730
1789865755,1,-118.666646,51.003429,0.000000,4.748652,29.967145,117.518391,1,0,391.914943
1789865759,1,-118.668375,51.003427,0.000000,4.748652,30.286326,121.374777,1,0,392.520838
1789865763,1,-118.670083,51.003273,0.000000,4.748652,30.269905,121.118354,1,0,393.161076
1789865767,1,-118.671756,51.003001,0.000000,4.748651,30.285950,121.279480,1,0,393.249588
1789865771,1,-118.673418,51.002710,0.000000,4.748651,30.304124,121.079875,1,0,393.613988
1789865776,1,-118.675501,51.002357,0.000000,4.748651,30.266670,151.407306,1,0,394.145445
1789865780,1,-118.677159,51.002047,0.000000,4.748651,30.343815,121.392897,1,0,393.243366
1789865784,1,-118.678761,51.001636,0.000000,4.748651,30.402303,121.399920,1,0,391.018791
1789865788,1,-118.680331,51.001150,0.000000,4.748652,31.357606,122.761703,1,0,389.181060
1789865793,1,-118.682313,51.000473,0.000000,4.748652,31.508830,158.213721,1,0,388.037831
1789865797,1,-118.683872,50.999938,0.000000,4.748652,31.048086,124.579503,1,0,386.989597
1789865801,1,-118.685418,50.999416,0.000000,4.748652,30.640512,123.089602,1,0,386.070547
1789865806,1,-118.687308,50.998785,0.000000,4.748652,29.819279,150.104549,1,0,386.594597
1789865810,1,-118.688790,50.998283,0.000000,4.748652,29.369686,118.078634,1,0,387.626718
1789865814,1,-118.690182,50.997692,0.000000,4.748652,29.436256,117.779342,1,0,388.454815
1789865818,1,-118.691524,50.997029,0.000000,4.748651,30.030817,119.648992,1,0,387.248880
1789865822,1,-118.692858,50.996353,0.000000,4.748651,29.982503,120.115566,1,0,386.506930
1789865826,1,-118.694202,50.995680,0.000000,4.748651,30.114528,120.456015,1,0,385.450170
1789865830,1,-118.695557,50.995012,0.000000,4.748651,30.115226,120.718649,1,0,384.516600
1789865834,1,-118.696905,50.994347,0.000000,4.748651,29.913295,120.125886,1,0,383.780308
1789865837,1,-118.698237,50.993672,0.000000,4.748651,30.315433,119.936360,1,0,383.269455
1789865842,1,-118.700006,50.992762,0.000000,4.748651,32.766878,160.232868,1,0,382.692410
1789865846,1,-118.701475,50.992029,0.000000,4.748651,32.913172,131.479943,1,0,382.175189
1789865851,1,-118.703300,50.991096,0.000000,4.748651,33.008362,164.908676,1,0,381.841583
1789865855,1,-118.704761,50.990346,0.000000,4.748652,33.034812,132.233868,1,0,381.597343
1789865859,1,-118.706240,50.989610,0.000000,4.748652,33.072464,132.246704,1,0,381.386918
1789865864,1,-118.708083,50.988683,0.000000,4.748652,33.073457,165.475783,1,0,381.046084
1789865869,1,-118.709929,50.987757,0.000000,4.748652,33.071153,165.571305,1,0,380.599696
1789865874,1,-118.711406,50.987017,0.000000,4.748652,33.049382,132.412674,1,0,380.400510
1789865879,1,-118.713239,50.986082,0.000000,4.748652,33.078983,165.495990,1,0,379.920396
1789865883,1,-118.714690,50.985327,0.000000,4.748652,33.057359,132.051457,1,0,379.792187
1789865888,1,-118.716493,50.984410,0.000000,4.748652,31.627916,162.598923,1,0,379.632868
1789865892,1,-118.717856,50.983729,0.000000,4.748652,30.174441,122.070399,1,0,379.502586
1789865897,1,-118.719399,50.982797,0.000000,4.748652,30.135593,149.972656,1,0,379.347570
1789865901,1,-118.720342,50.981893,0.000000,4.748652,30.228588,120.416727,1,0,379.412291
1789865906,1,-118.721190,50.980640,0.000000,4.748652,30.377242,151.590606,1,0,378.705460
1789865910,1,-118.721860,50.979590,0.000000,4.748652,31.720721,125.937938,1,0,378.085029
1789865915,1,-118.722732,50.978278,0.000000,4.748652,31.679545,158.292346,1,0,377.747191
1789865920,1,-118.723569,50.976961,0.000000,4.748652,31.468769,157.873847,1,0,379.405058
1789865924,1,-118.724230,50.975913,0.000000,4.748652,31.373233,125.498137,1,0,382.849686
1789865928,1,-118.724897,50.974862,0.000000,4.748651,31.529477,125.964487,1,0,387.320433
1789865933,1,-118.725833,50.973572,0.000000,4.748652,31.522946,157.859439,1,0,392.137279
1789865937,1,-118.726802,50.972617,0.000000,4.748652,31.632987,126.177967,1,0,396.260060
1789865942,1,-118.728249,50.971523,0.000000,4.748652,31.761767,158.566744,1,0,398.425114
1789865947,1,-118.729864,50.970544,0.000000,4.748652,31.184871,157.268551,1,0,397.579942
1789865951,1,-118.731074,50.969745,0.000000,4.748652,30.620817,122.989510,1,0,396.492881
1789865955,1,-118.732241,50.968588,0.000000,4.748652,30.395444,152.608780,1,0,394.481928
1789865959,1,-118.732881,50.967588,0.000000,4.748652,29.851162,119.994743,1,0,392.591008
1789865964,1,-118.733455,50.966302,0.000000,4.748652,29.589113,148.646460,1,0,390.262654
1789865969,1,-118.734375,50.965108,0.000000,4.748652,29.721649,147.727281,1,0,388.311691
1789865974,1,-118.735815,50.964151,0.000000,4.748652,29.387215,146.868551,1,0,386.626842
1789865979,1,-118.737634,50.963501,0.000000,4.748652,29.505124,146.833752,1,0,385.649515
1789865983,1,-118.739236,50.963050,0.000000,4.748652,31.636425,123.224525,1,0,385.657491
1789865988,1,-118.741139,50.962305,0.000000,4.748652,31.213363,157.300914,1,0,385.633409
1789865993,1,-118.742911,50.961507,0.000000,4.748652,30.374442,152.904183,1,0,385.398312
1789865997,1,-118.744305,50.960875,0.000000,4.748652,30.034863,120.560646,1,0,385.007652
1789866002,1,-118.745696,50.960247,0.000000,4.748651,30.001418,120.138871,1,0,384.414575
1789866006,1,-118.747079,50.959619,0.000000,4.748652,29.874263,119.682043,1,0,383.949513
1789866010,1,-118.748448,50.958976,0.000000,4.748651,29.965737,119.873130,1,0,383.697814
1789866014,1,-118.749833,50.958349,0.000000,4.748652,29.906069,119.731300,1,0,383.374080
1789866018,1,-118.751227,50.957729,0.000000,4.748652,29.938860,119.795705,1,0,383.336553
1789866022,1,-118.752610,50.957101,0.000000,4.748652,29.931156,119.682029,1,0,383.477360
1789866026,1,-118.753992,50.956470,0.000000,4.748652,29.939980,119.820234,1,0,383.539449
1789866030,1,-118.755369,50.955836,0.000000,4.748652,29.928241,119.732034,1,0,383.567772
1789866035,1,-118.757052,50.955014,0.000000,4.748652,29.848759,149.497126,1,0,383.645885
1789866040,1,-118.758720,50.954178,0.000000,4.748652,29.867735,149.627868,1,0,383.089267
1789866045,1,-118.760458,50.953408,0.000000,4.748652,29.834572,149.177049,1,0,382.916159
1789866049,1,-118.761883,50.952821,0.000000,4.748652,29.934109,119.547530,1,0,382.111116
1789866053,1,-118.763286,50.952215,0.000000,4.748651,29.911530,119.436010,1,0,380.908320
1789866057,1,-118.764678,50.951598,0.000000,4.748651,29.935016,119.497521,1,0,379.406952
1789866061,1,-118.766060,50.950973,0.000000,4.748651,29.853880,119.438939,1,0,377.868180
1789866065,1,-118.767438,50.950345,0.000000,4.748651,29.865409,119.413474,1,0,376.342160
1789866070,1,-118.769163,50.949560,0.000000,4.748652,29.908048,149.409308,1,0,373.691594
1789866074,1,-118.770882,50.948781,0.000000,4.748651,29.596360,148.677251,1,0,372.809487
1789866078,1,-118.772255,50.948159,0.000000,4.748652,29.844127,118.738355,1,0,373.472149
1789866082,1,-118.773637,50.947534,0.000000,4.748652,29.873226,119.446897,1,0,374.740160
1789866086,1,-118.774943,50.946850,0.000000,4.748652,29.917434,119.224825,1,0,375.135971
1789866090,1,-118.776049,50.946035,0.000000,4.748652,29.863465,119.426335,1,0,374.699583
1789866094,1,-118.777028,50.945160,0.000000,4.748652,29.770263,119.209796,1,0,374.862244
1789866098,1,-118.777984,50.944302,0.000000,4.748652,28.281964,116.732515,1,0,375.632790
1789866102,1,-118.778887,50.943488,0.000000,4.748652,28.267581,110.585695,1,0,376.185247
1789866106,1,-118.779863,50.942622,0.000000,4.748652,29.930369,118.271172,1,0,377.076641
1789866110,1,-118.780858,50.941740,0.000000,4.748652,30.144329,120.495792,1,0,377.531051
1789866115,1,-118.782109,50.940632,0.000000,4.748652,30.301022,151.413790,1,0,377.608619
1789866120,1,-118.783362,50.939523,0.000000,4.748652,30.294532,151.591968,1,0,377.930507
1789866126,1,-118.784612,50.938416,0.000000,4.748652,30.287596,151.288360,1,0,378.058024
1789866130,1,-118.785610,50.937529,0.000000,4.748652,30.254490,121.076008,1,0,378.093802
1789866134,1,-118.786616,50.936644,0.000000,4.748652,30.297210,121.221895,1,0,377.780011
1789866138,1,-118.787618,50.935756,0.000000,4.748652,30.350444,121.329696,1,0,377.228175
1789866142,1,-118.788614,50.934866,0.000000,4.748652,30.293549,121.271019,1,0,376.651924
1789866146,1,-118.789618,50.933982,0.000000,4.748652,30.268845,121.053645,1,0,376.169273
1789866151,1,-118.790869,50.932873,0.000000,4.748652,30.299509,151.515420,1,0,375.447873
1789866155,1,-118.791870,50.931985,0.000000,4.748652,30.338518,121.292962,1,0,374.365369
1789866160,1,-118.793107,50.930867,0.000000,4.748652,30.329095,151.765751,1,0,372.051732
1789866164,1,-118.793904,50.929902,0.000000,4.748652,30.245042,121.103000,1,0,370.299191
1789866169,1,-118.794396,50.928590,0.000000,4.748652,29.968719,150.007164,1,0,367.879594
1789866173,1,-118.794458,50.927518,0.000000,4.748652,29.995587,119.343226,1,0,366.394377
1789866178,1,-118.794548,50.926174,0.000000,4.748652,30.085577,149.658311,1,0,366.209922
1789866182,1,-118.794819,50.925107,0.000000,4.748652,30.188196,120.226858,1,0,366.264638
1789866187,1,-118.795491,50.923819,0.000000,4.748652,30.206496,150.883632,1,0,366.274941
1789866192,1,-118.796496,50.922620,0.000000,4.748652,30.231752,150.954292,1,0,366.249803
1789866196,1,-118.797638,50.921466,0.000000,4.748652,30.267803,151.429398,1,0,365.885382
1789866201,1,-118.798775,50.920311,0.000000,4.748652,30.274166,151.341922,1,0,365.635355
1789866205,1,-118.799687,50.919388,0.000000,4.748652,30.275441,121.068406,1,0,365.565226
1789866209,1,-118.800599,50.918463,0.000000,4.748652,30.292546,121.257187,1,0,365.679322
1789866214,1,-118.801739,50.917309,0.000000,4.748652,30.304163,151.359098,1,0,365.480869
1789866218,1,-118.802649,50.916383,0.000000,4.748652,30.313534,121.277348,1,0,365.346531
1789866223,1,-118.803791,50.915229,0.000000,4.748652,30.269470,151.438170,1,0,365.028697
1789866228,1,-118.804931,50.914076,0.000000,4.748652,30.265227,151.269265,1,0,365.216531
1789866232,1,-118.805843,50.913153,0.000000,4.748652,30.286031,121.072025,1,0,365.324973
1789866237,1,-118.806982,50.911998,0.000000,4.748652,30.269627,151.420783,1,0,365.429615
1789866241,1,-118.807896,50.911075,0.000000,4.748652,30.299908,121.146603,1,0,365.519571
1789866245,1,-118.808806,50.910151,0.000000,4.748652,30.271074,121.095693,1,0,365.800460
1789866250,1,-118.809950,50.909004,0.000000,4.748652,30.164284,150.858194,1,0,367.447722
1789866256,1,-118.811078,50.907847,0.000000,4.748652,30.217496,151.206931,1,0,369.017296
1789866260,1,-118.811985,50.906923,0.000000,4.748652,30.239931,120.984374,1,0,370.662235
1789866264,1,-118.812891,50.905999,0.000000,4.748652,30.203837,120.947334,1,0,372.567568
1789866269,1,-118.814032,50.904848,0.000000,4.748652,30.232800,151.127455,1,0,375.053931
1789866274,1,-118.815169,50.903699,0.000000,4.748652,30.171092,150.789601,1,0,378.391022
1789866278,1,-118.816079,50.902771,0.000000,4.748652,30.468117,121.477612,1,0,379.270266
1789866282,1,-118.816999,50.901843,0.000000,4.748652,30.466118,121.849772,1,0,379.302061
1789866287,1,-118.818192,50.900700,0.000000,4.748652,30.411311,152.358015,1,0,377.840748
1789866291,1,-118.819208,50.899815,0.000000,4.748652,30.373828,121.668535,1,0,376.632786
1789866296,1,-118.820538,50.898742,0.000000,4.748652,30.303037,151.674980,1,0,375.366731
1789866300,1,-118.821657,50.897912,0.000000,4.748652,30.297781,121.343093,1,0,374.432259
1789866305,1,-118.823116,50.896910,0.000000,4.748652,30.278558,151.533900,1,0,373.139104
1789866309,1,-118.824332,50.896139,0.000000,4.748652,30.304742,121.144618,1,0,372.093512
1789866314,1,-118.825911,50.895213,0.000000,4.748652,30.316657,151.511281,1,0,370.673142
1789866318,1,-118.827507,50.894302,0.000000,4.748652,30.279920,151.267331,1,0,370.031862
1789866323,1,-118.829105,50.893394,0.000000,4.748652,30.214499,151.148548,1,0,369.922742
1789866328,1,-118.830704,50.892487,0.000000,4.748652,30.255044,151.126584,1,0,369.718488
1789866333,1,-118.832303,50.891577,0.000000,4.748652,30.282831,151.349635,1,0,369.837492
1789866338,1,-118.833927,50.890684,0.000000,4.748652,30.252405,151.414063,1,0,370.008578
1789866343,1,-118.835706,50.889921,0.000000,4.748652,30.259652,151.249511,1,0,369.847411
1789866347,1,-118.837259,50.889454,0.000000,4.748652,30.280117,121.001973,1,0,369.833541
1789866352,1,-118.839310,50.889047,0.000000,4.748652,30.283867,151.259368,1,0,370.022900
1789866356,1,-118.841008,50.888864,0.000000,4.748652,30.379227,121.205546,1,0,369.458847
1789866360,1,-118.842729,50.888800,0.000000,4.748652,30.387185,121.310975,1,0,368.233948
1789866365,1,-118.844883,50.888761,0.000000,4.748652,30.301910,151.632869,1,0,366.854018
1789866370,1,-118.847035,50.888723,0.000000,4.748652,30.289506,151.489009,1,0,365.046273
1789866374,1,-118.848756,50.888689,0.000000,4.748652,30.299477,121.160818,1,0,363.929360
1789866380,1,-118.850904,50.888640,0.000000,4.748652,30.253455,151.246756,1,0,363.125367
1789866384,1,-118.852622,50.888591,0.000000,4.748652,30.240814,121.013477,1,0,362.802579
1789866388,1,-118.854339,50.888642,0.000000,4.748652,30.248221,120.953410,1,0,362.618991
1789866392,1,-118.856014,50.888867,0.000000,4.748652,30.161684,120.493620,1,0,362.905420
1789866396,1,-118.857624,50.889253,0.000000,4.748652,30.279780,121.156873,1,0,362.695358
1789866400,1,-118.859150,50.889755,0.000000,4.748651,30.317313,121.035446,1,0,362.500085
1789866404,1,-118.860628,50.890307,0.000000,4.748651,30.201953,120.780312,1,0,363.002738
1789866408,1,-118.862106,50.890862,0.000000,4.748651,30.236642,120.950360,1,0,363.098325
1789866413,1,-118.863986,50.891518,0.000000,4.748651,30.265948,151.086046,1,0,363.820753
1789866417,1,-118.865610,50.891796,0.000000,4.748652,29.384761,118.387460,1,0,364.309053
1789866421,1,-118.867245,50.891750,0.000000,4.748652,28.567424,115.163953,1,0,364.701252
1789866425,1,-118.868819,50.891484,0.000000,4.748652,29.127369,114.643127,1,0,364.838785
1789866429,1,-118.870458,50.891182,0.000000,4.748652,30.195420,120.125942,1,0,367.363259
1789866433,1,-118.872088,50.890842,0.000000,4.748652,30.232196,120.774695,1,0,369.824446
1789866436,1,-118.873702,50.890469,0.000000,4.748652,30.268559,120.916315,1,0,372.142721
1789866441,1,-118.875720,50.889998,0.000000,4.748652,30.372643,151.360633,1,0,374.791057
1789866446,1,-118.877756,50.889530,0.000000,4.748652,30.595301,152.435258,1,0,374.746181
1789866450,1,-118.879385,50.889153,0.000000,4.748652,30.456359,122.060515,1,0,373.692302
1789866455,1,-118.881408,50.888682,0.000000,4.748652,30.350960,151.690752,1,0,372.436829
1789866459,1,-118.883024,50.888305,0.000000,4.748652,30.304017,121.201807,1,0,371.382870
1789866464,1,-118.885047,50.887840,0.000000,4.748652,30.295198,151.461406,1,0,370.158769
1789866468,1,-118.886680,50.887489,0.000000,4.748652,30.324213,121.363423,1,0,368.867720
1789866472,1,-118.888326,50.887173,0.000000,4.748652,30.316705,121.042140,1,0,367.843457
1789866477,1,-118.890416,50.886833,0.000000,4.748652,30.325027,151.853805,1,0,365.748108
1789866481,1,-118.892089,50.886562,0.000000,4.748652,30.326956,121.523508,1,0,363.925912
1789866485,1,-118.893758,50.886290,0.000000,4.748652,30.325395,121.278540,1,0,362.559663
1789866489,1,-118.895429,50.886020,0.000000,4.748652,30.320419,121.359535,1,0,360.932346
1789866493,1,-118.897098,50.885750,0.000000,4.748652,30.307689,121.223159,1,0,359.801713
1789866498,1,-118.899185,50.885419,0.000000,4.748652,30.211984,151.402543,1,0,358.498949
1789866502,1,-118.900850,50.885150,0.000000,4.748652,30.250385,120.935056,1,0,357.822654
1789866508,1,-118.902934,50.884817,0.000000,4.748652,30.238286,151.267370,1,0,357.695738
1789866512,1,-118.904600,50.884547,0.000000,4.748652,30.265635,121.030798,1,0,357.778414
1789866516,1,-118.906255,50.884249,0.000000,4.748652,30.226881,121.096559,1,0,357.808486
1789866521,1,-118.908265,50.883767,0.000000,4.748652,30.334414,151.275954,1,0,357.859190
1789866525,1,-118.909821,50.883307,0.000000,4.748652,30.258467,120.871264,1,0,358.077369
1789866529,1,-118.911315,50.882770,0.000000,4.748652,30.269659,120.927692,1,0,358.473830
1789866534,1,-118.913060,50.881976,0.000000,4.748652,30.271431,151.273576,1,0,358.775114
1789866538,1,-118.914285,50.881209,0.000000,4.748652,30.230471,121.298269,1,0,358.519600
1789866542,1,-118.915470,50.880420,0.000000,4.748652,30.220955,121.076556,1,0,358.231568
1789866547,1,-118.916950,50.879426,0.000000,4.748652,30.283827,151.919727,1,0,358.083375
1789866552,1,-118.918430,50.878437,0.000000,4.748652,30.283843,151.515293,1,0,358.024926
1789866555,1,-118.919610,50.877640,0.000000,4.748652,30.304381,121.488995,1,0,358.286507
1789866560,1,-118.920966,50.876581,0.000000,4.748652,30.297942,151.621948,1,0,357.943516
1789866564,1,-118.922024,50.875721,0.000000,4.748652,30.314150,121.239782,1,0,357.794916
1789866568,1,-118.923071,50.874854,0.000000,4.748652,30.362486,121.388094,1,0,357.514316
1789866572,1,-118.923993,50.873935,0.000000,4.748652,30.242200,121.099437,1,0,357.672897
1789866576,1,-118.924808,50.872975,0.000000,4.748652,30.278589,121.234129,1,0,358.219950
1789866580,1,-118.925508,50.871981,0.000000,4.748652,30.296502,121.065126,1,0,358.783313
1789866585,1,-118.926223,50.870695,0.000000,4.748652,30.275878,151.664334,1,0,359.333556
1789866590,1,-118.926786,50.869379,0.000000,4.748652,30.260368,151.677482,1,0,359.627340
1789866594,1,-118.927111,50.868306,0.000000,4.748652,30.287653,121.546210,1,0,359.175560
1789866598,1,-118.927432,50.867232,0.000000,4.748652,30.364395,121.602823,1,0,358.664565
1789866603,1,-118.927946,50.865911,0.000000,4.748652,30.192516,151.352925,1,0,357.937875
1789866607,1,-118.928634,50.864915,0.000000,4.748652,30.356353,120.931579,1,0,358.034811
1789866611,1,-118.929599,50.864014,0.000000,4.748652,30.319832,121.093141,1,0,357.962772
1789866615,1,-118.930776,50.863230,0.000000,4.748652,29.958744,120.309540,1,0,357.590627
1789866619,1,-118.932009,50.862496,0.000000,4.748652,29.745464,119.180274,1,0,356.709020
1789866624,1,-118.933536,50.861569,0.000000,4.748652,29.873794,148.975845,1,0,355.972816
1789866628,1,-118.934773,50.860832,0.000000,4.748652,29.905835,119.614065,1,0,355.646388
1789866633,1,-118.935994,50.860097,0.000000,4.748652,29.515456,118.649480,1,0,355.879853
1789866637,1,-118.937192,50.859372,0.000000,4.748652,28.757929,116.709710,1,0,355.819477
1789866642,1,-118.938681,50.858483,0.000000,4.748652,28.579413,144.131598,1,0,358.221152
1789866646,1,-118.939847,50.857775,0.000000,4.748652,28.494933,113.774333,1,0,357.674259
1789866650,1,-118.941036,50.857064,0.000000,4.748652,29.223440,115.177380,1,0,358.108388
1789866655,1,-118.942563,50.856114,0.000000,4.748652,30.189353,150.766629,1,0,359.864315
1789866659,1,-118.943599,50.855237,0.000000,4.748652,30.391938,121.826946,1,0,358.556331
1789866663,1,-118.944373,50.854263,0.000000,4.748652,30.334932,121.294920,1,0,359.194110
1789866668,1,-118.945082,50.852982,0.000000,4.748652,29.855639,151.006069,1,0,359.352560
1789866673,1,-118.945826,50.851696,0.000000,4.748651,30.388051,152.360976,1,0,357.246854
1789866677,1,-118.946613,50.850724,0.000000,4.748651,30.192119,121.510938,1,0,356.813829
1789866680,1,-118.947566,50.849869,0.000000,4.748651,28.653125,116.415452,1,0,356.207223
1789866684,1,-118.948626,50.849142,0.000000,2.206986,27.251237,110.066415,1,0,355.280644
1789866688,1,-118.949706,50.848461,0.000000,2.019793,26.688395,107.355828,1,0,355.478397
1789866692,1,-118.950754,50.847793,0.000000,2.004485,26.011366,104.739984,1,0,355.581971
1789866697,1,-118.952003,50.847002,0.000000,2.000010,24.193435,124.425100,1,0,355.554873
1789866701,1,-118.952908,50.846426,0.000000,2.269802,21.800684,90.381010,1,0,355.290827
1789866707,1,-118.954050,50.845699,0.000000,2.001047,17.812690,114.062313,1,0,355.532948
1789866712,1,-118.954954,50.845126,0.000000,2.016119,18.662579,90.099565,1,0,355.901041
1789866717,1,-118.955917,50.844513,0.000000,2.000091,19.386187,96.185058,1,0,356.170043
1789866722,1,-118.956911,50.843883,0.000000,2.024014,20.181676,99.066005,1,0,356.265572
1789866728,1,-118.958164,50.843086,0.000000,2.000094,21.263344,125.103115,1,0,356.475356
1789866734,1,-118.959453,50.842265,0.000000,2.000001,21.223868,128.784330,1,0,356.312016
1789866739,1,-118.960483,50.841612,0.000000,2.330979,20.166341,102.668322,1,0,356.275666
1789866744,1,-118.961485,50.840974,0.000000,2.031308,19.986989,100.094167,1,0,356.004127
1789866749,1,-118.962489,50.840336,0.000000,2.002639,20.091889,100.198573,1,0,355.861945
1789866754,1,-118.963493,50.839697,0.000000,2.000660,20.020507,100.277408,1,0,355.460364
1789866759,1,-118.964494,50.839065,0.000000,2.000004,19.778707,99.577074,1,0,355.169948
1789866764,1,-118.965577,50.838514,0.000000,2.000000,19.556132,97.864994,1,0,355.227216
1789866769,1,-118.966808,50.838134,0.000000,2.000000,19.308253,96.470233,1,0,355.164848
1789866774,1,-118.968125,50.837936,0.000000,2.000000,19.021649,95.351087,1,0,355.226314
1789866779,1,-118.969472,50.837902,0.000000,2.000000,18.990581,94.960415,1,0,354.960883
1789866784,1,-118.970793,50.837907,0.000000,2.000000,18.207177,93.055227,1,0,355.189106
1789866789,1,-118.972018,50.837925,0.000000,2.027378,16.353301,86.314392,1,0,355.470081
1789866795,1,-118.973280,50.837937,0.000000,2.000219,13.981692,88.907532,1,0,355.813814
1789866801,1,-118.974450,50.837939,0.000000,2.002741,13.787105,82.417169,1,0,355.947046
1789866807,1,-118.975601,50.837981,0.000000,2.049340,12.755395,81.213008,1,0,356.435476
1789866814,1,-118.976421,50.838090,0.000000,12.015957,7.084477,59.021420,1,0,356.631097
1789866821,1,-118.977029,50.837534,0.000000,2.000061,10.188920,75.235818,1,0,355.064963
1789866829,1,-118.977899,50.837380,0.000000,2.000001,6.369695,63.634103,1,0,354.696970
1789866840,1,-118.978172,50.836666,0.000000,2.000000,10.474891,81.728198,1,0,354.622576
1789866846,1,-118.978673,50.836046,0.000000,2.000000,14.631777,77.479989,1,0,354.632013
1789866851,1,-118.979384,50.835432,0.000000,2.000000,18.305668,84.705183,1,0,354.511332
1789866856,1,-118.980248,50.834718,0.000000,2.000000,20.831651,100.072939,1,0,354.355785
1789866862,1,-118.981100,50.833692,0.000000,2.163600,22.746530,128.963327,1,0,354.218102
1789866866,1,-118.981359,50.832870,0.000000,2.019893,23.574316,93.251117,1,0,354.059026
1789866870,1,-118.981431,50.831965,0.000000,2.530719,26.561129,100.810126,1,0,354.194620
1789866875,1,-118.981472,50.830728,0.000000,2.928370,26.554631,137.648085,1,0,354.447190
1789866879,1,-118.981552,50.829840,0.000000,2.287353,24.003558,98.951754,1,0,354.198657
1789866883,1,-118.981576,50.829005,0.000000,2.004640,22.778094,92.910162,1,0,354.036248
1789866887,1,-118.981630,50.828208,0.000000,2.164847,21.708956,88.748812,1,0,353.696370
1789866893,1,-118.981588,50.827122,0.000000,2.004887,19.362876,120.855050,1,0,353.041419
1789866899,1,-118.980471,50.826365,0.000000,2.000008,20.408609,115.265244,1,0,353.753942
1789866904,1,-118.979185,50.825862,0.000000,2.000000,21.812110,106.502332,1,0,353.621955
1789866908,1,-118.978110,50.825434,0.000000,2.000000,22.609428,89.470971,1,0,353.425387
1789866912,1,-118.976993,50.824993,0.000000,2.000000,23.375942,92.746885,1,0,353.570677
1789866917,1,-118.975564,50.824432,0.000000,2.000000,23.784249,118.466150,1,0,353.685439
1789866921,1,-118.974424,50.823978,0.000000,2.000000,23.707544,94.888009,1,0,354.015314
1789866925,1,-118.973370,50.823461,0.000000,2.000000,23.351455,93.936262,1,0,353.519325
1789866929,1,-118.972730,50.822731,0.000000,2.005565,23.390600,92.894119,1,0,353.727766
1789866934,1,-118.972507,50.821682,0.000000,2.045074,23.564026,117.755541,1,0,354.207261
1789866938,1,-118.972411,50.820841,0.000000,2.194834,23.268101,93.806397,1,0,355.497473
1789866943,1,-118.972287,50.819810,0.000000,2.501549,22.995577,115.032278,1,0,361.389318
1789866948,1,-118.972293,50.818764,0.000000,2.032117,23.466350,116.369531,1,0,366.842035
1789866952,1,-118.972375,50.817900,0.000000,2.053979,24.424095,96.294639,1,0,368.365886
1789866956,1,-118.972538,50.817014,0.000000,2.091806,24.950379,99.235674,1,0,366.319529
1789866961,1,-118.972875,50.815912,0.000000,2.011816,24.805458,124.878180,1,0,359.073296
1789866966,1,-118.973318,50.814858,0.000000,2.000076,23.857785,121.344008,1,0,354.376743
1789866970,1,-118.973688,50.814042,0.000000,2.000001,23.549976,94.451867,1,0,354.993604
1789866974,1,-118.973889,50.813210,0.000000,2.000000,23.324965,93.638558,1,0,354.964634
1789866979,1,-118.973820,50.812212,0.000000,16.531137,22.131480,111.134899,1,0,354.702941
1789866984,1,-118.972715,50.811408,0.000000,2.020013,21.737473,118.603451,1,0,354.304713
1789866990,1,-118.971857,50.810403,0.000000,2.046364,21.239344,127.114958,1,0,355.479284
1789866995,1,-118.971656,50.809445,0.000000,2.015892,21.897160,107.515903,1,0,360.216217
1789866999,1,-118.971539,50.808638,0.000000,2.004716,22.858437,90.157508,1,0,363.565455
1789867003,1,-118.971423,50.807805,0.000000,2.000077,23.201219,93.032098,1,0,364.989133
1789867008,1,-118.971301,50.806972,0.000000,2.000001,23.310005,93.070230,1,0,365.066857
1789867012,1,-118.971177,50.806136,0.000000,2.000000,23.297598,93.415643,1,0,363.689782
1789867016,1,-118.971063,50.805309,0.000000,2.000000,22.880835,92.354796,1,0,362.021881
1789867020,1,-118.971114,50.804513,0.000000,2.000000,21.733933,88.628643,1,0,360.370578
1789867025,1,-118.971696,50.803616,0.000000,2.050069,22.116171,107.896530,1,0,359.274088
1789867029,1,-118.972574,50.802998,0.000000,2.005941,23.803827,92.507922,1,0,357.638345
1789867033,1,-118.973587,50.802392,0.000000,2.170714,24.918250,98.206435,1,0,356.037813
1789867037,1,-118.974630,50.801763,0.000000,2.001899,25.675835,101.501564,1,0,355.910575
1789867042,1,-118.975945,50.800950,0.000000,2.049256,25.947501,129.520388,1,0,356.559322
1789867046,1,-118.977192,50.800451,0.000000,2.000447,25.942883,103.975008,1,0,357.050395
1789867049,1,-118.978360,50.799908,0.000000,2.043921,25.502264,102.127251,1,0,356.281925
1789867054,1,-118.979402,50.798982,0.000000,4.467413,24.982015,126.528244,1,0,356.297665
1789867058,1,-118.980224,50.798271,0.000000,4.745240,24.231077,98.056599,1,0,356.643024
1789867063,1,-118.981226,50.797430,0.000000,4.748639,22.784099,117.235231,1,0,356.808652
1789867068,1,-118.982179,50.796645,0.000000,4.748651,21.528667,110.186148,1,0,356.591677
1789867073,1,-118.983078,50.795879,0.000000,4.748652,21.257855,106.207532,1,0,356.244049
1789867079,1,-118.984116,50.794935,0.000000,4.748652,21.259082,128.006984,1,0,356.073001
1789867084,1,-118.985117,50.794209,0.000000,4.748652,21.469679,107.260741,1,0,356.072514
1789867089,1,-118.986025,50.793420,0.000000,4.748652,21.845867,108.644103,1,0,355.617096
1789867094,1,-118.986925,50.792618,0.000000,4.748652,22.017840,109.487993,1,0,355.947480
1789867099,1,-118.987939,50.791867,0.000000,4.748652,22.012863,109.964102,1,0,356.340705
1789867105,1,-118.989064,50.790922,0.000000,4.748652,22.017344,131.704183,1,0,356.446438
1789867110,1,-118.989895,50.790082,0.000000,4.748652,22.218968,110.303185,1,0,357.001916
1789867114,1,-118.990732,50.789479,0.000000,4.748652,22.472690,89.352372,1,0,356.751710
1789867118,1,-118.991785,50.789014,0.000000,4.748652,22.663086,90.496925,1,0,356.771209
1789867122,1,-118.992945,50.788685,0.000000,4.748652,22.207613,89.613909,1,0,356.987433
1789867128,1,-118.994269,50.787899,0.000000,4.748652,21.808318,127.917641,1,0,356.038983
1789867134,1,-118.994464,50.786900,0.000000,4.748652,22.965805,111.986649,1,0,355.562510
1789867138,1,-118.994548,50.786069,0.000000,4.748652,23.009166,92.638674,1,0,354.949820
1789867143,1,-118.994592,50.785061,0.000000,4.748652,22.162946,112.183305,1,0,354.705769
1789867149,1,-118.994771,50.783886,0.000000,4.748652,22.014320,131.327313,1,0,354.301946
1789867153,1,-118.995165,50.783136,0.000000,4.748651,21.770991,87.942790,1,0,354.663951
1789867159,1,-118.995755,50.782091,0.000000,4.748651,19.815591,123.478311,1,0,354.434137
1789867164,1,-118.996711,50.781445,0.000000,4.748651,20.177473,98.546278,1,0,354.309210
1789867170,1,-118.998298,50.780975,0.000000,4.748651,19.759529,123.542304,1,0,353.783019
1789867176,1,-118.999353,50.780692,0.000000,4.748652,9.558043,80.796100,1,0,353.024599
1789867206,1,-119.000383,50.779943,0.000000,4.748652,19.074379,110.547617,1,0,352.597076
1789867210,1,-119.001184,50.779263,0.000000,4.748652,26.149569,94.417221,1,0,352.289521
1789867215,1,-119.002294,50.778188,0.000000,4.748652,28.891408,142.940011,1,0,352.381751
1789867219,1,-119.003208,50.777332,0.000000,4.748652,28.530946,114.997814,1,0,353.054498
1789867223,1,-119.004006,50.776492,0.000000,4.748652,26.533776,109.093486,1,0,354.452462
1789867227,1,-119.004553,50.775641,0.000000,4.748652,25.595476,102.234451,1,0,354.506342
1789867231,1,-119.004911,50.774716,0.000000,4.748652,27.297252,105.959518,1,0,353.897932
1789867236,1,-119.005193,50.773490,0.000000,4.748652,26.997406,137.835585,1,0,353.286223
1789867240,1,-119.005802,50.772642,0.000000,4.748652,25.201514,103.660046,1,0,353.970000
1789867245,1,-119.006757,50.771723,0.000000,7.947614,24.405789,122.439971,1,0,360.014466
1789867250,1,-119.007131,50.770629,0.000000,4.748652,24.462858,124.534681,1,0,366.545505
1789867254,1,-119.007044,50.769740,0.000000,4.748652,25.445882,99.091810,1,0,371.443296
1789867259,1,-119.006651,50.768842,0.000000,4.748652,25.480665,103.678442,1,0,376.880075
1789867264,1,-119.006501,50.767777,0.000000,4.748652,23.095056,118.953381,1,0,378.427888
1789867269,1,-119.007122,50.766840,0.000000,4.748652,22.427127,113.074753,1,0,377.056974
1789867274,1,-119.007935,50.765930,0.000000,4.748652,24.056649,116.357898,1,0,373.159063
1789867279,1,-119.008817,50.764939,0.000000,4.748652,25.855046,126.598042,1,0,367.705248
1789867283,1,-119.009545,50.764142,0.000000,4.748652,25.307413,102.468490,1,0,363.954567
1789867287,1,-119.010551,50.763530,0.000000,4.748652,23.988198,98.351943,1,0,361.123484
1789867292,1,-119.011972,50.762993,0.000000,4.748652,22.889867,116.704844,1,0,359.538037
1789867296,1,-119.012775,50.762178,0.000000,4.748652,21.998862,106.916198,1,0,357.723844
1789867300,1,-119.013096,50.761398,0.000000,4.748652,22.774557,89.682194,1,0,356.384938
1789867304,1,-119.013847,50.760684,0.000000,4.748652,24.614011,95.485362,1,0,355.463939
1789867308,1,-119.014762,50.759972,0.000000,4.748652,25.833892,102.188208,1,0,355.489473
1789867312,1,-119.015792,50.759294,0.000000,4.748652,26.851772,104.743035,1,0,355.175811
1789867316,1,-119.017051,50.758710,0.000000,4.748651,27.016508,110.057202,1,0,354.795374
1789867321,1,-119.018690,50.758175,0.000000,4.748651,24.572850,130.063853,1,0,354.160947
1789867326,1,-119.020104,50.757992,0.000000,4.748651,18.695918,101.826712,1,0,354.384639
1789867331,1,-119.021210,50.757476,0.000000,4.748652,20.323949,96.884417,1,0,353.933303
1789867336,1,-119.022376,50.756860,0.000000,4.748652,21.721873,107.081436,1,0,353.224603
1789867341,1,-119.023654,50.756385,0.000000,4.748652,21.013638,104.525623,1,0,353.529218
1789867346,1,-119.024689,50.755695,0.000000,4.748652,20.711485,105.956445,1,0,353.891206
1789867352,1,-119.025680,50.754912,0.000000,4.748652,17.786520,111.706370,1,0,354.631075
1789867357,1,-119.026434,50.754335,0.000000,4.748652,16.759218,83.375694,1,0,355.558077
1789867363,1,-119.026615,50.753367,0.000000,4.748652,19.206829,108.444631,1,0,354.212405
1789867369,1,-119.026709,50.752295,0.000000,4.748652,20.135043,119.444064,1,0,353.612680
1789867375,1,-119.026486,50.751260,0.000000,4.748652,19.557332,116.214021,1,0,353.781580
1789867381,1,-119.025569,50.750381,0.000000,4.748652,19.646463,117.263733,1,0,353.268555
1789867387,1,-119.024751,50.749668,0.000000,4.748652,19.850807,98.104606,1,0,352.385251
1789867392,1,-119.024595,50.748748,0.000000,4.748652,22.179909,102.940148,1,0,352.601810
1789867396,1,-119.024810,50.747918,0.000000,4.748652,23.786954,93.575648,1,0,355.105952
1789867400,1,-119.024903,50.747059,0.000000,4.748652,23.482490,95.788631,1,0,357.765468
1789867404,1,-119.024770,50.746241,0.000000,4.748652,23.253126,91.485141,1,0,357.853090
1789867408,1,-119.024422,50.745372,0.000000,4.748652,25.536819,99.747487,1,0,357.503874
1789867412,1,-119.023959,50.744486,0.000000,4.748652,25.987165,103.843344,1,0,356.418272
1789867415,1,-119.023557,50.743580,0.000000,4.748651,26.100695,104.709805,1,0,354.615324
1789867420,1,-119.023316,50.742418,0.000000,4.748651,25.985296,130.386517,1,0,354.135451
1789867424,1,-119.023257,50.741493,0.000000,4.748651,25.547655,102.990055,1,0,353.631013
1789867429,1,-119.023736,50.740431,0.000000,4.748651,24.246012,122.890044,1,0,354.130551
1789867434,1,-119.024033,50.739399,0.000000,4.748651,23.191785,116.707970,1,0,354.444031
1789867438,1,-119.024230,50.738584,0.000000,4.748651,22.859656,91.728562,1,0,353.799791
1789867442,1,-119.024688,50.737819,0.000000,4.748651,22.914946,91.040747,1,0,353.954763
1789867447,1,-119.025287,50.736845,0.000000,4.748651,23.626891,116.316006,1,0,353.682918
1789867451,1,-119.025914,50.736052,0.000000,4.748652,25.195445,98.702469,1,0,353.692481
1789867455,1,-119.026674,50.735254,0.000000,4.748652,26.233057,103.730394,1,0,353.754991
1789867460,1,-119.027656,50.734260,0.000000,4.748652,26.190237,130.515679,1,0,353.893413
1789867465,1,-119.028675,50.733278,0.000000,4.748652,26.208078,130.804645,1,0,353.271965
1789867470,1,-119.029780,50.732349,0.000000,4.748652,25.678365,129.491571,1,0,354.200859
1789867474,1,-119.030227,50.731512,0.000000,4.748652,23.610805,98.318693,1,0,354.307836
1789867478,1,-119.030337,50.730668,0.000000,4.748652,24.045577,94.215096,1,0,354.519612
1789867482,1,-119.030341,50.729772,0.000000,4.748652,25.349317,99.679815,1,0,354.914666
1789867486,1,-119.030347,50.728859,0.000000,4.748651,25.381060,101.571553,1,0,356.533888
1789867490,1,-119.030344,50.727943,0.000000,4.748651,25.447364,101.904648,1,0,356.214061
1789867495,1,-119.030397,50.726818,0.000000,4.748651,24.263868,125.211355,1,0,354.792917
1789867499,1,-119.030871,50.726059,0.000000,4.748651,22.408645,90.829820,1,0,353.791575
1789867504,1,-119.031873,50.725321,0.000000,4.748651,21.297546,108.382516,1,0,355.462732
1789867509,1,-119.032586,50.724518,0.000000,4.748652,20.291480,102.543568,1,0,357.669643
1789867515,1,-119.032609,50.723587,0.000000,4.748652,21.481747,103.585850,1,0,360.663562
1789867520,1,-119.032347,50.722648,0.000000,4.748652,20.455608,106.088722,1,0,363.567384
1789867525,1,-119.032159,50.721764,0.000000,4.748652,20.153990,99.236524,1,0,365.917218
1789867531,1,-119.032057,50.720570,0.000000,4.748652,23.962484,133.026857,1,0,364.011626
1789867535,1,-119.032025,50.719363,0.000000,4.748652,29.578735,134.296869,1,0,358.522782
1789867539,1,-119.032044,50.718298,0.000000,4.748652,28.925784,118.487997,1,0,357.594178
1789867543,1,-119.032576,50.717380,0.000000,4.748652,26.791857,108.818052,1,0,358.567815
1789867547,1,-119.033279,50.716693,0.000000,4.748652,19.617975,91.140078,1,0,359.205717
1789867554,1,-119.033938,50.715899,0.000000,4.748652,15.940297,99.843990,1,0,358.948758
1789867560,1,-119.034504,50.714748,0.000000,4.748652,25.448691,134.142675,1,0,362.286140
1789867565,1,-119.034830,50.713498,0.000000,4.748652,28.895216,140.954771,1,0,368.713789
1789867569,1,-119.035091,50.712418,0.000000,4.748652,30.943873,121.555142,1,0,371.759492
1789867573,1,-119.035368,50.711343,0.000000,4.748652,30.009863,121.182949,1,0,374.217966
1789867577,1,-119.035640,50.710295,0.000000,4.748652,29.784746,118.161716,1,0,375.081266
1789867581,1,-119.035890,50.709236,0.000000,4.748652,29.344402,119.129074,1,0,372.238298
1789867585,1,-119.036124,50.708254,0.000000,4.748652,26.355580,110.490057,1,0,371.056793
1789867589,1,-119.036440,50.707367,0.000000,4.748652,25.085382,101.171068,1,0,373.053142
1789867594,1,-119.037064,50.706299,0.000000,4.748652,25.594265,126.727963,1,0,379.019305
1789867599,1,-119.037042,50.705232,0.000000,4.748652,23.369301,118.713145,1,0,378.797078
1789867604,1,-119.036406,50.704267,0.000000,4.748652,23.307208,116.378008,1,0,378.708593
1789867609,1,-119.036156,50.703258,0.000000,4.748652,22.751417,113.631375,1,0,382.391270
1789867614,1,-119.036670,50.702266,0.000000,4.748652,24.454256,116.179412,1,0,385.663088
1789867618,1,-119.037347,50.701432,0.000000,4.748652,26.103978,104.385105,1,0,383.986213
1789867622,1,-119.037999,50.700628,0.000000,4.748652,24.702822,100.609278,1,0,383.850841
1789867626,1,-119.038603,50.699824,0.000000,4.748651,25.414629,99.102478,1,0,386.815653
1789867630,1,-119.038894,50.698918,0.000000,4.748652,25.768429,102.867351,1,0,386.875227
1789867634,1,-119.039218,50.698027,0.000000,4.748652,24.248523,101.731941,1,0,385.930337
1789867639,1,-119.039953,50.697307,0.000000,4.748652,24.143511,95.459318,1,0,381.969436
1789867643,1,-119.040826,50.696614,0.000000,4.748652,24.485980,98.735612,1,0,377.625817
1789867647,1,-119.041658,50.695912,0.000000,4.748652,24.688472,97.750129,1,0,373.511610
1789867651,1,-119.042347,50.695132,0.000000,4.748652,25.061925,99.497909,1,0,370.296733
1789867655,1,-119.042778,50.694083,0.000000,4.748652,23.885513,120.608196,1,0,367.668146
1789867660,1,-119.042327,50.693059,0.000000,4.748652,24.025889,118.291997,1,0,367.465297
1789867664,1,-119.041949,50.692237,0.000000,4.748652,23.919642,95.267166,1,0,367.135954
1789867669,1,-119.042105,50.691163,0.000000,4.748652,23.869598,119.988689,1,0,369.862297
1789867673,1,-119.042692,50.690385,0.000000,4.748652,24.248461,95.978359,1,0,371.793879
1789867678,1,-119.043672,50.689455,0.000000,4.748651,25.008609,124.499800,1,0,372.627616
1789867683,1,-119.044706,50.688528,0.000000,4.748652,25.404625,126.389668,1,0,373.316889
1789867687,1,-119.045504,50.687757,0.000000,4.748652,25.978828,102.649814,1,0,373.108930
1789867691,1,-119.046283,50.686959,0.000000,4.748652,26.380903,104.458853,1,0,370.700049
1789867695,1,-119.046993,50.686120,0.000000,4.748652,26.299432,105.970670,1,0,366.827768
1789867700,1,-119.048105,50.685217,0.000000,4.748652,25.219814,127.545930,1,0,365.192504
1789867704,1,-119.049162,50.684610,0.000000,4.748652,25.535030,100.699652,1,0,367.464791
1789867708,1,-119.050190,50.683933,0.000000,4.748652,26.373787,104.646054,1,0,369.002827
1789867713,1,-119.051481,50.683067,0.000000,4.748652,26.449873,132.688894,1,0,366.054717
1789867718,1,-119.052667,50.682195,0.000000,4.748652,24.891251,128.204254,1,0,366.140778
1789867722,1,-119.053360,50.681438,0.000000,4.748652,24.101437,97.423852,1,0,365.969642
1789867727,1,-119.053935,50.680460,0.000000,4.748652,23.045244,116.143894,1,0,365.809719
1789867732,1,-119.054340,50.679451,0.000000,4.748652,23.336169,115.842343,1,0,365.836872
1789867736,1,-119.054671,50.678625,0.000000,4.748652,23.963280,94.822767,1,0,367.587937
1789867740,1,-119.055020,50.677777,0.000000,4.748652,24.528677,97.510529,1,0,369.492572
1789867745,1,-119.055599,50.676719,0.000000,4.748652,25.173816,124.613927,1,0,370.639689
1789867749,1,-119.056244,50.675892,0.000000,4.748652,26.029800,102.680290,1,0,370.724139
1789867754,1,-119.057273,50.674912,0.000000,4.748652,26.139638,131.060681,1,0,370.560406
1789867758,1,-119.058135,50.674148,0.000000,4.748652,26.160575,104.578981,1,0,369.792016
1789867763,1,-119.059211,50.673192,0.000000,4.748652,26.102654,130.752430,1,0,368.717471
1789867768,1,-119.060290,50.672247,0.000000,4.748652,26.052670,129.887679,1,0,371.374344
1789867772,1,-119.061143,50.671483,0.000000,4.748652,26.076855,104.212931,1,0,373.650216
1789867777,1,-119.062226,50.670524,0.000000,4.748652,26.342697,131.316221,1,0,373.914085
1789867781,1,-119.063030,50.669726,0.000000,4.748652,26.509172,105.412679,1,0,371.270382
1789867785,1,-119.063612,50.668844,0.000000,4.748652,26.512109,106.398295,1,0,366.152296
1789867789,1,-119.064216,50.667992,0.000000,4.748652,25.749320,103.957538,1,0,361.384074
1789867794,1,-119.065109,50.667003,0.000000,4.748652,25.342437,126.852958,1,0,360.245805
1789867798,1,-119.066022,50.666289,0.000000,4.748652,25.830612,102.353118,1,0,359.648364
1789867803,1,-119.067316,50.665462,0.000000,4.748652,26.072069,129.748142,1,0,358.777950
1789867808,1,-119.068804,50.664770,0.000000,4.748652,26.041712,130.363148,1,0,357.630896
1789867812,1,-119.070112,50.664343,0.000000,4.748652,26.005456,103.965331,1,0,356.823135
1789867816,1,-119.071448,50.663948,0.000000,4.748652,26.000130,104.179251,1,0,356.172644
1789867821,1,-119.072941,50.663284,0.000000,4.748652,25.677244,128.837681,1,0,355.799618
1789867825,1,-119.073834,50.662549,0.000000,4.748652,25.869446,103.306261,1,0,355.371618
1789867829,1,-119.074263,50.661655,0.000000,4.748652,26.007562,103.979001,1,0,355.372873
1789867833,1,-119.074498,50.660736,0.000000,4.748652,25.925840,103.578525,1,0,357.076862
1789867837,1,-119.074698,50.659810,0.000000,4.748652,25.920144,103.981883,1,0,359.874723
1789867841,1,-119.074904,50.658892,0.000000,4.748652,25.690735,103.159354,1,0,364.932797
1789867845,1,-119.075156,50.657984,0.000000,4.748652,25.811949,102.573003,1,0,370.851329
1789867849,1,-119.075576,50.657050,0.000000,4.748652,27.367026,108.067451,1,0,366.888787
1789867853,1,-119.076124,50.656138,0.000000,4.748652,26.944951,108.607418,1,0,361.056526
1789867857,1,-119.076781,50.655294,0.000000,4.748652,25.817415,104.759695,1,0,358.175658
1789867862,1,-119.077750,50.654342,0.000000,4.748652,25.183518,126.143517,1,0,359.744518
1789867866,1,-119.078514,50.653558,0.000000,4.748652,26.114588,102.596635,1,0,359.488691
1789867871,1,-119.079447,50.652526,0.000000,4.748652,26.542504,132.416367,1,0,356.203656
1789867875,1,-119.080169,50.651786,0.000000,4.748652,21.821700,96.874289,1,0,354.444501
1789867881,1,-119.080715,50.650800,0.000000,4.748652,20.062688,116.289117,1,0,354.591738
1789867886,1,-119.081169,50.649941,0.000000,4.748651,20.378560,100.812059,1,0,354.753379
1789867892,1,-119.082195,50.649022,0.000000,4.748651,22.111408,125.370995,1,0,354.718797
1789867896,1,-119.083088,50.648406,0.000000,4.748651,24.360843,93.193643,1,0,354.928071
1789867900,1,-119.084223,50.647888,0.000000,4.748652,24.614473,98.815808,1,0,355.109214
1789867904,1,-119.085495,50.647547,0.000000,4.748652,24.559335,97.633696,1,0,354.270839
1789867908,1,-119.086843,50.647348,0.000000,4.748652,24.462648,97.874149,1,0,354.781818
1789867912,1,-119.088237,50.647297,0.000000,4.748652,24.723039,98.754005,1,0,354.724861
1789867917,1,-119.089982,50.647214,0.000000,4.748652,24.583135,123.760354,1,0,354.538256
1789867922,1,-119.091669,50.646922,0.000000,4.748652,24.765760,123.668849,1,0,354.219302
1789867927,1,-119.093333,50.646580,0.000000,4.748652,24.840664,123.695991,1,0,354.348842
1789867932,1,-119.095003,50.646234,0.000000,4.748652,24.805849,124.237026,1,0,353.765215
1789867937,1,-119.096649,50.645891,0.000000,4.748652,24.261431,122.519746,1,0,354.309236
1789867942,1,-119.098287,50.645549,0.000000,4.748652,24.540355,121.947409,1,0,354.625271
1789867946,1,-119.099533,50.645165,0.000000,4.748652,24.470735,97.940608,1,0,354.494628
1789867950,1,-119.100492,50.644546,0.000000,4.748652,24.054774,96.660768,1,0,354.860796
1789867954,1,-119.101330,50.643833,0.000000,4.748652,24.996648,99.020298,1,0,354.748135
1789867959,1,-119.102362,50.642932,0.000000,4.748652,24.721209,123.997361,1,0,355.009609
1789867963,1,-119.103220,50.642181,0.000000,4.748652,26.230274,103.262923,1,0,355.347962
1789867967,1,-119.104043,50.641398,0.000000,4.748652,26.198344,104.771819,1,0,355.503150
1789867972,1,-119.104956,50.640372,0.000000,4.748652,26.152515,131.146258,1,0,355.346438
1789867976,1,-119.105673,50.639549,0.000000,4.748652,26.136625,104.667455,1,0,355.540967
1789867980,1,-119.106385,50.638727,0.000000,4.748652,26.074921,104.399057,1,0,355.878811
1789867984,1,-119.107103,50.637908,0.000000,4.748652,26.079291,104.312864,1,0,356.263556
1789867989,1,-119.108002,50.636879,0.000000,4.748652,26.276209,130.953027,1,0,356.048551
1789867993,1,-119.108715,50.636055,0.000000,4.748652,26.104594,104.630763,1,0,356.092490
1789867998,1,-119.109575,50.635015,0.000000,4.748652,26.204620,130.720600,1,0,355.818895
1789868002,1,-119.110238,50.634174,0.000000,4.748652,26.098741,104.659105,1,0,355.764846
1789868006,1,-119.110892,50.633335,0.000000,4.748652,25.968572,104.175896,1,0,356.511968
1789868011,1,-119.111701,50.632284,0.000000,4.748652,25.583134,130.178671,1,0,356.830740
1789868015,1,-119.112297,50.631517,0.000000,4.748652,21.969261,95.177012,1,0,355.165732
1789868020,1,-119.112878,50.630790,0.000000,4.748652,16.862812,90.725237,1,0,354.153768
1789868025,1,-119.113332,50.630112,0.000000,4.748652,15.429489,81.981476,1,0,354.331714
1789868031,1,-119.113571,50.629309,0.000000,4.748652,15.132565,90.918210,1,0,354.136792
1789868038,1,-119.113767,50.628373,0.000000,4.748652,15.002592,105.047026,1,0,354.346126
1789868044,1,-119.113979,50.627574,0.000000,4.748652,15.096426,90.143506,1,0,354.356144
1789868050,1,-119.114729,50.626938,0.000000,4.748651,14.972469,88.443185,1,0,354.290200
1789868056,1,-119.115908,50.626714,0.000000,4.748652,14.428157,87.064538,1,0,356.141734
1789868062,1,-119.117190,50.626777,0.000000,4.748652,15.379770,90.980459,1,0,355.671274
1789868067,1,-119.118283,50.626834,0.000000,4.748652,15.471709,77.596614,1,0,355.718067
1789868073,1,-119.119592,50.626962,0.000000,4.748652,15.791798,93.708751,1,0,354.281460
1789868079,1,-119.120726,50.627289,0.000000,4.748652,14.474551,88.099390,1,0,353.884036
1789868085,1,-119.121806,50.627655,0.000000,4.748652,14.379054,86.587698,1,0,353.853932
1789868091,1,-119.122880,50.628022,0.000000,4.748652,14.229416,86.265857,1,0,354.899328
1789868098,1,-119.124130,50.627902,0.000000,4.748652,14.452266,89.447693,1,0,356.486614
1789868104,1,-119.124815,50.627235,0.000000,4.748652,14.857674,88.629132,1,0,356.358910
1789868111,1,-119.125480,50.626406,0.000000,4.748652,14.781700,103.534020,1,0,356.665083
1789868117,1,-119.126072,50.625703,0.000000,4.748652,14.733782,88.720336,1,0,356.977874
1789868123,1,-119.127124,50.625337,0.000000,4.748652,14.661154,84.851422,1,0,357.122963
1789868129,1,-119.128436,50.625339,0.000000,4.748652,16.895910,92.843134,1,0,356.983982
1789868134,1,-119.129802,50.625346,0.000000,4.748652,20.876842,96.667284,1,0,357.598059
1789868138,1,-119.131101,50.625352,0.000000,4.748652,24.094172,91.925362,1,0,357.675970
1789868142,1,-119.132505,50.625358,0.000000,4.748652,24.789971,99.355445,1,0,357.992891
1789868146,1,-119.133909,50.625364,0.000000,4.748652,24.778813,99.355450,1,0,358.301023
1789868151,1,-119.135659,50.625367,0.000000,4.748652,24.639978,123.838146,1,0,358.950355
1789868155,1,-119.136973,50.625154,0.000000,4.748652,23.965851,95.956192,1,0,360.314859
1789868160,1,-119.138320,50.624525,0.000000,4.748652,24.251721,118.246739,1,0,362.824047
1789868165,1,-119.139525,50.623849,0.000000,4.748652,21.966938,113.695670,1,0,364.657921
1789868170,1,-119.140180,50.623039,0.000000,4.748651,20.005944,101.332537,1,0,364.536607
1789868175,1,-119.140489,50.622054,0.000000,4.748651,23.821428,111.739124,1,0,362.622550
1789868180,1,-119.140832,50.620998,0.000000,4.748651,23.827487,119.958966,1,0,366.132713
1789868184,1,-119.141132,50.620149,0.000000,4.748652,24.631322,96.805987,1,0,369.014226
1789868188,1,-119.141457,50.619253,0.000000,4.748652,25.609722,102.296983,1,0,364.681803
1789868193,1,-119.141812,50.618155,0.000000,4.748652,24.667752,124.706577,1,0,361.892870
1789868197,1,-119.142078,50.617296,0.000000,4.748652,24.178128,97.398037,1,0,360.878229
1789868202,1,-119.142392,50.616275,0.000000,4.748652,21.957428,115.737293,1,0,362.753776
1789868207,1,-119.142742,50.615357,0.000000,4.748652,20.602458,105.086559,1,0,362.411717
1789868212,1,-119.143512,50.614638,0.000000,4.748652,19.168026,96.788748,1,0,362.744029
1789868217,1,-119.144592,50.613952,0.000000,4.748652,23.103973,108.015022,1,0,363.870175
1789868221,1,-119.145649,50.613410,0.000000,4.748652,24.193181,96.086204,1,0,365.751487
1789868225,1,-119.146771,50.612931,0.000000,4.748652,23.183273,95.634916,1,0,367.910131
1789868229,1,-119.147767,50.612510,0.000000,4.748652,19.170638,84.635207,1,0,369.075787
1789868234,1,-119.148760,50.612139,0.000000,4.748652,14.535499,81.505460,1,0,370.330704
1789868241,1,-119.149366,50.611347,0.000000,4.748652,15.633983,97.995352,1,0,370.390777
1789868246,1,-119.149748,50.610574,0.000000,4.748652,19.691163,90.145281,1,0,370.934228
1789868252,1,-119.150348,50.609419,0.000000,4.748652,24.042924,135.328037,1,0,369.495526
1789868256,1,-119.150807,50.608598,0.000000,4.748652,24.203322,96.940980,1,0,369.873688
1789868261,1,-119.151339,50.607556,0.000000,4.748652,24.297518,121.883185,1,0,371.345417
1789868265,1,-119.151570,50.606684,0.000000,4.748652,24.958591,98.376308,1,0,372.078075
1789868269,1,-119.151774,50.605779,0.000000,4.748652,25.449018,101.709235,1,0,367.945771
1789868273,1,-119.151982,50.604885,0.000000,4.748652,24.691163,100.539095,1,0,365.351092
1789868277,1,-119.152177,50.604035,0.000000,4.748652,23.276236,95.562403,1,0,366.735396
1789868282,1,-119.152388,50.603155,0.000000,4.748652,17.221070,99.030522,1,0,368.851675
1789868287,1,-119.152535,50.602568,0.000000,4.748652,10.028074,66.126096,1,0,369.443834
1789868297,1,-119.152678,50.601926,0.000000,4.748652,11.388545,72.134676,1,0,369.296724
1789868304,1,-119.152957,50.600907,0.000000,4.748652,19.122234,115.068907,1,0,365.916307
1789868309,1,-119.153274,50.599967,0.000000,4.748652,22.677129,106.953553,1,0,363.921848
1789868314,1,-119.153704,50.598936,0.000000,4.748652,24.168156,118.667326,1,0,363.136366
1789868318,1,-119.154026,50.598079,0.000000,4.748652,24.703850,98.026503,1,0,363.417281
1789868323,1,-119.154307,50.596978,0.000000,4.748652,24.850118,124.088396,1,0,363.416764
1789868327,1,-119.154448,50.596085,0.000000,4.748652,25.120790,99.843887,1,0,361.675670
1789868332,1,-119.154554,50.594964,0.000000,4.748652,24.613321,124.933373,1,0,358.799368
1789868337,1,-119.154644,50.593871,0.000000,4.748652,24.633211,121.759651,1,0,358.323304
1789868341,1,-119.154725,50.592984,0.000000,4.748652,24.748339,98.842463,1,0,358.354957
1789868345,1,-119.154798,50.592099,0.000000,4.748652,24.585528,98.588968,1,0,358.366421
1789868349,1,-119.154871,50.591207,0.000000,4.748652,24.768576,99.366633,1,0,358.352499
1789868353,1,-119.154949,50.590320,0.000000,4.748652,24.767654,98.830313,1,0,358.322023
1789868358,1,-119.155133,50.589212,0.000000,4.748652,24.771580,123.948141,1,0,358.153298
1789868363,1,-119.155271,50.588103,0.000000,4.748652,24.790484,123.759042,1,0,358.196967
1789868367,1,-119.155243,50.587213,0.000000,4.748652,24.748952,99.029351,1,0,358.323647
1789868372,1,-119.155027,50.586110,0.000000,4.748652,24.776260,123.654916,1,0,358.191863
1789868377,1,-119.154693,50.585018,0.000000,4.748652,24.705231,123.762867,1,0,358.438638
1789868382,1,-119.154343,50.583932,0.000000,4.748652,24.720546,123.330512,1,0,359.255405
1789868386,1,-119.154045,50.583062,0.000000,4.748652,24.721888,99.058945,1,0,359.861619
1789868391,1,-119.153642,50.581980,0.000000,4.748652,24.675871,123.707013,1,0,360.983482
1789868396,1,-119.153169,50.580903,0.000000,4.748652,25.124496,124.408452,1,0,360.380118
1789868401,1,-119.152642,50.579838,0.000000,4.748652,24.287780,124.218599,1,0,358.933766
1789868406,1,-119.152288,50.578772,0.000000,4.748652,24.739652,121.210551,1,0,359.365521
1789868410,1,-119.152142,50.577889,0.000000,4.748652,24.705117,98.773527,1,0,359.646199
1789868415,1,-119.151888,50.576785,0.000000,4.748652,24.985330,124.127051,1,0,358.502088
1789868419,1,-119.151659,50.575896,0.000000,4.748652,25.004716,100.219628,1,0,357.385437
1789868423,1,-119.151430,50.575012,0.000000,4.748652,24.761324,99.670755,1,0,356.404083
1789868428,1,-119.151146,50.573927,0.000000,4.748652,24.314695,122.367402,1,0,356.298931
1789868433,1,-119.150867,50.572832,0.000000,4.748652,24.736366,123.407646,1,0,356.356079
1789868437,1,-119.150636,50.571954,0.000000,4.748652,24.744501,99.035740,1,0,356.531605
1789868442,1,-119.150353,50.570856,0.000000,4.748652,24.743247,123.782902,1,0,356.384288
1789868446,1,-119.150100,50.569993,0.000000,4.748652,24.293064,97.664362,1,0,356.443698
1789868450,1,-119.149773,50.569144,0.000000,4.748652,24.419182,97.247730,1,0,356.214442
1789868454,1,-119.149368,50.568293,0.000000,4.748652,24.800863,98.923011,1,0,355.819276
1789868459,1,-119.148747,50.567255,0.000000,4.748652,24.723162,123.572047,1,0,355.673917
1789868463,1,-119.148163,50.566444,0.000000,4.748652,24.782047,99.256543,1,0,355.321175
1789868467,1,-119.147537,50.565647,0.000000,4.748652,24.730791,99.138154,1,0,355.055446
1789868471,1,-119.146911,50.564848,0.000000,4.748652,24.753082,99.337184,1,0,354.859312
1789868475,1,-119.146283,50.564051,0.000000,4.748652,24.726488,99.201625,1,0,354.643237
1789868480,1,-119.145502,50.563055,0.000000,4.748652,24.713709,123.850291,1,0,354.800356
1789868485,1,-119.144739,50.562095,0.000000,4.748652,23.285133,119.701936,1,0,354.425481
1789868490,1,-119.144018,50.561189,0.000000,4.748652,22.193882,112.998119,1,0,354.465098
1789868495,1,-119.143317,50.560305,0.000000,4.748652,21.912764,110.174505,1,0,354.922883
1789868500,1,-119.142635,50.559441,0.000000,4.748652,21.153796,107.581732,1,0,354.778158
1789868505,1,-119.141987,50.558625,0.000000,4.748652,19.507279,101.729051,1,0,354.801514
1789868511,1,-119.141518,50.557656,0.000000,4.748652,18.686126,112.803955,1,0,354.562183
1789868516,1,-119.141558,50.556911,0.000000,4.748652,15.407137,82.926714,1,0,354.388455
1789868523,1,-119.141351,50.556045,0.000000,4.748652,13.429180,97.449489,1,0,355.219268
1789868530,1,-119.140781,50.555299,0.000000,4.748652,13.520544,92.298282,1,0,355.148784
1789868536,1,-119.140283,50.554609,0.000000,4.748652,14.265268,84.484223,1,0,355.615942
1789868542,1,-119.140133,50.553885,0.000000,4.748652,12.967006,81.240565,1,0,355.631422
1789868548,1,-119.140143,50.553177,0.000000,4.748652,13.330480,78.765352,1,0,355.632682
1789868554,1,-119.140156,50.552518,0.000000,4.748652,11.285174,73.316896,1,0,355.182712
1789868561,1,-119.140190,50.551818,0.000000,4.748652,11.461586,77.909398,1,0,355.250453
1789868567,1,-119.140188,50.551147,0.000000,4.748652,12.967005,74.646128,1,0,355.549416
1789868573,1,-119.140194,50.550462,0.000000,4.748652,12.229383,76.204626,1,0,355.938218
1789868580,1,-119.140215,50.549733,0.000000,4.748652,11.338157,81.111923,1,0,356.672937
1789868587,1,-119.140225,50.549044,0.000000,4.748652,11.382373,76.651717,1,0,357.619211
1789868594,1,-119.140216,50.548205,0.000000,4.748652,14.608911,93.337527,1,0,359.261010
1789868600,1,-119.140212,50.547392,0.000000,4.748652,15.109011,90.443416,1,0,360.252103
1789868607,1,-119.140214,50.546443,0.000000,4.748652,15.304711,105.572443,1,0,361.724097
1789868613,1,-119.140225,50.545611,0.000000,4.748652,14.998458,92.559887,1,0,363.609676
1789868620,1,-119.140233,50.544658,0.000000,4.748652,15.767139,106.018912,1,0,366.138792
1789868625,1,-119.140242,50.543925,0.000000,4.748652,16.444205,81.545812,1,0,368.405972
1789868631,1,-119.140238,50.543048,0.000000,4.748652,16.404585,97.563183,1,0,370.150391
1789868636,1,-119.140235,50.542266,0.000000,4.748652,17.848859,86.994678,1,0,371.418179
1789868641,1,-119.140128,50.541455,0.000000,4.748652,18.042570,90.538798,1,0,372.345955
1789868646,1,-119.139983,50.540663,0.000000,4.748652,17.220964,88.704418,1,0,372.421280
1789868652,1,-119.139768,50.539801,0.000000,4.748652,15.450747,97.097751,1,0,373.365440
1789868659,1,-119.139537,50.538917,0.000000,4.748652,13.397636,99.695609,1,0,375.514782
1789868665,1,-119.139352,50.538218,0.000000,4.748652,12.965409,78.859185,1,0,377.478016
1789868671,1,-119.139168,50.537504,0.000000,4.748652,14.570817,80.493624,1,0,379.666823
1789868676,1,-119.138973,50.536765,0.000000,4.748652,17.524084,83.365186,1,0,382.215437
1789868681,1,-119.138765,50.535985,0.000000,4.748652,17.961135,88.016135,1,0,385.006217
1789868686,1,-119.138533,50.535115,0.000000,4.748652,20.790793,98.171890,1,0,388.346800
1789868692,1,-119.138220,50.533910,0.000000,4.748652,23.481062,135.876061,1,0,393.758563
1789868696,1,-119.137995,50.533053,0.000000,4.748652,24.232742,96.663423,1,0,396.199112
1789868700,1,-119.137770,50.532177,0.000000,4.748652,24.845495,98.748774,1,0,398.420549
1789868704,1,-119.137542,50.531297,0.000000,4.748652,24.789327,99.222607,1,0,399.624842
1789868708,1,-119.137306,50.530418,0.000000,4.748652,24.724569,99.206973,1,0,400.780398
1789868712,1,-119.137077,50.529539,0.000000,4.748652,24.719683,99.124476,1,0,401.912053
1789868717,1,-119.136868,50.528433,0.000000,4.748652,24.780766,123.927681,1,0,402.758972
1789868722,1,-119.136826,50.527317,0.000000,4.748652,24.887596,124.186603,1,0,401.843165
1789868727,1,-119.136982,50.526203,0.000000,4.748652,24.913854,124.421040,1,0,400.233298
1789868732,1,-119.137298,50.525105,0.000000,4.748652,24.744760,124.186793,1,0,399.075476
1789868736,1,-119.137577,50.524240,0.000000,4.748652,24.537311,98.240816,1,0,398.375618
1789868740,1,-119.137845,50.523379,0.000000,4.748652,24.389949,97.650171,1,0,397.693201
1789868744,1,-119.138119,50.522521,0.000000,4.748652,24.371699,97.406806,1,0,396.923794
1789868748,1,-119.138391,50.521656,0.000000,4.748652,24.619122,98.142317,1,0,396.378306
1789868752,1,-119.138667,50.520775,0.000000,4.748652,25.622717,99.943307,1,0,395.711466
1789868756,1,-119.138966,50.519837,0.000000,4.748652,27.349926,106.481591,1,0,395.656458
1789868761,1,-119.139342,50.518625,0.000000,4.748652,27.391897,137.441855,1,0,396.481843
1789868765,1,-119.139603,50.517650,0.000000,4.748652,27.474701,110.033008,1,0,396.954477
1789868769,1,-119.139734,50.516665,0.000000,4.748652,27.432463,109.970493,1,0,397.467775
1789868774,1,-119.139683,50.515430,0.000000,4.748652,27.463071,137.436370,1,0,397.969150
1789868778,1,-119.139482,50.514446,0.000000,4.748652,27.683264,110.390486,1,0,397.519136
1789868782,1,-119.139185,50.513466,0.000000,4.748652,27.721395,111.037584,1,0,395.987623
1789868786,1,-119.138879,50.512487,0.000000,4.748652,27.746049,111.051326,1,0,394.257900
1789868790,1,-119.138568,50.511511,0.000000,4.748652,27.666722,110.794461,1,0,392.730914
1789868794,1,-119.138263,50.510535,0.000000,4.748652,27.608177,110.710472,1,0,391.038363
1789868798,1,-119.138035,50.509561,0.000000,4.748652,27.059324,109.553752,1,0,389.902032
1789868802,1,-119.137902,50.508610,0.000000,4.748652,26.405094,106.214514,1,0,389.483094
1789868806,1,-119.137868,50.507666,0.000000,4.748652,26.103606,105.043647,1,0,389.666257
1789868810,1,-119.137871,50.506717,0.000000,4.748652,26.556213,105.572317,1,0,390.205386
1789868815,1,-119.137884,50.505527,0.000000,4.748652,26.320865,132.385520,1,0,390.461630
1789868819,1,-119.137893,50.504594,0.000000,4.748652,25.840425,103.794147,1,0,390.682945
1789868823,1,-119.137905,50.503666,0.000000,4.748652,25.625624,103.239467,1,0,390.720692
1789868828,1,-119.137922,50.502540,0.000000,4.748652,24.795797,125.268403,1,0,391.019501
1789868833,1,-119.137931,50.501417,0.000000,4.748652,25.202814,124.930393,1,0,392.026654
1789868837,1,-119.137951,50.500500,0.000000,4.748652,25.727345,102.022063,1,0,393.258723
1789868841,1,-119.137974,50.499563,0.000000,4.748652,26.257014,104.249899,1,0,394.539924
1789868846,1,-119.138003,50.498366,0.000000,3.042289,26.937192,133.176907,1,0,396.048628
1789868851,1,-119.138037,50.497144,0.000000,3.044181,27.320758,135.963580,1,0,396.969396
1789868855,1,-119.138057,50.496159,0.000000,3.045007,27.493538,109.586064,1,0,397.850988
1789868859,1,-119.138063,50.495171,0.000000,3.045242,27.517680,109.911450,1,0,398.634083
1789868864,1,-119.138050,50.493936,0.000000,3.045055,27.509002,137.391405,1,0,400.268301
1789868868,1,-119.138035,50.492947,0.000000,3.044489,27.551764,110.027064,1,0,401.405297
1789868872,1,-119.138016,50.491955,0.000000,3.043954,27.621632,110.363897,1,0,401.324149
1789868876,1,-119.137998,50.490961,0.000000,3.043949,27.710515,110.585414,1,0,399.349489
1789868880,1,-119.137986,50.489958,0.000000,3.043863,27.940661,111.582453,1,0,396.489775
1789868885,1,-119.137961,50.488712,0.000000,3.043929,27.467424,138.623136,1,0,392.919966
1789868890,1,-119.137939,50.487484,0.000000,3.043402,27.207973,136.618210,1,0,389.430208
1789868895,1,-119.137916,50.486264,0.000000,3.043088,27.101745,135.728972,1,0,387.018448
1789868899,1,-119.137904,50.485279,0.000000,3.042896,27.530227,109.579815,1,0,386.330743
1789868903,1,-119.137881,50.484290,0.000000,3.042239,27.521960,110.033583,1,0,385.659639
1789868908,1,-119.137867,50.483052,0.000000,3.041675,27.571344,137.725084,1,0,384.359409
1789868912,1,-119.137859,50.482055,0.000000,3.041114,27.830320,110.912834,1,0,381.414485
1789868916,1,-119.137866,50.481052,0.000000,3.040708,27.626479,111.579789,1,0,376.785010
1789868920,1,-119.137879,50.480072,0.000000,3.040831,26.999622,109.023876,1,0,372.221289
1789868925,1,-119.137883,50.478851,0.000000,3.040892,27.226632,135.830169,1,0,366.331713
1789868929,1,-119.137892,50.477858,0.000000,3.041969,27.687050,110.467814,1,0,361.141944
1789868933,1,-119.137903,50.476853,0.000000,3.044373,27.656510,111.803545,1,0,356.689352
1789868938,1,-119.137912,50.475644,0.000000,3.043073,26.638783,134.496065,1,0,356.815144
1789868942,1,-119.137924,50.474671,0.000000,3.043169,27.136543,108.244201,1,0,355.833522
1789868947,1,-119.137958,50.473446,0.000000,3.069162,27.116082,136.295823,1,0,356.879283
1789868951,1,-119.138385,50.472526,0.000000,2.000000,26.604285,106.739480,1,0,358.227934
1789868955,1,-119.138985,50.471630,0.000000,2.000000,27.588095,108.394255,1,0,358.315254
1789868959,1,-119.139590,50.470720,0.000000,2.000000,27.484716,109.967966,1,0,359.016661
1789868963,1,-119.140189,50.469807,0.000000,2.000000,27.593686,110.110052,1,0,359.408719
1789868968,1,-119.140946,50.468663,0.000000,2.000000,27.576999,138.146613,1,0,359.074254
1789868972,1,-119.141554,50.467748,0.000000,2.000000,27.691134,110.563195,1,0,357.997446
1789868976,1,-119.142148,50.466839,0.000000,2.000000,27.237607,109.562589,1,0,358.028067
1789868980,1,-119.142739,50.465941,0.000000,2.032334,27.164289,108.353110,1,0,357.884980
1789868985,1,-119.143486,50.464809,0.000000,2.000101,27.415901,136.642663,1,0,358.219722
1789868989,1,-119.144085,50.463901,0.000000,2.000001,27.353105,109.598780,1,0,359.180445
1789868993,1,-119.144699,50.462999,0.000000,2.000000,27.336592,109.403990,1,0,361.159520
1789868998,1,-119.145800,50.462003,0.000000,2.000000,27.040915,135.601837,1,0,361.360667
1789869003,1,-119.147338,50.461307,0.000000,2.000000,26.983123,133.875471,1,0,359.925103
1789869007,1,-119.148700,50.460833,0.000000,2.000000,27.694417,110.157003,1,0,358.317580
1789869012,1,-119.150389,50.460243,0.000000,2.000000,27.115267,136.721613,1,0,359.760692
1789869017,1,-119.152080,50.459655,0.000000,2.000000,27.473900,136.739672,1,0,360.747212
1789869022,1,-119.153779,50.459063,0.000000,2.000000,27.515046,137.451480,1,0,361.838470
1789869026,1,-119.155140,50.458586,0.000000,2.000000,27.579894,110.254942,1,0,362.260735
1789869031,1,-119.156846,50.457992,0.000000,2.000000,27.584493,137.994414,1,0,362.226387
1789869036,1,-119.158546,50.457398,0.000000,2.000000,27.469209,137.620525,1,0,362.340750
1789869041,1,-119.160247,50.456810,0.000000,2.000000,27.516142,137.363726,1,0,362.235363
1789869046,1,-119.161943,50.456211,0.000000,2.000000,27.514113,137.651252,1,0,361.892502
1789869050,1,-119.163304,50.455740,0.000000,2.000000,27.488521,109.944451,1,0,361.649231
1789869054,1,-119.164659,50.455268,0.000000,2.000000,27.382437,109.623277,1,0,362.892702
1789869058,1,-119.166012,50.454791,0.000000,2.000000,27.478820,109.766443,1,0,364.258418
1789869062,1,-119.167373,50.454316,0.000000,2.000000,27.627685,110.157256,1,0,364.927022
1789869067,1,-119.168743,50.453848,0.000000,2.000000,27.593563,110.348993,1,0,364.653268
1789869071,1,-119.170109,50.453377,0.000000,2.000000,27.573582,110.256804,1,0,364.439392
1789869075,1,-119.171471,50.452898,0.000000,2.000000,27.585978,110.433586,1,0,363.697589
1789869079,1,-119.172822,50.452410,0.000000,2.000000,27.592621,110.239549,1,0,362.747250
1789869084,1,-119.174518,50.451812,0.000000,2.000000,27.510207,137.597442,1,0,362.075126
1789869089,1,-119.176210,50.451207,0.000000,2.000000,27.542474,137.738704,1,0,361.645319
1789869094,1,-119.177915,50.450618,0.000000,2.000000,27.517755,137.689182,1,0,361.350218
1789869099,1,-119.179594,50.450006,0.000000,2.000000,27.418386,137.318238,1,0,361.522224
1789869103,1,-119.180797,50.449390,0.000000,2.000000,27.391790,109.528997,1,0,361.994869
1789869107,1,-119.181711,50.448605,0.000000,4.305257,27.249470,108.812967,1,0,362.804019
1789869110,1,-119.182299,50.447711,0.000000,4.745769,26.036358,107.865287,1,0,363.159319
1789869115,1,-119.182544,50.446742,0.000000,4.748629,17.929403,109.191032,1,0,361.931638
1789869122,1,-119.182662,50.446152,0.000000,4.748651,6.546985,66.167003,1,0,362.246714
1789869132,1,-119.183456,50.445947,0.000000,4.748651,7.629427,60.836751,1,0,360.998522
1789869149,1,-119.183724,50.446281,0.000000,4.748652,1.298557,41.748513,1,0,362.528617
1789869543,1,-119.183754,50.446002,0.000000,4.748652,1.131926,31.110146,1,0,363.565107
1789869562,1,-119.182774,50.445805,0.000000,4.748652,4.052420,72.981098,1,0,363.503901
1789869570,1,-119.182694,50.445096,0.000000,4.748652,15.919632,79.076451,1,0,363.724093
1789869575,1,-119.182779,50.444110,0.000000,4.748652,22.324625,109.852655,1,0,364.897368
1789869580,1,-119.182861,50.443027,0.000000,4.748652,25.148582,120.618029,1,0,367.620370
1789869584,1,-119.182950,50.442064,0.000000,4.748652,27.292375,107.314436,1,0,369.248022
1789869588,1,-119.183040,50.441080,0.000000,4.748652,27.426087,109.650687,1,0,371.341264
1789869593,1,-119.183147,50.439848,0.000000,4.748651,27.456634,137.263338,1,0,374.882858
1789869597,1,-119.183240,50.438864,0.000000,4.748651,27.343527,109.663420,1,0,377.208688
1789869601,1,-119.183331,50.437877,0.000000,4.748651,27.521485,109.988148,1,0,379.864244
1789869605,1,-119.183387,50.436889,0.000000,4.748651,27.427584,109.981261,1,0,382.371917
1789869610,1,-119.183419,50.435655,0.000000,4.748651,27.444387,137.294122,1,0,385.407350
1789869614,1,-119.183412,50.434664,0.000000,4.748651,27.475241,110.244134,1,0,387.908574
1789869618,1,-119.183412,50.433678,0.000000,4.748651,27.217479,109.686842,1,0,391.395305
1789869623,1,-119.183420,50.432432,0.000000,4.748651,27.609955,138.611564,1,0,392.341810
1789869628,1,-119.183420,50.431197,0.000000,4.748651,27.582995,137.386629,1,0,393.544115
1789869633,1,-119.183420,50.429959,0.000000,4.748651,27.534512,137.720397,1,0,395.611560
1789869638,1,-119.183427,50.428724,0.000000,4.748652,27.531701,137.387592,1,0,396.124793
1789869643,1,-119.183420,50.427488,0.000000,4.748652,27.447579,137.498851,1,0,396.982815
1789869648,1,-119.183486,50.426225,0.000000,4.748652,29.044036,140.579709,1,0,398.020613
1789869653,1,-119.183997,50.424915,0.000000,4.748652,30.179858,150.186162,1,0,399.781807
1789869657,1,-119.184776,50.423947,0.000000,4.748652,30.245933,121.080531,1,0,401.698914
1789869662,1,-119.186076,50.422871,0.000000,4.748652,30.258119,151.202989,1,0,404.344602
1789869666,1,-119.187128,50.422014,0.000000,4.748652,30.308869,121.152399,1,0,405.955928
1789869671,1,-119.188435,50.420939,0.000000,4.748652,30.335320,151.426017,1,0,407.958763
1789869675,1,-119.189492,50.420086,0.000000,4.748652,30.256210,121.028046,1,0,409.771265
1789869680,1,-119.190824,50.419018,0.000000,4.748652,30.451023,151.912703,1,0,410.152795
1789869685,1,-119.192152,50.417941,0.000000,4.748652,30.526851,152.520904,1,0,408.703151
1789869690,1,-119.193481,50.416873,0.000000,4.748652,30.382569,151.779873,1,0,406.765343
1789869695,1,-119.194802,50.415801,0.000000,4.748652,30.379504,151.782233,1,0,404.915770
1789869699,1,-119.195857,50.414947,0.000000,4.748652,30.155974,121.032057,1,0,404.722909
1789869703,1,-119.196903,50.414099,0.000000,4.748652,30.004025,120.111837,1,0,406.640042
1789869707,1,-119.197952,50.413252,0.000000,4.748652,30.056273,120.156743,1,0,410.016536
1789869711,1,-119.199005,50.412406,0.000000,4.748652,30.039472,120.246358,1,0,413.582652
1789869715,1,-119.200074,50.411564,0.000000,4.748652,30.186314,120.611689,1,0,417.207147
1789869719,1,-119.201135,50.410717,0.000000,4.748652,30.167401,120.693181,1,0,421.154294
1789869723,1,-119.202144,50.409843,0.000000,4.748652,30.249222,120.822012,1,0,424.993322
1789869728,1,-119.203296,50.408700,0.000000,4.748652,30.317421,151.241889,1,0,429.355554
1789869732,1,-119.204194,50.407772,0.000000,4.748652,30.334592,121.377610,1,0,431.936959
1789869736,1,-119.205095,50.406844,0.000000,4.748652,30.372734,121.489947,1,0,433.605868
1789869741,1,-119.206265,50.405701,0.000000,4.748652,30.497211,151.943289,1,0,435.145742
1789869747,1,-119.207799,50.404811,0.000000,4.748652,29.043848,147.296978,1,0,437.150199
1789869751,1,-119.209242,50.404314,0.000000,4.748652,29.585824,116.539422,1,0,438.344461
1789869755,1,-119.210763,50.403818,0.000000,4.748652,30.483719,121.398926,1,0,438.650312
1789869759,1,-119.212263,50.403289,0.000000,4.748653,30.419734,121.801624,1,0,438.116431
1789869763,1,-119.213496,50.402567,0.000000,4.748653,29.445858,118.891922,1,0,437.922600
1789869766,1,-119.214322,50.401685,0.000000,4.748652,28.354118,114.348610,1,0,437.523173
1789869770,1,-119.215075,50.400766,0.000000,4.748652,29.504156,115.404688,1,0,438.889468
1789869774,1,-119.215848,50.399812,0.000000,4.748652,29.885122,119.514899,1,0,442.051711
1789869778,1,-119.216613,50.398848,0.000000,4.748653,30.106488,120.245507,1,0,445.515200
1789869783,1,-119.217583,50.397642,0.000000,2.005734,30.176082,150.850665,1,0,449.485099
1789869788,1,-119.218544,50.396431,0.000000,2.000006,30.239599,151.055120,1,0,453.961829
1789869792,1,-119.219150,50.395415,0.000000,2.000000,30.285492,120.960900,1,0,455.699955
1789869796,1,-119.219415,50.394341,0.000000,2.000000,30.510644,120.953691,1,0,454.960387
1789869800,1,-119.219643,50.393248,0.000000,2.000000,30.664160,122.666543,1,0,452.760579
1789869804,1,-119.219976,50.392163,0.000000,2.000000,30.754777,123.001217,1,0,448.074914
1789869809,1,-119.220825,50.390919,0.000000,2.000000,30.120805,150.985932,1,0,441.267557
1789869813,1,-119.221574,50.389946,0.000000,2.000000,30.146242,120.637262,1,0,435.853467
1789869817,1,-119.222328,50.388973,0.000000,2.000112,30.255213,120.794584,1,0,430.297325
1789869822,1,-119.223264,50.387766,0.000000,2.000000,29.773838,149.865861,1,0,426.577098
1789869826,1,-119.224097,50.386843,0.000000,2.000000,29.554124,118.542022,1,0,426.508563
1789869830,1,-119.225168,50.386030,0.000000,2.000000,29.596183,118.246010,1,0,429.956427
1789869835,1,-119.226599,50.385046,0.000000,2.000000,30.244181,149.470141,1,0,435.335202
1789869839,1,-119.227679,50.384202,0.000000,2.000000,30.356650,121.308553,1,0,437.530511
1789869844,1,-119.228824,50.383048,0.000000,2.000000,30.350755,152.027521,1,0,437.495273
1789869848,1,-119.229579,50.382066,0.000000,2.000000,30.446262,121.726415,1,0,435.444895
1789869853,1,-119.230409,50.380801,0.000000,2.000000,30.592135,152.606635,1,0,432.177656
1789869857,1,-119.231061,50.379796,0.000000,2.000000,30.045315,121.037928,1,0,429.590302
1789869862,1,-119.231867,50.378558,0.000000,2.000000,29.754715,149.176907,1,0,426.430181
1789869867,1,-119.232666,50.377323,0.000000,2.000000,29.686366,148.677742,1,0,423.488098
1789869873,1,-119.233472,50.376113,0.000000,2.000000,28.933912,146.308186,1,0,420.335738
1789869877,1,-119.234293,50.375226,0.000000,2.000000,28.625032,114.662565,1,0,418.158530
1789869882,1,-119.235481,50.374191,0.000000,2.000000,28.735407,142.824900,1,0,417.500836
1789869886,1,-119.236358,50.373314,0.000000,2.000000,29.054156,115.803335,1,0,418.133117
1789869890,1,-119.237147,50.372385,0.000000,2.000000,29.555841,117.603782,1,0,418.617466
1789869893,1,-119.237912,50.371434,0.000000,2.000000,29.778672,118.971946,1,0,419.109056
1789869897,1,-119.238677,50.370480,0.000000,2.000000,29.792980,119.268817,1,0,419.930430
1789869901,1,-119.239381,50.369508,0.000000,2.000000,29.839902,119.165847,1,0,420.900701
1789869905,1,-119.239913,50.368486,0.000000,2.000000,29.994304,119.825777,1,0,420.221946
1789869909,1,-119.240300,50.367448,0.000000,2.000000,29.369017,118.708028,1,0,418.862135
1789869913,1,-119.240656,50.366443,0.000000,2.000000,28.441081,114.633318,1,0,417.627552
1789869917,1,-119.241008,50.365447,0.000000,2.000000,28.550100,113.593986,1,0,417.405922
1789869921,1,-119.241389,50.364442,0.000000,2.000000,28.880505,115.039467,1,0,418.891295
1789869926,1,-119.242080,50.363200,0.000000,2.000000,29.666807,146.651910,1,0,422.313736
1789869931,1,-119.242892,50.361948,0.000000,2.000000,30.335009,150.785195,1,0,425.527323
1789869935,1,-119.243539,50.360939,0.000000,2.000000,30.363658,121.320586,1,0,427.186066
1789869940,1,-119.244353,50.359678,0.000000,2.000000,30.382429,151.767216,1,0,426.741767
1789869944,1,-119.245003,50.358669,0.000000,2.000000,30.226363,121.401764,1,0,425.944476
1789869948,1,-119.245653,50.357667,0.000000,2.000000,30.172788,120.682166,1,0,427.283869
1789869953,1,-119.246270,50.356370,0.000000,2.010697,30.243783,150.816646,1,0,430.836423
1789869958,1,-119.246386,50.355013,0.000000,2.000011,30.250537,151.182976,1,0,433.848912
1789869962,1,-119.246102,50.353939,0.000000,2.000000,30.234404,121.173110,1,0,435.668519
1789869966,1,-119.245598,50.352894,0.000000,2.000000,30.313745,121.657377,1,0,435.505874
1789869971,1,-119.244957,50.351589,0.000000,2.000000,30.407082,152.172944,1,0,434.018469
1789869975,1,-119.244451,50.350548,0.000000,2.000000,30.142992,121.275370,1,0,431.429347
1789869980,1,-119.243848,50.349291,0.000000,2.000000,28.510349,146.271162,1,0,427.770389
1789869984,1,-119.243442,50.348325,0.000000,2.000000,27.410785,111.278552,1,0,424.751028
1789869989,1,-119.243181,50.347111,0.000000,2.000000,27.386319,136.321093,1,0,421.298412
1789869993,1,-119.243160,50.346111,0.000000,2.000000,28.187383,111.253134,1,0,418.977719
1789869999,1,-119.243292,50.344797,0.000000,2.380611,30.270125,146.475041,1,0,416.283537
1789870004,1,-119.243480,50.343432,0.000000,2.000535,30.615505,152.435231,1,0,412.791872
1789870009,1,-119.243667,50.342066,0.000000,2.000001,30.261949,152.539751,1,0,411.520904
1789870013,1,-119.243671,50.340997,0.000000,2.008351,29.746329,118.918952,1,0,412.528266
1789870016,1,-119.243453,50.339905,0.000000,2.000018,31.409208,122.464523,1,0,412.365585
1789870021,1,-119.242856,50.338496,0.000000,2.000000,33.083457,162.400888,1,0,411.046466
1789870025,1,-119.242258,50.337374,0.000000,2.000000,32.853141,131.876077,1,0,411.171958
1789870030,1,-119.241734,50.335930,0.000000,2.000000,33.069095,164.909865,1,0,411.601370
1789870034,1,-119.241507,50.334748,0.000000,2.000000,33.231043,132.478440,1,0,411.293548
1789870039,1,-119.241308,50.333260,0.000000,2.000000,33.280115,166.134419,1,0,409.064002
1789870044,1,-119.241584,50.331790,0.000000,2.000000,32.426452,164.703254,1,0,405.166279
1789870048,1,-119.242098,50.330758,0.000000,2.038647,28.851087,120.495050,1,0,401.861779
1789870052,1,-119.242532,50.329791,0.000000,2.000171,27.663979,111.922283,1,0,398.875803
1789870056,1,-119.242845,50.328829,0.000000,2.000001,27.134356,109.311318,1,0,397.513155
1789870060,1,-119.243162,50.327881,0.000000,2.000000,26.848228,107.846349,1,0,397.955135
1789870064,1,-119.243480,50.326927,0.000000,2.000000,27.295639,108.514373,1,0,398.764927
1789870068,1,-119.243802,50.325954,0.000000,2.000000,27.896351,110.641021,1,0,399.864809
1789870072,1,-119.244133,50.324956,0.000000,2.022629,28.540156,113.494554,1,0,400.744809
1789870076,1,-119.244473,50.323940,0.000000,2.000088,28.881864,115.586562,1,0,400.384731
1789870081,1,-119.244891,50.322690,0.000000,2.000000,27.852628,142.203282,1,0,399.370778
1789870086,1,-119.245290,50.321496,0.000000,2.000000,26.734782,135.829039,1,0,400.208800
1789870091,1,-119.245658,50.320336,0.000000,2.000000,26.318894,131.675725,1,0,401.318424
1789870095,1,-119.245965,50.319406,0.000000,2.000000,26.632346,105.740540,1,0,401.926702
1789870100,1,-119.246360,50.318225,0.000000,2.000000,26.946949,134.355339,1,0,401.952129
1789870104,1,-119.246679,50.317274,0.000000,2.000000,26.967029,108.203440,1,0,401.709953
1789870108,1,-119.247007,50.316332,0.000000,2.000000,26.649199,107.362892,1,0,401.588714
1789870112,1,-119.247318,50.315401,0.000000,2.000000,26.338628,105.909011,1,0,401.165930
1789870116,1,-119.247632,50.314482,0.000000,2.000000,26.179764,104.649454,1,0,400.454538
1789870120,1,-119.247928,50.313560,0.000000,2.000000,26.099452,104.709814,1,0,399.475288
1789870124,1,-119.248215,50.312643,0.000000,2.000000,25.909570,104.037180,1,0,398.304054
1789870128,1,-119.248517,50.311739,0.000000,2.000000,25.723743,102.838124,1,0,397.398021
1789870132,1,-119.248837,50.310839,0.000000,2.000000,25.618508,102.680053,1,0,396.524331
1789870137,1,-119.249223,50.309712,0.000000,2.000000,25.800370,128.349655,1,0,396.294225
1789870141,1,-119.249531,50.308814,0.000000,2.000000,25.367772,102.276353,1,0,397.292861
1789870146,1,-119.249904,50.307704,0.000000,2.000000,25.452615,126.305080,1,0,399.133200
1789870151,1,-119.250277,50.306577,0.000000,2.000000,25.751333,128.154988,1,0,399.094820
1789870155,1,-119.250579,50.305663,0.000000,2.000000,26.122198,103.926593,1,0,398.633960
1789870159,1,-119.250898,50.304731,0.000000,2.000000,26.773004,106.139083,1,0,397.735691
1789870163,1,-119.251295,50.303793,0.000000,2.000000,27.131394,108.110145,1,0,397.674924
1789870168,1,-119.251917,50.302647,0.000000,2.000349,26.985900,134.965177,1,0,398.132421
1789870172,1,-119.252445,50.301738,0.000000,2.000002,26.865615,107.890096,1,0,398.119954
1789870177,1,-119.253088,50.300630,0.000000,2.000000,25.711291,131.494921,1,0,397.436764
1789870181,1,-119.253592,50.299784,0.000000,2.000000,24.940873,100.728953,1,0,397.841681
1789870186,1,-119.254281,50.298742,0.000000,2.000000,25.549422,125.880855,1,0,398.617543
1789870190,1,-119.254875,50.297881,0.000000,2.000000,26.638554,104.713148,1,0,398.601326
1789870194,1,-119.255514,50.296993,0.000000,2.000000,27.449124,108.771705,1,0,398.129104
1789870198,1,-119.256164,50.296090,0.000000,2.000000,27.683189,110.615204,1,0,397.471491
1789870202,1,-119.256789,50.295191,0.000000,2.000000,27.037982,109.474549,1,0,396.713672
1789870206,1,-119.257414,50.294331,0.000000,2.000000,25.910567,105.526094,1,0,396.233627
1789870210,1,-119.258022,50.293498,0.000000,2.000000,25.526569,102.292053,1,0,395.927918
1789870215,1,-119.258789,50.292446,0.000000,2.000000,26.107798,129.159629,1,0,396.009056
1789870219,1,-119.259443,50.291607,0.000000,2.000000,25.994972,104.321838,1,0,396.706686
1789870223,1,-119.260324,50.290879,0.000000,2.000000,25.493290,102.470873,1,0,399.514471
1789870228,1,-119.261800,50.290269,0.000000,2.000000,24.649914,125.175744,1,0,402.568595
1789870233,1,-119.263416,50.290014,0.000000,2.000000,23.711853,118.606398,1,0,402.996774
1789870237,1,-119.264733,50.289868,0.000000,2.000000,23.773716,95.250893,1,0,400.604788
1789870242,1,-119.266378,50.289685,0.000000,2.000000,24.030056,118.985291,1,0,397.350108
1789870247,1,-119.268063,50.289495,0.000000,2.000000,24.624730,121.927349,1,0,394.554322
1789870251,1,-119.269421,50.289333,0.000000,2.000000,24.439813,98.441347,1,0,393.869276
1789870256,1,-119.270980,50.288960,0.000000,2.000000,23.578771,118.597371,1,0,393.964329
1789870260,1,-119.272030,50.288437,0.000000,2.000000,24.139904,94.784445,1,0,394.080275
1789870264,1,-119.272872,50.287734,0.000000,2.000000,24.955384,98.571240,1,0,394.044013
1789870268,1,-119.273627,50.286973,0.000000,2.000000,25.112948,100.309401,1,0,393.960932
1789870272,1,-119.274392,50.286209,0.000000,2.000000,25.159830,100.974261,1,0,394.086051
1789870276,1,-119.275139,50.285460,0.000000,2.000000,24.282426,98.877246,1,0,394.108848
1789870280,1,-119.275853,50.284742,0.000000,2.000000,23.282912,94.705017,1,0,394.078024
1789870285,1,-119.276664,50.283898,0.000000,2.000000,20.868499,110.253959,1,0,394.145072
1789870291,1,-119.277263,50.282963,0.000000,2.000000,17.578518,112.431483,1,0,394.046939
1789870297,1,-119.277468,50.282042,0.000000,2.000427,17.357740,103.490087,1,0,393.830234
1789870303,1,-119.277583,50.281063,0.000000,2.000001,18.420923,109.213367,1,0,394.181578
1789870308,1,-119.277588,50.280223,0.000000,2.097695,18.951731,93.443442,1,0,394.163646
1789870313,1,-119.277227,50.279391,0.000000,2.000535,19.535948,96.063266,1,0,394.379553
1789870319,1,-119.276271,50.278513,0.000000,2.000001,20.110548,119.091847,1,0,394.408291
1789870324,1,-119.275274,50.277883,0.000000,2.021469,19.739203,99.808697,1,0,393.980342
1789870330,1,-119.274331,50.277020,0.000000,2.033447,19.662156,117.197329,1,0,393.562416
1789870335,1,-119.273966,50.276200,0.000000,2.000175,17.997356,94.856299,1,0,393.698385
1789870341,1,-119.273908,50.275559,0.000000,2.000002,7.092906,71.425434,1,0,394.220982
1789870360,1,-119.273896,50.274799,0.000000,2.313022,11.359094,84.547723,1,0,396.685438
1789870366,1,-119.273900,50.274138,0.000000,2.443226,12.602426,73.531065,1,0,395.493380
1789870372,1,-119.273878,50.273427,0.000000,2.478699,13.571464,79.108110,1,0,394.058599
1789870378,1,-119.273864,50.272787,0.000000,2.482880,8.898264,71.201411,1,0,393.002522
1789870388,1,-119.273852,50.272013,0.000000,2.610297,15.022110,86.104913,1,0,392.758996
1789870394,1,-119.273884,50.271121,0.000000,2.632986,16.946155,99.253334,1,0,391.679724
1789870399,1,-119.273891,50.270473,0.000000,2.638104,10.147108,72.085979,1,0,389.688348
1789870457,1,-119.273895,50.269804,0.000000,2.896660,12.569517,74.420850,1,0,389.734340
1789870464,1,-119.273867,50.268870,0.000000,2.916590,15.152636,103.918364,1,0,388.556723
1789870470,1,-119.273848,50.268051,0.000000,2.916947,15.165510,91.116513,1,0,387.147570
1789870477,1,-119.273848,50.267094,0.000000,2.918878,15.091235,106.457597,1,0,385.345434
1789870484,1,-119.273848,50.266149,0.000000,2.913611,14.990109,105.122682,1,0,384.301668
1789870491,1,-119.273843,50.265211,0.000000,2.912256,14.824654,104.344589,1,0,383.410960
1789870497,1,-119.273842,50.264402,0.000000,2.910647,14.984275,89.993918,1,0,382.631626
1789870503,1,-119.273841,50.263596,0.000000,2.910050,14.915115,89.660186,1,0,382.033925
1789870509,1,-119.273844,50.262792,0.000000,2.908745,14.919615,89.437922,1,0,381.356337
1789870515,1,-119.273874,50.261986,0.000000,2.901103,14.973167,89.685572,1,0,380.117002
1789870521,1,-119.273871,50.261184,0.000000,2.898006,14.752497,89.215334,1,0,379.344850
1789870527,1,-119.273845,50.260389,0.000000,2.891942,14.786698,88.455816,1,0,378.939343
1789870533,1,-119.273839,50.259545,0.000000,2.892596,16.125260,93.888157,1,0,379.676093
1789870538,1,-119.273838,50.258824,0.000000,2.891949,15.614871,80.204628,1,0,382.787522
1789870544,1,-119.273837,50.257978,0.000000,2.890874,15.965435,94.109795,1,0,389.946214
1789870550,1,-119.273836,50.257098,0.000000,2.888063,16.350761,97.892010,1,0,397.013417
1789870556,1,-119.273836,50.256210,0.000000,2.884984,16.552706,98.782018,1,0,403.705566
1789870562,1,-119.273830,50.255319,0.000000,2.883451,16.468020,99.116762,1,0,409.545319
1789870567,1,-119.273824,50.254585,0.000000,2.882723,16.257956,81.652178,1,0,415.253480
1789870572,1,-119.273827,50.253841,0.000000,2.875828,16.616951,82.763809,1,0,419.342874
1789870577,1,-119.273825,50.253090,0.000000,2.874863,16.438053,83.542390,1,0,422.303494
1789870583,1,-119.273837,50.252214,0.000000,2.872204,16.262843,97.451179,1,0,427.707031
1789870589,1,-119.273836,50.251330,0.000000,2.869083,16.566675,98.337460,1,0,433.050749
1789870595,1,-119.273835,50.250435,0.000000,2.866641,16.614298,99.561185,1,0,436.582984
1789870600,1,-119.273833,50.249685,0.000000,2.865822,16.662736,83.431296,1,0,438.396973
1789870605,1,-119.273903,50.248941,0.000000,2.859030,16.542638,82.914201,1,0,439.933636
1789870610,1,-119.274284,50.248234,0.000000,2.846197,17.128487,83.210193,1,0,441.700799
1789870615,1,-119.275118,50.247581,0.000000,2.826778,19.852062,93.892380,1,0,444.205633
1789870620,1,-119.276367,50.247080,0.000000,2.820069,21.633258,105.088552,1,0,446.330969
1789870624,1,-119.277448,50.246687,0.000000,2.849115,21.887885,88.640261,1,0,448.301513
1789870629,1,-119.278699,50.246131,0.000000,2.912589,21.591019,108.574707,1,0,452.800774
1789870634,1,-119.279554,50.245347,0.000000,2.928206,21.298846,106.422714,1,0,458.637999
1789870640,1,-119.280063,50.244188,0.000000,2.930105,23.766497,133.944143,1,0,464.916011
1789870645,1,-119.280512,50.243057,0.000000,2.928134,27.284873,129.827299,1,0,471.104374
1789870649,1,-119.280895,50.242099,0.000000,2.927546,27.395779,110.016729,1,0,475.726087
1789870653,1,-119.281284,50.241140,0.000000,2.925330,27.442421,110.231544,1,0,479.748195
1789870657,1,-119.281675,50.240189,0.000000,2.924129,27.172804,109.406858,1,0,483.638061
1789870662,1,-119.282168,50.239018,0.000000,2.921243,26.766237,134.929012,1,0,487.455038
1789870667,1,-119.282466,50.238294,0.000000,2.918520,8.835751,83.297953,1,0,487.766132
1789870711,1,-119.282823,50.237398,0.000000,3.201446,18.668532,102.875980,1,0,489.138629
1789870716,1,-119.283205,50.236423,0.000000,3.247970,23.879178,111.833025,1,0,489.656983
1789870721,1,-119.283652,50.235294,0.000000,3.261877,27.047535,129.578401,1,0,489.320499
1789870726,1,-119.284139,50.234094,0.000000,3.266373,27.537854,137.938477,1,0,488.473799
1789870731,1,-119.284667,50.232905,0.000000,3.266702,27.550197,137.526928,1,0,487.361585
1789870735,1,-119.285202,50.231977,0.000000,3.266128,27.587474,110.064953,1,0,486.366152
1789870739,1,-119.285838,50.231071,0.000000,3.266415,27.609486,110.531312,1,0,484.959394
1789870743,1,-119.286521,50.230178,0.000000,3.265684,27.759058,110.649870,1,0,482.796851
1789870748,1,-119.287383,50.229057,0.000000,3.265367,27.840389,139.046269,1,0,480.322461
1789870753,1,-119.288247,50.227864,0.000000,3.265720,30.207905,146.332413,1,0,482.321684
1789870758,1,-119.288938,50.226581,0.000000,3.265331,30.160812,151.001957,1,0,486.690905
1789870762,1,-119.289435,50.225543,0.000000,3.264450,30.125453,120.793440,1,0,490.428302
1789870766,1,-119.289732,50.224479,0.000000,3.260385,29.830218,120.244203,1,0,494.626326
1789870770,1,-119.289659,50.223429,0.000000,3.258082,29.038671,116.920329,1,0,498.798954
1789870774,1,-119.289578,50.222371,0.000000,3.255324,29.910767,117.836117,1,0,505.767564
1789870779,1,-119.290018,50.221074,0.000000,3.244178,29.309941,147.659182,1,0,516.215824
1789870783,1,-119.290905,50.220219,0.000000,3.237177,28.165231,114.254232,1,0,521.592423
1789870787,1,-119.292107,50.219579,0.000000,3.227716,28.062622,111.482702,1,0,525.558771
1789870792,1,-119.293892,50.218994,0.000000,3.224205,29.695676,143.056743,1,0,531.203350
1789870796,1,-119.295397,50.218493,0.000000,3.221197,30.201492,121.011957,1,0,537.538399
1789870801,1,-119.296993,50.217634,0.000000,3.211865,29.515852,148.682538,1,0,545.453181
1789870805,1,-119.298143,50.216845,0.000000,3.209571,30.170365,120.168128,1,0,551.590381
1789870810,1,-119.299780,50.215991,0.000000,3.205556,30.002406,150.594913,1,0,559.541891
1789870814,1,-119.301236,50.215446,0.000000,3.203560,30.140310,120.319944,1,0,566.310136
1789870819,1,-119.302901,50.214610,0.000000,3.193684,30.003360,150.909061,1,0,571.853810
1789870823,1,-119.303925,50.213761,0.000000,3.191897,30.157800,119.425817,1,0,573.653654
1789870827,1,-119.304924,50.212864,0.000000,3.191652,30.683462,122.645731,1,0,573.638458
1789870831,1,-119.305935,50.211970,0.000000,3.189873,30.743211,122.875436,1,0,571.678038
1789870835,1,-119.306912,50.211058,0.000000,3.187233,30.771476,123.114748,1,0,568.084021
1789870840,1,-119.307852,50.209813,0.000000,3.182359,30.873365,153.897629,1,0,560.036466
1789870844,1,-119.308476,50.208786,0.000000,3.181442,30.531160,122.623561,1,0,552.801300
1789870848,1,-119.309096,50.207775,0.000000,3.181169,30.116373,120.862003,1,0,545.726504
1789870853,1,-119.309872,50.206525,0.000000,3.181498,29.983703,149.681434,1,0,536.797478
1789870858,1,-119.310989,50.205380,0.000000,3.173923,30.020433,150.278110,1,0,527.173243
1789870862,1,-119.312255,50.204731,0.000000,3.166397,28.427323,115.680144,1,0,520.059532
1789870866,1,-119.313663,50.204286,0.000000,3.163113,28.411922,112.051613,1,0,513.817780
1789870870,1,-119.315166,50.203830,0.000000,3.160950,30.060458,118.692005,1,0,507.444820
1789870875,1,-119.316846,50.203016,0.000000,3.152100,30.062176,150.285651,1,0,500.424427
1789870879,1,-119.317740,50.202145,0.000000,3.144422,28.555818,116.025097,1,0,495.015533
1789870884,1,-119.318520,50.200961,0.000000,3.141763,29.391726,142.998816,1,0,487.689581
1789870888,1,-119.319163,50.199967,0.000000,3.141674,30.062275,119.726766,1,0,482.855409
1789870892,1,-119.319763,50.198985,0.000000,3.141214,27.418596,117.339481,1,0,480.125426
1789870896,1,-119.320246,50.198154,0.000000,3.140642,24.267134,98.665179,1,0,479.422278
1789870900,1,-119.320741,50.197271,0.000000,3.139852,27.204775,104.391464,1,0,480.383709
1789870904,1,-119.321339,50.196306,0.000000,3.139337,29.584718,115.528125,1,0,481.347894
1789870909,1,-119.322303,50.195115,0.000000,3.136286,29.888559,149.304893,1,0,482.007690
1789870913,1,-119.323476,50.194373,0.000000,3.127643,29.354765,117.598246,1,0,481.451472
1789870918,1,-119.325283,50.193744,0.000000,3.124189,29.973078,146.787313,1,0,480.219319
1789870922,1,-119.326818,50.193273,0.000000,3.123005,30.374768,121.492309,1,0,479.203807
1789870927,1,-119.328605,50.192538,0.000000,3.121428,30.394939,151.555684,1,0,476.894533
1789870931,1,-119.329999,50.191913,0.000000,3.122519,30.301386,121.420879,1,0,475.425713
1789870935,1,-119.331334,50.191244,0.000000,3.119198,30.181555,120.940212,1,0,474.108021
1789870940,1,-119.332591,50.190183,0.000000,3.111287,29.406737,148.287475,1,0,473.896251
1789870944,1,-119.333427,50.189255,0.000000,3.110755,30.031095,119.253613,1,0,476.297119
1789870949,1,-119.334665,50.188169,0.000000,3.105504,29.740440,149.705119,1,0,479.418593
1789870953,1,-119.335974,50.187554,0.000000,3.096376,28.700550,115.843948,1,0,480.632128
1789870957,1,-119.337481,50.187240,0.000000,3.088750,28.347969,113.151883,1,0,479.614425
1789870962,1,-119.339472,50.187183,0.000000,3.083118,28.874405,142.332712,1,0,476.628024
1789870966,1,-119.341109,50.187168,0.000000,3.079955,28.540130,116.921601,1,0,472.393095
1789870971,1,-119.342950,50.186872,0.000000,3.071744,26.333417,135.539121,1,0,468.532951
1789870976,1,-119.344459,50.186234,0.000000,3.064709,25.926771,129.038640,1,0,468.731622
1789870980,1,-119.345532,50.185563,0.000000,3.063438,27.205682,106.980945,1,0,471.170145
1789870984,1,-119.346671,50.184867,0.000000,3.062930,28.497838,112.305818,1,0,473.525345
1789870988,1,-119.347933,50.184223,0.000000,3.063775,28.919154,115.138673,1,0,475.674500
1789870992,1,-119.349215,50.183595,0.000000,3.060855,28.547313,115.172185,1,0,475.785857
1789870997,1,-119.350507,50.182642,0.000000,3.052901,28.101669,140.549947,1,0,473.237059
1789871001,1,-119.351095,50.181706,0.000000,3.045703,28.121209,112.272268,1,0,470.145518
1789871005,1,-119.351291,50.180701,0.000000,3.042888,28.204796,112.670187,1,0,467.963639
1789871010,1,-119.351432,50.179383,0.000000,3.040969,30.251104,146.960805,1,0,467.754932
1789871014,1,-119.351921,50.178367,0.000000,3.032601,29.169244,118.295170,1,0,470.028167
1789871018,1,-119.352824,50.177524,0.000000,3.025310,28.378062,113.817796,1,0,473.584197
1789871022,1,-119.353959,50.176783,0.000000,3.023269,29.356016,115.618698,1,0,477.002550
1789871026,1,-119.355139,50.176034,0.000000,3.023478,29.815274,118.524930,1,0,480.740457
1789871030,1,-119.356338,50.175277,0.000000,3.023686,30.248408,120.116380,1,0,484.280516
1789871034,1,-119.357628,50.174570,0.000000,3.021974,30.316510,121.153088,1,0,487.108827
1789871039,1,-119.359361,50.173782,0.000000,3.021047,30.355789,151.694030,1,0,488.794585
1789871044,1,-119.361033,50.172940,0.000000,3.019750,30.324896,151.790242,1,0,488.529486
1789871048,1,-119.362151,50.172117,0.000000,3.016906,30.412953,121.493141,1,0,486.436978
1789871052,1,-119.363229,50.171263,0.000000,3.016670,30.695032,122.297799,1,0,482.967733
1789871057,1,-119.364387,50.170110,0.000000,3.012055,30.290414,152.629201,1,0,478.462599
1789871062,1,-119.365232,50.168868,0.000000,3.011247,30.113710,150.775147,1,0,473.613062
1789871066,1,-119.365985,50.167903,0.000000,3.010301,30.047353,120.073649,1,0,469.344543
1789871071,1,-119.367281,50.166854,0.000000,3.006424,29.836772,148.964272,1,0,465.642006
1789871075,1,-119.368340,50.166019,0.000000,3.005005,30.006374,119.806223,1,0,462.522013
1789871080,1,-119.369201,50.164799,0.000000,2.998796,29.653713,149.006422,1,0,458.876196
1789871084,1,-119.369599,50.163763,0.000000,2.997826,29.749358,118.701834,1,0,456.010255
1789871089,1,-119.369988,50.162717,0.000000,2.999224,29.960956,119.631042,1,0,453.672668
1789871093,1,-119.370477,50.161399,0.000000,3.000807,30.190142,150.721109,1,0,451.034212
1789871097,1,-119.370850,50.160339,0.000000,3.002764,30.189784,120.889504,1,0,448.975234
1789871101,1,-119.370982,50.159259,0.000000,2.998595,30.074369,120.508933,1,0,446.722059
1789871105,1,-119.370765,50.158188,0.000000,2.998203,30.018190,120.142916,1,0,444.215041
1789871109,1,-119.370507,50.157119,0.000000,2.996931,30.099746,120.336173,1,0,441.535870
1789871113,1,-119.370369,50.156040,0.000000,3.002655,30.161139,120.432219,1,0,438.932964
1789871118,1,-119.370457,50.154685,0.000000,3.067952,30.220909,150.860959,1,0,435.576646
1789871123,1,-119.370691,50.153345,0.000000,3.017987,29.868978,149.996359,1,0,436.117046
1789871128,1,-119.371030,50.152019,0.000000,3.002959,30.068187,149.480310,1,0,439.436067
1789871132,1,-119.371667,50.151042,0.000000,2.988892,29.134101,117.832691,1,0,442.436392
1789871136,1,-119.372560,50.150146,0.000000,2.985960,30.077886,118.356198,1,0,445.179039
1789871141,1,-119.373708,50.149001,0.000000,2.983753,30.242190,151.511636,1,0,448.728321
1789871146,1,-119.374858,50.147854,0.000000,2.981409,30.430783,151.776141,1,0,450.108042
1789871150,1,-119.375789,50.146930,0.000000,2.979544,30.674612,122.445513,1,0,449.044120
1789871154,1,-119.376786,50.146032,0.000000,2.978510,30.777266,122.710321,1,0,446.054700
1789871159,1,-119.378158,50.144964,0.000000,2.977016,30.807018,154.054891,1,0,438.833663
1789871163,1,-119.379309,50.144142,0.000000,2.975731,30.726234,123.005990,1,0,432.155064
1789871168,1,-119.380661,50.143081,0.000000,2.971950,30.381515,152.545109,1,0,423.827726
1789871173,1,-119.381430,50.141848,0.000000,2.964808,28.942874,147.763315,1,0,415.472338
1789871178,1,-119.381757,50.140575,0.000000,2.963312,29.307007,143.523880,1,0,409.658142
1789871182,1,-119.381994,50.139524,0.000000,2.963638,29.685897,118.133444,1,0,407.917679
1789871186,1,-119.382236,50.138465,0.000000,2.964014,29.801816,119.065623,1,0,408.161976
1789871190,1,-119.382473,50.137398,0.000000,2.962092,30.050423,119.895131,1,0,408.748317
1789871194,1,-119.382789,50.136335,0.000000,2.959958,30.192326,120.385605,1,0,408.919397
1789871199,1,-119.383666,50.135142,0.000000,2.951140,29.010182,146.775947,1,0,409.259350
1789871204,1,-119.384920,50.134160,0.000000,2.949450,28.284109,141.319943,1,0,410.127760
1789871208,1,-119.385919,50.133311,0.000000,2.946504,29.965193,118.410456,1,0,411.454981
1789871212,1,-119.386596,50.132346,0.000000,2.942854,29.015854,117.754163,1,0,414.242294
1789871217,1,-119.386938,50.131049,0.000000,2.939683,29.789129,146.334380,1,0,418.966759
1789871221,1,-119.386887,50.129957,0.000000,2.939172,30.529890,121.527621,1,0,421.424113
1789871225,1,-119.386572,50.128873,0.000000,2.938324,30.707288,122.668705,1,0,421.116801
1789871230,1,-119.386136,50.127529,0.000000,2.937408,30.440471,152.721200,1,0,420.347059
1789871235,1,-119.386088,50.126174,0.000000,2.934425,30.007441,150.767810,1,0,420.893990
1789871240,1,-119.386246,50.124830,0.000000,2.935491,29.962615,149.931397,1,0,424.387705
1789871244,1,-119.386407,50.123755,0.000000,2.933981,30.122719,120.134848,1,0,427.943577
1789871248,1,-119.386827,50.122711,0.000000,2.930434,29.975346,119.954733,1,0,431.976487
1789871253,1,-119.387811,50.121524,0.000000,2.926114,30.098075,149.621676,1,0,437.796962
1789871258,1,-119.389111,50.120464,0.000000,2.922906,30.069050,150.160792,1,0,445.534599
1789871262,1,-119.390167,50.119621,0.000000,2.921339,30.148023,120.406980,1,0,452.017410
1789871267,1,-119.391489,50.118567,0.000000,2.919855,30.108428,150.620309,1,0,460.192273
1789871271,1,-119.392538,50.117721,0.000000,2.918859,29.984716,120.354625,1,0,467.192297
1789871276,1,-119.393703,50.116597,0.000000,2.917338,30.097141,150.252698,1,0,475.993508
1789871280,1,-119.394536,50.115654,0.000000,2.917191,30.118611,120.639721,1,0,482.873561
1789871284,1,-119.395365,50.114711,0.000000,2.917247,30.057457,120.498803,1,0,490.220078
1789871288,1,-119.396193,50.113768,0.000000,2.917881,30.009768,120.463759,1,0,497.526162
1789871292,1,-119.397017,50.112821,0.000000,2.917520,30.215028,120.711603,1,0,504.588190
1789871296,1,-119.397769,50.111839,0.000000,2.916061,30.517691,121.762940,1,0,509.678398
1789871301,1,-119.398538,50.110558,0.000000,2.915025,30.600878,152.748426,1,0,513.085704
1789871305,1,-119.399006,50.109497,0.000000,2.914106,30.632833,122.682211,1,0,513.001533
1789871309,1,-119.399338,50.108413,0.000000,2.916484,30.732858,122.900925,1,0,511.232883
1789871313,1,-119.399529,50.107312,0.000000,2.915959,30.828489,123.235140,1,0,508.158430
1789871317,1,-119.399584,50.106204,0.000000,2.915227,30.814959,123.316734,1,0,502.895707
1789871321,1,-119.399540,50.105094,0.000000,2.915861,30.834134,123.516308,1,0,495.091270
1789871325,1,-119.399486,50.104009,0.000000,2.916538,29.727510,120.756878,1,0,489.076422
1789871330,1,-119.399422,50.102687,0.000000,2.916248,29.016702,147.130015,1,0,484.817712
1789871335,1,-119.399362,50.101441,0.000000,2.916227,26.841368,138.670936,1,0,483.571675
1789871339,1,-119.399317,50.100500,0.000000,2.915481,25.927119,104.725840,1,0,484.827681
1789871343,1,-119.399271,50.099565,0.000000,2.914524,26.173591,104.060984,1,0,486.639727
1789871347,1,-119.399220,50.098624,0.000000,2.913255,26.119929,104.739970,1,0,488.114658
1789871351,1,-119.399175,50.097700,0.000000,2.913173,25.363107,102.835749,1,0,488.863722
1789871356,1,-119.399119,50.096577,0.000000,2.913409,24.761100,124.986245,1,0,488.479456
1789871360,1,-119.399074,50.095687,0.000000,2.913434,24.629308,99.055448,1,0,487.307826
1789871364,1,-119.399071,50.094795,0.000000,2.913856,24.942578,99.225777,1,0,484.837263
1789871368,1,-119.399155,50.093883,0.000000,2.916073,25.645866,101.628208,1,0,482.341218
1789871373,1,-119.399410,50.092715,0.000000,2.918735,26.506229,131.202602,1,0,479.367897
1789871377,1,-119.399737,50.091773,0.000000,2.919528,27.011772,107.368220,1,0,478.651893
1789871382,1,-119.400295,50.090616,0.000000,2.917925,26.747765,134.756590,1,0,480.560183
1789871386,1,-119.400769,50.089711,0.000000,2.918241,26.433099,106.233028,1,0,483.794593
1789871390,1,-119.401188,50.088765,0.000000,2.918170,28.196621,109.421262,1,0,489.341855
1789871394,1,-119.401636,50.087757,0.000000,2.916926,29.675425,116.622987,1,0,496.842814
1789871398,1,-119.402092,50.086713,0.000000,2.915124,30.145809,120.632096,1,0,504.316116
1789871402,1,-119.402551,50.085666,0.000000,2.911969,30.148755,121.012479,1,0,511.477030
1789871406,1,-119.403008,50.084617,0.000000,2.910862,30.248652,121.188030,1,0,517.567283
1789871410,1,-119.403469,50.083566,0.000000,2.911879,30.396671,121.479806,1,0,521.060178
1789871414,1,-119.403889,50.082508,0.000000,2.908718,30.406859,121.470157,1,0,523.023219
1789871418,1,-119.404315,50.081449,0.000000,2.907201,30.482085,121.684850,1,0,522.824081
1789871422,1,-119.404766,50.080388,0.000000,2.905202,30.726756,122.360871,1,0,520.322855
1789871426,1,-119.405454,50.079378,0.000000,2.902908,30.777372,122.671674,1,0,517.966004
1789871431,1,-119.406568,50.078209,0.000000,2.900537,30.400514,152.541353,1,0,515.005313
1789871435,1,-119.407477,50.077287,0.000000,2.900723,30.262633,121.461484,1,0,512.590722
1789871440,1,-119.408481,50.076102,0.000000,2.897844,29.952713,150.137050,1,0,509.614126
1789871445,1,-119.408992,50.074791,0.000000,2.894117,30.320431,150.353061,1,0,505.462426
1789871450,1,-119.409118,50.073410,0.000000,2.893505,30.982905,153.886041,1,0,498.791819
1789871455,1,-119.409554,50.072065,0.000000,2.890626,30.319529,152.837767,1,0,490.129908
1789871459,1,-119.410013,50.071054,0.000000,2.890195,28.785146,117.164755,1,0,482.774804
1789871463,1,-119.410464,50.070074,0.000000,2.889237,28.382779,113.695599,1,0,475.538651
1789871467,1,-119.410907,50.069092,0.000000,2.889454,28.513967,113.747766,1,0,468.226658
1789871472,1,-119.411465,50.067860,0.000000,2.889187,28.461797,142.750180,1,0,459.850350
1789871476,1,-119.411775,50.066862,0.000000,2.886666,28.316780,113.212811,1,0,453.986108
1789871480,1,-119.411781,50.065846,0.000000,2.884443,28.251317,113.018930,1,0,448.656942
1789871485,1,-119.411358,50.064616,0.000000,2.881371,27.843729,140.135215,1,0,441.990859
1789871489,1,-119.410734,50.063706,0.000000,2.879526,27.528737,110.648901,1,0,436.440996
1789871494,1,-119.409907,50.062615,0.000000,2.879779,26.445357,135.036765,1,0,429.601494
1789871498,1,-119.409290,50.061787,0.000000,2.879410,24.877229,102.152450,1,0,424.279665
1789871503,1,-119.408638,50.060822,0.000000,2.877313,22.530560,117.056990,1,0,417.862849
1789871507,1,-119.408356,50.060041,0.000000,2.874087,22.152177,89.192633,1,0,413.370448
1789871512,1,-119.408252,50.059240,0.000000,2.929977,22.434209,89.411871,1,0,409.546794
1789871517,1,-119.408179,50.058223,0.000000,2.977587,22.716534,113.249085,1,0,404.695171
1789871521,1,-119.408115,50.057400,0.000000,2.989232,22.851483,91.662906,1,0,400.349709
1789871526,1,-119.408142,50.056396,0.000000,2.991990,21.915411,111.698875,1,0,397.450826
1789871532,1,-119.408675,50.055339,0.000000,2.990596,19.659405,123.618703,1,0,397.072675
1789871538,1,-119.409493,50.054600,0.000000,2.989960,13.675310,100.942916,1,0,397.586267
1789871545,1,-119.410176,50.054181,0.000000,3.092771,7.423674,67.564514,1,0,398.738620
1789871554,1,-119.410584,50.053949,0.000000,3.274745,1.225848,38.984579,1,0,400.139536
1789871579,1,-119.411402,50.053420,0.000000,3.231090,15.990321,83.033833,1,0,404.308672
1789871584,1,-119.411995,50.052771,0.000000,3.312764,16.665202,83.758208,1,0,406.519352
1789871590,1,-119.412273,50.051801,0.000000,3.348535,19.232318,109.721619,1,0,410.137385
1789871594,1,-119.411984,50.050958,0.000000,3.351715,19.896529,96.030044,1,0,412.992203
1789871599,1,-119.411394,50.050124,0.000000,3.343527,20.743785,101.943280,1,0,414.322809
1789871604,1,-119.410926,50.049225,0.000000,3.317208,21.170225,105.470813,1,0,414.869272
1789871610,1,-119.410723,50.048110,0.000000,3.305623,20.451260,124.878907,1,0,414.433807
1789871615,1,-119.410563,50.047219,0.000000,3.303687,19.623605,99.772750,1,0,414.219918
1789871621,1,-119.410054,50.046223,0.000000,3.303248,19.542226,116.636484,1,0,415.189833
1789871626,1,-119.409534,50.045403,0.000000,3.304284,19.948958,98.526948,1,0,417.601921
1789871632,1,-119.408912,50.044376,0.000000,3.303534,20.765656,122.621796,1,0,420.942935
1789871639,1,-119.408264,50.043306,0.000000,3.296745,21.552072,127.754847,1,0,422.662790
1789871644,1,-119.407718,50.042398,0.000000,3.292418,21.720088,108.311562,1,0,422.219954
1789871650,1,-119.407072,50.041303,0.000000,3.294347,21.736362,130.298695,1,0,421.335193
1789871655,1,-119.406557,50.040388,0.000000,3.303291,21.468316,108.262571,1,0,421.042457
1789871661,1,-119.405952,50.039342,0.000000,3.298492,20.054425,124.164446,1,0,420.717094
1789871666,1,-119.405476,50.038519,0.000000,3.296304,19.205948,97.692984,1,0,420.794552
1789871672,1,-119.404925,50.037562,0.000000,3.290747,18.639775,113.536815,1,0,420.509578
1789871677,1,-119.404473,50.036780,0.000000,3.288901,18.661677,92.818961,1,0,419.450779
1789871683,1,-119.403968,50.035798,0.000000,3.280485,19.599198,115.071022,1,0,417.612602
1789871688,1,-119.403783,50.034903,0.000000,3.274143,20.442906,100.435604,1,0,416.283308
1789871693,1,-119.403810,50.033967,0.000000,3.273168,20.927875,104.135826,1,0,416.008406
1789871698,1,-119.403867,50.033040,0.000000,3.277240,20.406043,103.197565,1,0,416.854231
1789871703,1,-119.403919,50.032167,0.000000,3.279462,18.585530,97.181389,1,0,418.647735
1789871708,1,-119.404002,50.031407,0.000000,3.282930,15.750917,84.749080,1,0,421.258235
1789871713,1,-119.404140,50.030666,0.000000,3.295617,12.433040,83.017653,1,0,424.392192
1789871721,1,-119.404296,50.029965,0.000000,3.440971,7.466349,78.774325,1,0,427.811330
1789871736,1,-119.404421,50.029478,0.000000,3.618331,5.106586,54.907951,1,0,430.184995
1789871744,1,-119.404590,50.028806,0.000000,3.674265,12.747481,75.725898,1,0,431.025039
1789871750,1,-119.404795,50.028024,0.000000,3.759264,15.036344,88.219005,1,0,431.045129
1789871756,1,-119.405010,50.027224,0.000000,3.783852,14.961130,90.313408,1,0,431.689493
1789871764,1,-119.405248,50.026320,0.000000,3.790884,14.409411,101.994269,1,0,433.818067
1789871770,1,-119.405453,50.025552,0.000000,3.785476,14.469317,86.684051,1,0,435.544366
1789871777,1,-119.405691,50.024633,0.000000,3.785455,15.323191,103.639987,1,0,437.987934
1789871783,1,-119.405911,50.023805,0.000000,3.781726,15.505932,93.443997,1,0,439.900325
1789871789,1,-119.406170,50.022986,0.000000,3.778471,15.328649,92.974761,1,0,442.228365
1789871796,1,-119.406522,50.022143,0.000000,3.772223,12.498857,97.106583,1,0,444.425286
1789871803,1,-119.406679,50.021431,0.000000,3.734178,11.086768,79.996127,1,0,446.734035
1789871810,1,-119.406479,50.020742,0.000000,3.703296,12.013390,77.971349,1,0,448.587684
1789871817,1,-119.406235,50.020199,0.000000,3.086198,5.405787,62.882360,1,0,448.939863
1789871827,1,-119.407353,50.020091,0.000000,2.170453,8.545648,81.022078,1,0,455.916765
1789871834,1,-119.408381,50.020064,0.000000,2.015141,8.518684,73.737476,1,0,462.082948
1789871846,1,-119.408944,50.019548,0.000000,2.036362,11.802990,70.162101,1,0,468.283009
1789871853,1,-119.408919,50.018561,0.000000,2.137338,18.349223,109.806207,1,0,472.205559
1789871858,1,-119.408911,50.017713,0.000000,2.038847,18.768292,94.331323,1,0,472.291172
1789871864,1,-119.408924,50.016754,0.000000,2.028316,13.388233,106.681029,1,0,471.514597
1789871872,1,-119.409761,50.016310,0.000000,2.005247,12.749933,77.703478,1,0,472.887577
1789871878,1,-119.410926,50.015991,0.000000,2.084112,16.626431,90.730633,1,0,473.381655
1789871883,1,-119.411852,50.015518,0.000000,2.002858,17.865522,84.697977,1,0,472.854860
1789871889,1,-119.412652,50.014894,0.000000,2.086078,17.517653,90.034022,1,0,471.426485
1789871895,1,-119.413604,50.014172,0.000000,2.175194,17.295361,105.387321,1,0,470.322693
1789871900,1,-119.414347,50.013609,0.000000,2.042028,15.737278,82.208971,1,0,470.878770
1789871907,1,-119.414908,50.012772,0.000000,2.003073,14.361045,101.418005,1,0,471.231242
1789871913,1,-119.415103,50.011994,0.000000,2.000031,14.854204,87.664266,1,0,472.119315
1789871919,1,-119.415296,50.011183,0.000000,2.000000,15.086540,91.268211,1,0,474.559254
1789871925,1,-119.415500,50.010410,0.000000,2.173365,14.201931,87.221313,1,0,477.048576
1789871931,1,-119.415689,50.009679,0.000000,2.002148,13.953237,82.435691,1,0,480.851588
1789871937,1,-119.416072,50.008963,0.000000,2.006365,14.211842,84.245568,1,0,485.553165
1789871944,1,-119.416966,50.008226,0.000000,2.001920,15.271903,104.058507,1,0,489.638498
1789871949,1,-119.417850,50.007803,0.000000,2.001554,16.329073,78.928851,1,0,492.613154
1789871954,1,-119.418614,50.007255,0.000000,2.232741,16.573102,81.947579,1,0,497.196045
1789871959,1,-119.419157,50.006511,0.000000,2.318399,14.255581,91.457961,1,0,501.789134
1789871966,1,-119.419880,50.005712,0.000000,2.015849,15.213199,102.889354,1,0,506.388138
1789871972,1,-119.420503,50.004935,0.000000,2.025692,16.544516,97.290218,1,0,508.741289
1789871977,1,-119.421005,50.004243,0.000000,2.000287,16.992423,84.974519,1,0,510.098680
1789871983,1,-119.421609,50.003383,0.000000,2.061846,17.879723,105.008704,1,0,511.417784
1789871988,1,-119.422125,50.002647,0.000000,2.158611,17.911795,89.840994,1,0,511.721030
1789871994,1,-119.422523,50.001721,0.000000,2.031754,17.852043,106.885472,1,0,512.575488
1789872000,1,-119.422832,50.000786,0.000000,2.000107,17.996573,106.341090,1,0,513.753920
1789872005,1,-119.423378,50.000064,0.000000,2.000001,17.676702,89.347001,1,0,514.763715
1789872010,1,-119.424080,49.999405,0.000000,2.050572,17.970256,88.922335,1,0,515.407251
1789872017,1,-119.425078,49.998682,0.000000,2.092770,17.989358,107.649907,1,0,515.499325
1789872022,1,-119.425538,49.997934,0.000000,2.145180,17.931466,89.504501,1,0,515.690348
1789872027,1,-119.425594,49.997143,0.000000,2.004041,17.059050,88.080891,1,0,515.511614
1789872032,1,-119.425474,49.996356,0.000000,2.000040,18.911330,87.966162,1,0,515.673614
1789872037,1,-119.425341,49.995491,0.000000,2.000000,19.368836,96.692347,1,0,515.706369
1789872043,1,-119.425100,49.994454,0.000000,2.003842,19.392894,116.641107,1,0,515.353427
1789872048,1,-119.424874,49.993597,0.000000,2.000020,19.213218,96.698612,1,0,515.365372
1789872054,1,-119.424668,49.992572,0.000000,2.041348,18.990677,114.971830,1,0,515.508551
1789872060,1,-119.424468,49.991564,0.000000,2.000267,18.777171,113.041338,1,0,516.441322
1789872065,1,-119.424255,49.990727,0.000000,2.000002,18.956665,94.350868,1,0,518.163764
1789872070,1,-119.423715,49.989951,0.000000,2.000000,18.959702,94.609490,1,0,520.411391
1789872074,1,-119.422870,49.989280,0.000000,2.000000,19.370302,96.142956,1,0,521.201663
1789872079,1,-119.421964,49.988635,0.000000,2.000000,19.318865,96.795730,1,0,520.859127
1789872084,1,-119.421187,49.987998,0.000000,2.000000,16.938871,90.143891,1,0,519.039070
1789872090,1,-119.420990,49.987113,0.000000,2.001881,16.727255,99.454133,1,0,516.427741
1789872095,1,-119.421432,49.986379,0.000000,2.335535,18.771073,87.585688,1,0,514.639455
1789872100,1,-119.421917,49.985572,0.000000,2.001877,19.675621,96.272900,1,0,512.938198
1789872105,1,-119.422257,49.984716,0.000000,2.000567,19.416640,98.292470,1,0,510.854424
1789872110,1,-119.422573,49.983888,0.000000,2.002303,18.833284,94.852338,1,0,510.058724
1789872115,1,-119.422892,49.983062,0.000000,2.014127,19.028360,94.688068,1,0,508.940719
1789872120,1,-119.423209,49.982222,0.000000,2.000077,19.288117,96.165960,1,0,508.587235
1789872125,1,-119.423461,49.981359,0.000000,2.000000,20.347301,97.684728,1,0,507.789021
1789872131,1,-119.423470,49.980178,0.000000,2.011803,22.034306,131.373136,1,0,507.406440
1789872136,1,-119.423508,49.979208,0.000000,2.000075,21.606405,107.934862,1,0,509.392686
1789872142,1,-119.423779,49.978282,0.000000,2.005124,20.560531,104.824170,1,0,510.100292
1789872147,1,-119.424042,49.977359,0.000000,2.000040,21.111322,104.391004,1,0,505.272228
1789872152,1,-119.423767,49.976465,0.000000,2.000001,19.787925,101.383821,1,0,505.326716
1789872157,1,-119.423417,49.975640,0.000000,2.119611,18.546019,95.143589,1,0,505.130188
1789872162,1,-119.423382,49.974834,0.000000,2.000907,17.879791,89.692495,1,0,503.153379
1789872167,1,-119.423420,49.973929,0.000000,2.206585,21.734602,100.706715,1,0,500.693090
1789872172,1,-119.423312,49.972935,0.000000,2.001202,22.554801,110.840990,1,0,497.246126
1789872176,1,-119.423403,49.972134,0.000000,2.000023,22.206552,89.339863,1,0,494.284357
1789872180,1,-119.423566,49.971347,0.000000,2.000002,22.006636,88.321142,1,0,490.826462
1789872185,1,-119.423779,49.970364,0.000000,2.008935,22.286621,110.408664,1,0,485.454077
1789872189,1,-119.423971,49.969560,0.000000,2.000167,22.649267,90.489082,1,0,477.623263
1789872194,1,-119.424238,49.968570,0.000000,2.000001,22.153703,111.778001,1,0,467.007065
1789872199,1,-119.424511,49.967423,0.000000,2.030902,21.345164,129.082940,1,0,457.746690
1789872205,1,-119.424788,49.966280,0.000000,2.016222,21.481575,128.687040,1,0,454.274177
1789872210,1,-119.424935,49.965311,0.000000,2.005083,21.838102,108.302820,1,0,452.450741
1789872216,1,-119.424742,49.964149,0.000000,2.000368,21.527494,129.996279,1,0,452.195850
1789872222,1,-119.424088,49.963070,0.000000,2.000001,21.721594,128.871131,1,0,453.847709
1789872228,1,-119.423602,49.961914,0.000000,2.000000,22.573107,133.233556,1,0,450.430952
1789872233,1,-119.423601,49.960907,0.000000,2.000000,22.207698,112.014905,1,0,446.124079
1789872238,1,-119.423626,49.959925,0.000000,2.037490,21.595571,109.248535,1,0,442.183863
1789872244,1,-119.423554,49.958776,0.000000,2.605236,21.439601,127.914570,1,0,441.793611
1789872249,1,-119.423356,49.957816,0.000000,2.126869,21.727149,107.727667,1,0,441.750025
1789872254,1,-119.423382,49.956843,0.000000,2.006739,21.448988,108.248721,1,0,442.050721
1789872259,1,-119.423939,49.955975,0.000000,2.005081,20.811167,104.499132,1,0,445.705271
1789872266,1,-119.424644,49.954930,0.000000,2.328749,21.462999,126.775645,1,0,456.231875
1789872271,1,-119.425125,49.953983,0.000000,2.328262,22.229162,110.852563,1,0,460.941823
1789872275,1,-119.425423,49.953197,0.000000,2.017975,22.647435,90.009380,1,0,461.205686
1789872280,1,-119.425748,49.952199,0.000000,2.014620,22.498953,113.437551,1,0,458.161684
1789872284,1,-119.426023,49.951424,0.000000,2.000279,21.691857,88.438317,1,0,457.221816
1789872289,1,-119.426294,49.950485,0.000000,2.009561,21.105065,106.246067,1,0,458.617191
1789872295,1,-119.426326,49.949346,0.000000,2.006549,20.428889,126.718743,1,0,459.092769
1789872301,1,-119.426489,49.948334,0.000000,2.000019,18.563698,113.177241,1,0,456.461658
1789872306,1,-119.427002,49.947474,0.000000,2.000565,21.638698,102.504533,1,0,456.019185
1789872311,1,-119.427601,49.946556,0.000000,2.003894,22.413392,110.796398,1,0,453.623630
1789872315,1,-119.428108,49.945815,0.000000,2.009412,22.548157,90.101396,1,0,451.127224
1789872318,1,-119.428613,49.945080,0.000000,2.000181,22.206381,89.432928,1,0,448.262836
1789872323,1,-119.429227,49.944184,0.000000,2.000002,21.649512,108.977768,1,0,445.287413
1789872328,1,-119.429828,49.943297,0.000000,2.090340,21.599025,107.685648,1,0,442.449152
1789872334,1,-119.430559,49.942232,0.000000,2.022029,21.614127,129.567182,1,0,440.428951
1789872339,1,-119.431172,49.941362,0.000000,2.000253,21.200125,106.309304,1,0,438.318294
1789872345,1,-119.431868,49.940308,0.000000,2.000001,19.527492,127.443579,1,0,436.307573
1789872351,1,-119.432338,49.939511,0.000000,2.041548,14.823220,94.858477,1,0,435.273713
1789872358,1,-119.432651,49.938678,0.000000,2.000967,12.366303,95.344816,1,0,434.507854
1789872365,1,-119.432922,49.937929,0.000000,4.159098,12.194671,85.556730,1,0,435.521694
1789872371,1,-119.433142,49.937285,0.000000,10.187224,12.268165,73.356066,1,0,435.377885
1789872377,1,-119.433365,49.936648,0.000000,21.894096,12.212244,72.643033,1,0,435.621354
1789872383,1,-119.433577,49.935999,0.000000,33.295972,12.175102,73.778691,1,0,436.037115
1789872390,1,-119.433615,49.935271,0.000000,32.694462,12.183513,81.025397,1,0,436.683454
1789872396,1,-119.433458,49.934616,0.000000,17.510850,12.168593,73.726027,1,0,437.621063
1789872402,1,-119.433340,49.933979,0.000000,5.164818,12.325753,71.361673,1,0,438.095195
1789872408,1,-119.433386,49.933317,0.000000,2.026010,12.397249,73.711894,1,0,437.406944
1789872415,1,-119.433606,49.932388,0.000000,2.000127,17.365495,104.537935,1,0,436.613134
1789872421,1,-119.433757,49.931410,0.000000,2.006801,18.208370,109.327101,1,0,434.254881
1789872426,1,-119.433926,49.930608,0.000000,2.128667,17.915133,90.032160,1,0,432.879098
1789872431,1,-119.434101,49.929808,0.000000,2.002266,17.985610,89.871019,1,0,431.677466
1789872435,1,-119.434370,49.929023,0.000000,2.005350,17.823734,89.430462,1,0,430.671613
1789872440,1,-119.434713,49.928251,0.000000,2.000000,17.902767,89.335636,1,0,429.409005
1789872445,1,-119.435147,49.927491,0.000000,2.000000,18.096503,90.099595,1,0,427.624383
1789872451,1,-119.435759,49.926590,0.000000,2.690450,18.409476,109.433618,1,0,423.406479
1789872456,1,-119.436326,49.925853,0.000000,2.029101,18.239299,91.533106,1,0,419.616958
1789872461,1,-119.436926,49.925149,0.000000,2.000235,17.709534,89.380224,1,0,416.482806
1789872466,1,-119.437553,49.924473,0.000000,2.092362,17.493787,87.644501,1,0,414.438475
1789872471,1,-119.438215,49.923815,0.000000,2.047229,17.456123,87.276005,1,0,413.900610
1789872476,1,-119.438916,49.923172,0.000000,2.024943,17.411704,87.462900,1,0,413.255286
1789872481,1,-119.439658,49.922543,0.000000,2.006575,17.692787,87.946059,1,0,412.335635
1789872486,1,-119.440417,49.921941,0.000000,2.038508,17.209334,86.341453,1,0,411.416242
1789872491,1,-119.441226,49.921345,0.000000,2.004415,17.723524,88.148752,1,0,411.106467
1789872496,1,-119.442036,49.920754,0.000000,2.000041,17.786037,87.778809,1,0,413.701597
1789872501,1,-119.442842,49.920130,0.000000,2.177658,18.265317,90.380220,1,0,413.384618
1789872506,1,-119.443549,49.919454,0.000000,2.067389,17.931099,90.732671,1,0,410.776875
1789872512,1,-119.444232,49.918598,0.000000,2.074234,17.857732,107.109114,1,0,407.437905
1789872518,1,-119.444739,49.917867,0.000000,2.173776,17.646153,89.092978,1,0,405.291217
1789872524,1,-119.445323,49.917024,0.000000,2.114552,16.798025,102.723357,1,0,403.136364
1789872529,1,-119.445787,49.916354,0.000000,2.072956,15.922188,81.638052,1,0,401.770036
1789872534,1,-119.446231,49.915708,0.000000,2.073837,15.726284,78.614944,1,0,401.307584
1789872540,1,-119.446810,49.914876,0.000000,2.076215,17.731030,101.461635,1,0,401.056544
1789872545,1,-119.447321,49.914142,0.000000,2.074913,17.866994,89.516497,1,0,400.983235
1789872550,1,-119.447831,49.913406,0.000000,2.072439,17.930444,89.690090,1,0,400.578335
1789872555,1,-119.448443,49.912526,0.000000,2.072027,17.890565,107.303289,1,0,399.995064
1789872560,1,-119.448953,49.911793,0.000000,2.073809,17.884225,89.385577,1,0,399.424910
1789872566,1,-119.449565,49.910913,0.000000,2.072624,17.847089,107.303273,1,0,399.259363
1789872571,1,-119.450048,49.910213,0.000000,2.076564,15.806539,85.244215,1,0,398.820002
1789872577,1,-119.450377,49.909734,0.000000,2.084892,5.121060,58.287329,1,0,397.892648
1789872602,1,-119.450824,49.909096,0.000000,2.493293,12.283871,77.893507,1,0,399.704158
1789872609,1,-119.451459,49.908169,0.000000,2.637336,17.518515,112.752747,1,0,399.267995
1789872614,1,-119.451947,49.907440,0.000000,2.672108,17.668967,88.342406,1,0,398.972915
1789872619,1,-119.452373,49.906693,0.000000,2.680621,17.759467,88.547733,1,0,399.000394
1789872624,1,-119.452735,49.905928,0.000000,2.681997,17.812752,88.978746,1,0,398.843796
1789872630,1,-119.453085,49.904988,0.000000,2.679064,18.101518,107.540953,1,0,397.725471
1789872636,1,-119.453330,49.904010,0.000000,2.676294,18.194012,110.201654,1,0,393.566965
1789872643,1,-119.453564,49.903051,0.000000,2.675144,17.733129,107.989955,1,0,389.251283
1789872648,1,-119.453743,49.902364,0.000000,2.675098,13.617863,77.492196,1,0,386.109819
1789872655,1,-119.453909,49.901724,0.000000,2.693022,7.303201,72.181689,1,0,383.174754
1789872681,1,-119.454059,49.901126,0.000000,3.101134,10.355440,67.385101,1,0,380.659896
1789872687,1,-119.454226,49.900406,0.000000,3.223436,15.743076,80.982119,1,0,378.666187
1789872692,1,-119.454356,49.899676,0.000000,3.270499,16.217867,81.736034,1,0,374.618008
1789872697,1,-119.454425,49.898943,0.000000,3.287552,16.194561,81.684845,1,0,371.008888
1789872703,1,-119.454441,49.898165,0.000000,3.293711,11.899488,86.547387,1,0,369.663209
1789872710,1,-119.454453,49.897456,0.000000,3.293325,11.766911,78.869334,1,0,369.229680
1789872718,1,-119.454467,49.896716,0.000000,3.290456,8.937967,82.319004,1,0,368.997144
1789872726,1,-119.454425,49.896040,0.000000,3.215480,11.834923,75.254433,1,0,369.121224
1789872733,1,-119.454447,49.895144,0.000000,3.213934,14.909866,99.677741,1,0,368.472003
1789872739,1,-119.454507,49.894290,0.000000,3.214338,16.416834,95.091175,1,0,367.974617
1789872744,1,-119.454524,49.893554,0.000000,3.216487,16.155686,81.876957,1,0,369.232148
1789872749,1,-119.454529,49.892818,0.000000,3.213561,16.343298,81.868654,1,0,371.284989
1789872755,1,-119.454535,49.891935,0.000000,3.211276,16.412561,98.220175,1,0,373.950183
1789872760,1,-119.454541,49.891182,0.000000,3.206742,17.000818,83.759992,1,0,373.767826
1789872765,1,-119.454516,49.890417,0.000000,3.205915,16.943261,85.112559,1,0,371.173001
1789872772,1,-119.454506,49.889527,0.000000,3.207486,16.204404,99.000360,1,0,370.240423
1789872778,1,-119.454499,49.888760,0.000000,3.202584,13.295239,85.317517,1,0,370.333455
1789872784,1,-119.454518,49.888044,0.000000,3.197688,13.375200,79.654822,1,0,368.536730
1789872791,1,-119.454567,49.887375,0.000000,3.189290,9.153247,74.498380,1,0,364.623385
1789872800,1,-119.454635,49.886727,0.000000,3.311109,10.918675,72.244633,1,0,361.972295
1789872807,1,-119.454610,49.885828,0.000000,3.350804,16.597906,100.014852,1,0,361.976292
1789872813,1,-119.454612,49.885005,0.000000,3.354556,13.693512,91.545019,1,0,362.714773
1789872819,1,-119.454611,49.884367,0.000000,3.349151,9.736512,70.966804,1,0,361.846595
1789872830,1,-119.453823,49.884112,0.000000,2.093380,7.628390,63.339638,1,0,362.088970
1789872847,1,-119.453281,49.883791,0.000000,3.434687,4.754425,52.842123,1,0,363.393588
1789872877,1,-119.453716,49.883581,0.000000,2.701264,1.402614,39.026236,1,0,361.912596
1789872906,1,-119.454198,49.883733,0.000000,6.050892,1.500341,38.547197,1,0,360.526916
1789872918,1,-119.454168,49.884109,0.000000,23.637213,2.007545,41.879202,1,0,360.532673
1789873007,1,-119.454031,49.883313,0.000000,39.529720,-1.000000,89.087526,1,0,382.549190
1789873047,1,-119.453787,49.883937,0.000000,60.345584,-1.000000,71.590736,1,0,382.549190
1789873069,1,-119.454397,49.883164,0.000000,93.076895,-1.000000,96.515229,1,0,382.549190
1789873143,1,-119.454194,49.883735,0.000000,41.795014,-1.000000,65.168480,1,0,382.549190
1789874335,1,-119.453266,49.883891,0.000000,39.973621,-1.000000,68.915834,1,0,349.864284
1789874363,1,-119.454050,49.883644,0.000000,32.557105,-1.000000,62.687598,1,0,364.032251
1789874450,1,-119.453433,49.883675,0.000000,14.000000,2.435921,44.477717,1,0,362.976322
1789874475,1,-119.453225,49.884002,0.000000,2.645689,1.567664,39.325378,1,0,362.414079
1789874498,1,-119.454110,49.884147,0.000000,2.451896,4.037764,65.618117,1,0,361.648070
1789874556,1,-119.454635,49.882307,0.000000,4.847548,10.039350,208.118003,1,0,362.340489
1789874567,1,-119.454638,49.882037,0.000000,5.452965,0.426583,30.033731,1,0,361.882372
1789874586,1,-119.453790,49.881864,0.000000,2.061293,8.083290,63.911661,1,0,362.584486
1789874601,1,-119.453372,49.881606,0.000000,2.261789,2.162922,41.546213,1,0,361.891353
1789874667,1,-119.453213,49.881415,0.000000,3.925574,0.033895,24.123786,1,0,363.111207
1789875050,1,-119.453290,49.881738,0.000000,5.621118,0.596378,36.352019,1,0,362.785804
1789875068,1,-119.452347,49.881844,0.000000,2.374492,10.879920,68.791483,1,0,363.637533
1789875075,1,-119.451154,49.881855,0.000000,2.018685,13.321310,85.749765,1,0,364.721644
1789875081,1,-119.450018,49.881866,0.000000,2.000248,13.570461,81.653621,1,0,365.762812
1789875088,1,-119.448666,49.881863,0.000000,2.092382,14.247263,97.168989,1,0,367.130116
1789875094,1,-119.447481,49.881882,0.000000,2.141745,14.068428,85.192339,1,0,368.114989
1789875100,1,-119.446388,49.881878,0.000000,2.413696,13.211413,78.555337,1,0,368.673754
1789875106,1,-119.445249,49.881872,0.000000,2.005548,13.926136,81.862829,1,0,368.836579
1789875112,1,-119.444170,49.881871,0.000000,2.469736,11.810271,77.547982,1,0,369.300071
1789875119,1,-119.443484,49.881891,0.000000,2.042495,1.371526,49.353097,1,0,369.329219
1789875171,1,-119.443194,49.882533,0.000000,2.018256,8.509676,74.391170,1,0,369.979564
1789875178,1,-119.443151,49.883031,0.000000,2.009466,5.269502,55.480327,1,0,369.587777
1789875192,1,-119.442237,49.883205,0.000000,2.000576,8.277533,68.481302,1,0,369.644234
1789875199,1,-119.441537,49.883197,0.000000,2.045851,3.660091,50.316988,1,0,370.100080
1789875215,1,-119.441479,49.882683,0.000000,2.028749,4.810934,57.325678,1,0,369.519567
1789875227,1,-119.441463,49.882450,0.000000,6.987395,0.016863,25.942858,1,0,369.907578
1789875525,1,-119.441863,49.882394,0.000000,2.113287,0.016589,29.415178,1,0,370.292236
1789875667,1,-119.441570,49.882120,0.000000,2.512494,0.578295,37.045133,1,0,370.404638
1789875683,1,-119.441218,49.882094,0.000000,2.225562,0.135950,25.463074,1,0,370.418708
1789875711,1,-119.442133,49.881991,0.000000,2.011874,9.447308,66.751775,1,0,369.211290
1789875720,1,-119.442752,49.882006,0.000000,2.000820,0.969518,44.518906,1,0,368.875116
1789875748,1,-119.443791,49.882012,0.000000,2.024950,12.702397,74.676075,1,0,368.605128
1789875754,1,-119.445019,49.882019,0.000000,2.037397,15.123997,88.259980,1,0,367.977986
1789875760,1,-119.446325,49.882028,0.000000,2.013223,15.591057,93.867748,1,0,367.519007
1789875767,1,-119.447857,49.882037,0.000000,2.000041,16.497411,110.109603,1,0,366.821169
1789875772,1,-119.449065,49.882042,0.000000,2.000000,17.613676,86.820900,1,0,366.251944
1789875777,1,-119.450290,49.882049,0.000000,2.000000,17.396819,88.044343,1,0,365.213884
1789875782,1,-119.451445,49.882056,0.000000,2.000000,16.100570,83.013630,1,0,364.275041
1789875788,1,-119.452696,49.882076,0.000000,2.000000,13.973318,89.937013,1,0,363.013370
1789875794,1,-119.453745,49.882068,0.000000,3.982694,11.060661,75.396973,1,0,362.105655
1789875808,1,-119.454479,49.882481,0.000000,2.000000,10.326410,69.951843,1,0,361.963990
1789875815,1,-119.454479,49.883264,0.000000,2.000000,11.534667,87.095573,1,0,361.818870
1789875822,1,-119.454467,49.883752,0.000000,2.259165,5.251578,54.288640,1,0,362.421045
1789875836,1,-119.453545,49.884119,0.000000,2.047133,9.813044,77.829495,1,0,363.294712
1789875853,1,-119.453278,49.883684,0.000000,4.526974,3.610729,52.052641,1,0,363.252999
1789875873,1,-119.453636,49.883577,0.000000,2.270203,0.211450,28.348952,1,0,361.557264
1789875973,1,-119.454125,49.883658,0.000000,5.144448,0.948691,36.281012,1,0,362.599215
1789879934,1,-119.454220,49.883885,0.000000,4.754294,0.081136,26.156758,1,0,362.344585
1789880083,1,-119.454316,49.883622,0.000000,4.269287,0.013899,30.056933,1,0,363.321259
