dataTime,locType,longitude,latitude,heading,accuracy,speed,distance,isBackForeground,stepType,altitude
1789912913,1,-119.454377,49.883855,0.000000,10.367560,-1.000000,0.000000,1,0,365.502675
1789922703,1,-119.454222,49.884701,0.000000,88.937346,0.000000,94.761178,1,0,472.104855
1789928133,1,-119.453037,49.883606,0.000000,49.841937,-1.000000,100.212806,1,0,362.240595
1789928216,1,-119.452201,49.883873,0.000000,22.150732,10.466923,67.024707,1,0,363.296834
1789928229,1,-119.450491,49.883021,0.000000,36.777841,-1.000000,155.197982,1,0,363.254644
1789928241,1,-119.447893,49.882974,0.000000,26.438478,-1.000000,186.798215,1,0,365.555607
1789928254,1,-119.445749,49.882945,0.000000,45.865956,-1.000000,154.127998,1,0,310.245146
1789928267,1,-119.442868,49.882737,0.000000,49.362068,-1.000000,208.352714,1,0,366.304503
1789928280,1,-119.440561,49.883338,0.000000,50.909545,-1.000000,178.779742,1,0,387.974354
1789928295,1,-119.437568,49.882911,0.000000,46.058997,-1.000000,220.296404,1,0,372.046392
1789928309,1,-119.437658,49.882420,0.000000,5.821390,5.074113,54.997284,1,0,372.100261
1789928372,1,-119.437167,49.881976,0.000000,22.813266,-1.000000,60.699943,1,0,372.780679
1789928418,1,-119.434668,49.881276,0.000000,63.761766,-1.000000,195.761117,1,0,373.512014
1789928433,1,-119.431451,49.883125,0.000000,39.537612,-1.000000,309.451930,1,0,374.180855
1789928445,1,-119.429518,49.884023,0.000000,32.518170,-1.000000,171.111326,1,0,380.004179
1789928458,1,-119.428236,49.884304,0.000000,51.803520,-1.000000,97.298117,1,0,380.635500
1789928471,1,-119.427627,49.885008,0.000000,39.170992,-1.000000,89.710971,1,0,380.469863
1789928497,1,-119.425811,49.886323,0.000000,44.603164,-1.000000,196.038800,1,0,377.722897
1789928517,1,-119.425025,49.886792,0.000000,44.342755,-1.000000,76.895323,1,0,373.751600
1789928530,1,-119.422290,49.888013,0.000000,54.683581,-1.000000,238.927862,1,0,380.173000
1789928538,1,-119.422390,49.887555,0.000000,4.979893,4.661987,51.449418,1,0,381.206777
1789928556,1,-119.421557,49.887399,0.000000,22.238220,-1.000000,62.334006,1,0,380.838849
1789928607,1,-119.421141,49.887564,0.000000,26.597310,0.188226,35.082859,1,0,381.233399
1789931475,1,-119.421727,49.887786,0.000000,2.286078,3.701340,48.822806,1,0,382.820781
1789931526,1,-119.421322,49.887528,0.000000,2.057944,1.909240,40.876559,1,0,381.198550
1789931549,1,-119.421978,49.887252,0.000000,2.124691,4.886939,56.262809,1,0,381.742549
1789931582,1,-119.422539,49.887672,0.000000,2.156715,5.103059,61.711682,1,0,381.491356
1789931599,1,-119.422152,49.888235,0.000000,2.016139,9.748065,68.523597,1,0,381.375158
1789931607,1,-119.421359,49.888878,0.000000,2.000147,11.938870,91.451425,1,0,380.966470
1789931614,1,-119.420810,49.889276,0.000000,2.000004,4.346480,59.300538,1,0,380.264954
1789931652,1,-119.421454,49.889930,0.000000,2.000759,13.303305,86.221004,1,0,379.520073
1789931658,1,-119.422490,49.890372,0.000000,2.000007,15.164714,89.221274,1,0,379.850934
1789931664,1,-119.423471,49.890797,0.000000,2.000000,13.285313,84.883032,1,0,379.427673
1789931670,1,-119.423943,49.891057,0.000000,2.010047,1.759110,44.575922,1,0,378.518451
1789931718,1,-119.424833,49.890668,0.000000,2.001259,12.335256,77.221826,1,0,378.704136
1789931724,1,-119.425577,49.890158,0.000000,2.000020,13.166830,77.955234,1,0,378.403143
1789931730,1,-119.426420,49.889661,0.000000,2.001513,13.782300,82.015121,1,0,377.948663
1789931737,1,-119.427538,49.889247,0.000000,2.002950,11.828117,92.607241,1,0,377.086446
1789931745,1,-119.427969,49.889071,0.000000,2.000201,0.386924,36.642265,1,0,376.916790
1789931760,1,-119.428695,49.888654,0.000000,2.000547,11.381100,69.811736,1,0,376.029638
1789931766,1,-119.429405,49.888150,0.000000,2.149558,13.249335,75.805124,1,0,376.056073
1789931773,1,-119.430382,49.887471,0.000000,2.192954,15.689975,103.122388,1,0,376.109733
1789931779,1,-119.431277,49.886844,0.000000,2.203403,14.521628,94.874462,1,0,376.229575
1789931785,1,-119.431779,49.886214,0.000000,2.187324,12.373183,78.818231,1,0,375.434357
1789931793,1,-119.431823,49.885804,0.000000,2.186016,1.316707,45.715212,1,0,375.219430
1789931805,1,-119.432036,49.885177,0.000000,2.506277,11.439217,71.403454,1,0,373.268994
1789931811,1,-119.432348,49.884578,0.000000,2.604886,11.680490,70.300420,1,0,373.931434
1789931818,1,-119.432880,49.884062,0.000000,2.632991,9.506421,68.964305,1,0,374.122540
1789931826,1,-119.433698,49.883511,0.000000,2.624307,11.490755,84.928737,1,0,374.436245
1789931832,1,-119.434611,49.883298,0.000000,2.607065,11.053886,69.765979,1,0,374.242773
1789931839,1,-119.435498,49.883292,0.000000,2.594011,7.951770,63.754520,1,0,373.464240
1789931846,1,-119.436424,49.883292,0.000000,2.589924,8.902835,66.554051,1,0,372.721373
1789931870,1,-119.437460,49.883305,0.000000,2.770900,10.842093,74.474065,1,0,370.984473
1789931876,1,-119.438456,49.883292,0.000000,2.907249,12.034249,71.599714,1,0,370.869084
1789931882,1,-119.439455,49.883286,0.000000,2.987194,11.432884,71.803830,1,0,371.056227
1789931890,1,-119.440802,49.883279,0.000000,3.008337,13.077126,96.815520,1,0,370.203179
1789931897,1,-119.442082,49.883281,0.000000,3.010749,13.426448,91.997181,1,0,369.327091
1789931903,1,-119.443218,49.883283,0.000000,3.009712,13.881007,81.647555,1,0,368.917731
1789931909,1,-119.444492,49.883285,0.000000,3.004076,15.737112,91.565930,1,0,368.242861
1789931914,1,-119.445574,49.883293,0.000000,3.001999,15.072860,77.771207,1,0,367.356046
1789931920,1,-119.446786,49.883304,0.000000,3.000323,14.055207,87.118127,1,0,365.927540
1789931927,1,-119.448181,49.883301,0.000000,2.995483,14.650368,100.262752,1,0,365.525141
1789931933,1,-119.449371,49.883274,0.000000,2.994919,13.718646,85.581035,1,0,365.287275
1789931940,1,-119.450680,49.883257,0.000000,2.991894,13.220765,94.100148,1,0,364.531915
1789931947,1,-119.451727,49.883667,0.000000,2.872866,13.568636,87.991558,1,0,364.064164
1789931954,1,-119.452740,49.884149,0.000000,2.785649,12.237517,90.417599,1,0,363.570132
1789931960,1,-119.453576,49.884179,0.000000,2.759958,5.293286,60.178015,1,0,362.882359
1789931977,1,-119.454449,49.884278,0.000000,2.001876,6.848573,63.703715,1,0,362.570623
1789931984,1,-119.454492,49.884994,0.000000,2.111278,12.612081,79.702886,1,0,364.053424
1789931991,1,-119.454521,49.885376,0.000000,2.045782,1.902369,42.542160,1,0,362.972891
1789932008,1,-119.454556,49.885857,0.000000,2.096106,2.742885,53.562252,1,0,362.769494
1789932017,1,-119.454553,49.886230,0.000000,2.042469,1.631120,41.490528,1,0,363.180083
1789932077,1,-119.454551,49.886636,0.000000,2.000917,2.027321,45.160892,1,0,362.979402
1789932115,1,-119.455164,49.887201,0.000000,2.002243,13.714315,76.751591,1,0,363.505061
1789932120,1,-119.456090,49.887650,0.000000,2.001716,16.888036,83.209374,1,0,362.708785
1789932125,1,-119.457034,49.888168,0.000000,2.002983,18.000218,89.012505,1,0,362.457024
1789932130,1,-119.458013,49.888672,0.000000,2.000024,17.971586,89.965938,1,0,362.381253
1789932135,1,-119.459001,49.889175,0.000000,2.031968,18.114070,90.397969,1,0,361.776425
1789932140,1,-119.459982,49.889673,0.000000,2.507211,17.928998,89.658705,1,0,362.156642
1789932146,1,-119.461274,49.890300,0.000000,2.122887,19.713629,116.125503,1,0,361.084791
1789932152,1,-119.462657,49.890816,0.000000,2.000226,18.764595,114.771642,1,0,358.671693
1789932157,1,-119.463858,49.891157,0.000000,2.000001,18.827604,94.276617,1,0,357.069129
1789932163,1,-119.465191,49.891456,0.000000,2.035284,13.206918,101.405009,1,0,355.834310
1789932169,1,-119.465715,49.891550,0.000000,2.021307,1.602276,39.081805,1,0,355.035868
1789932181,1,-119.466711,49.891736,0.000000,2.143032,11.689720,74.507473,1,0,353.786932
1789932187,1,-119.467783,49.891932,0.000000,2.126556,14.533673,80.064523,1,0,353.589482
1789932193,1,-119.468971,49.892174,0.000000,2.178019,15.002424,89.518443,1,0,352.931384
1789932199,1,-119.470151,49.892440,0.000000,2.189312,14.774862,89.814042,1,0,352.446732
1789932205,1,-119.471371,49.892722,0.000000,2.189304,16.608964,93.117367,1,0,353.620048
1789932210,1,-119.472402,49.892951,0.000000,2.190207,14.987360,78.348923,1,0,353.694935
1789932216,1,-119.473753,49.893233,0.000000,2.190552,18.010875,102.030722,1,0,352.337482
1789932222,1,-119.475205,49.893480,0.000000,2.188950,17.919885,107.904027,1,0,350.883797
1789932227,1,-119.476304,49.893587,0.000000,2.185465,13.320266,79.871108,1,0,349.582584
1789932235,1,-119.477416,49.893641,0.000000,2.383628,11.910701,80.139001,1,0,349.058786
1789932241,1,-119.478661,49.893645,0.000000,2.180385,16.929171,89.472690,1,0,348.615462
1789932246,1,-119.479917,49.893641,0.000000,2.181085,18.145052,90.263189,1,0,348.663373
1789932251,1,-119.481174,49.893646,0.000000,2.360011,17.985919,90.335671,1,0,348.847274
1789932256,1,-119.482429,49.893651,0.000000,2.180690,18.073158,90.191945,1,0,348.701270
1789932261,1,-119.483689,49.893654,0.000000,2.179121,18.108886,90.550166,1,0,348.493339
1789932267,1,-119.485164,49.893663,0.000000,2.179849,16.422723,106.005189,1,0,348.106467
1789932272,1,-119.486230,49.893670,0.000000,2.186002,15.132953,76.611744,1,0,347.785661
1789932278,1,-119.487423,49.893673,0.000000,2.188728,12.983607,85.735251,1,0,347.503073
1789932284,1,-119.488191,49.893673,0.000000,2.192259,5.729596,55.192098,1,0,347.655265
1789932314,1,-119.490706,49.893541,0.000000,35.017363,-1.000000,181.335215,1,0,351.365609
1789932318,1,-119.491812,49.893842,0.000000,9.825463,14.672706,86.246207,1,0,322.203291
1789932324,1,-119.492867,49.893674,0.000000,3.591671,11.220764,78.086114,1,0,345.096540
1789932338,1,-119.493718,49.893631,0.000000,4.748652,7.389826,61.343604,1,0,346.418307
1789932346,1,-119.494642,49.893648,0.000000,4.748652,7.617103,66.429898,1,0,345.927894
1789932368,1,-119.495048,49.894099,0.000000,2.536337,3.363340,58.032457,1,0,347.065567
1789932399,1,-119.495262,49.893831,0.000000,2.290389,0.553734,33.542964,1,0,346.620417
1789932517,1,-119.495825,49.893944,0.000000,21.037500,2.136086,42.363356,1,0,357.225351
1789932604,1,-119.496414,49.893507,0.000000,41.631261,-1.000000,64.452724,1,0,357.559124
1789932666,1,-119.496573,49.892950,0.000000,34.673046,-1.000000,63.001523,1,0,346.284193
1789932707,1,-119.497049,49.893274,0.000000,11.016140,0.442635,49.686685,1,0,346.262848
1789932753,1,-119.497398,49.893396,0.000000,5.273296,0.113393,28.514444,1,0,346.652036
1789932851,1,-119.497864,49.893359,0.000000,3.699629,0.691787,33.737502,1,0,348.201167
1789932885,1,-119.498142,49.893177,0.000000,14.460729,0.221267,28.441012,1,0,348.273625
1789932934,1,-119.498555,49.893726,0.000000,38.323268,-1.000000,67.895812,1,0,260.560401
1789932945,1,-119.498906,49.893516,0.000000,6.548794,0.930748,34.376877,1,0,344.306405
1789933001,1,-119.499249,49.893418,0.000000,12.923600,0.039124,26.950063,1,0,343.898661
1789933023,1,-119.498678,49.894017,0.000000,61.302664,-1.000000,78.248271,1,0,260.560386
1789933033,1,-119.499462,49.893456,0.000000,50.815584,0.000000,84.069276,1,0,343.623925
1789933072,1,-119.498616,49.893928,0.000000,65.012284,-1.000000,80.324064,1,0,260.560412
1789933220,1,-119.499117,49.893776,0.000000,80.985825,-1.000000,39.772837,1,0,348.316078
1789933281,1,-119.500529,49.893145,0.000000,21.445998,0.314303,123.373349,1,0,329.706499
1789933342,1,-119.500714,49.892940,0.000000,8.332847,0.042551,26.394770,1,0,336.932028
1789933371,1,-119.498320,49.893575,0.000000,76.895014,-1.000000,185.962587,1,0,346.598910
1789933429,1,-119.501110,49.892387,0.000000,8.389000,0.984536,240.115164,1,0,345.033177
1789933501,1,-119.501119,49.892144,0.000000,11.822740,0.109202,27.037362,1,0,343.753182
1789933562,1,-119.499921,49.891805,0.000000,83.734113,-1.000000,93.981556,1,0,344.679547
1789933575,1,-119.500830,49.891852,0.000000,19.078279,0.380569,65.527062,1,0,318.537880
1789933614,1,-119.499581,49.891213,0.000000,56.746154,-1.000000,114.485991,1,0,344.376253
1789933656,1,-119.500577,49.891531,0.000000,10.136492,0.844288,79.833776,1,0,340.381048
1789933829,1,-119.498844,49.891211,0.000000,64.443343,-1.000000,129.515924,1,0,345.642881
1789933849,1,-119.498816,49.890207,0.000000,63.954081,-1.000000,111.696104,1,0,345.442652
1789933970,1,-119.498445,49.890989,0.000000,74.775131,-1.000000,90.977823,1,0,345.135795
1789933984,1,-119.498488,49.891668,0.000000,28.307741,-1.000000,75.590422,1,0,346.583917
1789934041,1,-119.498580,49.891051,0.000000,29.272317,-1.000000,68.948466,1,0,346.882323
1789934196,1,-119.498184,49.890428,0.000000,20.346443,-1.000000,74.912985,1,0,344.714998
1789934214,1,-119.498418,49.890612,0.000000,7.730219,0.113341,26.488192,1,0,344.178367
1789934311,1,-119.497801,49.889363,0.000000,81.715603,-1.000000,145.832911,1,0,344.628083
1789934324,1,-119.497736,49.889987,0.000000,26.773911,-1.000000,69.566390,1,0,345.183138
1789934391,1,-119.496773,49.890209,0.000000,16.777538,-1.000000,73.472644,1,0,346.038318
1789934466,1,-119.496720,49.890543,0.000000,18.715694,0.409445,37.346520,1,0,341.589061
1789934504,1,-119.496762,49.890851,0.000000,10.871123,0.668647,34.392449,1,0,348.119307
1789934587,1,-119.496766,49.891237,0.000000,16.039093,1.161996,42.936932,1,0,346.985300
1789934663,1,-119.496857,49.891793,0.000000,27.791879,-1.000000,62.190311,1,0,345.449535
1789934721,1,-119.496672,49.892391,0.000000,22.614362,-1.000000,67.832739,1,0,346.933622
1789934774,1,-119.496639,49.892999,0.000000,30.187416,-1.000000,67.671266,1,0,346.585318
1789934962,1,-119.496312,49.893522,0.000000,35.074848,-1.000000,62.740943,1,0,317.359771
1789935019,1,-119.495518,49.893852,0.000000,23.101089,-1.000000,67.842451,1,0,317.303991
1789935324,1,-119.495183,49.893746,0.000000,15.899512,0.158343,26.804642,1,0,346.337656
1789935432,1,-119.495211,49.894071,0.000000,3.096391,1.189338,36.206696,1,0,347.662340
1789935448,1,-119.494967,49.893747,0.000000,2.910721,0.893344,40.078171,1,0,346.886957
1789935477,1,-119.495880,49.893474,0.000000,2.145057,7.706544,72.292798,1,0,347.150113
1789935486,1,-119.496142,49.893346,0.000000,2.062515,0.055092,23.604188,1,0,345.975944
1789935510,1,-119.496645,49.892796,0.000000,2.033022,8.932801,71.057558,1,0,346.423930
1789935517,1,-119.496664,49.892180,0.000000,2.142025,9.993860,68.533171,1,0,346.946656
1789935524,1,-119.496664,49.891584,0.000000,2.088297,9.322588,66.294914,1,0,347.438686
1789935532,1,-119.496657,49.890832,0.000000,2.001148,10.621853,83.648794,1,0,348.067678
1789935540,1,-119.496660,49.890471,0.000000,2.203911,1.382722,40.155725,1,0,348.163397
1789935552,1,-119.496645,49.889900,0.000000,2.105446,8.098809,63.523238,1,0,347.348253
1789935559,1,-119.496643,49.889331,0.000000,2.030791,7.631880,63.291781,1,0,346.286431
1789935570,1,-119.496660,49.888661,0.000000,2.064891,8.248336,74.536100,1,0,346.098123
1789935580,1,-119.496652,49.888132,0.000000,2.004352,4.934402,58.845048,1,0,346.441595
1789935590,1,-119.496665,49.887532,0.000000,2.002083,5.482368,66.746323,1,0,346.862076
1789935601,1,-119.496644,49.886921,0.000000,2.007202,7.989926,67.980103,1,0,346.818759
1789935609,1,-119.496664,49.886352,0.000000,2.028536,8.124294,63.307887,1,0,347.975644
1789935618,1,-119.496648,49.885874,0.000000,2.056026,1.358034,53.181812,1,0,349.839301
1789935632,1,-119.496647,49.885209,0.000000,2.035721,9.543523,73.969990,1,0,348.106014
1789935639,1,-119.496650,49.884649,0.000000,3.751034,6.055008,62.290855,1,0,348.519504
1789935669,1,-119.496614,49.883951,0.000000,2.423083,7.788501,77.683678,1,0,348.818712
1789935682,1,-119.497393,49.883648,0.000000,2.233104,9.279266,65.349693,1,0,346.885654
1789935690,1,-119.498565,49.883696,0.000000,2.002978,10.413419,84.402526,1,0,347.511370
1789935697,1,-119.499535,49.883715,0.000000,2.000062,11.501991,69.747456,1,0,347.771443
1789935705,1,-119.500770,49.883357,0.000000,2.000000,16.060693,97.284787,1,0,348.778712
1789935710,1,-119.501354,49.882709,0.000000,2.134867,17.325037,83.409260,1,0,347.642124
1789935715,1,-119.501603,49.881939,0.000000,2.032046,17.216130,87.499005,1,0,347.500793
1789935720,1,-119.502316,49.881316,0.000000,2.008933,17.833977,86.187110,1,0,347.436603
1789935725,1,-119.503455,49.881028,0.000000,2.071422,17.360437,87.906715,1,0,349.789773
1789935730,1,-119.504645,49.880807,0.000000,2.000631,17.952113,88.989900,1,0,350.791724
1789935735,1,-119.505870,49.880588,0.000000,2.000005,18.105804,91.350580,1,0,348.148241
1789935740,1,-119.507055,49.880373,0.000000,2.253500,17.424431,88.461783,1,0,346.394432
1789935745,1,-119.508274,49.880151,0.000000,2.002101,19.172872,91.024958,1,0,346.893415
1789935750,1,-119.509567,49.879917,0.000000,2.000852,19.287934,96.506249,1,0,347.053822
1789935756,1,-119.511096,49.879641,0.000000,2.025858,18.441702,114.099439,1,0,349.199855
1789935762,1,-119.512647,49.879360,0.000000,2.067459,20.533438,115.772081,1,0,355.955325
1789935768,1,-119.514294,49.879059,0.000000,2.087037,20.198495,123.028577,1,0,362.965583
1789935774,1,-119.515856,49.878775,0.000000,2.000221,19.718006,116.635018,1,0,365.106531
1789935779,1,-119.517239,49.878522,0.000000,2.000001,21.123073,103.315698,1,0,359.480327
1789935785,1,-119.518890,49.878221,0.000000,2.000395,20.250163,123.305195,1,0,351.874099
1789935789,1,-119.520248,49.877986,0.000000,2.000005,20.242354,101.051310,1,0,347.744058
1789935794,1,-119.521619,49.877926,0.000000,2.000000,19.362401,98.772020,1,0,346.406737
1789935800,1,-119.522898,49.878295,0.000000,2.036635,15.533315,100.679871,1,0,348.790390
1789935806,1,-119.523738,49.878998,0.000000,2.000200,17.495974,98.794176,1,0,354.085958
1789935811,1,-119.523987,49.879800,0.000000,2.000002,18.499373,90.986539,1,0,357.924608
1789935816,1,-119.523960,49.880633,0.000000,2.000000,18.258280,92.677439,1,0,363.802861
1789935821,1,-119.523971,49.881429,0.000000,2.000000,17.447340,88.545111,1,0,370.372372
1789935826,1,-119.524342,49.882171,0.000000,2.000000,17.136619,86.736271,1,0,375.835047
1789935832,1,-119.524976,49.882807,0.000000,2.000000,16.760839,84.151886,1,0,380.343982
1789935837,1,-119.525634,49.883439,0.000000,2.000000,17.127020,84.728998,1,0,385.334745
1789935842,1,-119.526300,49.884085,0.000000,2.017226,17.528206,86.343007,1,0,389.610597
1789935847,1,-119.526992,49.884721,0.000000,2.048378,17.294722,86.477781,1,0,393.141883
1789935852,1,-119.527978,49.885215,0.000000,2.000409,18.312908,89.673825,1,0,394.589947
1789935857,1,-119.529228,49.885424,0.000000,2.194104,18.889278,92.799131,1,0,395.700512
1789935863,1,-119.530783,49.885215,0.000000,2.000383,19.175062,114.153255,1,0,397.337775
1789935868,1,-119.531832,49.884690,0.000000,2.015904,19.300485,95.365125,1,0,397.924630
1789935874,1,-119.533025,49.883910,0.000000,2.000033,20.665229,121.982043,1,0,399.255441
1789935880,1,-119.534214,49.883102,0.000000,2.036706,20.585351,124.018374,1,0,399.932556
1789935885,1,-119.535170,49.882373,0.000000,2.477145,22.522355,106.285069,1,0,400.917730
1789935889,1,-119.535961,49.881672,0.000000,2.007734,24.672948,96.499221,1,0,402.246654
1789935893,1,-119.536679,49.880929,0.000000,2.035075,23.687714,97.434469,1,0,404.958056
1789935897,1,-119.537343,49.880205,0.000000,2.025589,23.167795,93.611508,1,0,408.514569
1789935901,1,-119.537945,49.879472,0.000000,2.029926,22.940648,92.303376,1,0,412.210055
1789935904,1,-119.538484,49.878718,0.000000,2.022692,23.067230,92.386645,1,0,416.152949
1789935909,1,-119.539104,49.877748,0.000000,2.000161,23.380491,116.738450,1,0,421.484506
1789935914,1,-119.539707,49.876793,0.000000,2.000001,21.973057,114.730968,1,0,426.743536
1789935919,1,-119.540334,49.875943,0.000000,2.008479,20.391973,104.741282,1,0,431.703779
1789935924,1,-119.540987,49.875350,0.000000,2.015401,13.363486,80.957611,1,0,434.140159
1789935931,1,-119.541872,49.874790,0.000000,2.008526,13.057480,89.033392,1,0,436.447927
1789935937,1,-119.542736,49.874401,0.000000,2.023046,12.581578,75.692059,1,0,438.504919
1789935943,1,-119.543736,49.874064,0.000000,2.006433,14.136779,81.074157,1,0,441.291705
1789935949,1,-119.544742,49.873767,0.000000,2.000088,12.941714,79.507497,1,0,442.974905
1789935957,1,-119.546097,49.873361,0.000000,2.013238,17.127690,107.367570,1,0,446.815200
1789935963,1,-119.547449,49.872942,0.000000,2.000043,17.884205,107.789337,1,0,449.982535
1789935969,1,-119.548798,49.872533,0.000000,2.000000,18.391315,107.117823,1,0,452.948744
1789935974,1,-119.550026,49.872164,0.000000,2.000982,20.047699,97.353815,1,0,456.127593
1789935979,1,-119.551328,49.871717,0.000000,2.003004,21.914916,105.985025,1,0,459.343204
1789935983,1,-119.552346,49.871254,0.000000,2.000058,22.159317,89.487383,1,0,461.280780
1789935988,1,-119.553488,49.870571,0.000000,2.000001,22.432194,111.855609,1,0,463.492186
1789935992,1,-119.554366,49.869996,0.000000,2.000000,22.414055,89.859333,1,0,465.019606
1789935996,1,-119.555221,49.869432,0.000000,2.000000,21.684279,87.827637,1,0,466.165425
1789936001,1,-119.556255,49.868753,0.000000,2.000000,20.881595,105.976213,1,0,466.865435
1789936006,1,-119.557269,49.868088,0.000000,2.000000,20.944033,103.857723,1,0,467.944600
1789936010,1,-119.558300,49.867411,0.000000,2.004888,20.995403,105.666407,1,0,470.555947
1789936016,1,-119.559484,49.866635,0.000000,2.025994,19.697071,121.231115,1,0,474.163115
1789936022,1,-119.560606,49.865900,0.000000,2.000140,19.112754,114.854023,1,0,476.490002
1789936027,1,-119.561507,49.865309,0.000000,2.060254,17.783881,92.292496,1,0,478.274949
1789936032,1,-119.562286,49.864810,0.000000,2.000743,13.511863,78.852325,1,0,478.928962
1789936040,1,-119.562996,49.864421,0.000000,2.257844,6.545446,66.917933,1,0,480.079608
1789936049,1,-119.563870,49.864017,0.000000,2.088711,10.911178,77.257749,1,0,481.076146
1789936056,1,-119.564939,49.863609,0.000000,2.009838,13.451636,89.262513,1,0,482.987417
1789936062,1,-119.566017,49.863285,0.000000,2.009423,14.250121,85.480394,1,0,484.589979
1789936068,1,-119.567184,49.863011,0.000000,2.000090,15.744957,89.274524,1,0,486.109232
1789936074,1,-119.568525,49.862808,0.000000,2.000140,16.799534,99.030618,1,0,488.077636
1789936080,1,-119.570014,49.862707,0.000000,2.010746,18.886529,107.651368,1,0,488.886238
1789936086,1,-119.571368,49.862693,0.000000,2.000056,19.729696,97.369075,1,0,487.901386
1789936091,1,-119.572729,49.862706,0.000000,2.000000,19.496761,97.870595,1,0,485.048858
1789936096,1,-119.574109,49.862727,0.000000,2.000000,20.199559,99.253522,1,0,483.033617
1789936101,1,-119.575535,49.862739,0.000000,2.011915,20.854071,102.542223,1,0,481.408120
1789936106,1,-119.577039,49.862752,0.000000,2.031065,22.047207,108.151595,1,0,479.063806
1789936110,1,-119.578261,49.862755,0.000000,2.019605,21.748180,87.865924,1,0,477.637105
1789936115,1,-119.579748,49.862752,0.000000,2.017932,21.167492,106.920069,1,0,479.206031
1789936120,1,-119.581190,49.862753,0.000000,2.013304,20.374797,103.684015,1,0,482.015799
1789936125,1,-119.582529,49.862707,0.000000,2.008312,18.367429,96.413867,1,0,483.881808
1789936130,1,-119.583872,49.862566,0.000000,2.003492,14.847558,97.831034,1,0,484.425407
1789936136,1,-119.584832,49.862397,0.000000,2.034651,8.900653,71.540836,1,0,484.434333
1789936146,1,-119.585491,49.862255,0.000000,2.197191,2.298023,49.947369,1,0,485.228762
1789936182,1,-119.586506,49.861978,0.000000,2.374286,9.365395,79.219188,1,0,485.084885
1789936189,1,-119.587438,49.861652,0.000000,2.436718,12.867157,76.195711,1,0,482.834647
1789936195,1,-119.588466,49.861203,0.000000,2.445794,15.160894,89.207893,1,0,479.999910
1789936200,1,-119.589329,49.860736,0.000000,2.447966,17.111571,80.925439,1,0,477.777700
1789936205,1,-119.590237,49.860149,0.000000,2.448946,19.036485,92.335828,1,0,475.224413
1789936212,1,-119.591329,49.859384,0.000000,2.446014,19.429545,115.784876,1,0,471.922379
1789936218,1,-119.592454,49.858591,0.000000,2.445994,20.401350,119.689313,1,0,468.509162
1789936223,1,-119.593418,49.857907,0.000000,2.444731,20.621765,102.928790,1,0,465.769220
1789936228,1,-119.594322,49.857245,0.000000,2.443789,18.765578,98.226057,1,0,464.591888
1789936233,1,-119.595094,49.856553,0.000000,2.443269,19.993685,94.904878,1,0,464.628538
1789936238,1,-119.595882,49.855684,0.000000,2.442813,23.758062,112.047574,1,0,464.854339
1789936242,1,-119.596447,49.854908,0.000000,2.444865,23.530409,95.401967,1,0,464.266653
1789936247,1,-119.596972,49.853961,0.000000,2.445867,21.612876,111.901050,1,0,462.554548
1789936252,1,-119.597412,49.853034,0.000000,2.445962,21.595083,107.860348,1,0,460.417532
1789936257,1,-119.597842,49.852093,0.000000,2.443076,21.953796,109.144078,1,0,457.984112
1789936262,1,-119.598363,49.850950,0.000000,2.441922,22.300360,132.546881,1,0,455.154856
1789936267,1,-119.598817,49.849963,0.000000,2.442626,23.366632,114.540293,1,0,451.575072
1789936271,1,-119.599271,49.849152,0.000000,2.441366,24.446446,95.938752,1,0,447.185102
1789936275,1,-119.599855,49.848355,0.000000,2.456294,24.570858,98.100715,1,0,444.160808
1789936280,1,-119.600765,49.847427,0.000000,2.453298,24.151766,122.226237,1,0,442.976835
1789936284,1,-119.601582,49.846770,0.000000,2.465239,22.759653,93.775088,1,0,443.242256
1789936289,1,-119.602561,49.846021,0.000000,2.470226,21.200134,109.084183,1,0,443.087726
1789936294,1,-119.603523,49.845303,0.000000,2.471500,21.333256,105.669172,1,0,441.902299
1789936299,1,-119.604526,49.844563,0.000000,2.470878,22.364679,109.451415,1,0,439.129506
1789936303,1,-119.605357,49.843947,0.000000,3.311247,22.960662,90.929067,1,0,435.090453
1789936307,1,-119.606201,49.843326,0.000000,2.472191,22.942620,91.963466,1,0,430.524597
1789936311,1,-119.607049,49.842701,0.000000,2.470112,23.362543,92.487579,1,0,425.770194
1789936315,1,-119.607926,49.842076,0.000000,2.468656,23.499762,93.876399,1,0,420.901028
1789936319,1,-119.608788,49.841468,0.000000,2.468548,22.444586,91.752115,1,0,417.439313
1789936324,1,-119.609766,49.840750,0.000000,2.469773,20.655732,106.430845,1,0,415.201443
1789936329,1,-119.610703,49.840058,0.000000,2.471748,20.309231,102.311685,1,0,414.870555
1789936335,1,-119.611588,49.839407,0.000000,2.471132,17.893139,96.416658,1,0,414.980170
1789936340,1,-119.612229,49.838931,0.000000,2.481670,11.810958,70.212564,1,0,415.617655
1789936348,1,-119.612719,49.838560,0.000000,2.688177,4.142091,54.273293,1,0,416.399448
1789936367,1,-119.613255,49.838154,0.000000,2.937313,5.936352,59.382845,1,0,417.349134
1789936376,1,-119.613970,49.837615,0.000000,3.061579,9.215880,78.995544,1,0,417.976852
1789936384,1,-119.614722,49.837056,0.000000,3.103186,10.928988,82.419129,1,0,418.108507
1789936391,1,-119.615328,49.836608,0.000000,3.111647,4.579170,66.210449,1,0,417.837418
1789936443,1,-119.616233,49.835935,0.000000,3.289321,14.324751,99.210343,1,0,417.907517
1789936450,1,-119.617228,49.835198,0.000000,3.393245,16.830065,108.830985,1,0,415.135510
1789936455,1,-119.618028,49.834603,0.000000,3.408343,17.485386,87.706651,1,0,412.423624
1789936462,1,-119.618978,49.833902,0.000000,3.413549,16.695775,103.690013,1,0,409.274032
1789936467,1,-119.619719,49.833360,0.000000,3.411525,15.801477,80.479108,1,0,406.890790
1789936473,1,-119.620425,49.832834,0.000000,3.409963,10.568450,77.480980,1,0,404.424655
1789936481,1,-119.621009,49.832429,0.000000,3.404620,7.146823,61.602349,1,0,403.498531
1789936489,1,-119.621561,49.832029,0.000000,6.845127,4.149861,59.639583,1,0,403.597934
1789936498,1,-119.622318,49.832288,0.000000,2.039623,4.805597,61.613719,1,0,406.500881
1789936517,1,-119.622135,49.832750,0.000000,2.145486,3.363239,53.049440,1,0,406.509962
1789936537,1,-119.621559,49.832638,0.000000,2.102637,1.624514,43.273276,1,0,406.308308
1789936602,1,-119.621551,49.832418,0.000000,7.530333,0.007831,24.478019,1,0,406.308640
1789937497,1,-119.622253,49.832475,0.000000,2.014365,2.592001,50.902868,1,0,409.145754
1789937526,1,-119.621758,49.832057,0.000000,2.039093,4.193938,58.567439,1,0,406.724647
1789937556,1,-119.622047,49.831633,0.000000,2.007418,1.548994,51.542774,1,0,406.878747
1789937605,1,-119.622756,49.831082,0.000000,2.000106,11.645393,79.739674,1,0,407.623870
1789937612,1,-119.623559,49.830458,0.000000,2.000001,13.213176,90.307216,1,0,411.047640
1789937618,1,-119.624301,49.829980,0.000000,2.000000,12.928028,75.345055,1,0,415.250095
1789937624,1,-119.625252,49.829668,0.000000,2.000000,12.458696,76.719533,1,0,419.244161
1789937631,1,-119.626499,49.829596,0.000000,2.000000,12.827076,90.074250,1,0,421.580876
1789937638,1,-119.627705,49.829598,0.000000,2.000000,12.339268,86.767999,1,0,423.242053
1789937644,1,-119.628630,49.829591,0.000000,2.000000,9.767740,66.555264,1,0,424.853246
1789937652,1,-119.629584,49.829591,0.000000,2.000000,10.997566,68.637180,1,0,426.319557
1789937659,1,-119.630931,49.829588,0.000000,2.000000,15.054955,96.912852,1,0,429.152940
1789937665,1,-119.632105,49.829586,0.000000,2.000000,14.156233,84.465837,1,0,434.504411
1789937671,1,-119.632986,49.829582,0.000000,2.000000,6.431324,63.386737,1,0,438.178711
1789937690,1,-119.633914,49.829583,0.000000,2.000000,8.806282,66.766812,1,0,442.409480
1789937698,1,-119.635190,49.829514,0.000000,2.000000,13.388101,92.124566,1,0,445.735070
1789937704,1,-119.636284,49.829229,0.000000,2.004186,15.420751,84.861646,1,0,448.692052
1789937709,1,-119.637283,49.828859,0.000000,2.000056,16.899959,82.830635,1,0,449.024867
1789937714,1,-119.638377,49.828570,0.000000,2.945141,17.661835,85.028872,1,0,447.026611
1789937719,1,-119.639709,49.828475,0.000000,2.017764,19.525946,96.423753,1,0,441.461079
1789937724,1,-119.641155,49.828442,0.000000,2.000101,21.796231,104.110387,1,0,436.081167
1789937730,1,-119.642967,49.828354,0.000000,2.000000,21.612514,130.747731,1,0,435.352722
1789937736,1,-119.644643,49.827942,0.000000,2.000000,21.761864,129.009302,1,0,441.918766
1789937741,1,-119.645763,49.827293,0.000000,2.000000,21.308748,108.194357,1,0,449.925879
1789937747,1,-119.646563,49.826328,0.000000,2.000000,19.642394,121.801218,1,0,458.496007
1789937752,1,-119.646918,49.825515,0.000000,2.000000,18.613512,93.971453,1,0,465.957896
1789937757,1,-119.647265,49.824676,0.000000,2.008389,19.814082,96.607573,1,0,473.525271
1789937762,1,-119.647742,49.823790,0.000000,2.000072,21.586159,104.360103,1,0,481.728464
1789937766,1,-119.648311,49.823076,0.000000,2.000002,22.684894,89.355143,1,0,488.535079
1789937771,1,-119.649193,49.822202,0.000000,2.000000,23.291123,116.103514,1,0,495.931359
1789937775,1,-119.649927,49.821505,0.000000,2.000000,23.959329,93.813386,1,0,500.216830
1789937779,1,-119.650719,49.820758,0.000000,2.000000,25.811925,100.760344,1,0,503.618886
1789937783,1,-119.651541,49.819967,0.000000,2.031933,26.874048,106.022251,1,0,506.361066
1789937788,1,-119.652569,49.818950,0.000000,2.000109,27.045499,135.170649,1,0,508.516731
1789937792,1,-119.653188,49.818071,0.000000,2.000001,26.900057,107.445792,1,0,508.590819
1789937797,1,-119.653738,49.816932,0.000000,2.000000,26.074094,132.735537,1,0,507.706105
1789937801,1,-119.654264,49.816077,0.000000,2.000000,25.225159,102.362703,1,0,507.156200
1789937805,1,-119.655089,49.815356,0.000000,2.000000,24.839141,99.786896,1,0,506.969967
1789937809,1,-119.656101,49.814744,0.000000,2.000000,24.859478,99.694275,1,0,506.784247
1789937813,1,-119.657067,49.814116,0.000000,2.000000,24.770263,98.560335,1,0,506.278956
1789937817,1,-119.657785,49.813351,0.000000,2.000000,25.060922,99.558037,1,0,504.934105
1789937822,1,-119.658525,49.812326,0.000000,2.000000,25.249308,125.842769,1,0,504.754706
1789937826,1,-119.659148,49.811502,0.000000,2.000000,25.631357,102.038195,1,0,504.698738
1789937830,1,-119.659950,49.810715,0.000000,2.000000,27.194861,104.860559,1,0,504.791809
1789937834,1,-119.660805,49.809894,0.000000,2.000000,27.402979,110.123437,1,0,504.952225
1789937838,1,-119.661568,49.809036,0.000000,2.000000,27.564291,110.114699,1,0,504.305776
1789937842,1,-119.662312,49.808171,0.000000,2.000000,27.499998,110.118603,1,0,503.690162
1789937846,1,-119.663026,49.807294,0.000000,2.000000,27.607867,110.263778,1,0,503.133992
1789937850,1,-119.663763,49.806437,0.000000,2.000000,27.187642,109.095960,1,0,500.558823
1789937854,1,-119.664704,49.805723,0.000000,2.002713,25.401965,104.384178,1,0,499.354287
1789937859,1,-119.666156,49.805114,0.000000,2.000006,24.922063,124.553597,1,0,494.307729
1789937864,1,-119.667817,49.804747,0.000000,2.000000,25.466863,126.342788,1,0,491.795078
1789937869,1,-119.669573,49.804387,0.000000,3.553294,27.414801,132.607774,1,0,493.416173
1789937874,1,-119.671379,49.804018,0.000000,2.007827,27.359513,136.341765,1,0,499.826088
1789937878,1,-119.672831,49.803722,0.000000,2.000048,27.385528,109.594615,1,0,504.709246
1789937882,1,-119.674288,49.803423,0.000000,2.000000,27.517471,110.038478,1,0,509.029470
1789937886,1,-119.675745,49.803126,0.000000,2.000000,27.543413,109.971510,1,0,512.692287
1789937891,1,-119.677561,49.802748,0.000000,2.000000,27.454822,137.332041,1,0,517.295862
1789937896,1,-119.679389,49.802387,0.000000,2.000000,27.392242,137.591089,1,0,521.764365
1789937900,1,-119.680867,49.802150,0.000000,2.000176,27.413858,109.621135,1,0,526.705186
1789937904,1,-119.682351,49.801922,0.000000,2.005114,27.475624,109.805004,1,0,531.302420
1789937909,1,-119.684205,49.801640,0.000000,2.000005,27.434773,137.109593,1,0,537.098650
1789937914,1,-119.686060,49.801355,0.000000,2.000000,27.333463,137.256489,1,0,542.646578
1789937919,1,-119.687918,49.801066,0.000000,2.054109,27.535122,137.570045,1,0,548.245689
1789937924,1,-119.689776,49.800778,0.000000,2.019305,27.564042,137.544202,1,0,552.626362
1789937928,1,-119.691310,49.800553,0.000000,2.126004,28.974069,113.236540,1,0,555.202510
1789937932,1,-119.692904,49.800381,0.000000,2.000441,29.049257,116.339590,1,0,556.657726
1789937936,1,-119.694507,49.800280,0.000000,2.000002,28.901466,115.949133,1,0,557.246047
1789937941,1,-119.696581,49.800258,0.000000,2.000000,31.203702,149.331979,1,0,558.280951
1789937945,1,-119.698386,49.800341,0.000000,2.000000,32.910116,130.273603,1,0,559.756852
1789937949,1,-119.700193,49.800534,0.000000,2.003684,32.930284,131.849593,1,0,562.346188
1789937953,1,-119.701957,49.800819,0.000000,2.000001,32.562236,130.891599,1,0,566.364050
1789937958,1,-119.704058,49.801298,0.000000,4.748045,31.748075,160.366174,1,0,571.803494
1789937962,1,-119.705637,49.801760,0.000000,4.748651,30.751697,124.752759,1,0,576.451294
1789937967,1,-119.707446,49.802419,0.000000,4.748652,29.383257,149.447312,1,0,581.983351
1789937971,1,-119.708826,49.802950,0.000000,4.748652,28.727526,115.581833,1,0,584.616402
1789937976,1,-119.710534,49.803606,0.000000,4.748652,28.716461,142.984844,1,0,586.402359
1789937980,1,-119.711916,49.804139,0.000000,4.748652,29.117442,115.819404,1,0,586.530003
1789937984,1,-119.713343,49.804643,0.000000,4.748652,29.411821,117.034943,1,0,585.883965
1789937988,1,-119.714877,49.805044,0.000000,4.748652,30.097615,119.104502,1,0,583.540601
1789937992,1,-119.716520,49.805319,0.000000,4.748651,30.798777,122.175159,1,0,580.217791
1789937996,1,-119.718227,49.805447,0.000000,4.748651,30.929103,123.713247,1,0,578.368178
1789938000,1,-119.719954,49.805441,0.000000,4.748651,31.043649,124.332793,1,0,576.907092
1789938004,1,-119.721671,49.805416,0.000000,4.748651,30.800634,123.642325,1,0,575.332858
1789938008,1,-119.723387,49.805385,0.000000,4.748652,30.987357,123.587132,1,0,572.780820
1789938012,1,-119.725114,49.805357,0.000000,4.748652,31.156586,124.369873,1,0,568.648106
1789938017,1,-119.727296,49.805326,0.000000,4.748652,31.597442,157.125115,1,0,561.760051
1789938021,1,-119.729067,49.805366,0.000000,4.748652,32.110946,127.575893,1,0,554.246745
1789938026,1,-119.731272,49.805605,0.000000,4.748652,32.156482,160.953450,1,0,544.001341
1789938030,1,-119.733002,49.805850,0.000000,4.748652,31.721767,127.493008,1,0,536.218195
1789938035,1,-119.735154,49.806176,0.000000,4.748652,31.909653,159.113981,1,0,530.446457
1789938039,1,-119.736813,49.806551,0.000000,4.748652,31.432099,126.509284,1,0,529.131588
1789938043,1,-119.738332,49.807054,0.000000,4.748652,30.688939,122.838073,1,0,530.829242
1789938047,1,-119.739799,49.807614,0.000000,4.748652,30.696195,122.613826,1,0,532.517543
1789938052,1,-119.741702,49.808219,0.000000,4.748652,30.588202,152.637088,1,0,535.159214
1789938057,1,-119.743743,49.808617,0.000000,4.748652,30.871750,153.460261,1,0,537.191903
1789938061,1,-119.745437,49.808856,0.000000,4.748652,31.404814,124.818529,1,0,538.635854
1789938066,1,-119.747566,49.809152,0.000000,4.748652,31.377827,156.767715,1,0,543.278541
1789938070,1,-119.749259,49.809393,0.000000,4.748652,30.976565,124.795954,1,0,549.356421
1789938075,1,-119.751321,49.809712,0.000000,4.748652,30.157942,152.615102,1,0,556.977104
1789938080,1,-119.753249,49.810185,0.000000,4.748652,29.495577,148.425247,1,0,564.866188
1789938084,1,-119.754681,49.810693,0.000000,4.748652,29.458079,117.554666,1,0,571.366309
1789938088,1,-119.756091,49.811256,0.000000,4.748652,30.068447,119.264359,1,0,577.461955
1789938092,1,-119.757535,49.811831,0.000000,4.748652,30.901096,122.048401,1,0,583.849223
1789938096,1,-119.759008,49.812426,0.000000,4.748652,31.560273,124.994918,1,0,590.662351
1789938100,1,-119.760515,49.813027,0.000000,4.748652,31.832179,127.426767,1,0,597.038735
1789938104,1,-119.762017,49.813636,0.000000,4.748652,31.880462,127.590859,1,0,603.660960
1789938109,1,-119.763914,49.814384,0.000000,4.748652,31.945073,159.908191,1,0,612.399681
1789938113,1,-119.765465,49.814946,0.000000,4.748652,32.021892,127.949543,1,0,618.827241
1789938117,1,-119.767062,49.815443,0.000000,4.748652,31.764243,127.552380,1,0,623.980222
1789938121,1,-119.768691,49.815865,0.000000,4.748652,31.305249,126.299708,1,0,628.397151
1789938125,1,-119.770317,49.816218,0.000000,4.748652,30.693938,123.447846,1,0,632.612898
1789938130,1,-119.772346,49.816627,0.000000,4.748652,30.374488,152.966054,1,0,637.597993
1789938135,1,-119.774332,49.817021,0.000000,4.748652,29.425553,149.516422,1,0,642.653691
1789938140,1,-119.776223,49.817418,0.000000,4.748652,28.278741,143.095649,1,0,647.210267
1789938145,1,-119.778028,49.817904,0.000000,4.748652,28.152289,140.719684,1,0,652.286120
1789938149,1,-119.779400,49.818428,0.000000,4.748652,29.141336,114.673107,1,0,656.371488
1789938154,1,-119.781051,49.819253,0.000000,4.748652,30.816212,150.146296,1,0,662.045159
1789938159,1,-119.782734,49.820209,0.000000,4.748652,32.677829,161.184880,1,0,667.881714
1789938164,1,-119.784412,49.821162,0.000000,4.748652,31.909193,160.694401,1,0,671.011409
1789938168,1,-119.785734,49.821912,0.000000,4.748652,31.472698,126.542221,1,0,671.427327
1789938173,1,-119.787353,49.822840,0.000000,4.748652,30.939734,155.670264,1,0,670.301685
1789938177,1,-119.788632,49.823565,0.000000,4.748651,30.474833,122.381856,1,0,669.673331
1789938181,1,-119.789888,49.824284,0.000000,4.748652,30.058151,120.698382,1,0,668.840012
1789938186,1,-119.791435,49.825168,0.000000,4.748651,29.489663,148.537523,1,0,668.818016
1789938191,1,-119.792978,49.826026,0.000000,4.748652,29.180849,146.420509,1,0,672.181445
1789938195,1,-119.794252,49.826668,0.000000,4.748652,28.984783,116.213416,1,0,676.308491
1789938199,1,-119.795570,49.827257,0.000000,4.748652,28.783783,115.277507,1,0,681.507089
1789938204,1,-119.797283,49.827922,0.000000,4.748652,28.737004,143.765374,1,0,689.820031
1789938208,1,-119.798705,49.828405,0.000000,4.748652,28.985934,115.579623,1,0,696.652215
1789938212,1,-119.800177,49.828831,0.000000,4.748652,29.097245,116.047078,1,0,703.497396
1789938216,1,-119.801668,49.829237,0.000000,4.748652,29.090428,116.415651,1,0,710.353604
1789938221,1,-119.803534,49.829746,0.000000,4.748652,29.147560,145.721602,1,0,719.088246
1789938226,1,-119.805407,49.830250,0.000000,4.748652,29.193762,145.971532,1,0,727.711293
1789938230,1,-119.806904,49.830659,0.000000,4.748652,29.218225,116.933876,1,0,734.873379
1789938234,1,-119.808395,49.831074,0.000000,4.748652,29.218963,116.798588,1,0,741.719032
1789938239,1,-119.810183,49.831700,0.000000,4.748652,29.300723,146.295771,1,0,750.045613
1789938243,1,-119.811499,49.832324,0.000000,4.748652,29.374758,117.411736,1,0,755.375992
1789938248,1,-119.812998,49.833224,0.000000,4.748652,29.562658,147.165731,1,0,760.883279
1789938252,1,-119.814156,49.833970,0.000000,4.748652,29.416459,117.600060,1,0,764.517486
1789938256,1,-119.815314,49.834716,0.000000,4.748652,29.356327,117.594275,1,0,768.619052
1789938261,1,-119.816760,49.835645,0.000000,4.748652,29.345139,146.641871,1,0,773.982278
1789938266,1,-119.818226,49.836553,0.000000,4.748652,29.103479,146.041162,1,0,780.805632
1789938271,1,-119.819725,49.837434,0.000000,4.748652,29.165446,145.728817,1,0,788.038264
1789938276,1,-119.821241,49.838305,0.000000,4.748652,29.147758,145.895442,1,0,794.864975
1789938280,1,-119.822460,49.838993,0.000000,4.748652,29.140612,116.404431,1,0,800.757280
1789938284,1,-119.823680,49.839684,0.000000,4.748652,29.278730,116.671579,1,0,806.146436
1789938288,1,-119.824902,49.840378,0.000000,4.748652,29.280580,116.999892,1,0,811.557217
1789938292,1,-119.826132,49.841069,0.000000,4.748652,29.599110,117.213957,1,0,816.627416
1789938296,1,-119.827450,49.841777,0.000000,4.748652,31.328455,123.263916,1,0,822.486229
1789938300,1,-119.828761,49.842545,0.000000,4.748652,31.543849,127.258188,1,0,827.910300
1789938305,1,-119.830143,49.843550,0.000000,4.748652,29.252173,149.613085,1,0,833.613772
1789938309,1,-119.831019,49.844437,0.000000,4.748652,29.180001,117.076746,1,0,837.844346
1789938313,1,-119.831754,49.845374,0.000000,4.748652,29.193170,116.876208,1,0,842.193861
1789938317,1,-119.832479,49.846317,0.000000,4.748652,29.285113,117.149894,1,0,846.833723
1789938322,1,-119.833551,49.847439,0.000000,4.748652,29.348819,146.714210,1,0,852.062078
1789938327,1,-119.834867,49.848449,0.000000,4.748652,29.465577,146.920200,1,0,856.946923
1789938332,1,-119.836343,49.849375,0.000000,4.748652,29.593344,147.927895,1,0,861.843439
1789938337,1,-119.837830,49.850295,0.000000,4.748652,29.647093,148.034687,1,0,866.959009
1789938341,1,-119.839021,49.851032,0.000000,4.748652,29.726501,118.577502,1,0,871.112767
1789938345,1,-119.840211,49.851773,0.000000,4.748652,29.778652,118.833840,1,0,875.053909
1789938350,1,-119.841531,49.852798,0.000000,4.748652,29.648985,148.378547,1,0,879.713255
1789938355,1,-119.842410,49.854007,0.000000,4.748652,29.750885,148.609304,1,0,884.842490
1789938360,1,-119.843115,49.855265,0.000000,4.748652,29.782001,148.845209,1,0,890.375127
1789938365,1,-119.843982,49.856477,0.000000,4.748652,29.745586,148.547277,1,0,895.870675
1789938370,1,-119.845316,49.857495,0.000000,4.748652,29.782659,148.424818,1,0,901.337106
1789938375,1,-119.847048,49.858233,0.000000,4.748652,29.959674,149.191147,1,0,906.764207
1789938380,1,-119.848879,49.858862,0.000000,4.748652,29.827843,149.114712,1,0,912.170503
1789938385,1,-119.850712,49.859488,0.000000,4.748652,29.782952,149.085699,1,0,918.204415
1789938390,1,-119.852520,49.860130,0.000000,4.748652,29.551050,148.347132,1,0,923.924247
1789938395,1,-119.854271,49.860824,0.000000,4.748652,29.516774,147.707216,1,0,929.853805
1789938399,1,-119.855648,49.861397,0.000000,4.748652,29.402356,117.769938,1,0,934.416095
1789938403,1,-119.857031,49.861963,0.000000,4.748652,29.434470,117.714744,1,0,939.118999
1789938407,1,-119.858417,49.862524,0.000000,4.748652,29.407699,117.601073,1,0,943.887896
1789938412,1,-119.860248,49.863122,0.000000,4.748652,29.588760,147.528807,1,0,949.318742
1789938417,1,-119.862190,49.863552,0.000000,4.748652,29.782600,147.613592,1,0,955.272358
1789938422,1,-119.864187,49.863839,0.000000,4.748652,28.262184,147.109666,1,0,960.556664
1789938427,1,-119.865981,49.864068,0.000000,4.748652,25.342064,131.497039,1,0,965.535529
1789938431,1,-119.867317,49.864259,0.000000,4.748652,24.289257,98.392853,1,0,969.708144
1789938435,1,-119.868559,49.864547,0.000000,4.748652,23.500754,94.884400,1,0,973.760681
1789938440,1,-119.869926,49.865097,0.000000,4.748652,23.042813,115.786401,1,0,979.706321
1789938444,1,-119.870833,49.865666,0.000000,4.748652,22.503514,90.887420,1,0,984.645486
1789938449,1,-119.871813,49.866435,0.000000,4.748652,22.104138,110.835208,1,0,990.755711
1789938454,1,-119.872877,49.867263,0.000000,4.748652,25.529840,119.742825,1,0,998.452795
1789938459,1,-119.874081,49.868227,0.000000,4.748652,29.000410,137.827003,1,0,1007.079455
1789938463,1,-119.875260,49.869020,0.000000,4.748652,31.556568,122.346253,1,0,1014.800758
1789938467,1,-119.876633,49.869751,0.000000,4.748652,31.760369,127.901944,1,0,1022.519434
1789938471,1,-119.878065,49.870351,0.000000,4.748652,30.135307,122.706049,1,0,1029.524363
1789938476,1,-119.879947,49.870939,0.000000,4.748652,30.112719,150.300956,1,0,1037.851181
1789938481,1,-119.881936,49.871362,0.000000,4.748652,30.162187,150.557072,1,0,1046.323676
1789938485,1,-119.883582,49.871574,0.000000,4.748652,30.175411,120.678819,1,0,1052.958072
1789938489,1,-119.885254,49.871685,0.000000,4.748652,30.223891,120.854005,1,0,1059.594914
1789938494,1,-119.887359,49.871649,0.000000,4.748652,30.275284,151.408586,1,0,1067.783075
1789938498,1,-119.889035,49.871578,0.000000,4.748652,30.162047,120.767968,1,0,1074.518872
1789938503,1,-119.891193,49.871483,0.000000,4.748652,31.523535,155.526320,1,0,1083.408112
1789938507,1,-119.892954,49.871452,0.000000,4.748652,31.659021,126.668426,1,0,1090.319837
1789938511,1,-119.894708,49.871546,0.000000,4.748652,31.448241,126.551074,1,0,1097.820116
1789938515,1,-119.896430,49.871757,0.000000,4.748652,31.561675,126.022838,1,0,1104.984855
1789938519,1,-119.898155,49.871993,0.000000,4.748652,31.607998,126.781518,1,0,1112.273334
1789938523,1,-119.899876,49.872226,0.000000,4.748652,31.586680,126.431453,1,0,1119.376870
1789938527,1,-119.901594,49.872462,0.000000,4.748652,31.539618,126.289431,1,0,1126.527184
1789938532,1,-119.903745,49.872754,0.000000,4.748652,31.580382,158.039222,1,0,1135.236504
1789938536,1,-119.905464,49.872980,0.000000,4.748651,31.459184,126.133633,1,0,1142.412153
1789938540,1,-119.907194,49.873172,0.000000,4.748652,31.610974,126.214084,1,0,1149.607911
1789938544,1,-119.908948,49.873258,0.000000,4.748652,31.675340,126.481813,1,0,1156.637358
1789938548,1,-119.910706,49.873247,0.000000,4.748652,31.582614,126.413133,1,0,1163.470981
1789938553,1,-119.912888,49.873089,0.000000,4.748652,31.666238,157.876198,1,0,1171.767326
1789938557,1,-119.914616,49.872885,0.000000,4.748652,31.576148,126.305948,1,0,1178.164518
1789938561,1,-119.916346,49.872694,0.000000,4.748652,31.442988,126.196009,1,0,1185.102463
1789938566,1,-119.918478,49.872480,0.000000,4.748652,30.748175,155.137554,1,0,1193.609670
1789938571,1,-119.920538,49.872275,0.000000,4.748652,28.892617,149.868446,1,0,1202.168599
1789938575,1,-119.922116,49.872075,0.000000,4.748652,28.598930,115.626182,1,0,1208.393379
1789938579,1,-119.923584,49.871804,0.000000,4.748652,27.236443,109.776853,1,0,1214.362262
1789938583,1,-119.925007,49.871401,0.000000,4.748652,28.797076,111.711358,1,0,1220.726265
1789938587,1,-119.926448,49.870855,0.000000,4.748652,30.977555,120.106264,1,0,1227.508534
1789938591,1,-119.927894,49.870232,0.000000,4.748652,31.082325,124.956751,1,0,1234.046794
1789938596,1,-119.929797,49.869596,0.000000,4.748652,30.787372,154.045157,1,0,1242.663759
1789938601,1,-119.931845,49.869280,0.000000,4.748652,30.148128,151.399299,1,0,1251.563499
1789938605,1,-119.933511,49.869313,0.000000,4.748652,29.835371,119.850063,1,0,1258.464735
1789938610,1,-119.935495,49.869685,0.000000,4.748652,29.689060,148.541214,1,0,1266.647621
1789938615,1,-119.937233,49.870394,0.000000,4.748652,29.573061,147.780726,1,0,1274.854436
1789938620,1,-119.938601,49.871380,0.000000,4.748652,29.532192,147.336898,1,0,1282.975457
1789938624,1,-119.939356,49.872323,0.000000,4.748652,29.490914,118.122369,1,0,1289.445845
1789938629,1,-119.939810,49.873614,0.000000,4.748652,29.567209,147.285949,1,0,1297.119725
1789938633,1,-119.939776,49.874672,0.000000,4.748652,29.459471,117.727175,1,0,1303.433760
1789938637,1,-119.939379,49.875701,0.000000,4.748652,29.494395,117.980503,1,0,1309.601529
1789938641,1,-119.938716,49.876672,0.000000,4.748652,29.477422,118.073196,1,0,1316.214702
1789938645,1,-119.938020,49.877632,0.000000,4.748652,29.519776,117.941700,1,0,1322.411414
1789938650,1,-119.937147,49.878830,0.000000,4.748652,29.520178,147.317607,1,0,1330.190097
1789938654,1,-119.936446,49.879789,0.000000,4.748652,29.500456,117.992123,1,0,1336.527527
1789938658,1,-119.935750,49.880748,0.000000,4.748652,29.509593,117.839167,1,0,1343.009801
1789938663,1,-119.934878,49.881947,0.000000,4.748652,29.523988,147.385400,1,0,1350.608029
1789938668,1,-119.934005,49.883149,0.000000,4.748652,29.519821,147.718232,1,0,1358.347951
1789938673,1,-119.933166,49.884356,0.000000,4.748652,29.550103,147.201682,1,0,1366.510324
1789938678,1,-119.932601,49.885629,0.000000,4.748652,29.628504,147.330834,1,0,1374.183786
1789938682,1,-119.932455,49.886686,0.000000,4.748652,29.609652,118.059571,1,0,1380.399010
1789938686,1,-119.932572,49.887745,0.000000,4.748652,29.607413,118.114594,1,0,1386.814526
1789938690,1,-119.932950,49.888750,0.000000,4.748652,28.160504,115.061756,1,0,1392.560195
1789938694,1,-119.933530,49.889651,0.000000,4.748652,27.002192,108.560751,1,0,1397.780671
1789938698,1,-119.934327,49.890510,0.000000,4.748652,28.612123,111.419298,1,0,1403.623188
1789938703,1,-119.935710,49.891503,0.000000,4.748652,30.155919,148.612054,1,0,1411.812452
1789938707,1,-119.937037,49.892164,0.000000,4.748652,30.224810,120.436937,1,0,1418.792778
1789938712,1,-119.938915,49.892771,0.000000,4.748652,30.263650,150.933497,1,0,1427.187650
1789938717,1,-119.940948,49.893116,0.000000,4.748652,30.195056,151.081619,1,0,1435.268462
1789938721,1,-119.942614,49.893265,0.000000,4.748652,30.314156,120.888268,1,0,1441.899826
1789938726,1,-119.944772,49.893444,0.000000,4.748652,31.560889,156.382961,1,0,1450.951931
1789938730,1,-119.946513,49.893606,0.000000,4.748652,31.540602,126.428623,1,0,1457.902834
1789938734,1,-119.948227,49.893763,0.000000,4.748652,30.198603,124.428910,1,0,1464.768611
1789938738,1,-119.949833,49.893913,0.000000,4.748652,28.352360,116.634311,1,0,1471.057040
1789938742,1,-119.951273,49.894044,0.000000,4.748652,24.660939,104.523868,1,0,1476.100154
1789938746,1,-119.952543,49.894167,0.000000,4.748652,22.718387,92.303783,1,0,1480.816707
1789938751,1,-119.954217,49.894340,0.000000,4.748652,25.314921,121.839473,1,0,1488.677731
1789938756,1,-119.955915,49.894478,0.000000,4.748652,24.471467,122.996665,1,0,1496.049208
1789938761,1,-119.957665,49.894594,0.000000,4.748652,26.180800,126.432437,1,0,1503.501761
1789938766,1,-119.959606,49.894681,0.000000,4.748652,28.961755,139.834746,1,0,1512.099824
1789938771,1,-119.961663,49.894745,0.000000,4.748652,29.783021,148.007828,1,0,1520.503958
1789938776,1,-119.963726,49.894806,0.000000,4.748652,29.456082,148.423107,1,0,1528.660841
1789938780,1,-119.965369,49.894852,0.000000,4.748652,29.485718,118.193444,1,0,1535.225910
1789938784,1,-119.967014,49.894900,0.000000,4.748652,29.510105,118.347003,1,0,1541.776685
1789938788,1,-119.968655,49.894945,0.000000,4.748652,29.512553,118.045308,1,0,1548.142250
1789938792,1,-119.970300,49.894992,0.000000,4.748652,29.577416,118.342272,1,0,1554.486600
1789938796,1,-119.971946,49.895067,0.000000,4.748652,29.524190,118.592585,1,0,1560.599506
1789938800,1,-119.973572,49.895230,0.000000,4.748652,29.556624,118.260062,1,0,1566.962002
1789938804,1,-119.975174,49.895471,0.000000,4.748652,29.559380,118.217338,1,0,1573.135316
1789938808,1,-119.976744,49.895797,0.000000,4.748652,29.602600,118.522555,1,0,1579.434727
1789938812,1,-119.978266,49.896198,0.000000,4.748652,29.480181,118.135029,1,0,1585.775731
1789938816,1,-119.979731,49.896680,0.000000,4.748652,29.535892,118.159809,1,0,1592.035321
1789938820,1,-119.981135,49.897231,0.000000,4.748652,29.610133,118.067841,1,0,1598.313449
1789938824,1,-119.982464,49.897854,0.000000,4.748652,29.520034,118.014910,1,0,1604.563964
1789938829,1,-119.984006,49.898725,0.000000,4.748652,29.338173,147.215556,1,0,1612.822822
1789938834,1,-119.985483,49.899648,0.000000,4.748652,29.451744,147.686321,1,0,1621.498340
1789938839,1,-119.986949,49.900571,0.000000,4.748652,29.391128,147.119407,1,0,1629.768459
1789938844,1,-119.988442,49.901469,0.000000,4.748652,29.367342,146.605871,1,0,1639.310737
1789938848,1,-119.989732,49.902113,0.000000,4.748652,29.471069,117.165200,1,0,1646.344592
1789938852,1,-119.991131,49.902662,0.000000,4.748652,29.471994,117.637464,1,0,1653.274553
1789938856,1,-119.992631,49.903093,0.000000,4.748652,29.557117,117.980383,1,0,1660.060771
1789938860,1,-119.994190,49.903430,0.000000,4.748652,29.593590,118.143563,1,0,1666.573837
1789938864,1,-119.995772,49.903729,0.000000,4.748652,29.582860,118.456226,1,0,1673.281601
1789938869,1,-119.997751,49.904096,0.000000,4.748652,29.578868,147.964932,1,0,1682.014076
1789938873,1,-119.999335,49.904391,0.000000,4.748652,29.654792,118.458981,1,0,1688.786148
1789938877,1,-120.000925,49.904680,0.000000,4.748652,29.724281,118.690851,1,0,1694.747818
1789938882,1,-120.002914,49.905060,0.000000,4.748652,29.825756,149.045707,1,0,1700.769670
1789938886,1,-120.004513,49.905356,0.000000,4.748652,29.894658,119.525941,1,0,1704.442974
1789938890,1,-120.006106,49.905657,0.000000,4.748652,29.740122,119.266604,1,0,1707.199894
1789938894,1,-120.007707,49.905953,0.000000,4.748652,29.933084,119.664199,1,0,1708.706559
1789938898,1,-120.009307,49.906252,0.000000,4.748652,29.934240,119.687478,1,0,1709.481322
1789938902,1,-120.010905,49.906548,0.000000,4.748652,29.837297,119.457000,1,0,1709.983085
1789938906,1,-120.012500,49.906843,0.000000,4.748652,29.759615,119.219132,1,0,1710.830861
1789938911,1,-120.014494,49.907212,0.000000,4.748652,29.776441,149.048862,1,0,1711.524286
1789938916,1,-120.016483,49.907580,0.000000,4.748652,29.733140,148.672844,1,0,1712.177376
1789938920,1,-120.018076,49.907873,0.000000,4.748652,29.706502,119.019880,1,0,1712.829110
1789938924,1,-120.019662,49.908174,0.000000,4.748652,29.701194,118.784059,1,0,1713.421879
1789938928,1,-120.021224,49.908513,0.000000,4.748652,29.499601,118.408541,1,0,1714.723934
1789938932,1,-120.022775,49.908861,0.000000,4.748652,29.417208,117.984367,1,0,1716.659012
1789938936,1,-120.024320,49.909205,0.000000,4.748652,29.327698,117.431430,1,0,1719.038898
1789938940,1,-120.025867,49.909548,0.000000,4.748652,29.410487,117.520038,1,0,1721.875284
1789938944,1,-120.027417,49.909893,0.000000,4.748652,29.482337,117.796300,1,0,1724.949191
1789938949,1,-120.029356,49.910325,0.000000,4.748652,29.499171,147.374541,1,0,1728.570678
1789938954,1,-120.031308,49.910761,0.000000,4.748652,29.750139,148.402768,1,0,1730.553776
1789938959,1,-120.033270,49.911197,0.000000,4.748652,29.802818,149.082012,1,0,1730.902988
1789938964,1,-120.035257,49.911600,0.000000,4.748652,30.041162,149.640851,1,0,1729.360835
1789938969,1,-120.037295,49.911910,0.000000,4.748652,30.133988,150.436997,1,0,1725.605122
1789938974,1,-120.038952,49.912087,0.000000,4.748652,30.292234,120.672776,1,0,1721.029294
1789938979,1,-120.041060,49.912225,0.000000,4.748652,30.489732,152.235455,1,0,1714.122328
1789938983,1,-120.042759,49.912254,0.000000,4.748652,30.481189,122.115217,1,0,1708.600447
1789938987,1,-120.044461,49.912224,0.000000,4.748652,30.581187,122.333569,1,0,1702.960611
1789938992,1,-120.046573,49.912091,0.000000,4.748652,30.558127,152.465959,1,0,1695.461789
1789938996,1,-120.048263,49.911975,0.000000,4.748652,30.577671,122.109505,1,0,1689.634971
1789939000,1,-120.049953,49.911847,0.000000,4.748652,30.573253,122.257708,1,0,1683.882843
1789939004,1,-120.051638,49.911721,0.000000,4.748652,30.558182,121.875009,1,0,1677.998205
1789939008,1,-120.053327,49.911600,0.000000,4.748652,30.472500,122.097807,1,0,1672.246503
1789939012,1,-120.055015,49.911479,0.000000,4.748652,30.531263,122.026285,1,0,1666.354422
1789939016,1,-120.056697,49.911352,0.000000,4.748652,30.462686,121.673432,1,0,1660.666828
1789939020,1,-120.058375,49.911229,0.000000,4.748652,30.302989,121.336879,1,0,1654.859535
1789939024,1,-120.060048,49.911109,0.000000,4.748652,30.113351,120.942524,1,0,1649.045698
1789939028,1,-120.061710,49.910989,0.000000,4.748652,29.973870,120.156943,1,0,1643.851315
1789939032,1,-120.063362,49.910861,0.000000,4.748652,29.808567,119.545594,1,0,1639.209924
1789939036,1,-120.065011,49.910725,0.000000,4.748652,29.912527,119.440988,1,0,1635.041316
1789939039,1,-120.066667,49.910575,0.000000,4.748652,30.115226,120.146239,1,0,1630.041885
1789939044,1,-120.068749,49.910352,0.000000,4.748652,30.400369,151.632482,1,0,1622.092714
1789939049,1,-120.070845,49.910086,0.000000,4.748652,30.869926,153.474960,1,0,1612.508450
1789939053,1,-120.072507,49.909864,0.000000,4.748652,30.319099,121.939767,1,0,1605.119564
1789939057,1,-120.074191,49.909642,0.000000,4.748652,31.049331,123.487957,1,0,1599.152595
1789939062,1,-120.076260,49.909363,0.000000,4.748652,30.086428,151.860431,1,0,1593.435380
1789939067,1,-120.077881,49.909146,0.000000,4.748652,29.540255,118.942069,1,0,1591.186856
1789939071,1,-120.079475,49.908934,0.000000,4.748652,29.149458,116.929706,1,0,1590.508563
1789939075,1,-120.081065,49.908723,0.000000,4.748652,29.157755,116.625779,1,0,1589.969890
1789939079,1,-120.082663,49.908513,0.000000,4.748652,29.317763,117.166616,1,0,1589.762188
1789939083,1,-120.084264,49.908294,0.000000,4.748652,29.418887,117.581234,1,0,1589.513375
1789939088,1,-120.086277,49.908031,0.000000,4.748652,29.645414,147.560722,1,0,1588.594152
1789939093,1,-120.088298,49.907756,0.000000,4.748652,29.665180,148.393605,1,0,1586.932309
1789939097,1,-120.089916,49.907536,0.000000,4.748652,29.725690,118.799227,1,0,1586.039336
1789939101,1,-120.091531,49.907321,0.000000,4.748652,29.621596,118.474735,1,0,1585.094037
1789939105,1,-120.093139,49.907103,0.000000,4.748652,29.454934,118.050308,1,0,1584.866841
1789939110,1,-120.095143,49.906836,0.000000,4.748652,29.281158,147.016169,1,0,1585.779726
1789939115,1,-120.097137,49.906570,0.000000,4.748652,29.193144,146.290065,1,0,1587.880450
1789939120,1,-120.099134,49.906304,0.000000,4.748652,29.296724,146.501222,1,0,1591.170973
1789939125,1,-120.101126,49.906036,0.000000,4.748652,29.221573,146.194714,1,0,1595.908130
1789939129,1,-120.102715,49.905823,0.000000,4.748652,29.150042,116.600568,1,0,1600.798295
1789939133,1,-120.104307,49.905612,0.000000,4.748652,29.179902,116.766785,1,0,1606.721302
1789939137,1,-120.105898,49.905393,0.000000,4.748652,29.224287,116.878814,1,0,1613.389506
1789939141,1,-120.107497,49.905180,0.000000,4.748652,29.338366,117.304481,1,0,1619.649760
1789939145,1,-120.109101,49.904960,0.000000,4.748652,29.551575,117.815779,1,0,1625.475123
1789939150,1,-120.111110,49.904658,0.000000,4.748652,29.698463,148.203013,1,0,1632.174700
1789939154,1,-120.112715,49.904399,0.000000,4.748652,29.796079,118.862968,1,0,1636.386699
1789939159,1,-120.114722,49.904057,0.000000,4.748652,29.871572,149.150978,1,0,1640.427232
1789939162,1,-120.116323,49.903772,0.000000,4.748652,29.898870,119.331996,1,0,1642.967132
1789939167,1,-120.118325,49.903417,0.000000,4.748652,29.844047,149.180126,1,0,1645.117163
1789939171,1,-120.119927,49.903135,0.000000,4.748652,29.783946,119.313146,1,0,1646.471942
1789939175,1,-120.121528,49.902854,0.000000,4.748652,29.795078,119.214623,1,0,1647.970688
1789939180,1,-120.123524,49.902501,0.000000,4.748652,29.827679,148.705607,1,0,1649.838329
1789939184,1,-120.125124,49.902225,0.000000,4.748652,29.693941,119.000591,1,0,1651.321394
1789939188,1,-120.126723,49.901959,0.000000,4.748652,29.660303,118.648812,1,0,1652.438398
1789939193,1,-120.128330,49.901708,0.000000,4.748652,29.664639,118.802301,1,0,1654.248467
1789939198,1,-120.130346,49.901423,0.000000,4.748652,29.632623,148.292640,1,0,1656.028990
1789939202,1,-120.131964,49.901215,0.000000,4.748652,29.673803,118.544803,1,0,1657.753780
1789939207,1,-120.133996,49.900982,0.000000,4.748652,29.646109,148.296127,1,0,1659.500451
1789939211,1,-120.135629,49.900813,0.000000,4.748652,29.769339,118.838893,1,0,1659.830825
1789939215,1,-120.137270,49.900662,0.000000,4.748652,29.761948,119.107619,1,0,1659.498193
1789939220,1,-120.139329,49.900493,0.000000,4.748652,29.820585,149.142932,1,0,1657.774879
1789939225,1,-120.141406,49.900355,0.000000,4.748652,30.047224,150.034005,1,0,1655.349218
1789939229,1,-120.143067,49.900266,0.000000,4.748652,29.840812,119.763974,1,0,1654.141252
1789939233,1,-120.144709,49.900193,0.000000,4.748652,29.399486,118.267855,1,0,1654.373253
1789939237,1,-120.146341,49.900147,0.000000,4.748652,29.191341,117.381727,1,0,1655.924775
1789939241,1,-120.147964,49.900112,0.000000,4.748652,29.095579,116.688431,1,0,1659.045397
1789939245,1,-120.149588,49.900086,0.000000,4.748652,29.245175,116.731204,1,0,1662.500247
1789939250,1,-120.151631,49.900050,0.000000,4.748652,29.454628,146.858032,1,0,1665.238922
1789939255,1,-120.153690,49.900007,0.000000,4.748652,29.683508,148.030482,1,0,1666.280174
1789939259,1,-120.155348,49.899955,0.000000,4.748652,29.941746,119.278965,1,0,1665.433554
1789939263,1,-120.157007,49.899875,0.000000,4.748652,29.876263,119.542218,1,0,1663.783958
1789939267,1,-120.158665,49.899755,0.000000,4.748652,30.098200,119.884227,1,0,1660.676925
1789939271,1,-120.160333,49.899607,0.000000,4.748652,30.331229,120.982768,1,0,1656.578947
1789939275,1,-120.162001,49.899430,0.000000,4.748652,30.392445,121.463868,1,0,1651.669564
1789939279,1,-120.163651,49.899224,0.000000,4.748652,30.070611,120.770039,1,0,1647.745572
1789939282,1,-120.165271,49.898988,0.000000,4.748652,29.734124,119.343574,1,0,1645.087552
1789939286,1,-120.166868,49.898722,0.000000,4.748652,29.500429,118.520757,1,0,1643.459653
1789939290,1,-120.168429,49.898434,0.000000,4.748652,29.077629,116.665739,1,0,1642.878702
1789939294,1,-120.169971,49.898121,0.000000,4.748652,29.094359,116.156765,1,0,1643.571324
1789939298,1,-120.171502,49.897783,0.000000,4.748652,29.080104,116.272419,1,0,1644.864433
1789939302,1,-120.173022,49.897411,0.000000,4.748652,29.228973,116.810786,1,0,1646.228559
1789939307,1,-120.174910,49.896902,0.000000,4.748652,29.415942,147.022652,1,0,1648.142861
1789939311,1,-120.176406,49.896469,0.000000,4.748652,29.580563,117.808183,1,0,1649.489933
1789939316,1,-120.178257,49.895885,0.000000,4.748652,29.669125,148.040176,1,0,1650.292609
1789939321,1,-120.179719,49.895382,0.000000,4.748652,29.726430,119.039393,1,0,1650.347763
1789939326,1,-120.181519,49.894717,0.000000,4.748652,29.777490,149.018555,1,0,1649.084971
1789939330,1,-120.182928,49.894149,0.000000,4.748652,29.892409,119.366189,1,0,1647.263872
1789939335,1,-120.184660,49.893409,0.000000,4.748652,29.826212,149.243341,1,0,1644.473665
1789939339,1,-120.186020,49.892788,0.000000,4.748652,29.959583,119.697215,1,0,1641.284873
1789939344,1,-120.187691,49.891968,0.000000,4.748652,30.216920,150.817830,1,0,1636.322947
1789939348,1,-120.189004,49.891285,0.000000,4.748652,30.297140,121.157600,1,0,1631.557406
1789939352,1,-120.190285,49.890576,0.000000,4.748652,30.399501,121.236731,1,0,1626.120854
1789939356,1,-120.191534,49.889845,0.000000,4.748652,30.099866,121.129077,1,0,1620.178938
1789939361,1,-120.193008,49.888945,0.000000,4.748652,28.134199,145.777379,1,0,1612.461862
1789939365,1,-120.194045,49.888304,0.000000,4.748652,23.286544,103.158236,1,0,1606.698734
1789939370,1,-120.194936,49.887774,0.000000,4.748652,13.180961,87.054263,1,0,1601.670372
1789939376,1,-120.195278,49.887605,0.000000,4.748652,0.344228,30.948477,1,0,1601.455353
1789939743,1,-120.196532,49.886763,0.000000,4.748652,23.672188,129.998628,1,0,1597.898569
1789939747,1,-120.197603,49.886173,0.000000,4.748652,26.472289,101.167136,1,0,1595.760041
1789939751,1,-120.198869,49.885574,0.000000,4.748652,29.169320,112.790368,1,0,1594.681931
1789939754,1,-120.200314,49.884990,0.000000,4.748652,31.460493,122.511812,1,0,1595.135210
1789939758,1,-120.201908,49.884463,0.000000,4.748652,32.378683,128.704077,1,0,1597.237896
1789939763,1,-120.204016,49.883927,0.000000,4.748652,32.597289,162.846515,1,0,1602.568851
1789939767,1,-120.205758,49.883603,0.000000,4.748652,32.609094,130.310045,1,0,1609.084576
1789939771,1,-120.207548,49.883380,0.000000,4.748652,32.769393,131.045820,1,0,1615.958715
1789939775,1,-120.209367,49.883262,0.000000,4.748652,32.878845,131.418062,1,0,1622.931765
1789939779,1,-120.211203,49.883247,0.000000,4.748652,33.043960,131.993452,1,0,1629.664327
1789939783,1,-120.213040,49.883339,0.000000,4.748652,33.134107,132.450994,1,0,1635.218574
1789939788,1,-120.215316,49.883603,0.000000,4.748652,33.254514,166.228525,1,0,1640.387850
1789939792,1,-120.217093,49.883936,0.000000,4.748652,33.201677,133.005870,1,0,1643.420633
1789939796,1,-120.218833,49.884324,0.000000,4.748652,33.095703,132.321420,1,0,1645.945656
1789939800,1,-120.220633,49.884591,0.000000,4.748652,33.282625,132.761336,1,0,1646.703925
1789939805,1,-120.222945,49.884658,0.000000,4.748652,33.259622,166.368281,1,0,1645.512562
1789939809,1,-120.224775,49.884487,0.000000,4.748652,33.286202,132.920492,1,0,1643.486855
1789939813,1,-120.226542,49.884127,0.000000,4.748652,33.424831,133.187914,1,0,1640.119025
1789939817,1,-120.228262,49.883657,0.000000,4.748652,33.451285,134.246676,1,0,1635.313396
1789939822,1,-120.229994,49.883209,0.000000,4.748652,33.535556,134.112722,1,0,1629.309108
1789939827,1,-120.232250,49.882896,0.000000,4.748652,32.995636,165.871585,1,0,1622.504870
1789939831,1,-120.234067,49.882800,0.000000,4.748652,32.656142,131.052879,1,0,1617.518791
1789939836,1,-120.236337,49.882672,0.000000,4.748652,32.784363,163.801375,1,0,1611.297612
1789939840,1,-120.238157,49.882543,0.000000,4.748652,32.932172,131.617188,1,0,1606.161460
1789939844,1,-120.239960,49.882355,0.000000,4.748652,32.696329,131.287024,1,0,1602.372000
1789939849,1,-120.242171,49.882034,0.000000,4.748652,32.605513,162.902393,1,0,1600.042144
1789939853,1,-120.243924,49.881709,0.000000,4.748652,32.893918,131.100625,1,0,1598.797054
1789939858,1,-120.246105,49.881229,0.000000,4.748652,33.615427,165.628149,1,0,1596.933988
1789939862,1,-120.247908,49.880809,0.000000,1.434012,34.433407,137.775805,1,0,1594.672625
1789939867,1,-120.250168,49.880297,0.000000,4.748652,34.502628,172.158497,1,0,1593.592712
1789939872,1,-120.252484,49.879760,0.000000,4.748652,35.810191,176.882329,1,0,1592.416369
1789939874,1,-120.253895,49.879439,0.000000,4.748652,35.796969,107.534173,1,0,1591.670172
1789939877,1,-120.255306,49.879113,0.000000,1.457603,35.745274,107.729865,1,0,1589.819806
1789939882,1,-120.257642,49.878574,0.000000,4.748652,35.732285,178.326925,1,0,1592.770849
1789939886,1,-120.259520,49.878145,0.000000,4.748652,35.783581,143.202886,1,0,1593.101997
1789939890,1,-120.261394,49.877712,0.000000,4.748652,35.777290,143.081018,1,0,1594.033305
1789939893,1,-120.262802,49.877388,0.000000,4.748652,35.795980,107.452011,1,0,1594.387314
1789939896,1,-120.264211,49.877065,0.000000,4.748652,35.881952,107.482497,1,0,1594.568241
1789939900,1,-120.266100,49.876627,0.000000,4.748652,36.129517,144.283839,1,0,1593.155846
1789939903,1,-120.267513,49.876290,0.000000,4.748652,36.095307,108.282921,1,0,1591.174404
1789939906,1,-120.268916,49.875942,0.000000,4.748652,35.999945,108.041198,1,0,1589.053015
1789939910,1,-120.270767,49.875455,0.000000,4.748652,35.888712,143.681025,1,0,1586.277881
1789939914,1,-120.272596,49.874935,0.000000,4.748652,35.899777,143.656145,1,0,1583.648134
1789939917,1,-120.273952,49.874525,0.000000,4.748652,35.886531,107.630573,1,0,1581.368239
1789939921,1,-120.275738,49.873952,0.000000,4.748652,35.781168,143.366903,1,0,1579.587831
1789939924,1,-120.277059,49.873505,0.000000,4.748652,35.751028,107.211982,1,0,1578.993968
1789939927,1,-120.278364,49.873038,0.000000,4.748652,35.798327,107.254181,1,0,1578.585692
1789939930,1,-120.279659,49.872558,0.000000,4.748652,35.800556,107.337906,1,0,1578.240603
1789939933,1,-120.280945,49.872067,0.000000,4.748652,35.845187,107.394333,1,0,1577.832875
1789939936,1,-120.282221,49.871561,0.000000,4.748652,35.916959,107.639210,1,0,1577.196108
1789939940,1,-120.283921,49.870890,0.000000,4.748652,35.835191,143.224187,1,0,1576.793107
1789939943,1,-120.285193,49.870381,0.000000,4.748652,35.866308,107.569493,1,0,1576.031525
1789939947,1,-120.286471,49.869871,0.000000,4.748652,35.995558,107.994905,1,0,1574.221286
1789939951,1,-120.288176,49.869193,0.000000,4.748652,35.966105,143.947717,1,0,1570.998712
1789939955,1,-120.289882,49.868520,0.000000,4.748652,35.925191,143.718306,1,0,1567.716920
1789939959,1,-120.291668,49.867946,0.000000,4.748652,35.891283,143.427236,1,0,1564.552110
1789939963,1,-120.293560,49.867546,0.000000,4.748652,35.915809,143.141697,1,0,1561.646886
1789939966,1,-120.295031,49.867373,0.000000,4.748652,35.849720,107.512233,1,0,1559.352850
1789939969,1,-120.296522,49.867323,0.000000,4.748652,35.793023,107.357725,1,0,1557.337885
1789939973,1,-120.298506,49.867434,0.000000,4.748652,35.737851,143.197159,1,0,1555.069597
1789939976,1,-120.299955,49.867660,0.000000,4.748652,35.809415,107.184146,1,0,1553.486189
1789939979,1,-120.301357,49.867996,0.000000,4.748652,35.849263,107.520958,1,0,1551.798716
1789939983,1,-120.303112,49.868605,0.000000,4.748652,35.853476,143.234678,1,0,1549.525071
1789939986,1,-120.304307,49.869188,0.000000,4.748652,35.888935,107.660112,1,0,1547.665388
1789939990,1,-120.305726,49.870091,0.000000,4.748652,35.878413,143.192009,1,0,1545.556712
1789939992,1,-120.306631,49.870862,0.000000,4.748652,35.868024,107.668291,1,0,1544.009476
1789939996,1,-120.307690,49.871959,0.000000,4.748652,36.024301,143.853164,1,0,1540.362433
1789940000,1,-120.308741,49.873070,0.000000,4.748652,36.317846,144.875916,1,0,1534.930345
1789940004,1,-120.309789,49.874180,0.000000,4.748652,36.099819,144.668399,1,0,1529.384715
1789940007,1,-120.310569,49.875011,0.000000,4.748652,36.023325,108.131422,1,0,1525.336400
1789940010,1,-120.311345,49.875833,0.000000,4.748652,35.498427,107.126471,1,0,1522.952488
1789940015,1,-120.312614,49.877179,0.000000,4.748652,35.072013,175.353571,1,0,1523.793887
1789940020,1,-120.313896,49.878524,0.000000,4.748652,35.252832,175.747088,1,0,1530.241684
1789940024,1,-120.314920,49.879610,0.000000,4.748652,35.497732,141.482894,1,0,1535.993650
1789940028,1,-120.315950,49.880705,0.000000,4.748652,35.719788,142.562609,1,0,1541.528372
1789940031,1,-120.316730,49.881529,0.000000,4.748652,35.951807,107.463959,1,0,1544.572836
1789940035,1,-120.317770,49.882633,0.000000,4.748652,35.943124,143.791853,1,0,1548.351527
1789940039,1,-120.318775,49.883701,0.000000,4.748652,33.520538,139.062454,1,0,1552.202263
1789940043,1,-120.319694,49.884676,0.000000,4.748652,31.167584,127.006211,1,0,1557.689779
1789940048,1,-120.320829,49.885871,0.000000,4.748652,31.388803,155.987993,1,0,1565.354120
1789940052,1,-120.321756,49.886829,0.000000,4.748652,31.565271,125.698944,1,0,1572.180237
1789940056,1,-120.322774,49.887755,0.000000,4.748652,31.651463,126.367197,1,0,1578.555643
1789940060,1,-120.323916,49.888623,0.000000,4.748652,31.769020,126.747244,1,0,1584.056098
1789940064,1,-120.325183,49.889426,0.000000,4.748652,31.927148,127.573246,1,0,1588.195498
1789940069,1,-120.326922,49.890321,0.000000,4.748652,31.966088,159.809132,1,0,1591.196171
1789940074,1,-120.328419,49.890941,0.000000,4.748652,31.872811,127.813083,1,0,1592.103494
1789940079,1,-120.330396,49.891594,0.000000,4.748652,32.335127,159.597785,1,0,1594.282062
1789940083,1,-120.332100,49.892014,0.000000,4.748652,32.735073,131.091745,1,0,1599.338796
1789940088,1,-120.334299,49.892412,0.000000,4.748652,32.853811,164.146320,1,0,1606.012451
1789940092,1,-120.336078,49.892704,0.000000,4.748652,32.937255,131.934420,1,0,1611.583418
1789940097,1,-120.338305,49.893069,0.000000,4.748652,33.023579,165.144615,1,0,1618.878641
1789940102,1,-120.340535,49.893437,0.000000,4.748652,33.158400,165.436098,1,0,1625.086789
1789940106,1,-120.342326,49.893735,0.000000,4.748652,33.276782,132.935858,1,0,1628.266701
1789940110,1,-120.344120,49.894031,0.000000,4.748652,33.338106,133.076972,1,0,1629.734547
1789940114,1,-120.346369,49.894397,0.000000,4.748652,33.316105,166.689636,1,0,1629.317001
1789940119,1,-120.348613,49.894762,0.000000,4.748652,33.184990,166.313968,1,0,1628.225402
1789940123,1,-120.350400,49.895055,0.000000,4.748652,33.084266,132.507047,1,0,1627.363393
1789940127,1,-120.352186,49.895352,0.000000,4.748652,33.132179,132.547604,1,0,1626.305071
1789940132,1,-120.354405,49.895742,0.000000,4.748652,33.048917,165.280354,1,0,1625.394671
1789940136,1,-120.356126,49.896185,0.000000,15.477546,33.090009,133.148942,1,0,1625.217380
1789940141,1,-120.358394,49.896458,0.000000,4.748652,33.100410,165.810575,1,0,1625.240056
1789940145,1,-120.360165,49.896780,0.000000,4.748652,33.101600,132.230088,1,0,1624.926372
1789940150,1,-120.362388,49.897166,0.000000,4.748652,33.094135,165.441672,1,0,1624.581822
1789940155,1,-120.364654,49.897424,0.000000,4.748652,33.116094,165.371427,1,0,1624.039893
1789940159,1,-120.366494,49.897496,0.000000,4.748652,33.082480,132.486301,1,0,1623.125657
1789940164,1,-120.368793,49.897404,0.000000,4.748652,33.121776,165.549718,1,0,1621.978737
1789940168,1,-120.370604,49.897183,0.000000,4.748652,33.119101,132.461539,1,0,1620.053021
1789940172,1,-120.372371,49.896835,0.000000,4.748652,33.216386,132.767759,1,0,1617.004164
1789940177,1,-120.374487,49.896231,0.000000,4.748652,33.320596,166.264861,1,0,1611.969139
1789940181,1,-120.376103,49.895632,0.000000,4.748652,33.536330,133.905384,1,0,1606.632959
1789940186,1,-120.378099,49.894860,0.000000,4.748652,33.297549,167.201540,1,0,1598.500525
1789940191,1,-120.380098,49.894104,0.000000,4.748652,33.219224,166.479968,1,0,1589.429241
1789940195,1,-120.381693,49.893493,0.000000,4.748651,33.293654,133.273883,1,0,1581.648088
1789940201,1,-120.383689,49.892736,0.000000,4.748651,33.232032,166.349793,1,0,1572.828402
1789940205,1,-120.385279,49.892130,0.000000,4.748651,33.183994,132.681046,1,0,1565.616784
1789940209,1,-120.386870,49.891520,0.000000,4.748651,33.210400,132.969377,1,0,1558.229243
1789940214,1,-120.388884,49.890781,0.000000,4.748651,33.355659,166.467975,1,0,1548.520089
1789940218,1,-120.390567,49.890265,0.000000,4.748651,33.554048,133.890047,1,0,1540.784252
1789940223,1,-120.392757,49.889752,0.000000,4.748651,33.407419,167.424968,1,0,1530.891990
1789940226,1,-120.394545,49.889447,0.000000,4.748651,33.202392,132.909179,1,0,1523.031475
1789940231,1,-120.396809,49.889193,0.000000,4.748651,32.933990,165.150396,1,0,1513.282495
1789940235,1,-120.398628,49.889095,0.000000,4.748651,32.731354,131.186127,1,0,1505.561372
1789940239,1,-120.400450,49.889087,0.000000,4.748651,32.705525,130.950754,1,0,1497.783719
1789940244,1,-120.402719,49.889206,0.000000,4.748651,32.828337,163.610067,1,0,1488.113647
1789940249,1,-120.404982,49.889472,0.000000,4.748651,33.232990,165.312450,1,0,1478.414324
1789940253,1,-120.406788,49.889754,0.000000,4.748651,33.419739,133.535050,1,0,1470.737238
1789940258,1,-120.409057,49.890092,0.000000,4.748651,33.431946,167.352233,1,0,1461.286159
1789940262,1,-120.410905,49.890250,0.000000,4.748651,33.406012,133.973591,1,0,1453.604066
1789940267,1,-120.413215,49.890242,0.000000,4.748651,33.219239,166.021457,1,0,1443.780075
1789940271,1,-120.415041,49.890081,0.000000,4.748651,33.083085,132.450643,1,0,1436.024137
1789940276,1,-120.417253,49.889682,0.000000,4.748651,32.990767,165.056385,1,0,1426.265368
1789940280,1,-120.418933,49.889210,0.000000,4.748651,32.871415,131.665086,1,0,1418.397742
1789940284,1,-120.420516,49.888627,0.000000,4.748651,32.675705,130.968924,1,0,1410.573784
1789940288,1,-120.422019,49.887966,0.000000,4.748651,32.747289,130.684071,1,0,1402.260062
1789940292,1,-120.423589,49.887360,0.000000,4.748651,32.989243,131.451446,1,0,1394.150434
1789940297,1,-120.425712,49.886773,0.000000,4.748651,33.429072,165.980409,1,0,1384.344945
1789940302,1,-120.427967,49.886401,0.000000,4.748651,33.444388,167.281298,1,0,1374.268596
1789940306,1,-120.429808,49.886271,0.000000,4.748651,33.180259,133.112127,1,0,1365.844702
1789940310,1,-120.431639,49.886268,0.000000,4.748651,32.731388,131.605609,1,0,1358.169604
1789940314,1,-120.433449,49.886252,0.000000,4.748651,32.473515,130.107811,1,0,1350.781415
1789940318,1,-120.435254,49.886111,0.000000,4.748651,32.841583,130.680974,1,0,1343.310074
1789940322,1,-120.437035,49.885841,0.000000,4.748651,32.921866,131.487847,1,0,1335.560231
1789940327,1,-120.438759,49.885431,0.000000,4.748651,33.095958,132.042226,1,0,1327.850382
1789940331,1,-120.440406,49.884889,0.000000,4.748651,33.263088,132.851205,1,0,1319.884642
1789940335,1,-120.442005,49.884275,0.000000,4.748652,33.518423,133.695930,1,0,1311.672837
1789940340,1,-120.444005,49.883499,0.000000,4.748652,33.460616,167.694568,1,0,1301.730287
1789940343,1,-120.445616,49.882908,0.000000,4.748652,33.203340,133.166301,1,0,1293.636909
1789940347,1,-120.447294,49.882426,0.000000,4.748652,32.938240,132.001350,1,0,1285.732521
1789940351,1,-120.449046,49.882093,0.000000,4.748652,32.806117,131.274164,1,0,1277.876080
1789940356,1,-120.451290,49.881863,0.000000,4.748652,32.634971,163.321358,1,0,1268.224432
1789940360,1,-120.453112,49.881844,0.000000,4.748652,32.892374,130.986968,1,0,1260.353266
1789940364,1,-120.454940,49.881961,0.000000,4.748652,33.107747,132.044135,1,0,1252.452236
1789940368,1,-120.456740,49.882225,0.000000,4.748651,33.241664,132.679601,1,0,1244.802975
1789940373,1,-120.458884,49.882756,0.000000,4.748651,32.763069,165.049105,1,0,1237.690084
1789940378,1,-120.460853,49.883472,0.000000,4.748651,32.483521,162.410515,1,0,1233.424651
1789940382,1,-120.462288,49.884173,0.000000,4.748651,31.859312,129.312711,1,0,1232.150989
1789940386,1,-120.463528,49.884854,0.000000,4.748652,26.841774,116.980488,1,0,1230.636897
1789940390,1,-120.464401,49.885319,0.000000,4.748652,16.546058,81.326438,1,0,1229.151494
1789940396,1,-120.465137,49.886008,0.000000,4.748652,13.975632,93.135341,1,0,1226.417248
1789940402,1,-120.465716,49.886527,0.000000,4.748652,9.279508,71.174823,1,0,1222.737370
1789940411,1,-120.466123,49.886756,0.000000,4.748652,1.626531,38.793434,1,0,1221.943871
1789940424,1,-120.466575,49.886204,0.000000,4.748652,8.757012,69.474503,1,0,1221.767486
1789940433,1,-120.466828,49.885710,0.000000,4.748652,5.396469,57.887495,1,0,1221.215624
1789940442,1,-120.466694,49.885078,0.000000,4.748652,8.805783,70.965555,1,0,1221.426426
1789940451,1,-120.466107,49.884682,0.000000,4.748652,6.765961,61.001433,1,0,1221.745172
1789940460,1,-120.465478,49.884092,0.000000,4.748652,10.549397,79.702110,1,0,1223.156706
1789940469,1,-120.465433,49.883481,0.000000,4.748652,8.261474,68.049554,1,0,1222.617211
1789940475,1,-120.465520,49.882910,0.000000,4.748652,9.043624,63.829793,1,0,1222.008635
1789940484,1,-120.465323,49.882350,0.000000,4.748652,5.702139,63.888088,1,0,1221.298390
1789940496,1,-120.465267,49.882112,0.000000,4.748652,0.029058,26.781306,1,0,1221.337186
1789940598,1,-120.465485,49.882354,0.000000,15.261857,0.511186,31.150469,1,0,1203.349449
1789940752,1,-120.465157,49.882155,0.000000,5.113771,0.085585,32.341821,1,0,1217.400598
1789940887,1,-120.465422,49.882275,0.000000,14.635095,0.000146,23.260930,1,0,1225.663778
1789940889,1,-120.465134,49.882133,0.000000,4.720938,0.058831,26.040874,1,0,1224.618894
1789941531,1,-120.465068,49.881477,0.000000,4.748652,10.001752,73.132842,1,0,1221.021401
1789941541,1,-120.464568,49.881213,0.000000,4.748652,3.195829,46.414695,1,0,1221.086941
1789941557,1,-120.464581,49.881865,0.000000,4.748651,8.725508,72.539803,1,0,1220.828813
1789941570,1,-120.464856,49.882991,0.000000,4.748651,10.349744,126.815524,1,0,1221.325013
1789941577,1,-120.465071,49.883586,0.000000,4.748651,9.584089,67.972874,1,0,1220.990884
1789941585,1,-120.465474,49.884165,0.000000,4.748651,8.992980,70.626927,1,0,1220.455543
1789941594,1,-120.466046,49.884681,0.000000,4.748651,6.777953,70.610120,1,0,1218.953978
1789941602,1,-120.466662,49.885088,0.000000,4.748651,8.554507,63.330498,1,0,1218.970656
1789941611,1,-120.466761,49.885625,0.000000,4.748651,5.872086,60.162592,1,0,1219.733753
1789941621,1,-120.466488,49.886332,0.000000,4.748652,8.992065,81.063537,1,0,1221.174617
1789941629,1,-120.466289,49.886709,0.000000,4.748651,2.294243,44.312854,1,0,1221.618851
1789941641,1,-120.467134,49.887010,0.000000,4.748651,10.077451,69.359052,1,0,1223.982303
1789941648,1,-120.468095,49.887282,0.000000,4.748651,10.106015,75.415518,1,0,1227.806090
1789941656,1,-120.469257,49.887822,0.000000,4.748651,18.077084,102.886593,1,0,1228.509601
1789941661,1,-120.470605,49.888478,0.000000,4.748651,27.064032,121.305215,1,0,1228.243580
1789941666,1,-120.472329,49.889371,0.000000,4.748651,33.482099,158.819157,1,0,1227.269685
1789941670,1,-120.473780,49.890134,0.000000,4.748651,33.291819,134.467268,1,0,1225.820846
1789941675,1,-120.475583,49.891073,0.000000,4.748651,33.178689,166.450814,1,0,1224.041123
1789941679,1,-120.477030,49.891816,0.000000,4.748651,33.154224,132.848700,1,0,1223.822420
1789941683,1,-120.478463,49.892565,0.000000,4.748650,33.084848,132.481217,1,0,1222.439210
1789941687,1,-120.479900,49.893309,0.000000,4.748650,33.176729,132.356268,1,0,1220.850585
1789941692,1,-120.481708,49.894240,0.000000,4.748651,33.403807,166.164314,1,0,1217.067200
1789941696,1,-120.483167,49.894996,0.000000,4.748651,33.529728,134.416718,1,0,1212.120208
1789941700,1,-120.484621,49.895751,0.000000,4.748650,33.425432,134.066743,1,0,1204.518723
1789941705,1,-120.486429,49.896683,0.000000,4.748651,33.312425,166.233170,1,0,1194.295312
1789941709,1,-120.487874,49.897432,0.000000,4.748651,33.089533,133.144106,1,0,1186.631225
1789941713,1,-120.489318,49.898188,0.000000,4.748651,33.276439,133.576842,1,0,1179.719638
1789941717,1,-120.490766,49.898941,0.000000,4.748651,33.354315,133.582646,1,0,1173.033079
1789941721,1,-120.492212,49.899694,0.000000,4.748651,33.366253,133.470592,1,0,1166.725433
1789941726,1,-120.494014,49.900629,0.000000,4.748651,33.272303,166.094224,1,0,1157.802377
1789941731,1,-120.495801,49.901557,0.000000,4.748650,32.537413,164.766026,1,0,1152.687951
1789941736,1,-120.497589,49.902476,0.000000,4.748650,33.080609,164.196671,1,0,1150.281828
1789941740,1,-120.499025,49.903222,0.000000,4.748650,33.080595,132.422067,1,0,1148.504412
1789941744,1,-120.500462,49.903967,0.000000,4.748649,33.089565,132.400041,1,0,1146.262057
1789941748,1,-120.501897,49.904710,0.000000,4.748650,33.112893,132.148676,1,0,1143.715846
1789941752,1,-120.503332,49.905455,0.000000,4.748650,33.094351,132.287905,1,0,1141.386212
1789941756,1,-120.504765,49.906198,0.000000,4.748650,32.991492,132.036486,1,0,1139.203291
1789941761,1,-120.506560,49.907122,0.000000,4.748649,32.966729,164.925887,1,0,1136.875478
1789941765,1,-120.507994,49.907868,0.000000,4.748649,33.093722,132.301524,1,0,1134.625632
1789941769,1,-120.509431,49.908612,0.000000,4.748649,33.125404,132.322446,1,0,1132.062766
1789941773,1,-120.510867,49.909359,0.000000,4.748650,33.060755,132.475448,1,0,1129.753816
1789941777,1,-120.512306,49.910098,0.000000,4.748649,33.046297,132.087572,1,0,1127.508737
1789941782,1,-120.514105,49.911029,0.000000,4.748649,33.009308,165.626613,1,0,1124.907061
1789941787,1,-120.515873,49.911985,0.000000,4.748650,33.078976,165.665995,1,0,1122.158963
1789941791,1,-120.517192,49.912790,0.000000,4.748650,32.329156,130.383780,1,0,1119.653880
1789941795,1,-120.518390,49.913633,0.000000,4.748650,31.569382,127.284784,1,0,1117.684482
1789941799,1,-120.519484,49.914498,0.000000,4.748649,30.758745,124.242996,1,0,1116.100571
1789941804,1,-120.520686,49.915604,0.000000,4.748650,29.561799,150.315184,1,0,1116.473060
1789941809,1,-120.521777,49.916724,0.000000,4.748650,29.636880,147.196649,1,0,1118.322904
1789941813,1,-120.522663,49.917607,0.000000,4.748650,28.235467,117.048647,1,0,1119.759299
1789941817,1,-120.523483,49.918431,0.000000,4.748650,27.035822,108.959807,1,0,1120.644831
1789941821,1,-120.524307,49.919283,0.000000,4.748650,28.038854,111.745021,1,0,1122.031469
1789941825,1,-120.525122,49.920133,0.000000,4.748651,27.635165,111.214742,1,0,1123.597711
1789941829,1,-120.525944,49.920990,0.000000,4.748650,28.346178,112.141551,1,0,1124.615969
1789941833,1,-120.526813,49.921894,0.000000,4.748651,30.404177,118.364334,1,0,1124.764799
1789941837,1,-120.527704,49.922822,0.000000,4.748650,30.338672,121.466202,1,0,1124.238587
1789941841,1,-120.528593,49.923754,0.000000,4.748651,30.572919,121.765651,1,0,1123.021664
1789941845,1,-120.529521,49.924727,0.000000,1.888559,31.945730,127.118160,1,0,1118.829344
1789941849,1,-120.530492,49.925737,0.000000,4.748650,33.344936,132.243215,1,0,1116.950226
1789941854,1,-120.531723,49.927012,0.000000,4.748649,33.382742,167.139094,1,0,1111.491329
1789941858,1,-120.532696,49.928021,0.000000,4.748649,32.962013,132.224387,1,0,1106.653547
1789941862,1,-120.533661,49.929022,0.000000,4.748649,32.718167,131.161217,1,0,1101.987391
1789941867,1,-120.534862,49.930273,0.000000,4.748649,32.849928,163.728849,1,0,1095.947183
1789941871,1,-120.535832,49.931284,0.000000,4.748649,33.243666,132.295523,1,0,1091.123551
1789941876,1,-120.537057,49.932557,0.000000,4.748649,33.455900,166.716903,1,0,1084.786382
1789941880,1,-120.538038,49.933576,0.000000,4.748649,33.240763,133.464583,1,0,1080.198677
1789941885,1,-120.539252,49.934837,0.000000,4.748649,32.825077,165.161577,1,0,1074.173229
1789941890,1,-120.540462,49.936083,0.000000,4.748649,32.691781,163.593730,1,0,1068.150989
1789941894,1,-120.541481,49.937055,0.000000,4.748651,32.655940,130.562215,1,0,1063.193290
1789941898,1,-120.542702,49.937938,0.000000,4.748651,33.031893,131.667769,1,0,1058.217290
1789941902,1,-120.544103,49.938721,0.000000,4.748651,33.389016,133.063667,1,0,1053.813437
1789941906,1,-120.545638,49.939411,0.000000,4.748651,33.447490,134.308330,1,0,1048.838296
1789941910,1,-120.547170,49.940080,0.000000,4.748651,32.989547,132.808426,1,0,1044.279034
1789941914,1,-120.548666,49.940755,0.000000,4.748651,32.756330,131.056869,1,0,1040.146700
1789941919,1,-120.550562,49.941576,0.000000,4.748651,32.743508,163.930991,1,0,1034.430433
1789941923,1,-120.552097,49.942215,0.000000,4.748651,32.820982,131.148045,1,0,1029.763318
1789941928,1,-120.554149,49.942870,0.000000,4.748651,33.074449,164.365483,1,0,1023.539584
1789941932,1,-120.555908,49.943227,0.000000,4.748651,33.226853,132.391460,1,0,1019.178114
1789941937,1,-120.558198,49.943446,0.000000,4.748651,33.308553,166.197666,1,0,1013.383619
1789941942,1,-120.560500,49.943411,0.000000,4.748651,32.825820,165.309540,1,0,1009.819414
1789941946,1,-120.562285,49.943210,0.000000,4.748651,32.475479,130.083700,1,0,1008.612294
1789941952,1,-120.564443,49.942734,0.000000,4.748651,32.878148,163.725275,1,0,1008.290714
1789941956,1,-120.566067,49.942177,0.000000,4.748651,32.978243,132.032283,1,0,1007.709916
1789941961,1,-120.567989,49.941356,0.000000,4.748651,33.107493,165.471794,1,0,1006.210071
1789941965,1,-120.569557,49.940735,0.000000,4.748651,33.094974,132.076658,1,0,1004.934647
1789941969,1,-120.571242,49.940289,0.000000,4.748651,32.390313,130.747943,1,0,1004.549035
1789941974,1,-120.573376,49.940179,0.000000,4.748652,29.933392,153.690550,1,0,1008.650487
1789941979,1,-120.575434,49.940496,0.000000,4.748652,30.624320,151.896922,1,0,1017.058302
1789941984,1,-120.577258,49.941214,0.000000,4.748651,30.700372,153.385836,1,0,1026.647434
1789941988,1,-120.578648,49.942258,0.000000,4.748651,30.707632,153.123423,1,0,1035.630787
1789941993,1,-120.579487,49.943524,0.000000,4.748652,30.672441,153.177253,1,0,1045.489877
1789941997,1,-120.579931,49.944624,0.000000,4.748652,32.499572,126.454307,1,0,1053.394086
1789942001,1,-120.580395,49.945772,0.000000,4.748654,33.084316,131.983799,1,0,1060.990102
1789942006,1,-120.580971,49.947207,0.000000,4.748654,32.867254,164.907730,1,0,1070.824803
1789942010,1,-120.581439,49.948342,0.000000,8.812102,32.809064,130.658122,1,0,1077.368241
1789942014,1,-120.581936,49.949488,0.000000,4.748652,33.179055,132.386995,1,0,1084.661189
1789942018,1,-120.582421,49.950611,0.000000,4.748652,31.477707,129.691049,1,0,1091.238673
1789942022,1,-120.583105,49.951679,0.000000,2.053650,32.726618,128.558280,1,0,1097.695036
1789942027,1,-120.584477,49.952857,0.000000,2.061989,32.924393,163.928133,1,0,1105.230163
1789942031,1,-120.585902,49.953606,0.000000,2.009486,33.033810,131.928898,1,0,1111.794794
1789942035,1,-120.587564,49.954129,0.000000,2.004743,33.215212,132.729025,1,0,1116.844172
1789942039,1,-120.589344,49.954410,0.000000,2.000000,32.908913,131.535770,1,0,1120.439051
1789942043,1,-120.591188,49.954431,0.000000,2.000000,33.092185,132.381658,1,0,1122.675635
1789942047,1,-120.592990,49.954182,0.000000,1.509326,33.009037,132.279259,1,0,1122.693956
1789942052,1,-120.595067,49.953537,0.000000,1.376498,33.159576,165.454753,1,0,1121.457879
1789942057,1,-120.596984,49.952695,0.000000,1.449147,33.414375,166.457729,1,0,1117.398853
1789942061,1,-120.598521,49.952017,0.000000,2.000000,33.109231,133.643575,1,0,1115.042078
1789942065,1,-120.600074,49.951391,0.000000,2.000000,33.137455,131.438679,1,0,1112.870452
1789942069,1,-120.601685,49.950798,0.000000,2.000000,33.117184,133.130633,1,0,1110.859062
1789942073,1,-120.603256,49.950305,0.000000,2.000000,30.662401,125.395135,1,0,1108.368723
1789942079,1,-120.605229,49.949817,0.000000,2.000000,30.207523,151.669239,1,0,1103.679034
1789942083,1,-120.606832,49.949501,0.000000,4.627702,30.206160,120.312289,1,0,1098.269731
1789942087,1,-120.608402,49.949279,0.000000,4.748232,28.917903,115.367504,1,0,1092.885047
1789942092,1,-120.610395,49.949089,0.000000,4.748650,28.897397,144.608529,1,0,1084.923840
1789942096,1,-120.611991,49.949005,0.000000,4.748650,28.585319,114.939562,1,0,1078.581435
1789942100,1,-120.613563,49.949052,0.000000,4.748650,27.984725,112.957351,1,0,1074.320222
1789942104,1,-120.614961,49.949412,0.000000,4.748651,26.806835,108.043390,1,0,1071.541473
1789942108,1,-120.616249,49.950236,0.000000,4.748650,25.959529,130.192548,1,0,1069.733913
1789942112,1,-120.616791,49.951126,0.000000,4.748651,27.286717,106.378758,1,0,1069.698198
1789942116,1,-120.616940,49.952149,0.000000,4.748651,28.915915,114.306925,1,0,1069.576807
1789942121,1,-120.617065,49.953441,0.000000,4.748650,28.742186,144.010642,1,0,1068.418854
1789942125,1,-120.617181,49.954473,0.000000,4.748650,28.733659,115.108226,1,0,1068.525144
1789942130,1,-120.617311,49.955754,0.000000,4.748650,28.597825,142.812327,1,0,1069.585054
1789942135,1,-120.617392,49.957048,0.000000,4.748650,28.744465,144.070769,1,0,1072.366184
1789942139,1,-120.617442,49.958081,0.000000,4.748650,28.758605,114.974157,1,0,1075.519368
1789942144,1,-120.617461,49.959378,0.000000,4.748651,28.863686,144.293868,1,0,1079.291522
1789942148,1,-120.617444,49.960418,0.000000,4.748651,28.908968,115.703422,1,0,1081.684727
1789942152,1,-120.617441,49.961461,0.000000,4.748650,29.023563,116.030975,1,0,1084.275038
1789942156,1,-120.617435,49.962504,0.000000,4.748650,29.011199,116.031613,1,0,1086.017615
1789942160,1,-120.617318,49.963543,0.000000,4.748651,28.981038,115.890518,1,0,1087.370997
1789942164,1,-120.617030,49.964565,0.000000,4.748650,28.952811,115.558024,1,0,1087.942801
1789942169,1,-120.616451,49.965811,0.000000,4.748651,28.935653,144.707842,1,0,1088.867440
1789942174,1,-120.615608,49.966990,0.000000,4.748651,29.035063,144.439939,1,0,1088.297991
1789942178,1,-120.614887,49.967923,0.000000,4.748650,29.042613,115.975367,1,0,1087.654198
1789942182,1,-120.614370,49.968910,0.000000,4.748650,29.035899,115.898725,1,0,1086.181988
1789942187,1,-120.614086,49.970202,0.000000,4.748651,29.069285,145.169079,1,0,1084.206560
1789942192,1,-120.614075,49.971520,0.000000,4.748651,29.413969,146.626130,1,0,1080.835319
1789942197,1,-120.613912,49.972835,0.000000,4.748651,29.175259,146.756992,1,0,1077.126099
1789942202,1,-120.613428,49.974103,0.000000,4.748651,29.009719,145.273014,1,0,1073.511194
1789942207,1,-120.612961,49.975098,0.000000,4.748651,28.912139,115.650987,1,0,1069.687128
1789942211,1,-120.612499,49.976092,0.000000,4.748651,28.910428,115.440932,1,0,1066.143927
1789942215,1,-120.612035,49.977085,0.000000,4.748650,28.846512,115.375632,1,0,1062.607737
1789942219,1,-120.611572,49.978080,0.000000,4.748651,28.861794,115.567978,1,0,1059.560371
1789942223,1,-120.611114,49.979066,0.000000,4.748651,28.639926,114.504950,1,0,1056.866875
1789942227,1,-120.610543,49.980293,0.000000,4.748651,28.565331,142.514136,1,0,1053.946311
1789942232,1,-120.610002,49.981529,0.000000,4.748651,28.596739,142.873755,1,0,1051.504916
1789942237,1,-120.609565,49.982783,0.000000,4.748651,28.533265,142.982934,1,0,1049.932430
1789942242,1,-120.609238,49.984053,0.000000,4.748651,28.705757,143.217689,1,0,1048.860845
1789942246,1,-120.609057,49.985083,0.000000,4.748651,28.795347,115.317690,1,0,1048.259788
1789942250,1,-120.608949,49.986117,0.000000,4.748651,28.839910,115.290018,1,0,1047.820915
1789942255,1,-120.608910,49.987416,0.000000,4.748651,28.838379,144.536967,1,0,1047.472902
1789942259,1,-120.608976,49.988452,0.000000,4.748652,28.742115,115.349188,1,0,1047.429445
1789942263,1,-120.609083,49.989490,0.000000,4.748653,29.016855,115.729253,1,0,1047.129210
1789942267,1,-120.609168,49.990529,0.000000,4.748652,28.969983,115.746423,1,0,1047.558116
1789942272,1,-120.609112,49.991834,0.000000,4.748652,29.063828,145.233026,1,0,1046.514203
1789942276,1,-120.608926,49.992871,0.000000,4.748652,28.990960,116.132059,1,0,1045.457835
1789942280,1,-120.608629,49.993891,0.000000,4.748651,28.784692,115.453946,1,0,1044.538505
1789942284,1,-120.608239,49.994888,0.000000,4.748651,28.257008,114.385721,1,0,1043.591509
1789942288,1,-120.607777,49.995826,0.000000,4.748651,26.947599,109.483816,1,0,1042.355282
1789942292,1,-120.607259,49.996737,0.000000,4.748651,27.418613,107.940384,1,0,1041.203732
1789942296,1,-120.606764,49.997713,0.000000,4.748652,28.788391,114.233335,1,0,1039.933056
1789942301,1,-120.606326,49.998979,0.000000,4.748651,28.951341,144.298713,1,0,1037.772413
1789942305,1,-120.606104,50.000010,0.000000,4.748652,28.943400,115.795329,1,0,1036.368074
1789942309,1,-120.606003,50.001049,0.000000,4.748652,28.966429,115.812437,1,0,1034.752581
1789942313,1,-120.606011,50.002090,0.000000,4.748652,28.984573,115.809621,1,0,1032.301489
1789942317,1,-120.606137,50.003141,0.000000,4.748652,29.404370,117.269217,1,0,1028.664125
1789942322,1,-120.606468,50.004440,0.000000,4.748652,29.062633,146.445835,1,0,1023.906750
1789942326,1,-120.606858,50.005436,0.000000,4.748651,28.473461,114.276184,1,0,1021.202561
1789942331,1,-120.607345,50.006411,0.000000,4.748651,28.522902,113.947956,1,0,1019.535818
1789942336,1,-120.608119,50.007594,0.000000,4.748652,28.613663,142.827951,1,0,1019.147069
1789942340,1,-120.608859,50.008503,0.000000,4.748652,28.621362,114.198196,1,0,1020.077369
1789942344,1,-120.609685,50.009390,0.000000,4.748652,28.791694,115.082101,1,0,1022.179180
1789942347,1,-120.610628,50.010230,0.000000,4.748651,28.872639,115.339518,1,0,1024.896958
1789942352,1,-120.611929,50.011222,0.000000,4.748651,28.850040,144.494701,1,0,1028.836707
1789942356,1,-120.613068,50.011957,0.000000,4.748651,28.847679,115.559785,1,0,1032.021813
1789942360,1,-120.614281,50.012641,0.000000,4.748651,28.830300,115.555425,1,0,1036.011360
1789942365,1,-120.615902,50.013407,0.000000,4.748651,28.897316,144.110614,1,0,1041.657419
1789942369,1,-120.617264,50.013962,0.000000,4.748651,28.913375,115.521734,1,0,1046.300684
1789942373,1,-120.618631,50.014515,0.000000,4.748651,28.965705,115.706465,1,0,1050.173804
1789942378,1,-120.620188,50.015347,0.000000,4.748651,29.040104,145.001198,1,0,1054.350192
1789942382,1,-120.621236,50.016145,0.000000,4.748651,29.105996,116.298647,1,0,1056.296633
1789942386,1,-120.622058,50.017045,0.000000,4.748651,29.033431,116.176575,1,0,1057.367793
1789942390,1,-120.622745,50.017993,0.000000,4.748651,29.125897,116.395453,1,0,1057.481860
1789942395,1,-120.623596,50.019182,0.000000,4.748652,29.171500,145.661564,1,0,1055.878867
1789942399,1,-120.624278,50.020139,0.000000,4.748652,29.372056,117.151325,1,0,1053.314733
1789942403,1,-120.624823,50.021134,0.000000,4.748652,29.281046,117.382857,1,0,1050.690781
1789942407,1,-120.625119,50.022160,0.000000,4.748652,28.898197,116.095451,1,0,1048.971221
1789942412,1,-120.625251,50.023435,0.000000,4.748652,28.215432,142.156079,1,0,1048.298087
1789942416,1,-120.625364,50.024452,0.000000,4.748652,28.514469,113.428550,1,0,1049.354120
1789942420,1,-120.625519,50.025473,0.000000,4.748652,28.564714,114.126052,1,0,1053.020013
1789942424,1,-120.625714,50.026489,0.000000,4.748652,28.517458,113.888713,1,0,1057.903867
1789942428,1,-120.625933,50.027507,0.000000,4.748652,28.764756,114.333045,1,0,1062.989278
1789942432,1,-120.626185,50.028513,0.000000,4.748652,27.398411,113.363638,1,0,1066.849677
1789942436,1,-120.626464,50.029436,0.000000,4.748652,25.519293,104.610711,1,0,1069.434510
1789942441,1,-120.626795,50.030535,0.000000,4.748651,24.550514,124.541783,1,0,1071.738901
1789942445,1,-120.627077,50.031393,0.000000,4.748652,24.362630,97.567052,1,0,1073.415804
1789942449,1,-120.627490,50.032228,0.000000,4.748652,24.481420,97.493628,1,0,1073.743013
1789942453,1,-120.628059,50.033028,0.000000,4.748652,24.533792,97.895595,1,0,1073.551646
1789942457,1,-120.628787,50.033784,0.000000,4.748651,24.880138,98.971444,1,0,1071.968162
1789942461,1,-120.629636,50.034511,0.000000,4.748651,25.550726,101.204237,1,0,1070.060385
1789942466,1,-120.630745,50.035437,0.000000,4.748651,26.450671,130.105301,1,0,1068.610779
1789942470,1,-120.631660,50.036200,0.000000,4.748651,26.975243,107.256474,1,0,1067.244280
1789942474,1,-120.632552,50.036978,0.000000,4.748651,26.745895,107.594698,1,0,1066.418339
1789942478,1,-120.633364,50.037776,0.000000,4.748651,26.268063,106.144952,1,0,1066.301615
1789942483,1,-120.634355,50.038753,0.000000,4.748651,25.728027,129.831185,1,0,1065.790743
1789942487,1,-120.635211,50.039492,0.000000,4.748651,25.616540,102.569578,1,0,1064.936522
1789942491,1,-120.636122,50.040206,0.000000,4.748651,25.741471,102.809847,1,0,1064.714148
1789942495,1,-120.637041,50.040916,0.000000,4.748651,25.785813,102.832517,1,0,1064.968359
1789942500,1,-120.638177,50.041817,0.000000,4.748651,25.888432,129.120002,1,0,1065.827027
1789942504,1,-120.639090,50.042541,0.000000,4.748651,25.954671,103.762072,1,0,1067.064787
1789942508,1,-120.640002,50.043268,0.000000,4.748651,25.944630,103.976337,1,0,1069.574893
1789942513,1,-120.641107,50.044176,0.000000,4.748651,25.453492,128.339043,1,0,1075.305705
1789942517,1,-120.641961,50.044895,0.000000,4.748651,24.936440,100.704543,1,0,1079.976068
1789942521,1,-120.642788,50.045605,0.000000,4.748651,24.506492,98.738487,1,0,1083.542413
1789942526,1,-120.643793,50.046493,0.000000,4.748651,24.448425,122.243275,1,0,1086.646303
1789942531,1,-120.644783,50.047389,0.000000,4.748651,24.483276,122.337515,1,0,1088.148142
1789942535,1,-120.645569,50.048113,0.000000,4.748651,24.660025,98.276824,1,0,1088.244137
1789942540,1,-120.646553,50.049035,0.000000,4.748651,24.850466,124.457599,1,0,1086.015776
1789942544,1,-120.647342,50.049797,0.000000,4.748651,25.602651,101.886266,1,0,1084.930972
1789942548,1,-120.648144,50.050572,0.000000,4.748651,25.986536,103.606156,1,0,1082.886200
1789942553,1,-120.649167,50.051549,0.000000,2.249853,26.363158,131.087714,1,0,1082.973138
1789942557,1,-120.649984,50.052337,0.000000,2.002102,26.238783,105.405562,1,0,1084.824791
1789942561,1,-120.650783,50.053116,0.000000,2.000019,25.816242,103.858205,1,0,1087.277101
1789942565,1,-120.651627,50.053863,0.000000,2.008078,25.676284,102.765987,1,0,1089.321504
1789942570,1,-120.652854,50.054702,0.000000,2.000016,25.668153,128.204098,1,0,1090.565684
1789942574,1,-120.653973,50.055274,0.000000,2.000000,25.681398,102.341206,1,0,1091.324784
1789942578,1,-120.655151,50.055800,0.000000,2.441330,25.468664,102.683672,1,0,1091.570040
1789942582,1,-120.656311,50.056324,0.000000,2.006277,25.396482,101.498917,1,0,1092.162149
1789942586,1,-120.657400,50.056907,0.000000,2.000066,25.353967,101.445141,1,0,1092.967566
1789942590,1,-120.658363,50.057579,0.000000,2.000001,25.419015,101.720023,1,0,1093.284545
1789942594,1,-120.659216,50.058309,0.000000,2.000051,25.463036,101.629070,1,0,1094.233576
1789942599,1,-120.660266,50.059226,0.000000,2.000000,25.276800,126.737786,1,0,1094.604931
1789942603,1,-120.661091,50.059948,0.000000,2.000000,24.701895,99.714062,1,0,1094.424209
1789942607,1,-120.661808,50.060692,0.000000,2.000000,24.061974,97.405385,1,0,1093.774958
1789942611,1,-120.662319,50.061488,0.000000,2.069979,23.919853,95.819146,1,0,1093.337320
1789942615,1,-120.662625,50.062315,0.000000,2.167017,23.287445,94.577409,1,0,1092.978504
1789942619,1,-120.662722,50.063128,0.000000,2.265068,22.449582,90.712073,1,0,1092.648882
1789942623,1,-120.662629,50.063953,0.000000,2.033559,23.410722,92.022044,1,0,1092.355324
1789942627,1,-120.662422,50.064785,0.000000,2.062622,23.279269,93.739020,1,0,1091.798220
1789942631,1,-120.662217,50.065591,0.000000,2.001062,22.029209,90.860831,1,0,1092.001692
1789942636,1,-120.661982,50.066315,0.000000,2.244936,11.509350,82.283913,1,0,1092.772778
1789942644,1,-120.661427,50.066817,0.000000,2.005259,9.069818,68.546414,1,0,1094.315180
1789942652,1,-120.660987,50.067224,0.000000,2.030951,3.329164,55.163562,1,0,1094.823910
1789942680,1,-120.660027,50.067271,0.000000,2.008006,6.869761,68.947502,1,0,1096.547081
1789942690,1,-120.659435,50.066896,0.000000,4.802701,5.713455,59.479320,1,0,1098.289118
1789942700,1,-120.658933,50.066531,0.000000,2.000746,5.492800,54.233341,1,0,1103.109881
1789942714,1,-120.658152,50.066679,0.000000,2.031781,4.964301,58.303389,1,0,1109.988180
1789942725,1,-120.657712,50.067124,0.000000,2.051421,5.410974,58.683370,1,0,1116.465906
1789942735,1,-120.657444,50.067637,0.000000,2.022295,6.147614,60.211866,1,0,1122.162116
1789942745,1,-120.657041,50.068199,0.000000,2.002852,7.270928,68.862030,1,0,1128.615134
1789942754,1,-120.656369,50.068564,0.000000,2.000212,7.032900,62.963287,1,0,1133.161308
1789942763,1,-120.655855,50.068986,0.000000,2.000023,7.094617,59.655242,1,0,1139.479262
1789942774,1,-120.655239,50.069224,0.000000,2.002459,2.151303,51.446433,1,0,1144.181853
1789942853,1,-120.654458,50.069244,0.000000,2.432797,5.047812,55.969211,1,0,1152.141003
1789942864,1,-120.653702,50.069200,0.000000,2.413468,5.048381,54.355721,1,0,1159.544440
1789942875,1,-120.653054,50.069524,0.000000,2.237517,6.286262,58.756637,1,0,1163.049050
1789942885,1,-120.652290,50.069778,0.000000,2.106562,5.494824,61.574656,1,0,1165.065592
1789942895,1,-120.651360,50.069839,0.000000,2.344507,6.479683,66.939445,1,0,1163.866511
1789942905,1,-120.650805,50.070221,0.000000,2.115299,5.246953,58.184885,1,0,1166.149825
1789942914,1,-120.650106,50.069931,0.000000,2.121961,7.082367,59.550160,1,0,1168.954261
1789942925,1,-120.649384,50.069768,0.000000,2.120328,4.708045,54.788353,1,0,1173.096912
1789942937,1,-120.648597,50.069650,0.000000,2.167067,4.739089,57.863656,1,0,1176.996130
1789942949,1,-120.647656,50.069747,0.000000,2.186425,6.378458,68.241037,1,0,1180.115863
1789942960,1,-120.646925,50.070074,0.000000,2.092711,6.686443,63.744976,1,0,1177.373865
1789942969,1,-120.646189,50.070292,0.000000,2.066977,6.747480,58.015403,1,0,1173.289729
1789942977,1,-120.645345,50.070269,0.000000,2.155053,7.483715,60.490581,1,0,1173.436524
1789942985,1,-120.644605,50.070175,0.000000,2.194280,5.319866,54.011351,1,0,1172.754659
1789942994,1,-120.644051,50.069741,0.000000,2.024197,5.859782,62.489790,1,0,1174.242656
1789943004,1,-120.643188,50.069890,0.000000,2.057866,8.406296,63.981605,1,0,1177.884212
1789943014,1,-120.642154,50.070094,0.000000,2.605709,7.721243,77.442040,1,0,1180.178711
1789943022,1,-120.641204,50.070135,0.000000,2.022186,8.437526,68.179615,1,0,1179.633049
1789943031,1,-120.640218,50.070148,0.000000,2.171517,8.810419,70.619523,1,0,1177.475258
1789943040,1,-120.639238,50.070272,0.000000,2.111194,8.145372,71.518134,1,0,1176.996335
1789943049,1,-120.638199,50.070689,0.000000,2.001413,10.154919,87.678561,1,0,1180.921544
1789943107,1,-120.638984,50.070344,0.000000,2.281606,7.696609,68.065393,1,0,1177.945814
1789943115,1,-120.639825,50.070152,0.000000,2.157794,8.628282,28.145151,1,0,1178.979112
1789943123,1,-120.640780,50.070083,0.000000,2.005204,7.719315,68.814386,1,0,1179.337008
1789943131,1,-120.641700,50.070110,0.000000,2.000215,8.191296,65.947088,1,0,1179.274462
1789943139,1,-120.642148,50.070068,0.000000,2.242204,0.413879,32.418536,1,0,1180.308107
1789943160,1,-120.642947,50.069953,0.000000,2.175984,4.997186,58.627168,1,0,1179.734818
1789943170,1,-120.643611,50.069657,0.000000,2.106605,6.329416,57.837172,1,0,1176.981545
1789943181,1,-120.644335,50.070034,0.000000,2.466191,8.014877,66.684750,1,0,1174.601655
1789943190,1,-120.645220,50.070257,0.000000,2.127440,8.375574,68.055389,1,0,1172.031998
1789943197,1,-120.646102,50.070302,0.000000,2.031972,6.566100,63.355605,1,0,1172.521187
1789943206,1,-120.646878,50.070094,0.000000,2.037381,7.152095,60.192832,1,0,1175.623911
1789943216,1,-120.647496,50.069762,0.000000,2.154191,5.986827,57.641707,1,0,1177.645130
1789943225,1,-120.648327,50.069655,0.000000,2.089125,7.416698,60.684549,1,0,1174.438162
1789943235,1,-120.649085,50.069729,0.000000,2.228882,5.269384,54.899007,1,0,1172.905532
1789943245,1,-120.649905,50.069775,0.000000,2.410062,5.925692,58.940436,1,0,1170.003489
1789943254,1,-120.650524,50.070141,0.000000,2.150266,6.344056,60.188242,1,0,1165.388543
1789943266,1,-120.651221,50.069907,0.000000,2.096830,5.788524,56.291376,1,0,1162.528478
1789943278,1,-120.652077,50.069762,0.000000,2.042838,5.809655,63.382765,1,0,1164.793015
1789943288,1,-120.652889,50.069607,0.000000,2.026651,5.137562,60.648017,1,0,1161.588825
1789943300,1,-120.653451,50.069191,0.000000,2.034618,4.899296,61.330038,1,0,1160.088177
1789943311,1,-120.654277,50.069257,0.000000,2.171130,5.677811,59.601373,1,0,1155.442520
1789943319,1,-120.655045,50.069205,0.000000,2.150299,4.873663,55.297548,1,0,1148.667314
1789943331,1,-120.655464,50.069210,0.000000,2.182635,0.298891,30.008426,1,0,1143.591211
1789943367,1,-120.656057,50.068748,0.000000,2.056702,6.280716,66.669387,1,0,1136.054040
1789943377,1,-120.656741,50.068430,0.000000,2.029753,5.905051,60.419472,1,0,1130.987371
1789943387,1,-120.657272,50.067927,0.000000,2.011129,6.431360,67.654592,1,0,1124.817096
1789943398,1,-120.657638,50.067341,0.000000,2.026566,6.867294,70.263209,1,0,1118.568068
1789943407,1,-120.657874,50.066843,0.000000,2.003047,5.949243,57.922442,1,0,1111.959242
1789943416,1,-120.658446,50.066567,0.000000,2.031395,4.435443,51.190068,1,0,1107.522995
1789943432,1,-120.659321,50.066734,0.000000,2.048985,6.818087,65.352042,1,0,1100.177213
1789943443,1,-120.659891,50.067245,0.000000,2.006436,8.346175,69.983347,1,0,1098.388061
1789943452,1,-120.660894,50.067295,0.000000,2.128516,8.389859,72.036202,1,0,1095.954160
1789943460,1,-120.661498,50.066781,0.000000,2.008454,9.781142,71.696491,1,0,1093.163514
1789943470,1,-120.661842,50.066539,0.000000,2.010723,1.121611,36.490774,1,0,1092.897508
1789943479,1,-120.661981,50.067384,0.000000,2.132997,20.082002,94.531254,1,0,1094.127875
1789943483,1,-120.662163,50.068259,0.000000,2.002672,27.083860,98.211816,1,0,1095.514274
1789943488,1,-120.662825,50.069456,0.000000,2.011865,28.560681,141.351237,1,0,1096.272556
1789943492,1,-120.663665,50.070333,0.000000,2.324145,28.748975,114.616872,1,0,1096.658980
1789943496,1,-120.664697,50.071142,0.000000,2.002172,29.745867,116.451818,1,0,1097.142025
1789943500,1,-120.665757,50.071993,0.000000,2.000766,30.370419,121.343565,1,0,1097.508511
1789943504,1,-120.666636,50.072925,0.000000,2.000001,30.257566,121.293771,1,0,1097.989517
1789943508,1,-120.667422,50.073892,0.000000,2.139705,30.301962,121.409136,1,0,1098.382557
1789943513,1,-120.668604,50.075017,0.000000,2.032257,30.352281,151.083413,1,0,1099.392482
1789943517,1,-120.669776,50.075809,0.000000,2.010587,30.388415,121.675216,1,0,1099.348923
1789943522,1,-120.671096,50.076865,0.000000,2.000002,30.035347,150.776977,1,0,1099.468676
1789943526,1,-120.671679,50.077847,0.000000,2.000000,28.880123,116.950220,1,0,1101.303783
1789943530,1,-120.671891,50.078779,0.000000,2.108230,24.169529,104.789766,1,0,1102.301563
1789943535,1,-120.671973,50.079692,0.000000,2.003260,18.725835,101.740590,1,0,1102.871315
1789943541,1,-120.672041,50.080379,0.000000,2.000030,7.796315,76.583508,1,0,1101.755507
1789943575,1,-120.672346,50.080851,0.000000,2.250468,4.741778,56.868933,1,0,1100.549081
1789943712,1,-120.672250,50.081162,0.000000,10.857985,0.486733,35.274702,1,0,1103.571326
1789943943,1,-120.672693,50.081956,0.000000,5.969022,12.940751,93.853322,1,0,1098.455363
1789943951,1,-120.672923,50.082643,0.000000,2.319081,8.435261,78.182193,1,0,1095.733035
1789943959,1,-120.673114,50.083287,0.000000,2.010325,11.355910,72.938006,1,0,1092.225965
1789943964,1,-120.673420,50.084204,0.000000,2.000129,25.066515,104.341100,1,0,1086.877906
1789943968,1,-120.673670,50.085158,0.000000,2.000000,26.631474,107.630321,1,0,1080.959560
1789943973,1,-120.674005,50.086384,0.000000,1.999999,28.583438,138.483923,1,0,1073.134882
1789943977,1,-120.674291,50.087424,0.000000,1.999999,29.488028,117.496672,1,0,1066.577347
1789943982,1,-120.674638,50.088734,0.000000,2.012420,29.665712,147.838119,1,0,1057.313533
1789943986,1,-120.674920,50.089781,0.000000,2.003130,29.345412,118.213757,1,0,1049.019545
1789943991,1,-120.675280,50.091078,0.000000,1.999999,29.223119,146.572610,1,0,1040.878847
1789943995,1,-120.675550,50.092110,0.000000,1.999999,29.162026,116.423941,1,0,1034.094762
1789943999,1,-120.675838,50.093149,0.000000,1.999999,29.527029,117.411151,1,0,1027.173424
1789944004,1,-120.676191,50.094462,0.000000,1.999999,29.895285,148.238178,1,0,1018.341145
1789944009,1,-120.676554,50.095779,0.000000,2.000098,29.589520,148.799752,1,0,1009.128753
1789944014,1,-120.677016,50.097050,0.000000,1.999999,28.820228,145.211139,1,0,1001.334220
1789944018,1,-120.677714,50.097971,0.000000,2.001292,28.531220,113.988532,1,0,993.987908
1789944023,1,-120.679052,50.098920,0.000000,2.000000,28.766282,142.525843,1,0,985.436384
1789944027,1,-120.680418,50.099459,0.000000,1.999999,28.800453,114.677123,1,0,978.543640
1789944031,1,-120.681937,50.099761,0.000000,1.999999,28.359104,113.773532,1,0,971.812912
1789944035,1,-120.683506,50.099819,0.000000,2.000000,28.283846,112.463025,1,0,964.748095
1789944040,1,-120.685424,50.099531,0.000000,2.000000,28.393196,140.942018,1,0,956.182101
1789944044,1,-120.686864,50.099080,0.000000,2.000000,28.802893,114.611650,1,0,949.176315
1789944048,1,-120.688287,50.098596,0.000000,2.060193,28.823734,115.188658,1,0,941.684984
1789944052,1,-120.689804,50.098219,0.000000,2.000212,29.203847,116.376197,1,0,934.468607
1789944056,1,-120.691426,50.098052,0.000000,2.000001,29.627708,117.547219,1,0,928.247115
1789944060,1,-120.693117,50.097979,0.000000,1.999999,30.446568,121.279481,1,0,920.812249
1789944065,1,-120.695244,50.097853,0.000000,2.000036,30.661952,152.851143,1,0,912.230011
1789944069,1,-120.696932,50.097657,0.000000,2.000000,30.572794,122.744488,1,0,904.669301
1789944074,1,-120.698922,50.097316,0.000000,2.000000,28.964678,147.369269,1,0,895.302526
1789944078,1,-120.700421,50.096969,0.000000,2.000000,28.453464,114.001869,1,0,887.935449
1789944082,1,-120.701859,50.096552,0.000000,3.374447,28.227150,112.875336,1,0,880.998052
1789944087,1,-120.703585,50.095940,0.000000,4.747761,28.234545,141.032661,1,0,873.594965
1789944091,1,-120.704920,50.095376,0.000000,4.748648,28.471390,114.292956,1,0,865.740806
1789944095,1,-120.706244,50.094815,0.000000,4.748652,28.185794,113.451780,1,0,858.529084
1789944099,1,-120.707620,50.094315,0.000000,4.748652,28.210482,113.089584,1,0,851.153966
1789944103,1,-120.709111,50.093934,0.000000,4.748652,28.948107,114.804546,1,0,844.720751
1789944107,1,-120.710710,50.093676,0.000000,4.748651,29.574373,117.967085,1,0,838.066803
1789944111,1,-120.712350,50.093552,0.000000,4.748651,29.415572,118.164025,1,0,830.727815
1789944115,1,-120.713996,50.093571,0.000000,4.748651,29.327378,117.804269,1,0,824.107664
1789944119,1,-120.715595,50.093725,0.000000,4.748651,28.817925,115.697356,1,0,817.798879
1789944124,1,-120.717492,50.094092,0.000000,4.748651,28.137486,141.752852,1,0,809.076249
1789944129,1,-120.719300,50.094521,0.000000,4.748651,27.157040,137.898816,1,0,800.686069
1789944133,1,-120.720716,50.094807,0.000000,4.748651,26.437865,106.204019,1,0,794.011658
1789944137,1,-120.722233,50.094996,0.000000,4.748651,28.499458,110.571030,1,0,787.183792
1789944142,1,-120.724286,50.095086,0.000000,4.748651,29.399306,147.249361,1,0,778.108250
1789944147,1,-120.726313,50.094948,0.000000,4.748651,29.337236,145.858020,1,0,768.995326
1789944151,1,-120.727909,50.094692,0.000000,4.748651,29.476558,117.703441,1,0,761.781076
1789944155,1,-120.729445,50.094307,0.000000,4.748652,29.252179,117.962368,1,0,754.042055
1789944159,1,-120.730883,50.093829,0.000000,4.748652,28.962408,115.827164,1,0,746.230710
1789944163,1,-120.732317,50.093344,0.000000,4.748652,28.977562,115.942325,1,0,739.073701
1789944168,1,-120.734110,50.092735,0.000000,4.748652,28.972355,145.101988,1,0,731.112525
1789944172,1,-120.735539,50.092254,0.000000,4.748652,28.738868,115.418509,1,0,726.326345
1789944176,1,-120.736952,50.091781,0.000000,4.748652,28.373268,113.991585,1,0,721.716610
1789944181,1,-120.738692,50.091189,0.000000,4.748652,27.938997,140.864562,1,0,715.921805
1789944185,1,-120.740068,50.090723,0.000000,4.748652,27.763840,111.284304,1,0,710.687622
1789944189,1,-120.741460,50.090272,0.000000,4.748652,28.040435,111.538216,1,0,703.931211
1789944193,1,-120.742946,50.089912,0.000000,4.748651,28.715068,113.635253,1,0,695.195049
1789944197,1,-120.744410,50.089694,0.000000,4.748651,23.204150,107.540081,1,0,688.905445
1789944202,1,-120.745531,50.089615,0.000000,4.748651,12.865965,80.703364,1,0,685.693393
1789944212,1,-120.746111,50.089220,0.000000,4.748652,6.816006,60.445465,1,0,687.696420
1789944272,1,-120.747101,50.089651,0.000000,4.748652,16.206301,85.547081,1,0,687.246615
1789944277,1,-120.748362,50.089750,0.000000,4.748652,18.689909,90.911940,1,0,685.773456
1789944283,1,-120.749790,50.090009,0.000000,4.748651,15.121785,106.177464,1,0,681.458219
1789944289,1,-120.750891,50.090288,0.000000,4.748651,12.671488,84.684511,1,0,676.794396
1789944304,1,-120.751545,50.089799,0.000000,4.748652,11.940390,71.760843,1,0,678.041534
1789944310,1,-120.751571,50.089098,0.000000,4.748652,14.166512,78.003341,1,0,680.003732
1789944316,1,-120.750835,50.088379,0.000000,4.748652,17.348993,95.771456,1,0,683.798449
1789944322,1,-120.750242,50.087520,0.000000,4.748652,17.600076,104.558841,1,0,689.813175
1789944327,1,-120.750546,50.086734,0.000000,4.748652,20.208981,90.103320,1,0,695.478358
1789944333,1,-120.751509,50.085584,0.000000,4.748652,26.541229,145.314748,1,0,704.603896
1789944337,1,-120.752435,50.084751,0.000000,4.748652,29.314894,113.926811,1,0,710.914191
1789944342,1,-120.753874,50.083770,0.000000,4.748652,29.875864,150.055193,1,0,718.197381
1789944346,1,-120.755207,50.083051,0.000000,4.748652,32.017348,124.505391,1,0,724.760362
1789944351,1,-120.757073,50.082223,0.000000,4.748652,32.696199,162.248432,1,0,733.946401
1789944356,1,-120.758948,50.081414,0.000000,4.748652,31.416976,161.592805,1,0,743.049912
1789944360,1,-120.760349,50.080805,0.000000,4.748652,29.847067,121.022753,1,0,749.843838
1789944365,1,-120.762077,50.080062,0.000000,4.748652,29.631252,148.764979,1,0,757.722707
1789944369,1,-120.763447,50.079468,0.000000,4.748652,29.515659,118.250287,1,0,764.378766
1789944374,1,-120.765161,50.078731,0.000000,4.748652,29.720119,147.561255,1,0,771.899178
1789944378,1,-120.766563,50.078147,0.000000,4.748652,29.898827,119.557438,1,0,777.092839
1789944382,1,-120.768000,50.077624,0.000000,4.748652,29.482370,118.184454,1,0,781.859325
1789944386,1,-120.769481,50.077150,0.000000,4.748652,29.715238,118.410308,1,0,786.460453
1789944391,1,-120.771377,50.076537,0.000000,4.748652,30.845321,151.898183,1,0,792.653773
1789944395,1,-120.772950,50.076028,0.000000,4.748652,31.850869,126.042601,1,0,797.830258
1789944399,1,-120.774575,50.075501,0.000000,4.748652,32.727217,130.268106,1,0,803.070400
1789944403,1,-120.776225,50.074973,0.000000,4.748652,32.959056,131.918386,1,0,808.422387
1789944407,1,-120.777874,50.074441,0.000000,4.748652,32.968053,132.053226,1,0,813.729951
1789944411,1,-120.779522,50.073909,0.000000,4.748652,32.944827,131.989337,1,0,818.462529
1789944415,1,-120.781160,50.073373,0.000000,4.748652,32.620194,131.561449,1,0,823.488229
1789944419,1,-120.782752,50.072804,0.000000,4.748652,32.478633,130.376776,1,0,828.078988
1789944423,1,-120.784247,50.072152,0.000000,4.748652,31.994632,129.295748,1,0,831.028903
1789944428,1,-120.785943,50.071258,0.000000,4.748652,30.866665,156.955952,1,0,832.821788
1789944433,1,-120.787433,50.070273,0.000000,4.748652,30.458433,152.928170,1,0,833.412283
1789944437,1,-120.788501,50.069422,0.000000,4.748652,30.197302,121.692499,1,0,833.998364
1789944442,1,-120.789674,50.068289,0.000000,4.748652,30.161149,151.461288,1,0,835.028264
1789944446,1,-120.790491,50.067339,0.000000,4.748652,30.063445,120.793276,1,0,836.077005
1789944450,1,-120.791177,50.066353,0.000000,4.748652,29.961639,120.183531,1,0,837.488891
1789944455,1,-120.791859,50.065079,0.000000,4.748652,29.999810,149.903218,1,0,840.610487
1789944459,1,-120.792259,50.064028,0.000000,4.748652,30.104452,120.375534,1,0,843.944639
1789944464,1,-120.792699,50.062698,0.000000,4.748652,30.341232,151.273796,1,0,848.619061
1789944468,1,-120.793058,50.061626,0.000000,4.748652,30.615431,121.994351,1,0,852.459740
1789944473,1,-120.793503,50.060278,0.000000,4.748652,30.752266,153.307092,1,0,857.586032
1789944478,1,-120.793961,50.058916,0.000000,4.748652,31.218465,155.025248,1,0,862.366770
1789944482,1,-120.794389,50.057825,0.000000,4.748652,31.276711,125.179593,1,0,867.597385
1789944487,1,-120.795024,50.056502,0.000000,4.748652,30.534990,154.043815,1,0,874.497733
1789944491,1,-120.795594,50.055480,0.000000,4.748652,30.028145,120.799704,1,0,880.633593
1789944495,1,-120.796212,50.054490,0.000000,4.748652,29.389300,118.694132,1,0,886.539097
1789944500,1,-120.797048,50.053305,0.000000,4.748652,28.805483,144.788138,1,0,893.747668
1789944504,1,-120.797771,50.052388,0.000000,4.748652,28.423572,114.403847,1,0,899.613155
1789944509,1,-120.798739,50.051286,0.000000,4.748652,28.172756,140.840995,1,0,906.219315
1789944514,1,-120.799786,50.050205,0.000000,4.748652,28.387175,141.723494,1,0,913.024332
1789944519,1,-120.800899,50.049168,0.000000,4.748652,27.332772,140.227111,1,0,918.779545
1789944523,1,-120.801782,50.048415,0.000000,4.748652,25.675404,104.966616,1,0,923.364925
1789944527,1,-120.802644,50.047735,0.000000,4.748652,23.920751,97.649152,1,0,927.976217
1789944532,1,-120.803738,50.046938,0.000000,4.748652,23.870438,118.332529,1,0,934.560496
1789944537,1,-120.804883,50.046113,0.000000,4.748652,25.169940,123.087858,1,0,940.957984
1789944542,1,-120.806043,50.045247,0.000000,4.748652,25.362526,127.224590,1,0,948.117441
1789944546,1,-120.806834,50.044490,0.000000,4.748652,25.426441,101.501554,1,0,953.380045
1789944550,1,-120.807397,50.043633,0.000000,4.748652,25.933939,103.519159,1,0,958.341151
1789944555,1,-120.807724,50.042444,0.000000,4.748652,27.735394,134.330836,1,0,965.082850
1789944559,1,-120.807761,50.041391,0.000000,4.748652,29.882328,117.172876,1,0,971.024066
1789944563,1,-120.807835,50.040311,0.000000,4.748652,30.096664,120.263570,1,0,976.815550
1789944567,1,-120.808194,50.039267,0.000000,4.748652,29.869499,118.955511,1,0,982.824062
1789944571,1,-120.808944,50.038329,0.000000,4.748652,29.412733,117.373365,1,0,989.177095
1789944575,1,-120.809969,50.037538,0.000000,4.748652,28.347945,114.616186,1,0,994.703918
1789944579,1,-120.811112,50.036850,0.000000,4.748652,28.028913,112.093172,1,0,1000.076436
1789944584,1,-120.812560,50.035992,0.000000,4.748652,28.113677,140.976688,1,0,1007.639476
1789944588,1,-120.813681,50.035276,0.000000,4.748652,28.282455,113.118340,1,0,1012.763825
1789944592,1,-120.814684,50.034460,0.000000,4.748652,29.259214,115.780514,1,0,1016.483702
1789944597,1,-120.815882,50.033370,0.000000,4.748652,29.907265,148.570701,1,0,1020.517447
1789944601,1,-120.816838,50.032495,0.000000,4.748652,29.471131,119.030113,1,0,1023.064407
1789944606,1,-120.817962,50.031423,0.000000,4.748652,28.018729,143.907537,1,0,1024.226544
1789944611,1,-120.818766,50.030299,0.000000,4.748652,27.196586,137.676157,1,0,1024.068582
1789944616,1,-120.819126,50.029079,0.000000,4.748651,27.895600,138.151839,1,0,1022.859119
1789944621,1,-120.819268,50.028070,0.000000,4.748651,28.520358,112.709023,1,0,1020.651161
1789944625,1,-120.819413,50.027023,0.000000,4.748651,29.543346,116.938646,1,0,1017.953744
1789944629,1,-120.819553,50.025955,0.000000,4.748651,30.041670,119.235025,1,0,1013.248443
1789944633,1,-120.819698,50.024877,0.000000,4.748651,29.899309,120.373900,1,0,1008.139911
1789944637,1,-120.819837,50.023835,0.000000,4.748651,28.782184,116.346766,1,0,1002.921311
1789944641,1,-120.819979,50.022800,0.000000,4.748651,29.091827,115.589547,1,0,998.198741
1789944646,1,-120.820156,50.021501,0.000000,4.748651,28.820430,145.065462,1,0,992.328630
1789944651,1,-120.820508,50.020250,0.000000,4.748651,28.522279,141.437947,1,0,985.947396
1789944655,1,-120.821144,50.019325,0.000000,4.748651,28.661855,112.547396,1,0,981.571337
1789944659,1,-120.822108,50.018495,0.000000,4.748651,29.237785,115.322934,1,0,977.298484
1789944664,1,-120.823718,50.017706,0.000000,4.748651,29.162853,144.990877,1,0,971.997855
1789944668,1,-120.825215,50.017309,0.000000,4.748651,29.373785,116.037873,1,0,966.731814
1789944673,1,-120.827202,50.017161,0.000000,4.748651,28.726830,143.375934,1,0,961.884655
1789944677,1,-120.828810,50.017251,0.000000,4.748651,29.388481,115.694845,1,0,959.653784
1789944681,1,-120.830512,50.017382,0.000000,4.748651,31.883446,122.865976,1,0,956.807874
1789944686,1,-120.832810,50.017559,0.000000,4.748651,33.393347,165.892308,1,0,952.589044
1789944691,1,-120.835145,50.017739,0.000000,4.748651,34.291652,168.565201,1,0,948.041322
1789944695,1,-120.837027,50.017885,0.000000,4.748651,33.744866,135.874949,1,0,944.409311
1789944699,1,-120.838890,50.018017,0.000000,4.748651,33.274579,134.343692,1,0,941.711007
1789944703,1,-120.840728,50.018093,0.000000,4.748651,32.642640,132.017697,1,0,938.485515
1789944707,1,-120.842538,50.018002,0.000000,4.748651,32.284152,130.133958,1,0,935.260051
1789944711,1,-120.844258,50.017790,0.000000,4.748651,30.560330,125.523860,1,0,932.166616
1789944715,1,-120.845853,50.017453,0.000000,4.748651,29.825336,120.318220,1,0,928.772519
1789944720,1,-120.847833,50.017006,0.000000,4.748651,30.347875,150.384252,1,0,925.634833
1789944724,1,-120.849445,50.016670,0.000000,4.748651,30.515071,121.442305,1,0,924.093337
1789944728,1,-120.851093,50.016453,0.000000,4.748651,30.101540,120.568715,1,0,923.903951
1789944732,1,-120.852773,50.016338,0.000000,4.748652,30.507886,121.098717,1,0,925.795718
1789944736,1,-120.854481,50.016240,0.000000,4.748652,30.726828,122.912564,1,0,927.554324
1789944741,1,-120.856608,50.016013,0.000000,4.748652,30.840035,154.538950,1,0,929.176869
1789944745,1,-120.858245,50.015648,0.000000,4.748652,30.981666,124.165880,1,0,929.876668
1789944749,1,-120.859776,50.015134,0.000000,4.748652,30.794274,123.744336,1,0,931.104229
1789944753,1,-120.861225,50.014527,0.000000,4.748652,30.919787,123.884450,1,0,931.843283
1789944757,1,-120.862686,50.013968,0.000000,4.748652,29.900490,121.795478,1,0,932.370132
1789944762,1,-120.864500,50.013467,0.000000,4.748652,27.852879,141.467713,1,0,933.950397
1789944765,1,-120.865954,50.013089,0.000000,4.748652,28.162480,112.394907,1,0,934.965099
1789944770,1,-120.867348,50.012600,0.000000,4.748652,28.648905,113.778133,1,0,935.447283
1789944774,1,-120.868575,50.011916,0.000000,4.748652,29.130050,116.304943,1,0,935.363122
1789944778,1,-120.869547,50.011057,0.000000,4.748652,29.453098,118.266291,1,0,934.898911
1789944782,1,-120.870155,50.010041,0.000000,4.748651,30.456105,121.138197,1,0,934.011831
1789944786,1,-120.870568,50.008956,0.000000,4.748651,31.477384,124.279508,1,0,933.339481
1789944791,1,-120.871207,50.007579,0.000000,4.748651,32.480611,159.888834,1,0,932.170796
1789944795,1,-120.872120,50.006581,0.000000,4.748651,32.491957,128.882371,1,0,932.004910
1789944800,1,-120.873681,50.005567,0.000000,4.748651,31.542302,158.900240,1,0,931.632478
1789944804,1,-120.874954,50.004773,0.000000,4.748651,32.037067,127.010002,1,0,930.798283
1789944809,1,-120.876583,50.003767,0.000000,4.748651,32.357055,161.753698,1,0,930.174895
1789944814,1,-120.878171,50.002736,0.000000,4.748651,32.355479,161.614352,1,0,928.894552
1789944818,1,-120.879402,50.001876,0.000000,4.748651,32.679120,130.167322,1,0,928.206936
1789944822,1,-120.880597,50.000982,0.000000,4.748651,32.722130,131.272821,1,0,927.599727
1789944826,1,-120.881754,50.000072,0.000000,4.748651,32.731270,130.882649,1,0,926.877322
1789944830,1,-120.882893,49.999164,0.000000,4.748651,32.046734,129.895327,1,0,926.101276
1789944834,1,-120.883981,49.998280,0.000000,4.748651,31.088908,125.525446,1,0,925.275285
1789944839,1,-120.885331,49.997188,0.000000,4.748652,31.268413,155.335368,1,0,924.419198
1789944843,1,-120.886417,49.996314,0.000000,4.748652,30.926471,124.571608,1,0,924.031288
1789944848,1,-120.887737,49.995248,0.000000,4.748652,29.921513,151.732711,1,0,924.956091
1789944852,1,-120.888749,49.994428,0.000000,4.748652,28.688923,116.566239,1,0,926.807487
1789944856,1,-120.889741,49.993630,0.000000,4.748652,28.585685,113.758862,1,0,929.892941
1789944861,1,-120.890993,49.992623,0.000000,4.748652,28.702734,143.566788,1,0,935.775916
1789944865,1,-120.891933,49.991780,0.000000,4.748652,28.857227,115.495591,1,0,940.773148
1789944869,1,-120.892663,49.990830,0.000000,4.748652,29.817283,117.939684,1,0,945.946596
1789944873,1,-120.893247,49.989478,0.000000,4.748652,31.930624,156.126489,1,0,952.118338
1789944877,1,-120.893648,49.988336,0.000000,4.748652,32.700755,130.256806,1,0,957.842955
1789944882,1,-120.894279,49.986915,0.000000,4.748652,32.854217,164.431150,1,0,962.311115
1789944886,1,-120.895058,49.985862,0.000000,4.748652,32.675754,129.784611,1,0,964.938482
1789944891,1,-120.896383,49.984685,0.000000,4.748651,32.562201,161.790119,1,0,965.350558
1789944896,1,-120.897680,49.983895,0.000000,4.748651,32.112224,127.975342,1,0,963.858048
1789944901,1,-120.899436,49.983005,0.000000,4.748651,32.330248,160.205663,1,0,959.794664
1789944905,1,-120.900865,49.982286,0.000000,4.748651,32.494473,130.019400,1,0,954.692262
1789944910,1,-120.902472,49.981409,0.000000,4.748651,28.786078,151.017885,1,0,948.162800
1789944914,1,-120.903531,49.980625,0.000000,4.748651,28.717389,115.660108,1,0,942.464890
1789944919,1,-120.904590,49.979549,0.000000,4.748651,27.933132,141.769556,1,0,936.812603
1789944923,1,-120.905292,49.978625,0.000000,4.748651,29.003196,114.462174,1,0,933.731905
1789944927,1,-120.906023,49.977647,0.000000,4.748651,30.688107,120.774455,1,0,932.336638
1789944931,1,-120.906781,49.976635,0.000000,4.748652,31.523929,125.025218,1,0,933.136316
1789944935,1,-120.907551,49.975616,0.000000,4.748652,31.433208,126.101635,1,0,935.013117
1789944939,1,-120.908414,49.974650,0.000000,4.748652,30.852163,124.021355,1,0,938.738145
1789944943,1,-120.909445,49.973796,0.000000,4.748652,29.949023,120.400718,1,0,943.604013
1789944948,1,-120.910804,49.972830,0.000000,4.748652,28.263972,145.098448,1,0,949.045217
1789944953,1,-120.912054,49.971903,0.000000,4.748652,27.001896,136.667125,1,0,954.521461
1789944958,1,-120.913173,49.970931,0.000000,4.748652,26.850712,134.677192,1,0,959.798363
1789944962,1,-120.913937,49.970093,0.000000,4.748652,27.124207,108.144994,1,0,963.231278
1789944966,1,-120.914591,49.969188,0.000000,4.748652,27.929956,111.074905,1,0,965.500607
1789944970,1,-120.915120,49.968221,0.000000,4.748652,28.631232,114.073549,1,0,966.566620
1789944974,1,-120.915499,49.967207,0.000000,4.748652,29.082238,116.034594,1,0,966.494683
1789944978,1,-120.915667,49.966133,0.000000,4.748651,30.717222,120.084046,1,0,964.901798
1789944982,1,-120.915697,49.964963,0.000000,4.748651,32.989608,130.174762,1,0,963.137322
1789944986,1,-120.915448,49.963525,0.000000,4.748651,31.592249,160.965304,1,0,960.086003
1789944991,1,-120.914901,49.962137,0.000000,4.748651,32.141120,159.319604,1,0,957.461680
1789944995,1,-120.914218,49.961051,0.000000,4.748651,32.599132,130.375866,1,0,954.731923
1789944999,1,-120.913403,49.959993,0.000000,4.748651,32.833419,131.427616,1,0,951.849390
1789945004,1,-120.912367,49.958673,0.000000,4.748651,32.922621,164.590873,1,0,949.366590
1789945008,1,-120.911545,49.957624,0.000000,4.748651,32.499063,130.760005,1,0,946.855373
1789945013,1,-120.910536,49.956340,0.000000,4.748651,31.719789,160.145659,1,0,944.035868
1789945017,1,-120.909741,49.955336,0.000000,4.748651,31.184510,125.419196,1,0,941.552263
1789945023,1,-120.908772,49.954102,0.000000,4.748652,30.560455,153.886334,1,0,938.511640
1789945027,1,-120.908041,49.953116,0.000000,4.748651,30.463967,121.589975,1,0,936.529175
1789945032,1,-120.907235,49.951828,0.000000,4.748652,31.596433,154.520913,1,0,934.720038
1789945037,1,-120.906526,49.950448,0.000000,4.748652,32.870822,161.732022,1,0,936.230363
1789945041,1,-120.906050,49.949300,0.000000,4.748652,33.167044,132.199734,1,0,939.981876
1789945046,1,-120.905598,49.947847,0.000000,4.748652,32.686315,164.862594,1,0,946.578312
1789945050,1,-120.905349,49.946711,0.000000,4.748652,31.562316,127.631664,1,0,951.426824
1789945055,1,-120.905145,49.945305,0.000000,4.748652,32.306483,157.094086,1,0,956.573288
1789945059,1,-120.905093,49.944117,0.000000,4.748652,32.692294,132.211522,1,0,959.916037
1789945063,1,-120.905133,49.942971,0.000000,4.748652,31.426024,127.518817,1,0,961.854312
1789945068,1,-120.905279,49.941618,0.000000,4.748652,29.433784,150.878684,1,0,962.878887
1789945073,1,-120.905488,49.940329,0.000000,4.748652,28.746894,144.177380,1,0,963.326384
1789945078,1,-120.905753,49.939061,0.000000,4.748651,28.283146,142.335514,1,0,962.585791
1789945082,1,-120.906005,49.938066,0.000000,4.748651,27.594251,112.157438,1,0,961.230549
1789945086,1,-120.906273,49.937156,0.000000,4.748651,25.011350,103.045092,1,0,958.892153
1789945091,1,-120.906632,49.936059,0.000000,4.748651,25.072885,124.727670,1,0,956.390569
1789945095,1,-120.906925,49.935163,0.000000,4.748651,25.561534,101.870877,1,0,954.803259
1789945098,1,-120.907233,49.934264,0.000000,4.748651,25.578126,102.424524,1,0,953.114706
1789945102,1,-120.907532,49.933364,0.000000,4.748651,25.540093,102.396056,1,0,950.713905
1789945106,1,-120.907835,49.932471,0.000000,4.748651,25.348157,101.695813,1,0,948.948018
1789945111,1,-120.908209,49.931347,0.000000,4.748651,25.604173,127.889984,1,0,946.409975
1789945115,1,-120.908562,49.930460,0.000000,4.748651,25.483937,101.877234,1,0,944.740704
1789945120,1,-120.909137,49.929391,0.000000,4.748651,25.117931,125.883564,1,0,943.614567
1789945125,1,-120.909761,49.928328,0.000000,4.748651,25.449902,126.458156,1,0,942.795677
1789945129,1,-120.910262,49.927465,0.000000,4.748651,25.624627,102.523731,1,0,942.303413
1789945133,1,-120.910763,49.926604,0.000000,4.748651,25.543460,102.315414,1,0,941.740226
1789945137,1,-120.911212,49.925728,0.000000,4.748651,25.798809,102.645634,1,0,941.953360
1789945142,1,-120.911563,49.924565,0.000000,4.748651,26.553001,131.809455,1,0,941.522466
1789945146,1,-120.911629,49.923578,0.000000,4.748652,27.843523,109.900124,1,0,940.939504
1789945151,1,-120.911586,49.922542,0.000000,4.748652,29.335324,115.290170,1,0,940.221861
1789945155,1,-120.911533,49.921468,0.000000,4.748652,30.089876,119.536681,1,0,939.679077
1789945159,1,-120.911468,49.920387,0.000000,4.748652,29.907469,120.345334,1,0,938.992583
1789945163,1,-120.911411,49.919319,0.000000,4.748652,29.443620,118.879077,1,0,938.077578
1789945167,1,-120.911336,49.918280,0.000000,4.748652,28.566655,115.707851,1,0,937.936632
1789945171,1,-120.911138,49.917269,0.000000,4.748652,28.135525,113.363166,1,0,937.647553
1789945176,1,-120.910490,49.916066,0.000000,4.748651,28.054534,141.689172,1,0,935.137196
1789945180,1,-120.909691,49.915202,0.000000,4.748651,27.528986,111.944645,1,0,932.421798
1789945184,1,-120.908684,49.914464,0.000000,4.748651,26.758831,109.415011,1,0,928.551296
1789945189,1,-120.907268,49.913705,0.000000,4.748651,26.478698,132.194428,1,0,921.965705
1789945194,1,-120.905830,49.912946,0.000000,4.748651,26.938298,133.414100,1,0,915.213670
1789945199,1,-120.904575,49.912058,0.000000,4.748651,27.061775,133.736856,1,0,908.863000
1789945204,1,-120.903743,49.910974,0.000000,4.748651,27.306610,134.585712,1,0,906.141099
1789945208,1,-120.903417,49.910035,0.000000,4.748652,26.812952,107.050151,1,0,904.843233
1789945213,1,-120.903431,49.908887,0.000000,4.748652,25.086262,127.711067,1,0,906.325648
1789945216,1,-120.903629,49.908015,0.000000,4.748652,24.544078,98.041405,1,0,909.051793
1789945221,1,-120.903895,49.906920,0.000000,4.748652,24.654891,123.301165,1,0,913.908526
1789945225,1,-120.904098,49.906049,0.000000,4.748652,24.296323,97.984287,1,0,918.137120
1789945229,1,-120.904251,49.905186,0.000000,4.748652,24.059011,96.630212,1,0,921.673279
1789945234,1,-120.904246,49.904093,0.000000,4.748652,24.313320,121.589494,1,0,924.158921
1789945239,1,-120.904102,49.903003,0.000000,4.748652,24.407865,121.695859,1,0,925.490630
1789945243,1,-120.903980,49.902121,0.000000,4.748652,24.758383,98.507419,1,0,925.251898
1789945248,1,-120.903824,49.900994,0.000000,4.748652,25.385726,125.871286,1,0,923.953269
1789945253,1,-120.903652,49.899837,0.000000,4.748652,26.172977,129.300445,1,0,922.560391
1789945257,1,-120.903517,49.898888,0.000000,4.748652,26.699644,106.014555,1,0,921.823486
1789945261,1,-120.903375,49.897926,0.000000,4.748652,27.005454,107.501293,1,0,921.007336
1789945266,1,-120.903206,49.896708,0.000000,4.748651,27.318021,136.037295,1,0,919.615975
1789945271,1,-120.903026,49.895503,0.000000,4.748651,26.690489,134.670541,1,0,917.075491
1789945276,1,-120.902844,49.894566,0.000000,4.748651,25.884747,105.051977,1,0,914.079618
1789945280,1,-120.902567,49.893662,0.000000,4.748651,25.516618,102.514856,1,0,909.778154
1789945285,1,-120.902058,49.892563,0.000000,4.748651,25.331740,127.610670,1,0,903.641820
1789945290,1,-120.901461,49.891500,0.000000,4.748651,24.976243,125.793154,1,0,897.415626
1789945294,1,-120.900976,49.890658,0.000000,4.748651,24.942874,99.940745,1,0,892.616777
1789945298,1,-120.900511,49.889840,0.000000,4.748651,23.341263,96.938120,1,0,887.602950
1789945302,1,-120.900101,49.889088,0.000000,4.748651,21.532791,88.692291,1,0,882.875815
1789945308,1,-120.899689,49.888026,0.000000,4.748651,19.800299,121.793569,1,0,877.317518
1789945313,1,-120.899566,49.887147,0.000000,4.748651,19.453392,98.180678,1,0,873.065975
1789945318,1,-120.899634,49.886304,0.000000,4.748651,18.453813,93.904378,1,0,868.873101
1789945323,1,-120.899852,49.885495,0.000000,4.748651,18.223231,91.348471,1,0,864.948601
1789945329,1,-120.900308,49.884596,0.000000,4.748651,17.517407,105.239497,1,0,860.285695
1789945334,1,-120.900967,49.883742,0.000000,4.748651,18.236301,106.154388,1,0,855.458211
1789945340,1,-120.901871,49.882918,0.000000,4.748651,19.308042,112.357365,1,0,850.875867
1789945346,1,-120.903001,49.882173,0.000000,4.748651,19.623847,116.039625,1,0,845.557496
1789945351,1,-120.904052,49.881597,0.000000,4.748651,20.124648,99.057478,1,0,843.002007
1789945357,1,-120.905405,49.880879,0.000000,4.748652,22.115349,125.845205,1,0,842.820854
1789945361,1,-120.906411,49.880371,0.000000,4.748652,22.166536,91.771435,1,0,844.832954
1789945367,1,-120.907737,49.879662,0.000000,4.748652,20.205284,123.710987,1,0,848.638892
1789945372,1,-120.908812,49.879085,0.000000,4.748652,20.111818,100.456254,1,0,854.349233
1789945377,1,-120.909863,49.878521,0.000000,4.748652,19.127723,98.205200,1,0,859.905128
1789945383,1,-120.911036,49.877887,0.000000,4.748652,17.833113,109.927642,1,0,865.779197
1789945388,1,-120.911944,49.877385,0.000000,4.748652,16.948651,85.900167,1,0,871.569528
1789945394,1,-120.912943,49.876757,0.000000,4.748652,16.414297,100.187395,1,0,877.817154
1789945401,1,-120.913886,49.876065,0.000000,4.748652,17.528758,102.571873,1,0,884.508662
1789945407,1,-120.914779,49.875273,0.000000,4.748652,18.433762,109.009473,1,0,891.402397
1789945412,1,-120.915451,49.874548,0.000000,4.748652,18.866921,94.011050,1,0,897.283391
1789945418,1,-120.916141,49.873614,0.000000,4.748652,19.225900,115.134938,1,0,903.680412
1789945423,1,-120.916612,49.872804,0.000000,4.748652,19.081428,96.258874,1,0,909.251149
1789945428,1,-120.916971,49.872004,0.000000,4.748652,18.302861,92.661080,1,0,914.398761
1789945433,1,-120.917288,49.871220,0.000000,4.748652,17.971312,90.142730,1,0,919.449160
1789945438,1,-120.917595,49.870437,0.000000,4.748652,17.914375,89.855889,1,0,924.406913
1789945443,1,-120.917844,49.869669,0.000000,4.748652,16.869736,87.289812,1,0,929.247946
1789945448,1,-120.918113,49.868969,0.000000,4.748652,15.896950,80.235984,1,0,933.855058
1789945452,1,-120.918413,49.868180,0.000000,4.748652,19.425274,90.382279,1,0,939.573400
1789945457,1,-120.918769,49.867277,0.000000,4.748652,20.908842,103.662313,1,0,945.873169
1789945462,1,-120.919101,49.866376,0.000000,4.748652,20.272493,103.033419,1,0,952.306935
1789945467,1,-120.919298,49.865421,0.000000,4.748652,22.227630,107.177379,1,0,959.104535
1789945471,1,-120.919259,49.864569,0.000000,4.748652,24.114302,94.820798,1,0,965.502946
1789945476,1,-120.918913,49.863473,0.000000,4.748652,24.577812,124.435457,1,0,972.448865
1789945481,1,-120.918444,49.862436,0.000000,4.748652,24.045877,120.188183,1,0,979.197669
1789945485,1,-120.918065,49.861588,0.000000,4.748652,24.685876,98.192458,1,0,984.911923
1789945489,1,-120.917680,49.860739,0.000000,4.748652,24.508871,98.419919,1,0,990.796295
1789945494,1,-120.917197,49.859684,0.000000,4.748652,24.463391,122.393633,1,0,998.075726
1789945498,1,-120.916829,49.858836,0.000000,4.748652,23.717981,97.976779,1,0,1003.504403
1789945503,1,-120.916470,49.857784,0.000000,4.748652,24.489111,119.842645,1,0,1010.414926
1789945507,1,-120.916381,49.856915,0.000000,4.748652,23.790111,96.882724,1,0,1016.181330
1789945511,1,-120.916396,49.856092,0.000000,4.748652,22.962089,91.560278,1,0,1021.708290
1789945515,1,-120.916540,49.855275,0.000000,4.748652,22.811198,91.474632,1,0,1027.168586
1789945519,1,-120.916803,49.854490,0.000000,4.748652,22.398532,89.351602,1,0,1032.252622
1789945524,1,-120.917204,49.853709,0.000000,4.748652,23.441777,91.543896,1,0,1037.129660
1789945528,1,-120.917788,49.852882,0.000000,4.748652,26.551385,101.134318,1,0,1042.131388
1789945532,1,-120.918608,49.852010,0.000000,4.748652,29.461400,113.527070,1,0,1046.303906
1789945536,1,-120.919631,49.851186,0.000000,4.748652,27.123037,117.543029,1,0,1048.369155
1789945541,1,-120.920784,49.850428,0.000000,4.748652,23.548748,118.269189,1,0,1048.612259
1789945546,1,-120.922072,49.849711,0.000000,4.748652,25.272106,122.245340,1,0,1049.479687
1789945550,1,-120.923172,49.849111,0.000000,4.748652,26.113933,103.511282,1,0,1049.936574
1789945555,1,-120.924563,49.848344,0.000000,4.748652,26.284943,131.498432,1,0,1050.670522
1789945560,1,-120.925940,49.847571,0.000000,4.748652,26.345330,131.170411,1,0,1051.394598
1789945564,1,-120.926985,49.846877,0.000000,4.748652,27.140479,107.753539,1,0,1051.856132
1789945567,1,-120.927929,49.846082,0.000000,4.748652,28.133811,111.501072,1,0,1051.374033
1789945571,1,-120.928713,49.845179,0.000000,4.748652,29.028005,115.201335,1,0,1050.632999
1789945576,1,-120.929499,49.843944,0.000000,4.748652,29.849293,148.565807,1,0,1049.147832
1789945580,1,-120.930102,49.842946,0.000000,4.748652,29.627391,119.195915,1,0,1047.612514
1789945585,1,-120.930847,49.841716,0.000000,4.748652,29.160270,146.952545,1,0,1045.887084
1789945589,1,-120.931425,49.840746,0.000000,4.748652,28.689554,115.641347,1,0,1044.595624
1789945593,1,-120.931996,49.839799,0.000000,4.748652,27.974971,113.073659,1,0,1043.674126
1789945597,1,-120.932547,49.838876,0.000000,4.748652,27.192002,110.064117,1,0,1042.430238
1789945601,1,-120.933068,49.837972,0.000000,4.748652,26.635188,107.323608,1,0,1041.760421
1789945605,1,-120.933454,49.837053,0.000000,4.748652,26.298322,105.938317,1,0,1041.319227
1789945610,1,-120.933572,49.835865,0.000000,4.748652,26.574961,132.430415,1,0,1040.007196
1789945615,1,-120.933517,49.834662,0.000000,4.748652,26.703469,133.885120,1,0,1037.837617
1789945620,1,-120.933495,49.833477,0.000000,4.748652,26.113882,131.833681,1,0,1034.403079
1789945625,1,-120.933705,49.832350,0.000000,4.748651,24.747626,126.279173,1,0,1030.934270
1789945629,1,-120.934150,49.831528,0.000000,4.748651,24.419188,96.886570,1,0,1027.596170
1789945633,1,-120.934838,49.830758,0.000000,4.748651,25.004438,98.934425,1,0,1024.255802
1789945638,1,-120.935886,49.829824,0.000000,4.748651,26.066471,128.382657,1,0,1021.122996
1789945642,1,-120.936771,49.829054,0.000000,4.748651,27.103040,106.735347,1,0,1017.805116
1789945647,1,-120.937831,49.828019,0.000000,4.748651,28.025986,138.108923,1,0,1014.294770
1789945653,1,-120.938571,49.826841,0.000000,4.748651,28.319826,141.451761,1,0,1010.871298
1789945658,1,-120.938864,49.825585,0.000000,4.748651,28.242606,141.303686,1,0,1008.739224
1789945663,1,-120.938936,49.824324,0.000000,4.748652,27.935554,140.373496,1,0,1007.225476
1789945668,1,-120.939011,49.823086,0.000000,4.748652,27.238590,137.824921,1,0,1005.115519
1789945673,1,-120.939239,49.821892,0.000000,4.748651,26.450720,133.834105,1,0,1001.841372
1789945678,1,-120.939775,49.820772,0.000000,4.748651,26.118093,130.427609,1,0,998.184320
1789945682,1,-120.940414,49.819921,0.000000,4.748651,26.462495,105.247343,1,0,993.976403
1789945687,1,-120.941285,49.818847,0.000000,4.748651,27.485000,134.921574,1,0,987.295279
1789945690,1,-120.942026,49.817954,0.000000,4.748651,28.776032,112.749746,1,0,981.282838
1789945694,1,-120.942812,49.817016,0.000000,4.748651,30.370945,118.695749,1,0,975.006151
1789945698,1,-120.943631,49.816019,0.000000,4.748651,31.968530,125.601886,1,0,968.615387
1789945702,1,-120.944481,49.814993,0.000000,4.748651,32.653194,129.498442,1,0,961.932942
1789945707,1,-120.945557,49.813688,0.000000,4.748651,33.112679,164.538253,1,0,953.046052
1789945711,1,-120.946418,49.812637,0.000000,4.748651,33.204705,132.324720,1,0,945.562562
1789945716,1,-120.947498,49.811319,0.000000,4.748651,33.127340,165.953837,1,0,937.043784
1789945721,1,-120.948573,49.810020,0.000000,4.748651,32.591067,163.919107,1,0,931.956928
1789945725,1,-120.949411,49.808995,0.000000,4.748652,32.010068,128.996695,1,0,930.621418
1789945730,1,-120.950489,49.807724,0.000000,4.748652,32.377818,161.283690,1,0,931.109703
1789945734,1,-120.951432,49.806729,0.000000,4.748652,32.511549,129.846704,1,0,932.281856
1789945738,1,-120.952444,49.805755,0.000000,4.748652,32.784296,130.566621,1,0,933.692513
1789945743,1,-120.953822,49.804567,0.000000,4.748652,33.208085,165.247526,1,0,935.317674
1789945747,1,-120.955002,49.803647,0.000000,4.748652,33.340648,133.006265,1,0,936.335950
1789945752,1,-120.956569,49.802549,0.000000,4.748652,33.222800,166.269774,1,0,937.746885
1789945757,1,-120.958215,49.801514,0.000000,4.748652,32.961197,165.231041,1,0,938.990241
1789945761,1,-120.959582,49.800736,0.000000,4.748652,32.619165,131.063260,1,0,940.429577
1789945766,1,-120.961357,49.799827,0.000000,4.748652,32.523744,162.966180,1,0,941.664603
1789945770,1,-120.962787,49.799129,0.000000,4.748652,32.156100,128.956861,1,0,942.799346
1789945776,1,-120.964570,49.798266,0.000000,4.748652,32.067886,160.302427,1,0,944.517876
1789945781,1,-120.966300,49.797357,0.000000,4.748652,32.292647,160.438015,1,0,946.196089
1789945786,1,-120.967850,49.796301,0.000000,4.748652,32.510802,162.039653,1,0,947.520153
1789945790,1,-120.968899,49.795343,0.000000,4.748652,32.672103,130.624779,1,0,948.587241
1789945795,1,-120.969945,49.794033,0.000000,4.748652,32.872010,164.040957,1,0,950.246416
1789945799,1,-120.970553,49.792918,0.000000,4.748652,32.948627,131.534558,1,0,951.520109
1789945804,1,-120.971045,49.791465,0.000000,4.748652,33.171920,165.472001,1,0,952.659222
1789945808,1,-120.971384,49.790286,0.000000,4.748652,33.343685,133.406742,1,0,953.382684
1789945812,1,-120.971869,49.788814,0.000000,4.748652,33.542947,167.431344,1,0,954.279191
1789945817,1,-120.972794,49.787442,0.000000,4.748652,33.339507,166.527459,1,0,955.634261
1789945821,1,-120.973909,49.786492,0.000000,4.748652,33.269423,132.729559,1,0,956.346789
1789945826,1,-120.975456,49.785381,0.000000,4.748652,33.297458,166.399001,1,0,957.137767
1789945831,1,-120.977011,49.784269,0.000000,4.748652,33.404287,166.867828,1,0,958.108914
1789945835,1,-120.978264,49.783383,0.000000,4.748652,33.426372,133.634561,1,0,958.908729
1789945839,1,-120.979509,49.782488,0.000000,4.748652,33.512002,133.988402,1,0,959.753257
1789945844,1,-120.981072,49.781377,0.000000,4.748652,33.424886,167.180678,1,0,961.000298
1789945848,1,-120.982316,49.780486,0.000000,4.748652,33.353258,133.615998,1,0,962.035361
1789945853,1,-120.983878,49.779374,0.000000,4.748652,33.490573,167.214517,1,0,963.381183
1789945857,1,-120.985128,49.778484,0.000000,4.748652,33.378370,133.823945,1,0,964.673734
1789945861,1,-120.986433,49.777644,0.000000,4.748652,32.913348,132.542595,1,0,965.950626
1789945865,1,-120.987747,49.776837,0.000000,4.748652,32.401603,130.456819,1,0,967.630067
1789945870,1,-120.989338,49.775847,0.000000,4.748652,31.434767,158.947323,1,0,970.353874
1789945874,1,-120.990533,49.775045,0.000000,4.748652,30.813461,123.976005,1,0,972.475116
1789945878,1,-120.991551,49.774162,0.000000,4.748652,30.517037,122.581948,1,0,974.607439
1789945882,1,-120.992381,49.773202,0.000000,4.748652,30.713237,122.390908,1,0,976.806142
1789945887,1,-120.993132,49.771892,0.000000,4.748652,31.340542,155.446653,1,0,979.470599
1789945891,1,-120.993505,49.770752,0.000000,4.748652,33.220989,129.631567,1,0,981.532450
1789945896,1,-120.993919,49.769308,0.000000,4.748652,32.258115,163.378822,1,0,983.512830
1789945901,1,-120.994479,49.768209,0.000000,4.748652,32.266188,128.739853,1,0,984.962388
1789945906,1,-120.995579,49.766948,0.000000,4.748652,32.185790,161.118007,1,0,986.032654
1789945910,1,-120.996591,49.765934,0.000000,4.748652,34.305549,134.314848,1,0,986.998864
1789945915,1,-120.997893,49.764640,0.000000,4.748652,34.234889,171.817747,1,0,989.358265
1789945919,1,-120.998932,49.763614,0.000000,4.748652,34.055048,136.495156,1,0,993.028974
1789945924,1,-121.000237,49.762321,0.000000,4.748652,34.538572,171.847699,1,0,996.314459
1789945929,1,-121.001553,49.761016,0.000000,4.748652,34.717630,173.398808,1,0,996.252917
1789945932,1,-121.002656,49.759994,0.000000,4.748651,34.569212,138.717161,1,0,995.725783
1789945936,1,-121.003927,49.759074,0.000000,4.748652,34.101287,137.339483,1,0,995.215121
1789945941,1,-121.005792,49.758201,0.000000,4.748652,33.181315,165.806437,1,0,997.458733
1789945946,1,-121.007679,49.757291,0.000000,4.748652,34.185072,169.530921,1,0,1000.234034
1789945951,1,-121.009316,49.756170,0.000000,4.748652,34.485338,171.663270,1,0,1002.097297
1789945956,1,-121.010605,49.754868,0.000000,4.748652,34.479038,172.066938,1,0,1004.621049
1789945961,1,-121.011484,49.753425,0.000000,4.748652,34.511124,172.569251,1,0,1006.160633
1789945966,1,-121.011953,49.751904,0.000000,4.748652,34.513137,172.542436,1,0,1007.711537
1789945970,1,-121.012114,49.750665,0.000000,4.748652,34.533502,138.316307,1,0,1008.016687
1789945975,1,-121.012280,49.749118,0.000000,4.748652,34.452591,172.506619,1,0,1009.652555
1789945980,1,-121.012445,49.747576,0.000000,4.748652,34.269536,171.946748,1,0,1011.757290
1789945984,1,-121.012579,49.746348,0.000000,4.748652,34.191820,136.946091,1,0,1014.830480
1789945988,1,-121.012717,49.745122,0.000000,4.748652,34.182851,136.744911,1,0,1019.035199
1789945992,1,-121.012842,49.743895,0.000000,4.748652,34.176876,136.791044,1,0,1024.259693
1789945997,1,-121.012918,49.742350,0.000000,4.748652,34.546614,171.956239,1,0,1029.387894
1789946002,1,-121.012885,49.740792,0.000000,4.748652,34.705112,173.331510,1,0,1031.588052
1789946007,1,-121.012844,49.739235,0.000000,4.748652,34.561257,173.229188,1,0,1031.598809
1789946011,1,-121.012811,49.737993,0.000000,4.748652,34.439309,138.183064,1,0,1030.094818
1789946015,1,-121.012782,49.736755,0.000000,4.748652,34.406146,137.733459,1,0,1029.337442
1789946019,1,-121.012734,49.735517,0.000000,4.748652,34.394879,137.761050,1,0,1029.041948
1789946023,1,-121.012662,49.734283,0.000000,4.748652,34.365245,137.370721,1,0,1029.538963
1789946028,1,-121.012623,49.733045,0.000000,4.748652,34.467318,137.746180,1,0,1030.238797
1789946032,1,-121.012592,49.731807,0.000000,4.748652,34.427844,137.735629,1,0,1031.109317
1789946036,1,-121.012626,49.730569,0.000000,4.748652,34.451019,137.739328,1,0,1032.015254
1789946040,1,-121.012797,49.729332,0.000000,4.748652,34.488188,138.157550,1,0,1032.883301
1789946044,1,-121.013060,49.728107,0.000000,4.748652,34.490105,137.584639,1,0,1033.984143
1789946048,1,-121.013346,49.726881,0.000000,4.748652,34.421191,137.933065,1,0,1035.687879
1789946052,1,-121.013506,49.725647,0.000000,4.748652,34.471023,137.756531,1,0,1036.456136
1789946055,1,-121.013562,49.724409,0.000000,4.748652,34.364121,137.776694,1,0,1036.923808
1789946059,1,-121.013630,49.723171,0.000000,4.748651,34.449140,137.804691,1,0,1038.368636
1789946063,1,-121.013704,49.721934,0.000000,4.748651,34.471097,137.709638,1,0,1039.549779
1789946067,1,-121.013760,49.720694,0.000000,4.748651,34.548566,137.999053,1,0,1040.879750
1789946071,1,-121.013654,49.719458,0.000000,4.748652,34.464697,137.707345,1,0,1041.663290
1789946075,1,-121.013346,49.718238,0.000000,4.748652,34.465166,137.521081,1,0,1041.633382
1789946080,1,-121.012750,49.716738,0.000000,4.748652,34.436288,172.310771,1,0,1042.604463
1789946085,1,-121.012377,49.715212,0.000000,4.748652,34.433958,171.873583,1,0,1044.105343
1789946089,1,-121.012622,49.713990,0.000000,4.748652,34.357997,137.081272,1,0,1046.284152
1789946093,1,-121.013398,49.712865,0.000000,4.748652,34.325593,137.094833,1,0,1048.753842
1789946097,1,-121.014445,49.711833,0.000000,4.748652,34.246376,137.415965,1,0,1050.988285
1789946101,1,-121.015442,49.710811,0.000000,4.748652,33.380769,134.525910,1,0,1053.081092
1789946105,1,-121.016281,49.709751,0.000000,4.748652,33.023308,132.540179,1,0,1054.467743
1789946109,1,-121.016711,49.708602,0.000000,4.748652,32.898109,131.526604,1,0,1054.813778
1789946114,1,-121.016585,49.707128,0.000000,4.748651,32.899804,164.222229,1,0,1055.070704
1789946119,1,-121.015843,49.705723,0.000000,4.748651,33.131790,165.207107,1,0,1055.224939
1789946123,1,-121.015143,49.704612,0.000000,4.748651,33.430794,133.508586,1,0,1055.352219
1789946127,1,-121.014438,49.703490,0.000000,4.748652,33.873886,134.777840,1,0,1056.033134
1789946132,1,-121.013542,49.702071,0.000000,4.748652,34.228071,170.576332,1,0,1057.167516
1789946136,1,-121.012829,49.700930,0.000000,4.748652,34.215577,136.955172,1,0,1058.930608
1789946140,1,-121.012168,49.699780,0.000000,4.748652,33.960753,136.528261,1,0,1060.666906
1789946145,1,-121.011587,49.698314,0.000000,4.748652,33.654027,168.381794,1,0,1063.170831
1789946149,1,-121.011304,49.697127,0.000000,4.748652,33.366198,133.613658,1,0,1065.027144
1789946154,1,-121.011313,49.695938,0.000000,4.748652,33.047241,132.268143,1,0,1067.252474
1789946158,1,-121.011793,49.694798,0.000000,4.748652,32.885081,131.460332,1,0,1069.619830
1789946162,1,-121.012559,49.693730,0.000000,4.748652,32.720137,131.034050,1,0,1071.647959
1789946167,1,-121.013383,49.692364,0.000000,4.748652,32.595086,163.176409,1,0,1073.848877
1789946171,1,-121.013613,49.691200,0.000000,4.748651,32.733661,130.544981,1,0,1075.474864
1789946175,1,-121.013647,49.689720,0.000000,4.748651,32.971629,164.656324,1,0,1076.348405
1789946179,1,-121.013675,49.688527,0.000000,4.748652,33.247907,132.727013,1,0,1077.414046
1789946184,1,-121.013695,49.687024,0.000000,4.748652,33.522006,167.202743,1,0,1078.827998
1789946188,1,-121.013724,49.685813,0.000000,4.748652,33.748666,134.730174,1,0,1079.914598
1789946193,1,-121.013755,49.684291,0.000000,4.748652,33.824325,169.324955,1,0,1081.317976
1789946197,1,-121.013818,49.683078,0.000000,4.748652,33.705329,135.013046,1,0,1083.481205
1789946202,1,-121.014084,49.681588,0.000000,4.748652,33.153547,166.858696,1,0,1087.477551
1789946207,1,-121.014407,49.680134,0.000000,4.748652,32.382142,163.417402,1,0,1092.722564
1789946211,1,-121.014667,49.678997,0.000000,4.748652,31.700208,127.866872,1,0,1097.706192
1789946216,1,-121.014981,49.677611,0.000000,4.748652,30.814561,155.838534,1,0,1104.997521
1789946220,1,-121.015183,49.676525,0.000000,4.748652,30.276185,121.685848,1,0,1111.497695
1789946224,1,-121.015279,49.675445,0.000000,4.748652,30.038351,120.341370,1,0,1117.476058
1789946229,1,-121.015230,49.674093,0.000000,4.748652,30.263991,150.441299,1,0,1123.351454
1789946233,1,-121.015070,49.672996,0.000000,4.748652,30.871866,122.578350,1,0,1126.162613
1789946237,1,-121.014891,49.671869,0.000000,4.748652,31.899557,126.034463,1,0,1127.723666
1789946242,1,-121.014642,49.670405,0.000000,4.748651,33.203112,163.848029,1,0,1127.549142
1789946246,1,-121.014429,49.669208,0.000000,4.748651,33.584082,134.042137,1,0,1125.649455
1789946251,1,-121.014169,49.667701,0.000000,4.748651,33.915782,168.689825,1,0,1123.079681
1789946256,1,-121.013914,49.666187,0.000000,4.748651,33.863369,169.424099,1,0,1120.273893
1789946261,1,-121.013639,49.664671,0.000000,4.748651,34.022996,169.807990,1,0,1117.869425
1789946265,1,-121.013327,49.663455,0.000000,4.748651,34.429252,137.133373,1,0,1115.553321
1789946270,1,-121.012614,49.661976,0.000000,4.748651,34.470496,172.393073,1,0,1112.817163
1789946274,1,-121.011737,49.660876,0.000000,4.748651,34.437898,137.782400,1,0,1111.279112
1789946279,1,-121.010417,49.659585,0.000000,4.748651,34.461512,172.366709,1,0,1108.718040
1789946283,1,-121.009349,49.658560,0.000000,4.748651,34.454917,137.654811,1,0,1107.230213
1789946287,1,-121.008280,49.657534,0.000000,4.748651,34.474265,137.787378,1,0,1105.651051
1789946291,1,-121.007240,49.656497,0.000000,4.748652,34.386919,137.649063,1,0,1106.517978
1789946295,1,-121.006312,49.655421,0.000000,4.748652,34.238422,137.181242,1,0,1109.403809
1789946299,1,-121.005559,49.654289,0.000000,4.748652,34.292690,137.166142,1,0,1114.720885
1789946303,1,-121.004958,49.653119,0.000000,4.748652,34.392380,137.199411,1,0,1120.584215
1789946307,1,-121.004530,49.651912,0.000000,4.748652,34.439948,137.780995,1,0,1125.009474
1789946311,1,-121.004170,49.650708,0.000000,4.748652,33.967580,136.435866,1,0,1127.445570
1789946315,1,-121.003820,49.649521,0.000000,4.748652,33.455282,134.442250,1,0,1128.005345
1789946320,1,-121.003392,49.648043,0.000000,4.748651,33.613510,167.296473,1,0,1126.749178
1789946325,1,-121.002951,49.646542,0.000000,4.748651,34.309816,169.985039,1,0,1125.590382
1789946329,1,-121.002599,49.645324,0.000000,4.748651,34.544820,137.857666,1,0,1124.121761
1789946333,1,-121.002292,49.644101,0.000000,4.748651,34.424553,137.844226,1,0,1122.778197
1789946337,1,-121.002279,49.642877,0.000000,4.748651,33.675875,136.163219,1,0,1121.115327
1789946341,1,-121.002695,49.641710,0.000000,4.748651,33.357022,133.251537,1,0,1121.009449
1789946345,1,-121.003471,49.640621,0.000000,4.748652,33.585212,133.484160,1,0,1121.817401
1789946350,1,-121.004672,49.639291,0.000000,4.748652,34.506453,171.514213,1,0,1123.742898
1789946354,1,-121.005662,49.638229,0.000000,4.748652,34.455010,138.100069,1,0,1125.399754
1789946359,1,-121.006900,49.636903,0.000000,4.748652,34.467886,172.501140,1,0,1127.582974
1789946364,1,-121.008156,49.635585,0.000000,4.748652,34.495796,172.426250,1,0,1129.116814
1789946368,1,-121.009250,49.634601,0.000000,4.748652,32.956202,135.015262,1,0,1130.007998
1789946372,1,-121.010441,49.633776,0.000000,4.748652,30.629546,125.804237,1,0,1130.611847
1789946376,1,-121.011673,49.633102,0.000000,4.748652,28.268201,116.379763,1,0,1131.522824
1789946380,1,-121.012852,49.632454,0.000000,4.748652,28.535930,111.588136,1,0,1133.711710
1789946385,1,-121.014528,49.631594,0.000000,4.748652,32.681038,154.319838,1,0,1135.814988
1789946389,1,-121.016024,49.630831,0.000000,4.748652,34.890447,137.435661,1,0,1137.412605
1789946394,1,-121.017934,49.629879,0.000000,4.748652,35.196267,173.958368,1,0,1138.661343
1789946397,1,-121.019175,49.629332,0.000000,4.748652,36.627557,108.366010,1,0,1139.434288
1789946400,1,-121.020516,49.628801,0.000000,4.748652,38.239678,113.480327,1,0,1140.795780
1789946403,1,-121.021933,49.628315,0.000000,4.748652,38.409386,115.783396,1,0,1141.751161
1789946406,1,-121.023355,49.627888,0.000000,4.748652,37.098643,113.195926,1,0,1142.522367
1789946410,1,-121.025135,49.627370,0.000000,4.748652,34.229146,140.933522,1,0,1143.103776
1789946415,1,-121.027193,49.626777,0.000000,4.748652,31.802746,162.677200,1,0,1143.442153
1789946419,1,-121.028755,49.626323,0.000000,4.748652,30.805361,123.647706,1,0,1144.075069
1789946423,1,-121.030296,49.625861,0.000000,4.748652,30.536349,122.645136,1,0,1145.665524
1789946427,1,-121.031799,49.625361,0.000000,4.748652,30.457768,122.025302,1,0,1148.095384
1789946432,1,-121.033580,49.624607,0.000000,4.748652,31.004776,153.620193,1,0,1151.410119
1789946436,1,-121.034982,49.623961,0.000000,4.748652,31.031066,124.211689,1,0,1154.186581
1789946441,1,-121.036686,49.623144,0.000000,4.748652,30.454380,153.044710,1,0,1157.261027
1789946445,1,-121.038002,49.622463,0.000000,4.748652,30.481201,121.584072,1,0,1158.904276
1789946449,1,-121.039250,49.621728,0.000000,4.748652,30.317509,121.731083,1,0,1160.869948
1789946453,1,-121.040425,49.620942,0.000000,4.748652,30.583485,121.885694,1,0,1163.142215
1789946458,1,-121.041806,49.619891,0.000000,4.748652,30.899123,153.721690,1,0,1166.158531
1789946463,1,-121.043096,49.618775,0.000000,4.748652,31.057840,155.254365,1,0,1168.407817
1789946467,1,-121.044117,49.617872,0.000000,4.748652,31.154430,124.640433,1,0,1170.373498
1789946471,1,-121.045120,49.616986,0.000000,4.748652,30.109946,122.346258,1,0,1172.661255
1789946475,1,-121.046081,49.616136,0.000000,4.748652,28.951159,117.325739,1,0,1174.590484
1789946480,1,-121.047254,49.615100,0.000000,4.748652,28.290851,143.072658,1,0,1177.739334
1789946484,1,-121.048190,49.614268,0.000000,4.748652,29.142383,114.642667,1,0,1180.534181
1789946488,1,-121.049191,49.613389,0.000000,4.748652,30.778795,121.638138,1,0,1183.130227
1789946492,1,-121.050186,49.612519,0.000000,4.748652,29.881913,120.575671,1,0,1185.721534
1789946496,1,-121.051173,49.611646,0.000000,4.748652,30.318943,120.500529,1,0,1187.425229
1789946500,1,-121.052230,49.610788,0.000000,4.748652,30.762316,122.261160,1,0,1188.579028
1789946504,1,-121.053405,49.609988,0.000000,4.748652,30.925088,123.020240,1,0,1189.696049
1789946508,1,-121.054710,49.609274,0.000000,4.748652,30.909473,123.318049,1,0,1190.822768
1789946512,1,-121.056105,49.608633,0.000000,4.748652,30.976647,123.503109,1,0,1192.185589
1789946517,1,-121.057902,49.607864,0.000000,4.748652,31.124314,155.535753,1,0,1193.428872
1789946521,1,-121.059339,49.607249,0.000000,4.748652,31.037432,124.380166,1,0,1194.482424
1789946525,1,-121.060758,49.606639,0.000000,4.748652,30.474961,122.987868,1,0,1195.516769
1789946529,1,-121.062123,49.606048,0.000000,4.748652,29.013741,118.575002,1,0,1196.403660
1789946533,1,-121.063381,49.605476,0.000000,4.748652,27.022479,110.994495,1,0,1198.559348
1789946538,1,-121.064785,49.604693,0.000000,4.748652,27.097944,133.749910,1,0,1203.993132
1789946542,1,-121.065853,49.603977,0.000000,4.748652,28.123664,110.929259,1,0,1208.187606
1789946546,1,-121.066905,49.603202,0.000000,4.748652,28.911922,114.963689,1,0,1212.573302
1789946550,1,-121.067959,49.602433,0.000000,4.748652,28.419353,114.560199,1,0,1216.638257
1789946554,1,-121.069061,49.601718,0.000000,4.748652,28.033551,112.575479,1,0,1221.016247
1789946559,1,-121.070562,49.600931,0.000000,4.748652,27.835925,139.434509,1,0,1226.385149
1789946563,1,-121.071842,49.600377,0.000000,4.748652,27.969006,111.187454,1,0,1230.480652
1789946567,1,-121.073174,49.599840,0.000000,4.748652,28.549251,113.327639,1,0,1234.079500
1789946571,1,-121.074525,49.599290,0.000000,4.748652,28.927327,115.258484,1,0,1238.210868
1789946576,1,-121.076180,49.598560,0.000000,4.748652,28.916285,144.612188,1,0,1243.594734
1789946581,1,-121.077683,49.597751,0.000000,4.748652,27.316197,141.095823,1,0,1246.702834
1789946586,1,-121.079026,49.596931,0.000000,4.748652,26.986062,133.226971,1,0,1246.778230
1789946591,1,-121.080432,49.596060,0.000000,4.748651,28.644720,140.442189,1,0,1246.238189
1789946596,1,-121.081895,49.595159,0.000000,4.748651,29.286189,145.728786,1,0,1243.342356
1789946601,1,-121.083414,49.594260,0.000000,4.748651,30.185908,148.544306,1,0,1237.724049
1789946606,1,-121.085139,49.593442,0.000000,4.748651,31.594566,154.396491,1,0,1231.063128
1789946610,1,-121.086708,49.592893,0.000000,4.748651,32.428302,128.844795,1,0,1227.518252
1789946615,1,-121.088804,49.592379,0.000000,4.748652,32.598968,161.984698,1,0,1226.641225
1789946620,1,-121.090991,49.592071,0.000000,4.748652,32.174093,161.806554,1,0,1226.105621
1789946624,1,-121.092743,49.591976,0.000000,4.748652,31.760514,127.123454,1,0,1225.788179
1789946629,1,-121.094951,49.592055,0.000000,4.748652,32.311767,159.897484,1,0,1224.532732
1789946634,1,-121.097153,49.592330,0.000000,4.748652,32.403422,162.134125,1,0,1223.628973
1789946638,1,-121.098850,49.592681,0.000000,4.748652,32.158899,128.769071,1,0,1223.556684
1789946642,1,-121.100466,49.593139,0.000000,4.748652,31.746277,127.474010,1,0,1224.841978
1789946647,1,-121.102390,49.593768,0.000000,4.748652,30.975531,155.725728,1,0,1225.017346
1789946651,1,-121.103919,49.594276,0.000000,4.748651,30.841519,124.164244,1,0,1224.861054
1789946655,1,-121.105415,49.594759,0.000000,4.748651,29.855939,120.781792,1,0,1224.415535
1789946660,1,-121.107289,49.595266,0.000000,4.748651,28.724080,146.773801,1,0,1222.885860
1789946665,1,-121.109163,49.595556,0.000000,4.748651,26.998317,139.292165,1,0,1220.839187
1789946670,1,-121.110912,49.595631,0.000000,4.748651,24.759435,126.741280,1,0,1218.523733
1789946675,1,-121.112692,49.595584,0.000000,4.748651,26.867115,128.814021,1,0,1216.423013
1789946679,1,-121.114254,49.595532,0.000000,4.748651,29.069795,113.092780,1,0,1215.396696
1789946683,1,-121.115906,49.595475,0.000000,4.748651,30.044065,119.620596,1,0,1214.042623
1789946687,1,-121.117515,49.595421,0.000000,4.748651,28.293530,116.498139,1,0,1212.556981
1789946691,1,-121.119022,49.595371,0.000000,4.748651,26.924329,109.109607,1,0,1210.739551
1789946695,1,-121.120509,49.595368,0.000000,4.748651,26.958811,107.522081,1,0,1209.439154
1789946699,1,-121.122006,49.595446,0.000000,4.748651,27.377743,108.591823,1,0,1207.054751
1789946704,1,-121.123863,49.595636,0.000000,4.748651,26.860086,135.928622,1,0,1202.897133
1789946708,1,-121.125242,49.595857,0.000000,4.748651,25.087526,102.698193,1,0,1198.533610
1789946713,1,-121.126901,49.596218,0.000000,4.748651,25.802055,126.501668,1,0,1192.625850
1789946717,1,-121.128263,49.596593,0.000000,4.748651,27.303863,106.953562,1,0,1186.932803
1789946722,1,-121.129997,49.597185,0.000000,4.748651,28.706985,141.623826,1,0,1177.150097
1789946726,1,-121.131335,49.597736,0.000000,4.748651,28.445395,114.529425,1,0,1167.958462
1789946731,1,-121.132933,49.598432,0.000000,4.748651,27.368645,139.088362,1,0,1157.008721
1789946735,1,-121.134177,49.598901,0.000000,4.748651,24.687275,103.985286,1,0,1148.697295
1789946739,1,-121.135329,49.599191,0.000000,4.748651,21.332914,89.326375,1,0,1141.613860
1789946743,1,-121.136554,49.599354,0.000000,4.748651,23.293140,90.412828,1,0,1135.233760
1789946747,1,-121.137950,49.599353,0.000000,4.748651,26.195376,100.940378,1,0,1127.347366
1789946751,1,-121.139495,49.599173,0.000000,4.748651,29.552361,113.494172,1,0,1118.455997
1789946756,1,-121.141609,49.598801,0.000000,4.748651,33.092151,158.358557,1,0,1105.143248
1789946761,1,-121.143825,49.598479,0.000000,4.748651,32.340356,164.185958,1,0,1091.148797
1789946765,1,-121.145558,49.598285,0.000000,4.748651,31.477274,127.151572,1,0,1080.443165
1789946770,1,-121.147700,49.598135,0.000000,4.748651,31.281637,155.776066,1,0,1068.357511
1789946775,1,-121.149863,49.597998,0.000000,4.748651,30.951842,157.138711,1,0,1056.306782
1789946779,1,-121.151516,49.597850,0.000000,4.748651,30.029002,120.650221,1,0,1046.194740
1789946783,1,-121.153188,49.597637,0.000000,4.748651,31.082775,123.195281,1,0,1035.934662
1789946787,1,-121.154872,49.597410,0.000000,4.748651,30.798840,124.353534,1,0,1026.249067
1789946791,1,-121.156497,49.597189,0.000000,4.748651,29.419394,120.040851,1,0,1016.328916
1789946795,1,-121.158003,49.596926,0.000000,4.748651,27.223314,112.753620,1,0,1007.318014
1789946799,1,-121.159365,49.596534,0.000000,4.748651,26.296798,107.702095,1,0,998.803811
1789946803,1,-121.160491,49.596042,0.000000,4.748651,22.934068,98.101123,1,0,990.521600
1789946807,1,-121.161391,49.595512,0.000000,4.748651,20.941437,87.809851,1,0,983.284515
1789946812,1,-121.162296,49.594794,0.000000,4.748651,20.073498,103.251961,1,0,976.128935
1789946817,1,-121.163016,49.593952,0.000000,4.748651,22.190999,107.158234,1,0,968.655773
1789946821,1,-121.163436,49.593148,0.000000,4.748652,23.566975,94.450649,1,0,965.425859
1789946826,1,-121.163732,49.592063,0.000000,4.874371,24.304531,122.576189,1,0,955.264390
1789946830,1,-121.163898,49.591160,0.000000,4.748652,25.962400,101.162413,1,0,946.114461
1789946835,1,-121.164217,49.589952,0.000000,4.748651,27.598648,136.340557,1,0,932.347471
1789946839,1,-121.164617,49.588984,0.000000,4.748651,28.278130,111.495051,1,0,925.262227
1789946844,1,-121.165374,49.587829,0.000000,4.748651,28.046208,139.654317,1,0,918.962734
1789946849,1,-121.166394,49.586768,0.000000,4.748651,28.093253,139.174572,1,0,913.138192
1789946853,1,-121.167366,49.585974,0.000000,4.748651,28.814565,112.880910,1,0,908.500354
1789946857,1,-121.168417,49.585108,0.000000,4.748651,31.874883,122.706287,1,0,903.361581
1789946861,1,-121.169588,49.584182,0.000000,4.748651,33.529840,133.348280,1,0,897.689704
1789946865,1,-121.170709,49.583305,0.000000,4.748651,30.358904,126.843191,1,0,891.228213
1789946870,1,-121.171938,49.582340,0.000000,4.748651,26.746524,139.363735,1,0,883.466856
1789946874,1,-121.172878,49.581602,0.000000,4.748651,26.682233,106.585338,1,0,878.098328
1789946878,1,-121.173829,49.580838,0.000000,4.748651,27.641325,109.331603,1,0,872.975837
1789946882,1,-121.174790,49.580054,0.000000,4.748651,27.989442,111.518980,1,0,868.159828
1789946886,1,-121.175769,49.579247,0.000000,4.748651,28.877232,114.332490,1,0,864.161464
1789946891,1,-121.177058,49.578272,0.000000,4.748651,28.469297,143.017829,1,0,859.942243
1789946895,1,-121.178134,49.577526,0.000000,4.748652,28.503817,113.764908,1,0,857.130275
1789946900,1,-121.179417,49.576508,0.000000,4.748651,29.709891,146.402597,1,0,853.538212
1789946904,1,-121.180392,49.575643,0.000000,4.748651,29.258865,119.297642,1,0,850.421004
1789946908,1,-121.181291,49.574801,0.000000,4.748651,28.224159,114.021639,1,0,847.264616
1789946913,1,-121.182181,49.573691,0.000000,4.748651,27.186652,139.246652,1,0,843.330627
1789946918,1,-121.182670,49.572503,0.000000,4.748651,27.159058,136.799754,1,0,838.019600
1789946922,1,-121.182799,49.571519,0.000000,4.748651,27.693591,109.852703,1,0,832.023139
1789946927,1,-121.182849,49.570218,0.000000,4.748651,29.902600,144.762268,1,0,826.849615
1789946931,1,-121.182936,49.569117,0.000000,4.748651,30.984079,122.631539,1,0,822.585143
1789946935,1,-121.183040,49.568008,0.000000,4.748651,30.740014,123.588945,1,0,819.134715
1789946939,1,-121.183236,49.566935,0.000000,4.748651,29.848419,120.194451,1,0,815.789001
1789946944,1,-121.183814,49.565710,0.000000,4.748651,28.133652,142.534927,1,0,812.816628
1789946948,1,-121.184527,49.564852,0.000000,4.748651,27.049314,108.487819,1,0,810.313622
1789946952,1,-121.185382,49.564059,0.000000,4.748651,27.142520,107.736703,1,0,808.795195
1789946957,1,-121.186429,49.563010,0.000000,4.748651,28.283187,139.115893,1,0,806.143371
1789946961,1,-121.187027,49.562030,0.000000,4.748651,29.743936,117.281533,1,0,803.148110
1789946965,1,-121.187457,49.560985,0.000000,4.748651,29.904204,120.331893,1,0,800.268989
1789946969,1,-121.187964,49.559977,0.000000,4.748651,29.531042,117.972830,1,0,795.913059
1789946974,1,-121.188852,49.558789,0.000000,4.748651,29.355271,146.938398,1,0,790.902207
1789946978,1,-121.189663,49.557903,0.000000,4.748651,28.501782,114.700131,1,0,786.433660
1789946983,1,-121.190530,49.556729,0.000000,4.748651,29.289677,144.874879,1,0,780.629722
1789946987,1,-121.190989,49.555689,0.000000,4.748651,30.207019,120.357178,1,0,775.553157
1789946991,1,-121.191431,49.554652,0.000000,4.748651,29.814375,119.701820,1,0,770.067952
1789946995,1,-121.192041,49.553666,0.000000,4.748651,29.866593,118.226003,1,0,765.685777
1789947000,1,-121.192909,49.552412,0.000000,4.748651,31.205157,152.976557,1,0,760.904918
1789947004,1,-121.193434,49.551336,0.000000,4.748651,30.969278,125.572079,1,0,755.823679
1789947008,1,-121.193743,49.550250,0.000000,4.748651,30.623152,122.852047,1,0,750.973095
1789947012,1,-121.194045,49.549164,0.000000,4.748651,30.699885,122.760757,1,0,746.766277
1789947016,1,-121.194513,49.548108,0.000000,4.748651,30.802111,122.247905,1,0,742.883396
1789947021,1,-121.195196,49.546773,0.000000,4.748651,31.390136,156.506872,1,0,738.874906
1789947025,1,-121.195665,49.545685,0.000000,4.748651,31.383779,125.692031,1,0,734.557657
1789947029,1,-121.196061,49.544588,0.000000,4.748651,31.311230,125.343523,1,0,729.941979
1789947034,1,-121.196591,49.543259,0.000000,4.748651,29.818525,152.724480,1,0,724.334246
1789947038,1,-121.197131,49.542269,0.000000,4.748651,29.271478,116.850535,1,0,720.412206
1789947043,1,-121.197934,49.541112,0.000000,4.748651,27.398897,141.212948,1,0,716.185011
1789947048,1,-121.198863,49.540052,0.000000,4.748651,27.356273,135.733996,1,0,712.206267
1789947053,1,-121.199926,49.539026,0.000000,4.748651,27.780986,137.639717,1,0,708.543802
1789947057,1,-121.200801,49.538185,0.000000,4.748651,28.430828,112.970354,1,0,705.009053
1789947061,1,-121.201603,49.537290,0.000000,4.748651,28.676093,115.242132,1,0,700.785465
1789947066,1,-121.202451,49.536103,0.000000,4.748651,29.637638,145.605667,1,0,696.896143
1789947070,1,-121.203073,49.535084,0.000000,4.748651,30.777473,121.961646,1,0,691.612082
1789947074,1,-121.203689,49.534073,0.000000,4.748651,29.954687,120.974224,1,0,686.532907
1789947079,1,-121.204406,49.532819,0.000000,4.748651,29.816593,148.828958,1,0,680.474495
1789947083,1,-121.204874,49.531772,0.000000,4.748651,30.609498,121.287482,1,0,675.053857
1789947087,1,-121.205216,49.530691,0.000000,4.748651,30.110522,122.764361,1,0,669.564337
1789947092,1,-121.205470,49.529397,0.000000,4.748651,28.841907,145.103692,1,0,662.538830
1789947096,1,-121.205657,49.528347,0.000000,4.748651,29.946463,117.575165,1,0,657.294598
1789947100,1,-121.205852,49.527244,0.000000,4.748651,31.285510,123.497859,1,0,652.204978
1789947104,1,-121.206141,49.526140,0.000000,4.748651,31.128880,124.569354,1,0,646.861703
1789947109,1,-121.206663,49.524813,0.000000,4.748651,30.076534,152.365809,1,0,640.649498
1789947113,1,-121.207063,49.523773,0.000000,4.748651,29.421208,119.250669,1,0,637.835581
1789947117,1,-121.207327,49.522741,0.000000,4.748652,28.665344,116.371045,1,0,636.646514
1789947121,1,-121.207359,49.521726,0.000000,4.748652,27.462448,112.923273,1,0,636.022779
1789947125,1,-121.207194,49.520761,0.000000,4.748651,26.817821,108.000767,1,0,634.646215
1789947129,1,-121.206820,49.519796,0.000000,4.748651,27.894050,110.701633,1,0,632.946816
1789947134,1,-121.206040,49.518609,0.000000,4.748651,28.815250,143.604894,1,0,630.658638
1789947138,1,-121.205200,49.517706,0.000000,4.748651,29.436261,117.423696,1,0,628.196822
1789947143,1,-121.204176,49.516565,0.000000,4.748651,29.332828,146.988066,1,0,625.621548
1789947148,1,-121.203513,49.515352,0.000000,4.748651,28.610939,143.211525,1,0,623.649359
1789947152,1,-121.203095,49.514365,0.000000,4.748651,28.357106,113.881634,1,0,622.258012
1789947156,1,-121.202554,49.513403,0.000000,4.748651,28.528860,113.950987,1,0,620.517619
1789947161,1,-121.201672,49.512222,0.000000,4.748651,29.505018,146.069330,1,0,617.508815
1789947165,1,-121.200937,49.511269,0.000000,4.748651,29.625315,118.616411,1,0,614.679918
1789947169,1,-121.200205,49.510317,0.000000,4.748651,29.697936,118.421953,1,0,610.577405
1789947173,1,-121.199522,49.509359,0.000000,4.748651,29.298852,117.481097,1,0,604.679279
1789947177,1,-121.199120,49.508365,0.000000,4.748651,28.674604,114.332197,1,0,598.464690
1789947181,1,-121.199101,49.507347,0.000000,4.748651,28.710725,113.240534,1,0,594.326440
1789947186,1,-121.199488,49.506072,0.000000,4.748651,29.653510,144.561591,1,0,592.097136
1789947191,1,-121.200002,49.504749,0.000000,4.748651,30.763570,151.793973,1,0,591.480604
1789947195,1,-121.200424,49.503665,0.000000,4.748651,31.353804,124.387567,1,0,591.184209
1789947199,1,-121.200858,49.502560,0.000000,4.748651,31.793520,126.865646,1,0,590.532139
1789947203,1,-121.201302,49.501454,0.000000,4.748651,31.901413,127.154668,1,0,589.362403
1789947207,1,-121.201888,49.500381,0.000000,4.748651,31.770785,126.674304,1,0,588.056407
1789947211,1,-121.202709,49.499396,0.000000,4.748651,31.167621,124.663206,1,0,587.586040
1789947216,1,-121.203835,49.498246,0.000000,4.748651,29.887942,151.708978,1,0,586.914539
1789947220,1,-121.204691,49.497386,0.000000,4.748651,28.105065,113.998373,1,0,586.677406
1789947224,1,-121.205646,49.496593,0.000000,4.748651,28.240790,112.099452,1,0,585.537390
1789947228,1,-121.206783,49.495895,0.000000,4.748652,28.618667,113.195424,1,0,584.299908
1789947233,1,-121.208455,49.495185,0.000000,4.748652,29.670557,144.603701,1,0,581.123399
1789947238,1,-121.210384,49.494682,0.000000,4.748651,30.998615,150.536563,1,0,576.666340
1789947242,1,-121.212063,49.494446,0.000000,4.748651,31.603960,124.441377,1,0,572.509745
1789947247,1,-121.214252,49.494409,0.000000,4.748651,32.345848,158.643275,1,0,566.187136
1789947251,1,-121.216031,49.494586,0.000000,4.748651,33.262517,130.380833,1,0,559.548021
1789947255,1,-121.217820,49.494867,0.000000,4.748651,33.179987,133.325532,1,0,551.694451
1789947260,1,-121.220039,49.495224,0.000000,4.748651,33.296151,165.594229,1,0,541.282672
1789947265,1,-121.222255,49.495552,0.000000,4.748651,32.217216,164.638276,1,0,531.698735
1789947269,1,-121.223942,49.495689,0.000000,4.748651,29.731735,123.166205,1,0,523.892904
1789947274,1,-121.225875,49.495724,0.000000,4.748651,26.909003,140.096060,1,0,514.899262
1789947278,1,-121.227283,49.495672,0.000000,4.748651,24.435943,102.170494,1,0,509.293297
1789947282,1,-121.228549,49.495555,0.000000,4.748651,22.214480,92.637605,1,0,504.137760
1789947286,1,-121.229783,49.495348,0.000000,4.748651,23.902394,92.317798,1,0,498.956690
1789947291,1,-121.231519,49.495012,0.000000,4.748651,27.794044,131.204463,1,0,491.549967
1789947295,1,-121.233043,49.494656,0.000000,4.748651,29.919538,117.295966,1,0,485.236702
1789947299,1,-121.234648,49.494370,0.000000,4.748651,30.757198,120.551228,1,0,477.822152
1789947304,1,-121.236831,49.494364,0.000000,4.748652,33.122996,158.154220,1,0,468.435791
1789947309,1,-121.239166,49.494546,0.000000,4.748651,34.554722,170.371487,1,0,457.742636
1789947313,1,-121.241053,49.494487,0.000000,4.748651,33.588031,136.865370,1,0,450.111413
1789947317,1,-121.242771,49.494118,0.000000,4.748651,31.804193,131.056687,1,0,442.903330
1789947322,1,-121.244556,49.493277,0.000000,4.748651,32.025527,159.603388,1,0,434.968492
1789947326,1,-121.245687,49.492369,0.000000,4.748651,32.596367,130.052114,1,0,429.074747
1789947331,1,-121.247015,49.491137,0.000000,4.748651,34.100919,167.438143,1,0,421.463039
1789947336,1,-121.248358,49.489860,0.000000,4.748651,34.527246,172.170191,1,0,414.309674
1789947340,1,-121.249137,49.488725,0.000000,4.748651,34.087860,138.284669,1,0,407.889250
1789947344,1,-121.249423,49.487543,0.000000,4.748651,32.551115,133.092514,1,0,401.197458
1789947348,1,-121.249495,49.486380,0.000000,4.748651,32.549241,129.461129,1,0,394.828881
1789947353,1,-121.249780,49.484884,0.000000,4.748651,34.013843,167.670704,1,0,388.556530
1789947357,1,-121.250415,49.483763,0.000000,4.748651,33.152187,132.903305,1,0,385.973814
1789947362,1,-121.251489,49.482436,0.000000,4.748651,33.998247,166.856515,1,0,384.096196
1789947367,1,-121.252551,49.481062,0.000000,4.748651,34.194640,171.108750,1,0,383.010139
1789947371,1,-121.253157,49.479885,0.000000,4.748651,34.328608,138.082237,1,0,381.909801
1789947376,1,-121.253485,49.478349,0.000000,4.748651,34.540953,172.488296,1,0,380.209075
1789947381,1,-121.253705,49.476806,0.000000,4.748651,34.477528,172.360148,1,0,378.153124
1789947386,1,-121.253965,49.475264,0.000000,4.748651,34.478835,172.541833,1,0,374.665670
1789947390,1,-121.254141,49.474027,0.000000,4.748651,34.538016,138.175939,1,0,371.759933
1789947395,1,-121.254357,49.472483,0.000000,4.748651,34.494934,172.444095,1,0,368.582779
1789947399,1,-121.254529,49.471249,0.000000,4.748651,34.470669,137.817036,1,0,365.809894
1789947403,1,-121.254683,49.470015,0.000000,4.748651,34.465550,137.705083,1,0,363.803627
1789947407,1,-121.254742,49.468775,0.000000,4.748651,34.538394,137.985508,1,0,361.831090
1789947411,1,-121.254679,49.467536,0.000000,4.748651,34.451945,137.883584,1,0,359.126646
1789947415,1,-121.254587,49.466296,0.000000,4.748651,34.425377,138.080235,1,0,356.603756
1789947419,1,-121.254510,49.465057,0.000000,4.748651,34.539383,137.920716,1,0,354.300712
1789947424,1,-121.254670,49.463515,0.000000,4.748651,34.633532,171.900555,1,0,351.797082
1789947428,1,-121.255085,49.462311,0.000000,4.748651,34.499813,137.252317,1,0,350.361787
1789947432,1,-121.255749,49.461159,0.000000,4.748651,34.353522,136.873868,1,0,348.804941
1789947436,1,-121.256514,49.460025,0.000000,4.748651,34.501803,137.784097,1,0,346.736542
1789947440,1,-121.257282,49.458892,0.000000,4.748651,34.456987,137.769998,1,0,344.544604
1789947444,1,-121.258049,49.457758,0.000000,4.748651,34.469232,137.842433,1,0,342.389732
1789947448,1,-121.258817,49.456622,0.000000,4.748651,34.479189,138.075179,1,0,340.139598
1789947452,1,-121.259601,49.455495,0.000000,4.748651,34.506502,137.636742,1,0,337.917235
1789947456,1,-121.260485,49.454401,0.000000,4.748651,34.529104,137.528283,1,0,335.387918
1789947460,1,-121.261500,49.453355,0.000000,4.748651,34.623732,137.662843,1,0,333.152769
1789947465,1,-121.262944,49.452130,0.000000,4.748651,34.538091,171.830072,1,0,330.453461
1789947469,1,-121.264222,49.451218,0.000000,4.748652,34.467032,137.388293,1,0,328.416609
1789947473,1,-121.265611,49.450379,0.000000,4.748652,34.510339,137.305042,1,0,327.311304
1789947477,1,-121.267050,49.449573,0.000000,4.748652,34.484453,137.566773,1,0,326.578649
1789947481,1,-121.268497,49.448775,0.000000,4.748652,34.407585,137.430961,1,0,325.645382
1789947486,1,-121.270302,49.447772,0.000000,4.748652,34.465857,171.977343,1,0,324.684144
1789947490,1,-121.271741,49.446965,0.000000,4.748652,34.461699,137.639218,1,0,323.591914
1789947494,1,-121.273178,49.446151,0.000000,4.748652,34.583869,138.038656,1,0,321.087527
1789947498,1,-121.274613,49.445336,0.000000,4.748652,34.531204,138.010185,1,0,316.461793
1789947502,1,-121.276059,49.444529,0.000000,4.748652,34.600676,138.032344,1,0,311.364911
1789947506,1,-121.277517,49.443725,0.000000,4.748652,34.591589,138.478826,1,0,307.629016
1789947511,1,-121.279330,49.442743,0.000000,4.748652,34.284954,170.927123,1,0,305.078017
1789947516,1,-121.281308,49.441894,0.000000,4.748652,34.556544,171.735815,1,0,302.626738
1789947521,1,-121.283514,49.441330,0.000000,4.748652,34.515722,171.838321,1,0,300.342698
1789947525,1,-121.285356,49.441023,0.000000,4.748652,34.574754,137.876886,1,0,298.322621
1789947529,1,-121.287199,49.440720,0.000000,4.748652,34.465068,137.850495,1,0,296.862167
1789947533,1,-121.289040,49.440415,0.000000,4.748652,34.414323,137.764424,1,0,295.569967
1789947537,1,-121.290868,49.440124,0.000000,4.748652,33.696905,136.473140,1,0,296.021986
1789947542,1,-121.293111,49.439930,0.000000,4.748652,32.352755,164.103163,1,0,296.660360
1789947547,1,-121.295267,49.439980,0.000000,4.748652,30.886268,156.467438,1,0,298.361747
1789947552,1,-121.297346,49.439927,0.000000,4.748652,29.902651,150.899181,1,0,297.426685
1789947556,1,-121.299053,49.439708,0.000000,4.748652,32.183265,126.177274,1,0,295.413031
1789947560,1,-121.300684,49.439323,0.000000,4.748652,30.526866,125.803729,1,0,293.121730
1789947564,1,-121.302131,49.438804,0.000000,4.748652,29.483938,119.774717,1,0,291.063726
1789947568,1,-121.303416,49.438157,0.000000,4.748652,29.182648,117.746324,1,0,290.064672
1789947572,1,-121.304608,49.437410,0.000000,4.748652,30.491614,119.903780,1,0,288.263652
1789947577,1,-121.306123,49.436413,0.000000,4.748652,31.662961,156.108262,1,0,286.482730
1789947582,1,-121.307593,49.435320,0.000000,4.748652,32.539189,161.701987,1,0,285.128344
1789947586,1,-121.308386,49.434268,0.000000,4.748651,32.106794,130.380616,1,0,284.591486
1789947591,1,-121.308736,49.432832,0.000000,4.748651,32.295651,161.721464,1,0,282.571598
1789947595,1,-121.308864,49.431641,0.000000,4.748651,34.029760,132.791665,1,0,280.615134
1789947600,1,-121.309586,49.430235,0.000000,4.748651,32.985634,164.917220,1,0,279.079791
1789947604,1,-121.310573,49.429276,0.000000,4.748651,32.162057,128.465190,1,0,277.261522
1789947608,1,-121.311318,49.428210,0.000000,4.748651,32.184452,130.299751,1,0,274.393373
1789947613,1,-121.311541,49.426766,0.000000,4.748651,32.189215,161.418398,1,0,269.884671
1789947618,1,-121.311587,49.425278,0.000000,4.748651,34.244567,165.532962,1,0,265.970871
1789947622,1,-121.311696,49.424040,0.000000,4.748651,34.608563,137.920464,1,0,262.835100
1789947626,1,-121.312139,49.422873,0.000000,4.748651,33.397678,133.716534,1,0,262.209176
1789947631,1,-121.313160,49.421574,0.000000,4.748651,32.657682,162.359505,1,0,261.368706
1789947635,1,-121.314136,49.420531,0.000000,4.748651,34.616288,135.911277,1,0,260.784794
1789947640,1,-121.315364,49.419198,0.000000,4.748651,34.610988,172.972432,1,0,259.440984
1789947644,1,-121.316299,49.418115,0.000000,4.748651,34.417701,138.243890,1,0,257.706478
1789947648,1,-121.317017,49.416961,0.000000,4.748651,34.340763,138.519984,1,0,255.931749
1789947652,1,-121.317470,49.415751,0.000000,4.748651,34.409281,138.535135,1,0,253.353783
1789947657,1,-121.317685,49.414205,0.000000,4.748651,34.534413,172.655780,1,0,248.888262
1789947661,1,-121.317762,49.412968,0.000000,4.748651,34.356709,137.695173,1,0,246.850733
1789947666,1,-121.317868,49.411422,0.000000,4.748651,34.473235,172.121302,1,0,245.523905
1789947671,1,-121.317871,49.409871,0.000000,4.748651,34.454647,172.505409,1,0,245.054451
1789947676,1,-121.317663,49.408325,0.000000,4.748651,34.425621,172.610423,1,0,243.637994
1789947681,1,-121.317218,49.406804,0.000000,4.748651,34.492812,172.223418,1,0,241.234964
1789947685,1,-121.316782,49.405596,0.000000,4.748651,34.409415,138.032058,1,0,239.526314
1789947689,1,-121.316349,49.404390,0.000000,4.748651,34.502922,137.765683,1,0,238.064841
1789947693,1,-121.315958,49.403177,0.000000,4.748651,34.538527,137.864215,1,0,236.253517
1789947698,1,-121.315896,49.401649,0.000000,4.748651,34.064147,170.006325,1,0,233.946857
1789947702,1,-121.316258,49.400451,0.000000,4.748651,34.433065,135.809550,1,0,232.446414
1789947706,1,-121.316975,49.399311,0.000000,4.748651,34.522515,137.057958,1,0,230.961714
1789947710,1,-121.317809,49.398202,0.000000,4.748651,34.453904,137.399100,1,0,229.696056
1789947714,1,-121.318664,49.397097,0.000000,4.748651,34.510481,137.680163,1,0,228.735809
1789947718,1,-121.319454,49.395971,0.000000,4.748652,34.331746,137.741113,1,0,228.338655
1789947722,1,-121.319859,49.394771,0.000000,4.748651,33.699867,136.665367,1,0,226.741046
1789947726,1,-121.319742,49.393584,0.000000,4.748651,32.496859,132.292657,1,0,224.280111
1789947730,1,-121.319433,49.392430,0.000000,4.748651,32.550660,130.294703,1,0,222.617932
1789947734,1,-121.319132,49.391230,0.000000,4.748651,34.099622,135.242524,1,0,221.242703
1789947738,1,-121.318875,49.390011,0.000000,4.748652,34.298557,136.856408,1,0,220.627489
1789947742,1,-121.318871,49.388786,0.000000,4.748652,34.231019,136.246250,1,0,220.918429
1789947747,1,-121.318894,49.387243,0.000000,4.748652,34.385931,171.622400,1,0,220.864998
1789947751,1,-121.318918,49.386006,0.000000,4.748652,34.451726,137.591506,1,0,220.825673
1789947756,1,-121.318951,49.384458,0.000000,4.748651,34.289520,172.186849,1,0,217.301247
1789947760,1,-121.318978,49.383260,0.000000,4.748651,32.741311,133.257159,1,0,213.808781
1789947764,1,-121.319021,49.382115,0.000000,4.748651,31.578174,127.386227,1,0,210.910583
1789947768,1,-121.319370,49.381018,0.000000,4.748652,30.790043,124.613279,1,0,208.562417
1789947773,1,-121.320449,49.379927,0.000000,4.748652,28.660312,144.438807,1,0,206.168007
1789947778,1,-121.321976,49.379212,0.000000,4.748652,27.123170,136.449434,1,0,204.596869
1789947783,1,-121.323745,49.378889,0.000000,4.748652,27.168091,133.382218,1,0,204.049432
1789947788,1,-121.325650,49.378892,0.000000,4.748652,27.974934,138.329174,1,0,203.272900
1789947792,1,-121.327235,49.378897,0.000000,4.748652,29.444532,115.093774,1,0,202.653391
1789947796,1,-121.328920,49.378934,0.000000,4.748652,31.406924,122.422954,1,0,201.997002
1789947800,1,-121.330734,49.378970,0.000000,4.748652,33.812025,131.781739,1,0,201.281425
1789947804,1,-121.332633,49.379011,0.000000,4.748652,34.540292,137.968409,1,0,200.469710
1789947808,1,-121.334529,49.379049,0.000000,4.748652,34.395998,137.740026,1,0,199.441590
1789947812,1,-121.336395,49.379089,0.000000,4.748652,33.112239,135.569757,1,0,198.201404
1789947817,1,-121.338577,49.379099,0.000000,4.748652,31.138915,158.446466,1,0,196.478871
1789947821,1,-121.340278,49.378920,0.000000,4.748652,31.495595,125.109617,1,0,195.114824
1789947826,1,-121.342366,49.378401,0.000000,4.748652,32.711800,162.233342,1,0,193.243300
1789947830,1,-121.344011,49.377947,0.000000,4.748652,32.094375,129.683183,1,0,191.529795
1789947834,1,-121.345656,49.377591,0.000000,4.748652,31.493965,125.840331,1,0,189.644492
1789947838,1,-121.347387,49.377555,0.000000,4.748652,31.933038,125.757484,1,0,188.237463
1789947843,1,-121.349457,49.378034,0.000000,4.748652,32.387196,159.471511,1,0,186.786947
1789947847,1,-121.350893,49.378723,0.000000,4.748652,32.508443,129.402826,1,0,186.169989
1789947852,1,-121.352837,49.379430,0.000000,4.748652,32.052406,161.583866,1,0,184.663752
1789947857,1,-121.355024,49.379640,0.000000,4.748652,32.157741,160.513667,1,0,183.162087
1789947862,1,-121.357188,49.379340,0.000000,4.748652,32.120811,160.638585,1,0,182.263477
1789947867,1,-121.359339,49.378824,0.000000,4.748652,34.289419,166.400946,1,0,185.939844
1789947871,1,-121.361108,49.378398,0.000000,4.748652,34.075513,136.912517,1,0,191.953749
1789947875,1,-121.362733,49.377848,0.000000,4.748652,32.726909,132.910432,1,0,200.091147
1789947879,1,-121.364042,49.377068,0.000000,4.748652,31.737717,128.688173,1,0,207.473161
1789947883,1,-121.364936,49.376103,0.000000,4.748652,30.883245,125.436474,1,0,214.371169
1789947888,1,-121.365450,49.374768,0.000000,4.748652,30.474866,153.099909,1,0,223.562121
1789947892,1,-121.365389,49.373671,0.000000,4.748652,30.452008,122.089822,1,0,230.811510
1789947896,1,-121.364886,49.372622,0.000000,4.748652,30.412089,122.255634,1,0,237.688674
1789947901,1,-121.363718,49.371488,0.000000,4.748652,30.391577,151.998369,1,0,245.916412
1789947906,1,-121.362058,49.370622,0.000000,4.748652,31.330708,154.312746,1,0,252.731073
1789947910,1,-121.360579,49.370015,0.000000,4.748652,32.029641,126.870788,1,0,256.649403
1789947915,1,-121.358750,49.369259,0.000000,4.748652,30.963555,157.212161,1,0,259.474140
1789947919,1,-121.357446,49.368584,0.000000,4.748652,29.907199,120.853720,1,0,259.242230
1789947924,1,-121.356311,49.367549,0.000000,4.748652,27.927643,141.585568,1,0,257.518282
1789947928,1,-121.355798,49.366624,0.000000,4.748652,27.193180,109.419811,1,0,256.411204
1789947933,1,-121.355652,49.365655,0.000000,4.748651,27.296857,108.293941,1,0,255.339570
1789947938,1,-121.355999,49.364426,0.000000,4.748652,28.129510,138.995285,1,0,254.986644
1789947943,1,-121.356904,49.363330,0.000000,4.748652,27.501145,138.493171,1,0,256.392591
1789947947,1,-121.357927,49.362634,0.000000,4.748652,26.224943,107.301945,1,0,256.560356
1789947951,1,-121.359065,49.362162,0.000000,4.748652,23.705724,97.920450,1,0,256.289084
1789947955,1,-121.360313,49.361866,0.000000,4.748652,24.498782,96.450837,1,0,255.098836
1789947960,1,-121.362079,49.361749,0.000000,4.748652,26.597398,128.945661,1,0,252.350979
1789947964,1,-121.363646,49.361783,0.000000,4.748651,29.640138,113.894158,1,0,247.715185
1789947968,1,-121.365373,49.361887,0.000000,4.748651,32.684889,125.986237,1,0,242.237751
1789947973,1,-121.367697,49.362139,0.000000,4.748652,34.530930,171.132496,1,0,237.586485
1789947977,1,-121.369547,49.362404,0.000000,4.748652,34.252085,137.583060,1,0,236.626056
1789947982,1,-121.371847,49.362675,0.000000,4.748652,32.663268,169.775127,1,0,233.847263
1789947987,1,-121.373974,49.362927,0.000000,4.748652,31.451959,157.032404,1,0,230.108033
1789947991,1,-121.375681,49.363243,0.000000,4.748652,32.672467,128.885441,1,0,226.279102
1789947996,1,-121.377841,49.363689,0.000000,4.748651,33.098524,164.562120,1,0,219.738412
1789948000,1,-121.379544,49.364187,0.000000,4.748651,35.035077,135.543399,1,0,214.140554
1789948003,1,-121.380932,49.364647,0.000000,4.748651,38.899267,113.065073,1,0,208.844672
1789948005,1,-121.382376,49.365126,0.000000,4.748652,39.171016,117.648889,1,0,204.899910
1789948009,1,-121.384242,49.365690,0.000000,4.748652,35.841033,149.361299,1,0,202.575536
1789948014,1,-121.386552,49.365971,0.000000,4.748652,33.727787,170.689259,1,0,197.370192
1789948018,1,-121.388393,49.366039,0.000000,4.748651,33.518201,133.948025,1,0,191.494989
1789948022,1,-121.390231,49.366098,0.000000,4.748651,33.320174,133.677439,1,0,184.571950
1789948026,1,-121.392055,49.366186,0.000000,4.748651,33.147277,132.860130,1,0,176.616862
1789948030,1,-121.393846,49.366406,0.000000,4.748651,33.029327,132.382688,1,0,168.844442
1789948034,1,-121.395579,49.366744,0.000000,4.748651,32.584867,131.381401,1,0,163.478020
1789948039,1,-121.397729,49.367189,0.000000,4.748651,32.747565,163.819444,1,0,156.788164
1789948044,1,-121.399419,49.367605,0.000000,4.748651,32.566775,131.182232,1,0,149.307875
1789948049,1,-121.401325,49.368351,0.000000,4.748651,32.235045,161.399807,1,0,138.927266
1789948054,1,-121.403040,49.369267,0.000000,4.748651,32.015115,160.922337,1,0,129.594930
1789948058,1,-121.404366,49.369921,0.000000,4.748651,27.786918,120.693333,1,0,122.302560
1789948063,1,-121.405951,49.370507,0.000000,4.748651,26.240538,132.293041,1,0,113.104466
1789948067,1,-121.407106,49.370914,0.000000,4.748651,21.501784,95.325338,1,0,105.523242
1789948073,1,-121.408397,49.371369,0.000000,4.748651,16.731218,106.553700,1,0,99.055042
1789948078,1,-121.409397,49.371815,0.000000,4.748651,17.531454,87.955534,1,0,94.442702
1789948084,1,-121.410541,49.372433,0.000000,4.748651,17.971250,107.829681,1,0,88.797382
1789948090,1,-121.411722,49.373085,0.000000,4.748651,19.311976,112.316865,1,0,82.504404
1789948095,1,-121.412757,49.373643,0.000000,4.748651,19.616109,97.476366,1,0,76.835082
1789948100,1,-121.413857,49.374146,0.000000,4.748651,19.391395,97.528337,1,0,71.285982
1789948105,1,-121.415062,49.374482,0.000000,4.748652,18.757514,95.158838,1,0,67.499907
1789948111,1,-121.416675,49.374674,0.000000,4.748652,20.351404,119.075877,1,0,64.203465
1789948116,1,-121.418067,49.374792,0.000000,4.748652,20.357783,101.943452,1,0,62.592753
1789948122,1,-121.419739,49.374931,0.000000,4.748652,20.448024,122.410503,1,0,62.131202
1789948126,1,-121.421122,49.375049,0.000000,4.748652,19.463636,101.295269,1,0,61.592087
1789948132,1,-121.422579,49.375170,0.000000,4.748652,16.727043,106.668124,1,0,60.474813
1789948137,1,-121.423628,49.375255,0.000000,4.748652,14.538050,76.768766,1,0,59.938846
1789948144,1,-121.424850,49.375350,0.000000,4.748652,11.536090,89.375451,1,0,58.979791
1789948151,1,-121.426025,49.375451,0.000000,4.748652,13.783792,86.071459,1,0,59.113903
1789948157,1,-121.427154,49.375538,0.000000,4.748652,13.256979,82.563461,1,0,57.675977
1789948163,1,-121.428242,49.375627,0.000000,4.748652,13.562260,79.634414,1,0,56.567089
1789948170,1,-121.429128,49.375661,0.000000,4.748652,5.461225,64.457438,1,0,55.034564
1789948197,1,-121.430267,49.375647,0.000000,4.748652,13.961219,82.735393,1,0,56.368119
1789948203,1,-121.431573,49.375549,0.000000,4.748652,16.436162,95.473415,1,0,53.970123
1789948208,1,-121.432696,49.375454,0.000000,4.748652,15.479487,82.240227,1,0,52.495841
1789948217,1,-121.433356,49.375779,0.000000,4.748652,7.185500,60.034061,1,0,50.887864
1789948233,1,-121.433809,49.375681,0.000000,4.748652,0.895388,34.657886,1,0,50.228582
1789948275,1,-121.433365,49.375685,0.000000,11.315573,0.132752,32.248878,1,0,50.294300
1789948837,1,-121.433702,49.375497,0.000000,8.315288,0.082659,32.190124,1,0,57.104517
1789950767,1,-121.434681,49.375388,0.000000,46.665490,-1.000000,72.126667,1,0,50.747856
1789950794,1,-121.434829,49.375662,0.000000,11.927357,0.176832,32.313734,1,0,47.350494
1789951214,1,-121.435231,49.375396,0.000000,2.975301,0.112918,41.564258,1,0,49.587702
1789951285,1,-121.432457,49.375582,0.000000,43.982116,-1.000000,202.522949,1,0,50.431855
1789951298,1,-121.431495,49.375644,0.000000,20.252459,-1.000000,70.205384,1,0,51.510487
1789951457,1,-121.431796,49.375936,0.000000,24.645473,0.360951,39.147667,1,0,52.418002
1789951566,1,-121.432667,49.375772,0.000000,46.460960,0.019664,65.834158,1,0,52.540478
1789951579,1,-121.431512,49.375807,0.000000,18.626759,-1.000000,83.972979,1,0,52.204243
1789951773,1,-121.432040,49.375899,0.000000,6.294031,0.501168,39.688029,1,0,52.617910
1789952424,1,-121.431043,49.375800,0.000000,34.797272,-1.000000,73.240211,1,0,52.057170
1789952620,1,-121.431330,49.375835,0.000000,4.748652,0.001635,21.203945,1,0,50.262961
1789952715,1,-121.430946,49.375679,0.000000,4.748652,0.694500,32.844754,1,0,53.817935
1789952753,1,-121.431841,49.375526,0.000000,4.748651,9.802116,67.190460,1,0,50.555782
1789952774,1,-121.435317,49.375228,0.000000,4.748651,13.408325,254.613243,1,0,50.121146
1789952781,1,-121.436615,49.375102,0.000000,4.748651,13.309886,95.304056,1,0,51.377943
1789952788,1,-121.437818,49.374899,0.000000,4.748651,12.601466,90.238735,1,0,54.212370
1789952794,1,-121.438732,49.374609,0.000000,4.748651,12.369535,73.800853,1,0,57.662946
1789952800,1,-121.439551,49.374241,0.000000,4.748652,11.838564,72.201469,1,0,60.656091
1789952806,1,-121.440264,49.373796,0.000000,4.748652,11.802619,71.629996,1,0,61.150016
1789952813,1,-121.441078,49.373473,0.000000,4.748652,8.447927,69.176297,1,0,59.953171
1789952821,1,-121.441419,49.373457,0.000000,4.748652,0.046345,24.829248,1,0,59.338510
1789952835,1,-121.442450,49.373395,0.000000,4.748652,10.641095,75.194051,1,0,61.702796
1789952841,1,-121.443443,49.373095,0.000000,4.748652,15.088541,79.461817,1,0,65.798064
1789952846,1,-121.444589,49.372745,0.000000,4.748652,20.498523,91.882346,1,0,64.236080
1789952851,1,-121.445994,49.372256,0.000000,4.748652,23.850407,115.627899,1,0,59.272790
1789952855,1,-121.447082,49.371774,0.000000,4.748652,23.784821,95.484952,1,0,54.307503
1789952859,1,-121.448090,49.371231,0.000000,4.748652,24.339200,94.901702,1,0,50.074534
1789952864,1,-121.449323,49.370457,0.000000,4.748652,24.892348,124.213334,1,0,45.373229
1789952868,1,-121.450288,49.369779,0.000000,4.748652,26.040973,102.945314,1,0,44.490938
1789952872,1,-121.451274,49.369078,0.000000,4.748652,27.202480,105.859138,1,0,44.667000
1789952876,1,-121.452350,49.368315,0.000000,4.748652,29.025432,115.359177,1,0,44.553763
1789952881,1,-121.453729,49.367367,0.000000,4.748652,29.690723,145.418653,1,0,44.636445
1789952885,1,-121.455032,49.366696,0.000000,4.748653,29.972544,120.524298,1,0,44.354027
1789952889,1,-121.456516,49.366256,0.000000,4.748652,29.623231,118.375960,1,0,44.486819
1789952893,1,-121.458127,49.366039,0.000000,4.748651,30.270583,119.474954,1,0,44.879828
1789952898,1,-121.460198,49.365905,0.000000,4.748651,30.367222,151.159696,1,0,45.343485
1789952902,1,-121.461859,49.365793,0.000000,4.748651,30.309658,121.285007,1,0,45.821071
1789952907,1,-121.463921,49.365658,0.000000,4.748651,30.047092,150.520296,1,0,48.297673
1789952912,1,-121.465988,49.365519,0.000000,4.748651,30.253096,150.926642,1,0,51.640415
1789952916,1,-121.467651,49.365410,0.000000,4.748651,30.442232,121.395865,1,0,53.306876
1789952920,1,-121.469322,49.365298,0.000000,4.748651,30.564370,122.007667,1,0,53.185561
1789952925,1,-121.471413,49.365170,0.000000,4.748651,30.453762,152.541796,1,0,51.212780
1789952929,1,-121.473081,49.365106,0.000000,4.748651,30.217531,121.361099,1,0,49.964169
1789952934,1,-121.475146,49.365054,0.000000,4.748651,30.106612,150.098985,1,0,48.089114
1789952938,1,-121.476801,49.365011,0.000000,4.748651,30.174672,120.302984,1,0,46.677124
1789952942,1,-121.478465,49.364963,0.000000,4.748651,30.308410,120.979405,1,0,45.318164
1789952947,1,-121.480543,49.364911,0.000000,4.748651,30.236836,151.042416,1,0,43.970593
1789952952,1,-121.482624,49.364859,0.000000,4.748651,30.261541,151.260115,1,0,41.839126
1789952957,1,-121.484704,49.364803,0.000000,4.748651,30.174789,151.205170,1,0,40.989445
1789952961,1,-121.486363,49.364745,0.000000,4.748651,30.233676,120.670839,1,0,40.927381
1789952965,1,-121.488017,49.364615,0.000000,4.748651,30.280769,121.002035,1,0,40.712260
1789952970,1,-121.490072,49.364374,0.000000,4.748651,30.357413,151.648504,1,0,40.211563
1789952975,1,-121.492120,49.364122,0.000000,4.748651,30.324219,151.369836,1,0,40.422328
1789952979,1,-121.493758,49.363919,0.000000,4.748651,30.284454,121.096252,1,0,40.358148
1789952984,1,-121.495807,49.363660,0.000000,4.748651,30.325463,151.587221,1,0,40.101232
1789952988,1,-121.497447,49.363456,0.000000,4.748651,30.268943,121.259725,1,0,39.644215
1789952993,1,-121.499492,49.363199,0.000000,4.748651,30.297306,151.259783,1,0,39.182393
1789952997,1,-121.501126,49.362993,0.000000,4.748652,30.031816,120.873593,1,0,38.403001
1789953001,1,-121.502738,49.362795,0.000000,4.748652,29.677548,119.137351,1,0,38.758634
1789953005,1,-121.504346,49.362591,0.000000,4.748652,29.835692,118.977294,1,0,39.557314
1789953010,1,-121.506381,49.362337,0.000000,4.748652,30.284798,150.483624,1,0,40.524439
1789953014,1,-121.508017,49.362130,0.000000,4.748652,30.253728,121.037376,1,0,41.522898
1789953018,1,-121.509635,49.361928,0.000000,4.748652,29.726895,119.660172,1,0,42.512934
1789953022,1,-121.511208,49.361732,0.000000,4.748652,28.756739,116.324213,1,0,42.750713
1789953026,1,-121.512745,49.361561,0.000000,4.748652,28.149382,113.256614,1,0,42.195805
1789953030,1,-121.514277,49.361553,0.000000,4.748652,27.762375,111.288763,1,0,41.691862
1789953035,1,-121.516106,49.361871,0.000000,4.748651,27.389053,137.486206,1,0,40.078810
1789953039,1,-121.517433,49.362345,0.000000,4.748651,27.627509,109.867504,1,0,39.408677
1789953044,1,-121.518923,49.363136,0.000000,4.748651,27.796192,139.477244,1,0,39.048163
1789953049,1,-121.520283,49.364001,0.000000,10.965557,27.459521,137.893758,1,0,37.434082
1789953053,1,-121.521690,49.364526,0.000000,4.748651,29.896420,117.707989,1,0,38.555917
1789953057,1,-121.523219,49.364920,0.000000,4.748651,29.820148,119.398877,1,0,38.721991
1789953061,1,-121.524817,49.365073,0.000000,4.748651,29.194222,117.320010,1,0,38.718327
1789953066,1,-121.526779,49.364946,0.000000,4.748651,28.408824,143.218743,1,0,38.708195
1789953071,1,-121.528732,49.364727,0.000000,4.748651,28.347243,143.942442,1,0,38.873243
1789953076,1,-121.530581,49.364521,0.000000,4.748651,26.899188,136.252209,1,0,39.134340
1789953080,1,-121.532024,49.364361,0.000000,4.748651,26.595485,106.319896,1,0,39.321918
1789953084,1,-121.533461,49.364215,0.000000,4.748651,26.365823,105.639724,1,0,39.874005
1789953088,1,-121.534902,49.364112,0.000000,4.748651,26.295155,105.299855,1,0,40.457282
1789953093,1,-121.536707,49.364049,0.000000,4.748651,26.246806,131.303112,1,0,41.032782
1789953097,1,-121.538152,49.364014,0.000000,4.748651,26.288765,105.037627,1,0,41.573934
1789953101,1,-121.539597,49.363983,0.000000,4.748651,26.325837,105.022091,1,0,42.095483
1789953106,1,-121.541405,49.364011,0.000000,4.748651,26.198126,131.370890,1,0,41.741046
1789953111,1,-121.543204,49.364155,0.000000,4.748651,26.375870,131.657927,1,0,42.638413
1789953116,1,-121.544999,49.364304,0.000000,4.748651,26.310844,131.438499,1,0,43.662188
1789953121,1,-121.546803,49.364310,0.000000,4.748651,26.321085,131.045157,1,0,44.467152
1789953125,1,-121.548226,49.364117,0.000000,4.748651,26.429023,105.572592,1,0,44.527753
1789953129,1,-121.549627,49.363869,0.000000,4.748651,26.338890,105.440803,1,0,44.371790
1789953133,1,-121.551026,49.363617,0.000000,4.748651,26.361304,105.417987,1,0,44.233024
1789953137,1,-121.552434,49.363401,0.000000,4.748651,26.107803,105.061209,1,0,44.575158
1789953141,1,-121.553845,49.363266,0.000000,4.748651,25.847231,103.589633,1,0,45.784027
1789953146,1,-121.555622,49.363146,0.000000,4.748651,25.951648,129.770332,1,0,48.209552
1789953150,1,-121.557045,49.363050,0.000000,4.748651,25.899635,103.917461,1,0,50.326296
1789953154,1,-121.558473,49.362958,0.000000,4.748651,26.109959,104.234171,1,0,52.184186
1789953159,1,-121.560264,49.362831,0.000000,4.748651,26.214511,130.863800,1,0,52.725436
1789953163,1,-121.561686,49.362683,0.000000,4.748651,26.199068,104.598186,1,0,52.515556
1789953167,1,-121.563080,49.362454,0.000000,4.748651,26.070266,104.414792,1,0,51.961834
1789953171,1,-121.564431,49.362130,0.000000,4.748651,26.266427,104.543968,1,0,51.222526
1789953175,1,-121.565730,49.361720,0.000000,4.748651,26.129540,104.800382,1,0,50.769396
1789953179,1,-121.566954,49.361233,0.000000,4.748652,26.075325,104.110435,1,0,49.976462
1789953183,1,-121.568134,49.360693,0.000000,4.748652,26.162626,104.661894,1,0,48.366273
1789953187,1,-121.569315,49.360147,0.000000,4.748652,26.312861,105.105481,1,0,45.984010
1789953191,1,-121.570492,49.359602,0.000000,4.748651,26.169333,104.804050,1,0,43.274223
1789953196,1,-121.571957,49.358921,0.000000,4.748651,26.089277,130.618771,1,0,39.965208
1789953201,1,-121.573417,49.358241,0.000000,4.748651,25.924768,130.258366,1,0,37.260663
1789953206,1,-121.574864,49.357574,0.000000,4.748651,25.783227,128.651566,1,0,36.842816
1789953210,1,-121.576035,49.357030,0.000000,4.748652,26.136590,104.384169,1,0,36.802593
1789953214,1,-121.577203,49.356484,0.000000,4.748651,25.998596,104.343310,1,0,36.928096
1789953218,1,-121.578321,49.355900,0.000000,4.748651,26.019502,103.997195,1,0,37.382642
1789953222,1,-121.579322,49.355228,0.000000,4.748651,26.008198,104.278923,1,0,38.353239
1789953227,1,-121.580516,49.354347,0.000000,4.748652,26.221302,130.861487,1,0,39.054799
1789953231,1,-121.581465,49.353638,0.000000,4.748652,26.285745,104.742376,1,0,38.378965
1789953235,1,-121.582417,49.352927,0.000000,4.748652,26.223269,105.053268,1,0,36.759821
1789953241,1,-121.583607,49.352039,0.000000,4.748652,26.267714,131.253772,1,0,34.649158
1789953246,1,-121.584792,49.351152,0.000000,4.748652,26.054188,130.936809,1,0,33.170459
1789953250,1,-121.585733,49.350457,0.000000,4.748652,25.605290,103.193914,1,0,33.294663
1789953254,1,-121.586643,49.349778,0.000000,4.748652,25.016064,100.370073,1,0,32.770948
1789953259,1,-121.587864,49.348866,0.000000,4.748652,28.438648,134.751559,1,0,33.008725
1789953263,1,-121.588941,49.348065,0.000000,4.748652,29.933650,118.571590,1,0,33.679380
1789953267,1,-121.590031,49.347249,0.000000,4.748651,30.197168,120.448955,1,0,33.813081
1789953272,1,-121.591407,49.346229,0.000000,4.748652,30.219606,151.214335,1,0,33.169784
1789953276,1,-121.592502,49.345408,0.000000,4.748652,30.269223,121.111903,1,0,32.753173
1789953280,1,-121.593604,49.344591,0.000000,4.748652,30.251030,121.112544,1,0,32.722038
1789953284,1,-121.594699,49.343769,0.000000,4.748652,30.257584,121.195767,1,0,32.470902
1789953288,1,-121.595800,49.342951,0.000000,4.748652,30.233938,121.148014,1,0,33.437126
1789953292,1,-121.596899,49.342133,0.000000,4.748652,30.234517,121.052102,1,0,33.186106
1789953296,1,-121.597999,49.341316,0.000000,4.748652,30.201875,121.021816,1,0,32.376888
1789953300,1,-121.599095,49.340495,0.000000,4.748652,30.249594,121.164902,1,0,32.509373
1789953304,1,-121.600473,49.339475,0.000000,4.748652,30.280447,151.317100,1,0,32.348586
1789953309,1,-121.601846,49.338451,0.000000,4.748652,30.253147,151.411209,1,0,32.151246
1789953313,1,-121.602941,49.337628,0.000000,4.748652,30.248333,121.284920,1,0,32.288401
1789953317,1,-121.604046,49.336811,0.000000,4.748651,30.274250,121.262111,1,0,31.930598
1789953321,1,-121.605141,49.335992,0.000000,4.748652,30.206098,120.955115,1,0,31.786267
1789953325,1,-121.606241,49.335172,0.000000,4.748652,30.236268,121.278126,1,0,31.868066
1789953330,1,-121.607605,49.334145,0.000000,4.748652,30.272005,151.239769,1,0,31.583138
1789953334,1,-121.608666,49.333306,0.000000,4.748652,30.274224,121.049992,1,0,31.378983
1789953338,1,-121.609726,49.332465,0.000000,4.748652,30.291055,121.175316,1,0,31.468023
1789953344,1,-121.611058,49.331417,0.000000,4.748652,30.340251,151.514864,1,0,31.279290
1789953348,1,-121.612115,49.330573,0.000000,4.748651,30.265031,121.300095,1,0,31.548245
1789953353,1,-121.613447,49.329528,0.000000,4.748651,30.271480,151.265055,1,0,31.513491
1789953358,1,-121.614769,49.328478,0.000000,4.748652,30.251333,151.229834,1,0,30.676646
1789953362,1,-121.615832,49.327640,0.000000,4.748652,30.270577,121.062309,1,0,30.432356
1789953366,1,-121.616897,49.326802,0.000000,4.748652,30.274471,121.155138,1,0,30.359052
1789953371,1,-121.618222,49.325752,0.000000,4.748651,30.257968,151.374247,1,0,30.443484
1789953376,1,-121.619552,49.324705,0.000000,4.748651,30.284194,151.348927,1,0,30.540218
1789953380,1,-121.620615,49.323866,0.000000,4.748651,30.265930,121.152599,1,0,30.401698
1789953384,1,-121.621677,49.323029,0.000000,4.748651,30.256698,120.934948,1,0,30.495387
1789953389,1,-121.623010,49.321983,0.000000,4.748651,30.289376,151.402863,1,0,30.922375
1789953393,1,-121.624072,49.321144,0.000000,4.748651,30.287157,121.110899,1,0,31.444408
1789953398,1,-121.625400,49.320095,0.000000,4.748651,30.288078,151.433231,1,0,31.888245
1789953402,1,-121.626462,49.319257,0.000000,4.748651,30.272466,121.025250,1,0,32.320156
1789953407,1,-121.627786,49.318208,0.000000,4.748652,30.249347,151.248014,1,0,32.349317
1789953411,1,-121.628847,49.317366,0.000000,4.748652,30.318485,121.321931,1,0,31.854366
1789953416,1,-121.630145,49.316301,0.000000,4.748652,30.387589,151.445387,1,0,31.755606
1789953420,1,-121.631083,49.315401,0.000000,4.748651,30.264899,121.120104,1,0,31.545959
1789953423,1,-121.631927,49.314461,0.000000,4.748651,30.272102,121.222717,1,0,31.228299
1789953427,1,-121.632680,49.313490,0.000000,4.748652,30.027006,121.076267,1,0,31.207732
1789953431,1,-121.633410,49.312515,0.000000,4.748652,30.170733,120.728776,1,0,33.005507
1789953436,1,-121.634350,49.311301,0.000000,4.748652,30.291503,151.332127,1,0,36.634807
1789953441,1,-121.635313,49.310091,0.000000,4.748652,30.258656,151.700104,1,0,37.826266
1789953445,1,-121.636243,49.309180,0.000000,4.748652,30.347218,121.813001,1,0,37.045211
1789953449,1,-121.637290,49.308327,0.000000,4.748652,30.492279,121.638422,1,0,34.240763
1789953453,1,-121.638345,49.307482,0.000000,4.748652,30.172154,121.312762,1,0,32.782979
1789953457,1,-121.639384,49.306650,0.000000,4.748652,29.903044,119.461649,1,0,34.563535
1789953461,1,-121.640434,49.305809,0.000000,4.748652,30.223902,120.742948,1,0,37.567865
1789953466,1,-121.641751,49.304752,0.000000,4.748652,30.313623,151.631148,1,0,39.492997
1789953471,1,-121.642806,49.303905,0.000000,4.748652,30.330083,121.489957,1,0,39.585159
1789953475,1,-121.643858,49.303061,0.000000,4.748652,30.227012,121.093495,1,0,39.978597
1789953479,1,-121.644956,49.302239,0.000000,4.748652,30.276013,121.380828,1,0,39.512326
1789953483,1,-121.646194,49.301512,0.000000,4.748652,30.297710,121.013804,1,0,39.412136
1789953488,1,-121.647936,49.300767,0.000000,4.748652,30.274637,151.381936,1,0,39.503445
1789953492,1,-121.649448,49.300313,0.000000,4.748652,30.225388,121.004300,1,0,39.520187
1789953497,1,-121.651354,49.299770,0.000000,4.748652,30.278116,151.204906,1,0,39.444470
1789953502,1,-121.653019,49.298981,0.000000,4.748652,29.728159,149.544994,1,0,38.636967
1789953507,1,-121.654271,49.297934,0.000000,4.748652,30.008090,147.818778,1,0,37.595986
1789953512,1,-121.655435,49.296803,0.000000,4.748652,30.244400,151.624604,1,0,37.319246
1789953516,1,-121.656362,49.295897,0.000000,4.748652,30.282953,121.240258,1,0,37.091033
1789953520,1,-121.657331,49.295011,0.000000,4.748652,30.280857,121.149424,1,0,36.508667
1789953525,1,-121.658767,49.294026,0.000000,4.748652,30.270635,151.361142,1,0,36.526102
1789953530,1,-121.660440,49.293215,0.000000,4.748652,30.252303,151.469524,1,0,36.543809
1789953534,1,-121.661892,49.292692,0.000000,4.748652,30.082444,120.570347,1,0,38.169928
1789953538,1,-121.663381,49.292209,0.000000,4.748652,30.276950,120.902900,1,0,40.926430
1789953542,1,-121.665227,49.291592,0.000000,4.748652,30.011182,150.800484,1,0,42.728276
1789953547,1,-121.666926,49.290843,0.000000,4.748652,29.915385,149.042207,1,0,42.447572
1789953552,1,-121.668180,49.289809,0.000000,4.748652,29.228240,146.783623,1,0,39.861050
1789953556,1,-121.668815,49.288849,0.000000,4.748652,29.087650,116.331252,1,0,37.692867
1789953560,1,-121.669093,49.287820,0.000000,4.748651,29.233056,116.214303,1,0,36.494837
1789953565,1,-121.669149,49.286470,0.000000,4.748652,30.340409,150.196781,1,0,36.972372
1789953569,1,-121.669200,49.285380,0.000000,4.748652,30.256909,121.282153,1,0,37.947510
1789953573,1,-121.669410,49.284301,0.000000,4.748652,30.105740,120.970628,1,0,38.652345
1789953577,1,-121.669978,49.283309,0.000000,4.748652,29.169528,117.810970,1,0,40.917613
1789953582,1,-121.670832,49.282085,0.000000,4.748652,30.223475,149.638355,1,0,42.503979
1789953586,1,-121.671374,49.281057,0.000000,4.748652,30.122430,120.939750,1,0,42.215872
1789953590,1,-121.671561,49.279994,0.000000,4.748652,29.703343,119.002844,1,0,38.737439
1789953596,1,-121.671617,49.278629,0.000000,4.748652,30.482943,151.864305,1,0,34.731657
1789953600,1,-121.671665,49.277537,0.000000,4.748652,30.244952,121.497779,1,0,33.885664
1789953604,1,-121.671860,49.276470,0.000000,4.748652,29.781286,119.512465,1,0,36.506875
1789953608,1,-121.672371,49.275438,0.000000,4.748652,30.290024,120.647274,1,0,41.210718
1789953612,1,-121.673130,49.274477,0.000000,4.748652,30.103510,120.304319,1,0,45.683458
1789953617,1,-121.674208,49.273360,0.000000,4.748652,28.934767,146.919847,1,0,50.271883
1789953622,1,-121.675275,49.272286,0.000000,4.748652,28.344879,142.465698,1,0,53.160603
1789953626,1,-121.675927,49.271353,0.000000,4.748652,28.580438,114.097812,1,0,52.432871
1789953630,1,-121.676259,49.270344,0.000000,4.748651,28.673377,114.788248,1,0,50.144390
1789953635,1,-121.676293,49.269023,0.000000,4.748651,29.697482,146.936945,1,0,42.620432
1789953639,1,-121.676271,49.267669,0.000000,4.748651,30.044424,150.594496,1,0,38.919866
1789953644,1,-121.676328,49.266327,0.000000,4.748651,29.739286,149.309042,1,0,43.174549
1789953648,1,-121.676478,49.265274,0.000000,4.748651,29.112440,117.617909,1,0,51.011680
1789953653,1,-121.676402,49.264001,0.000000,4.748651,28.044807,141.685838,1,0,59.039316
1789953657,1,-121.676116,49.263017,0.000000,4.748651,27.800524,111.398722,1,0,64.601471
1789953662,1,-121.676060,49.261771,0.000000,4.748651,27.679158,138.635112,1,0,72.338681
1789953666,1,-121.676287,49.260809,0.000000,4.748651,26.861625,108.258186,1,0,77.215238
1789953671,1,-121.676866,49.259682,0.000000,4.748651,26.008860,132.235858,1,0,81.001473
1789953675,1,-121.677494,49.258857,0.000000,4.748651,25.384438,102.508795,1,0,81.426390
1789953680,1,-121.678330,49.257853,0.000000,4.748651,25.363738,127.167426,1,0,78.388467
1789953684,1,-121.679011,49.257038,0.000000,4.748651,25.888297,103.311304,1,0,73.954255
1789953688,1,-121.679704,49.256204,0.000000,4.748651,26.656323,105.584606,1,0,67.985742
1789953692,1,-121.680388,49.255380,0.000000,4.748651,24.837588,104.294480,1,0,60.125826
1789953696,1,-121.680946,49.254620,0.000000,4.748651,22.877266,93.777242,1,0,52.938632
1789953701,1,-121.681277,49.253592,0.000000,4.748651,23.886657,116.840974,1,0,45.944633
1789953705,1,-121.681181,49.252711,0.000000,4.748651,24.952645,98.229694,1,0,39.603395
1789953709,1,-121.680814,49.251811,0.000000,4.748651,26.306975,103.598265,1,0,32.775834
1789953714,1,-121.680258,49.250650,0.000000,4.748651,27.287175,135.316584,1,0,26.612146
1789953720,1,-121.679706,49.249470,0.000000,4.748651,27.366384,137.248751,1,0,25.497985
1789953724,1,-121.679357,49.248508,0.000000,4.748651,27.541418,109.964383,1,0,27.197610
1789953728,1,-121.679167,49.247521,0.000000,4.748651,27.773157,110.637489,1,0,30.097082
1789953732,1,-121.679024,49.246532,0.000000,4.748651,27.552344,110.483385,1,0,32.002227
1789953736,1,-121.678888,49.245556,0.000000,4.748651,27.095055,108.996649,1,0,32.776583
1789953740,1,-121.678754,49.244590,0.000000,4.748651,26.810949,107.875884,1,0,32.708922
1789953745,1,-121.678585,49.243401,0.000000,4.748651,26.395056,132.806007,1,0,32.366589
1789953750,1,-121.678418,49.242224,0.000000,4.748651,26.039196,131.463676,1,0,32.716887
1789953754,1,-121.678453,49.241299,0.000000,4.748651,25.560608,102.905440,1,0,31.700225
1789953758,1,-121.678813,49.240408,0.000000,4.748651,25.712104,102.501187,1,0,32.054778
1789953762,1,-121.679476,49.239579,0.000000,4.748651,26.176031,104.072029,1,0,32.073442
1789953766,1,-121.680244,49.238767,0.000000,4.748651,26.831104,106.219617,1,0,31.103602
1789953770,1,-121.680934,49.237901,0.000000,4.748652,27.341923,108.629559,1,0,29.588603
1789953774,1,-121.681347,49.236950,0.000000,4.748651,27.541129,109.958528,1,0,27.990265
1789953778,1,-121.681527,49.235961,0.000000,4.748652,27.697006,110.769796,1,0,27.776615
1789953782,1,-121.681689,49.234971,0.000000,4.748652,27.664764,110.732926,1,0,29.347417
1789953786,1,-121.682095,49.233750,0.000000,4.748652,27.851867,138.974865,1,0,33.158019
1789953791,1,-121.682779,49.232580,0.000000,4.748652,27.625968,139.329737,1,0,34.641670
1789953795,1,-121.683334,49.231660,0.000000,4.748651,27.421795,110.012716,1,0,33.237997
1789953799,1,-121.683877,49.230756,0.000000,4.748652,26.737866,108.036711,1,0,31.208636
1789953804,1,-121.684542,49.229661,0.000000,4.748652,25.818167,131.057835,1,0,28.231980
1789953808,1,-121.685060,49.228807,0.000000,4.748652,25.370501,102.195905,1,0,26.185246
1789953812,1,-121.685568,49.227966,0.000000,4.748651,24.938828,100.583450,1,0,25.229127
1789953816,1,-121.686070,49.227135,0.000000,4.748651,24.903719,99.388533,1,0,25.907419
1789953820,1,-121.686573,49.226293,0.000000,4.748651,25.545158,100.555024,1,0,27.645156
1789953824,1,-121.687106,49.225406,0.000000,4.748651,27.076089,106.012078,1,0,28.576267
1789953829,1,-121.687806,49.224242,0.000000,4.748651,27.949891,139.133145,1,0,29.609060
1789953833,1,-121.688359,49.223313,0.000000,4.748652,27.544533,110.892693,1,0,30.110802
1789953838,1,-121.689020,49.222178,0.000000,4.748652,26.616004,135.099193,1,0,31.003876
1789953843,1,-121.689696,49.221093,0.000000,4.748652,25.767254,130.329372,1,0,31.722544
1789953849,1,-121.690417,49.220054,0.000000,4.748652,25.330257,126.928648,1,0,31.826130
1789953853,1,-121.691022,49.219226,0.000000,4.748652,25.640500,102.088925,1,0,32.142831
1789953857,1,-121.691698,49.218347,0.000000,4.748652,28.529125,109.460400,1,0,33.145102
1789953861,1,-121.692538,49.217422,0.000000,4.748652,30.419035,119.696926,1,0,34.078402
1789953865,1,-121.693617,49.216612,0.000000,4.748652,29.612217,119.559580,1,0,34.550707
1789953869,1,-121.694931,49.216002,0.000000,4.748652,29.373712,117.331092,1,0,34.478229
1789953873,1,-121.696429,49.215607,0.000000,4.748652,29.583241,117.644618,1,0,35.260537
1789953878,1,-121.698427,49.215227,0.000000,4.748652,30.444007,151.572680,1,0,34.322859
1789953882,1,-121.699989,49.214859,0.000000,4.748652,30.249899,120.933458,1,0,34.631636
1789953886,1,-121.701475,49.214367,0.000000,4.748652,30.227721,121.302869,1,0,34.479657
1789953890,1,-121.702858,49.213768,0.000000,2.632411,30.024202,120.788314,1,0,35.652896
1789953895,1,-121.704398,49.212864,0.000000,2.260258,30.190243,150.650463,1,0,37.274798
1789953899,1,-121.705479,49.212041,0.000000,2.258616,30.300762,120.747728,1,0,38.753881
1789953903,1,-121.706430,49.211141,0.000000,2.253169,30.488249,121.737181,1,0,39.299655
1789953906,1,-121.707366,49.210229,0.000000,2.249620,30.542858,122.223641,1,0,38.583095
1789953910,1,-121.708297,49.209318,0.000000,2.245554,30.497385,121.928279,1,0,36.227929
1789953914,1,-121.709235,49.208409,0.000000,2.235720,30.503895,122.028386,1,0,33.578906
1789953919,1,-121.710612,49.207378,0.000000,2.230458,30.673718,152.360111,1,0,29.925402
1789953923,1,-121.711981,49.206764,0.000000,2.228516,30.113005,120.882216,1,0,27.139658
1789953928,1,-121.713812,49.206165,0.000000,2.225949,29.712143,149.129753,1,0,25.731646
1789953933,1,-121.715628,49.205535,0.000000,2.224953,30.076469,149.734531,1,0,25.538065
1789953937,1,-121.717086,49.205021,0.000000,2.223094,30.189739,120.645588,1,0,25.172781
1789953942,1,-121.718848,49.204304,0.000000,2.221733,30.266772,151.142150,1,0,24.913075
1789953946,1,-121.720122,49.203603,0.000000,2.221546,30.344514,121.228426,1,0,24.637063
1789953950,1,-121.721359,49.202874,0.000000,2.219128,30.261151,121.236300,1,0,24.453950
1789953954,1,-121.722592,49.202142,0.000000,2.216725,30.271302,121.243512,1,0,24.284946
1789953959,1,-121.724131,49.201231,0.000000,2.214747,30.226027,151.142316,1,0,24.691431
1789953964,1,-121.725669,49.200319,0.000000,2.214882,30.197918,151.162862,1,0,25.698838
1789953968,1,-121.726904,49.199595,0.000000,2.213316,30.191220,120.762943,1,0,26.844117
1789953974,1,-121.728489,49.198720,0.000000,2.216234,30.206580,151.036337,1,0,28.292215
1789953978,1,-121.729768,49.198030,0.000000,4.737463,30.250290,120.733361,1,0,29.937525
1789953983,1,-121.731373,49.197166,0.000000,4.748640,30.274559,151.374492,1,0,31.424761
1789953987,1,-121.732652,49.196473,0.000000,4.748652,30.189529,120.952768,1,0,33.489725
1789953992,1,-121.734215,49.195607,0.000000,4.748652,28.711229,149.174202,1,0,37.303001
1789953996,1,-121.735250,49.194916,0.000000,4.748652,26.003419,107.685298,1,0,40.352878
1789954000,1,-121.736109,49.194229,0.000000,4.748652,23.936417,98.778708,1,0,43.596679
1789954004,1,-121.736900,49.193576,0.000000,4.748652,22.971336,92.723889,1,0,46.140229
1789954008,1,-121.737758,49.192839,0.000000,4.748652,27.974247,103.095955,1,0,48.607464
1789954012,1,-121.738790,49.191992,0.000000,4.748652,30.489855,120.543792,1,0,49.885919
1789954017,1,-121.740181,49.190976,0.000000,4.748652,30.419049,151.815432,1,0,49.722275
1789954022,1,-121.741645,49.190004,0.000000,4.748652,30.326875,151.899176,1,0,49.786453
1789954026,1,-121.743178,49.189083,0.000000,4.748652,30.284075,151.584894,1,0,49.567613
1789954031,1,-121.744776,49.188212,0.000000,4.748652,30.314275,151.496063,1,0,49.046994
1789954035,1,-121.746099,49.187551,0.000000,4.748652,30.323668,121.259605,1,0,48.870680
1789954040,1,-121.747806,49.186775,0.000000,4.748652,30.322839,151.426012,1,0,48.656834
1789954044,1,-121.749200,49.186180,0.000000,4.748652,30.342513,121.266659,1,0,48.288216
1789954049,1,-121.750938,49.185433,0.000000,4.748652,30.297238,151.506404,1,0,47.030304
1789954053,1,-121.752337,49.184835,0.000000,4.748652,30.408904,121.754147,1,0,45.254111
1789954057,1,-121.753732,49.184237,0.000000,4.748652,30.351019,121.509965,1,0,43.230007
1789954062,1,-121.755476,49.183499,0.000000,4.748652,30.220699,151.327038,1,0,41.825736
1789954066,1,-121.756895,49.182942,0.000000,4.748652,30.139120,120.572999,1,0,41.799780
1789954071,1,-121.758662,49.182243,0.000000,4.748652,30.047308,150.452117,1,0,43.124019
1789954075,1,-121.760074,49.181679,0.000000,4.748652,30.176745,120.538794,1,0,44.245080
1789954080,1,-121.761844,49.180972,0.000000,4.748652,30.295176,151.111927,1,0,45.760516
1789954085,1,-121.763621,49.180260,0.000000,4.748652,30.432187,151.837254,1,0,46.388514
1789954089,1,-121.765003,49.179648,0.000000,4.748652,30.397582,121.591350,1,0,46.633501
1789954093,1,-121.766393,49.179047,0.000000,4.748652,30.314732,121.397268,1,0,46.909223
1789954098,1,-121.767790,49.178460,0.000000,4.748652,30.174820,120.976372,1,0,48.004636
1789954102,1,-121.769205,49.177892,0.000000,4.748652,30.282238,120.966522,1,0,48.691588
1789954106,1,-121.770616,49.177320,0.000000,4.748652,30.267972,120.951309,1,0,49.542572
1789954111,1,-121.772363,49.176587,0.000000,4.748652,30.243072,151.221588,1,0,50.952294
1789954115,1,-121.773639,49.175887,0.000000,4.748652,30.263945,121.312338,1,0,51.809728
1789954119,1,-121.774755,49.175079,0.000000,4.748652,30.268780,121.228609,1,0,52.395217
1789954124,1,-121.775930,49.173954,0.000000,4.748652,30.294932,151.637632,1,0,52.708466
1789954128,1,-121.776930,49.173085,0.000000,4.748652,30.132371,121.064848,1,0,53.533783
1789954132,1,-121.778212,49.172438,0.000000,4.748652,29.293828,117.963064,1,0,53.273220
1789954136,1,-121.779639,49.171992,0.000000,4.748652,29.011376,115.266294,1,0,53.743913
1789954141,1,-121.781475,49.171369,0.000000,4.748652,30.432266,150.737360,1,0,53.056279
1789954145,1,-121.782731,49.170666,0.000000,4.748652,29.963804,120.421249,1,0,52.427569
1789954148,1,-121.783744,49.169822,0.000000,4.748652,29.954184,119.445649,1,0,50.543148
1789954152,1,-121.784740,49.168954,0.000000,4.748652,30.227154,120.804985,1,0,49.333396
1789954156,1,-121.785760,49.168096,0.000000,4.748652,30.289627,120.986127,1,0,48.464456
1789954160,1,-121.786877,49.167289,0.000000,4.748652,30.306598,121.200797,1,0,47.355676
1789954164,1,-121.788075,49.166534,0.000000,4.748652,30.329939,121.169820,1,0,45.987930
1789954168,1,-121.789329,49.165819,0.000000,4.748652,30.333770,121.188422,1,0,45.295423
1789954172,1,-121.790596,49.165110,0.000000,4.748652,30.355696,121.471226,1,0,44.102525
1789954177,1,-121.792177,49.164225,0.000000,4.748652,30.250799,151.596172,1,0,39.782566
1789954181,1,-121.793418,49.163525,0.000000,4.748652,29.628695,119.379932,1,0,35.291803
1789954185,1,-121.794644,49.162843,0.000000,4.748652,29.010703,117.247842,1,0,30.443238
1789954189,1,-121.795828,49.162178,0.000000,4.748652,28.084515,113.690229,1,0,25.934119
1789954193,1,-121.796980,49.161534,0.000000,4.748652,27.224079,110.398748,1,0,21.741400
1789954197,1,-121.798112,49.160919,0.000000,4.748652,26.508270,107.213288,1,0,19.784578
1789954201,1,-121.799339,49.160420,0.000000,4.748652,26.220009,105.302147,1,0,19.730954
1789954205,1,-121.800713,49.160148,0.000000,4.748652,26.203494,104.679494,1,0,19.496393
1789954210,1,-121.802485,49.160127,0.000000,2.566591,25.921171,129.262890,1,0,19.462106
1789954214,1,-121.803857,49.160321,0.000000,2.584857,25.563338,102.367079,1,0,21.901398
1789954219,1,-121.805483,49.160619,0.000000,2.580661,24.279670,123.137044,1,0,26.807747
1789954224,1,-121.806788,49.160735,0.000000,2.566946,23.958928,96.051326,1,0,30.619976
1789954228,1,-121.808096,49.160707,0.000000,2.561058,24.051567,95.450700,1,0,34.511214
1789954232,1,-121.809427,49.160514,0.000000,2.549280,25.539352,99.422068,1,0,38.457195
1789954236,1,-121.810734,49.160178,0.000000,2.548933,25.949952,102.389450,1,0,41.986986
1789954240,1,-121.811986,49.159671,0.000000,2.544748,27.492614,107.321242,1,0,44.253036
1789954244,1,-121.813221,49.159041,0.000000,2.547728,28.879398,114.116993,1,0,44.637794
1789954248,1,-121.814516,49.158391,0.000000,2.543160,30.233677,118.940485,1,0,42.984254
1789954253,1,-121.816179,49.157547,0.000000,2.538102,30.790460,153.369813,1,0,38.200353
1789954257,1,-121.817507,49.156880,0.000000,2.536585,30.329547,122.000745,1,0,33.545930
1789954262,1,-121.819237,49.156142,0.000000,2.533403,29.958875,150.533934,1,0,27.424708
1789954266,1,-121.820704,49.155662,0.000000,2.534255,30.131080,119.583064,1,0,23.234414
1789954270,1,-121.822714,49.155207,0.000000,2.530653,31.329507,155.101087,1,0,19.812699
1789954275,1,-121.824829,49.154940,0.000000,2.618908,31.472707,157.105001,1,0,17.563365
1789954280,1,-121.826983,49.154833,0.000000,2.667163,31.652774,157.568020,1,0,17.102623
1789954285,1,-121.829151,49.154849,0.000000,2.683762,31.634110,158.149224,1,0,16.555740
1789954290,1,-121.831324,49.154874,0.000000,2.693215,31.790501,158.528299,1,0,16.348356
1789954294,1,-121.833057,49.154884,0.000000,2.690101,31.729950,126.414135,1,0,16.440965
1789954299,1,-121.835227,49.154896,0.000000,2.689258,31.699821,158.290714,1,0,16.422824
1789954303,1,-121.836964,49.154908,0.000000,2.689271,31.709929,126.708040,1,0,16.317359
1789954307,1,-121.838700,49.154915,0.000000,2.688254,31.704511,126.630463,1,0,16.426908
1789954311,1,-121.840435,49.154930,0.000000,2.687056,31.638616,126.566124,1,0,16.593237
1789954315,1,-121.842173,49.154937,0.000000,2.687585,31.704483,126.776350,1,0,16.667059
1789954319,1,-121.843909,49.154945,0.000000,2.686882,31.706576,126.631202,1,0,16.813404
1789954324,1,-121.846080,49.154959,0.000000,2.686782,31.653611,158.365693,1,0,16.692883
1789954328,1,-121.847818,49.154970,0.000000,2.686454,31.692611,126.779863,1,0,16.683654
1789954333,1,-121.849988,49.154981,0.000000,2.687799,31.699911,158.289822,1,0,16.681291
1789954338,1,-121.852160,49.154990,0.000000,2.689624,31.719673,158.434137,1,0,16.360615
1789954342,1,-121.853896,49.155004,0.000000,2.688302,31.636774,126.637637,1,0,15.967345
1789954347,1,-121.856069,49.155014,0.000000,2.688768,31.684516,158.507806,1,0,15.982379
1789954352,1,-121.857807,49.155024,0.000000,2.692801,31.684867,126.778827,1,0,16.225257
1789954356,1,-121.859544,49.155032,0.000000,2.687142,31.688171,126.704128,1,0,15.761058
1789954361,1,-121.861717,49.155045,0.000000,2.685548,31.724839,158.510486,1,0,15.249392
1789954366,1,-121.863887,49.155052,0.000000,2.686635,31.644448,158.286969,1,0,14.859323
1789954370,1,-121.865626,49.155059,0.000000,2.687144,31.648662,126.849255,1,0,14.741251
1789954374,1,-121.867363,49.155071,0.000000,2.748194,31.675852,126.708006,1,0,14.491440
1789954378,1,-121.869102,49.155083,0.000000,2.812987,31.732523,126.853876,1,0,14.096203
1789954383,1,-121.871274,49.155100,0.000000,2.840943,31.661372,158.442194,1,0,13.940234
1789954387,1,-121.873446,49.155115,0.000000,2.849976,31.659470,158.439695,1,0,13.986519
1789954392,1,-121.875619,49.155127,0.000000,2.854918,31.653705,158.509469,1,0,13.635679
1789954396,1,-121.877356,49.155137,0.000000,2.856291,31.722519,126.705838,1,0,13.566852
1789954400,1,-121.879093,49.155148,0.000000,2.854901,31.645874,126.706863,1,0,13.632424
1789954405,1,-121.881265,49.155159,0.000000,2.857250,31.657074,158.435633,1,0,14.087079
1789954410,1,-121.883435,49.155167,0.000000,2.855680,31.657717,158.287532,1,0,14.200276
1789954414,1,-121.885150,49.155181,0.000000,2.854487,31.030513,125.105926,1,0,14.361969
1789954418,1,-121.886837,49.155190,0.000000,2.853895,30.525094,123.057919,1,0,14.081140
1789954423,1,-121.888900,49.155195,0.000000,2.854242,29.802549,150.481220,1,0,14.090398
1789954428,1,-121.890922,49.155216,0.000000,2.855869,29.218490,147.508045,1,0,14.201309
1789954432,1,-121.892518,49.155228,0.000000,2.855373,28.942170,116.423740,1,0,14.355220
1789954436,1,-121.894098,49.155238,0.000000,2.857079,28.719109,115.254378,1,0,14.196871
1789954440,1,-121.895668,49.155247,0.000000,2.854975,28.565109,114.523958,1,0,13.976544
1789954444,1,-121.897233,49.155256,0.000000,2.854476,28.488397,114.159256,1,0,13.754426
1789954448,1,-121.898794,49.155265,0.000000,2.854699,28.531540,113.867496,1,0,13.777985
1789954452,1,-121.900352,49.155280,0.000000,2.853768,28.355693,113.656513,1,0,13.756583
1789954456,1,-121.901908,49.155289,0.000000,2.876507,28.355617,113.502799,1,0,13.910912
1789954460,1,-121.903465,49.155294,0.000000,2.962016,28.366232,113.572694,1,0,14.225217
1789954464,1,-121.905022,49.155300,0.000000,3.005465,28.351157,113.573296,1,0,14.308194
1789954469,1,-121.906965,49.155307,0.000000,3.025056,28.371685,141.729247,1,0,14.359804
1789954473,1,-121.908526,49.155316,0.000000,3.028202,28.520248,113.867505,1,0,14.228359
1789954478,1,-121.910087,49.155322,0.000000,3.029677,28.478779,113.865055,1,0,13.655636
1789954483,1,-121.912036,49.155331,0.000000,3.032860,28.441691,142.168265,1,0,13.031089
1789954488,1,-121.913985,49.155344,0.000000,3.031219,28.421887,142.172080,1,0,12.546886
1789954493,1,-121.915932,49.155353,0.000000,3.029638,28.444733,142.022362,1,0,12.234647
1789954498,1,-121.917872,49.155360,0.000000,3.029338,28.273842,141.510380,1,0,12.590789
1789954503,1,-121.919806,49.155255,0.000000,3.031297,28.339801,141.553071,1,0,12.629202
1789954507,1,-121.921326,49.155017,0.000000,3.069163,28.403727,113.988108,1,0,12.397655
1789954510,1,-121.922798,49.154659,0.000000,3.150739,28.518979,114.515275,1,0,12.001646
1789954514,1,-121.924257,49.154294,0.000000,3.190394,28.461432,113.901767,1,0,11.774664
1789954518,1,-121.925715,49.153930,0.000000,3.205926,28.436284,113.794005,1,0,11.872267
1789954522,1,-121.927172,49.153565,0.000000,3.211226,28.450314,113.765470,1,0,11.675222
1789954527,1,-121.928993,49.153110,0.000000,3.213757,28.423103,142.140251,1,0,11.646926
1789954532,1,-121.930812,49.152657,0.000000,3.214342,28.351094,141.924825,1,0,11.571909
1789954536,1,-121.932270,49.152293,0.000000,3.214164,28.459698,113.794000,1,0,11.504394
1789954540,1,-121.933731,49.151933,0.000000,3.214129,28.439538,113.841327,1,0,11.435845
1789954544,1,-121.935186,49.151569,0.000000,3.213715,28.402925,113.589512,1,0,11.473691
1789954548,1,-121.936646,49.151210,0.000000,3.215798,28.440654,113.744226,1,0,11.311271
1789954552,1,-121.938101,49.150847,0.000000,3.214246,28.394736,113.560135,1,0,11.126546
1789954556,1,-121.939553,49.150485,0.000000,3.214081,28.307196,113.316045,1,0,10.887146
1789954560,1,-121.941012,49.150122,0.000000,3.215188,28.399234,113.832913,1,0,10.619404
1789954564,1,-121.942470,49.149764,0.000000,3.215512,28.352658,113.568572,1,0,10.630086
1789954568,1,-121.943920,49.149402,0.000000,3.214281,28.186182,113.179677,1,0,11.522102
1789954572,1,-121.945380,49.149081,0.000000,3.214434,28.288212,112.330566,1,0,13.240903
1789954577,1,-121.947189,49.148584,0.000000,3.217911,28.506819,143.074176,1,0,14.375142
1789954581,1,-121.948761,49.148468,0.000000,29.878955,28.556378,115.400647,1,0,14.003222
1789954585,1,-121.950121,49.147862,0.000000,3.304806,28.533052,119.937852,1,0,12.586209
1789954590,1,-121.951964,49.147424,0.000000,3.326118,28.519761,142.998918,1,0,10.309192
1789954594,1,-121.953411,49.147060,0.000000,3.332513,28.217823,113.054603,1,0,9.911267
1789954598,1,-121.954863,49.146700,0.000000,3.333808,28.296011,113.237192,1,0,9.864997
1789954603,1,-121.956299,49.146341,0.000000,3.334732,27.639585,112.116068,1,0,9.916412
1789954607,1,-121.957717,49.145977,0.000000,3.336317,28.635608,111.091337,1,0,10.065115
1789954611,1,-121.959258,49.145569,0.000000,3.340653,31.112953,121.238014,1,0,10.344831
1789954615,1,-121.960860,49.145160,0.000000,3.419177,31.443877,125.416314,1,0,10.565602
1789954620,1,-121.962888,49.144666,0.000000,3.496267,31.603384,157.827575,1,0,10.918534
1789954624,1,-121.964514,49.144265,0.000000,3.516541,31.346164,126.733849,1,0,10.251798
1789954628,1,-121.966124,49.143968,0.000000,3.522983,30.238791,122.016553,1,0,10.275202
1789954632,1,-121.968165,49.143768,0.000000,3.526519,30.287595,150.557373,1,0,10.365285
1789954636,1,-121.969820,49.143733,0.000000,3.528021,30.330642,120.806624,1,0,10.799588
1789954641,1,-121.971894,49.143765,0.000000,3.524927,30.274906,151.354754,1,0,11.202397
1789954645,1,-121.973556,49.143798,0.000000,3.523881,30.279608,121.310140,1,0,11.334599
1789954650,1,-121.975633,49.143840,0.000000,3.522966,30.295843,151.603761,1,0,11.326230
1789954655,1,-121.977708,49.143880,0.000000,3.522415,30.336682,151.451224,1,0,11.626313
1789954659,1,-121.979358,49.143915,0.000000,3.523286,29.698862,120.442050,1,0,11.716379
1789954663,1,-121.980954,49.143941,0.000000,3.522282,28.748853,116.475352,1,0,11.693327
1789954667,1,-121.982502,49.143977,0.000000,3.521130,27.898778,113.008459,1,0,11.694441
1789954671,1,-121.984011,49.144003,0.000000,3.520456,27.269502,110.130156,1,0,11.555838
1789954676,1,-121.985844,49.144040,0.000000,3.520156,26.452795,133.793565,1,0,11.487095
1789954681,1,-121.987639,49.144074,0.000000,3.519218,26.055642,131.012478,1,0,11.155445
1789954685,1,-121.989067,49.144103,0.000000,3.519064,26.127719,104.232570,1,0,11.109547
1789954690,1,-121.990869,49.144137,0.000000,3.518780,26.397574,131.522963,1,0,11.287146
1789954695,1,-121.992702,49.144171,0.000000,3.518141,27.060632,133.783714,1,0,11.281166
1789954700,1,-121.994574,49.144207,0.000000,3.517459,27.525324,136.634264,1,0,11.412559
1789954704,1,-121.996075,49.144236,0.000000,3.516915,27.337799,109.556015,1,0,11.695558
1789954709,1,-121.997945,49.144270,0.000000,3.516449,27.270231,136.482080,1,0,11.989700
1789954713,1,-121.999422,49.144295,0.000000,3.515750,26.708925,107.793431,1,0,11.808973
1789954718,1,-122.001175,49.144330,0.000000,3.515058,24.641623,127.952929,1,0,11.308688
1789954722,1,-122.002484,49.144354,0.000000,3.515351,23.872233,95.538064,1,0,11.020473
1789954728,1,-122.004257,49.144385,0.000000,3.514812,27.234733,129.398774,1,0,10.908966
1789954732,1,-122.005841,49.144414,0.000000,3.513567,29.587986,115.608957,1,0,11.578567
1789954737,1,-122.007894,49.144446,0.000000,3.515053,30.071302,149.823107,1,0,12.424992
1789954740,1,-122.009555,49.144478,0.000000,3.512362,30.316035,121.233922,1,0,12.401060
1789954744,1,-122.011215,49.144512,0.000000,3.511019,30.348257,121.167735,1,0,12.601377
1789954749,1,-122.013291,49.144552,0.000000,3.511382,30.302906,151.524176,1,0,12.619328
1789954753,1,-122.014900,49.144581,0.000000,3.510159,28.503248,117.432210,1,0,12.670402
1789954757,1,-122.016433,49.144609,0.000000,3.509569,27.970360,111.886520,1,0,12.812832
1789954761,1,-122.017990,49.144630,0.000000,3.509717,28.724115,113.618159,1,0,13.209427
1789954766,1,-122.019987,49.144505,0.000000,3.507252,29.790973,146.356977,1,0,13.028249
1789954771,1,-122.021982,49.144133,0.000000,3.503369,30.321242,151.314858,1,0,13.063808
1789954775,1,-122.023505,49.143699,0.000000,3.502749,30.352623,121.144028,1,0,12.708600
1789954779,1,-122.025017,49.143250,0.000000,3.502058,30.225068,121.086711,1,0,12.005429
1789954784,1,-122.026968,49.142792,0.000000,3.499402,30.279230,151.178276,1,0,11.535057
1789954789,1,-122.028996,49.142496,0.000000,3.498583,30.250897,151.574744,1,0,11.537194
1789954794,1,-122.031032,49.142234,0.000000,3.498938,30.314786,151.371411,1,0,11.439081
1789954798,1,-122.032663,49.142027,0.000000,3.497766,30.304490,121.199379,1,0,11.224315
1789954802,1,-122.034290,49.141816,0.000000,3.496204,30.297495,120.998359,1,0,11.252182
1789954806,1,-122.035885,49.141610,0.000000,3.495307,29.048104,118.600251,1,0,10.902099
1789954810,1,-122.037401,49.141414,0.000000,3.494884,27.668989,112.741305,1,0,11.188630
1789954815,1,-122.039243,49.141179,0.000000,3.495688,27.508425,136.917899,1,0,11.266800
1789954819,1,-122.040746,49.140984,0.000000,3.496794,28.139847,111.789193,1,0,11.373468
1789954823,1,-122.042270,49.140787,0.000000,3.494945,28.391992,113.335514,1,0,11.349175
1789954827,1,-122.043804,49.140585,0.000000,3.495238,28.646328,114.159604,1,0,11.328688
1789954831,1,-122.045360,49.140388,0.000000,3.494184,29.124586,115.627214,1,0,11.243989
1789954835,1,-122.046940,49.140185,0.000000,3.525823,29.529772,117.473515,1,0,11.173725
1789954839,1,-122.048528,49.139984,0.000000,3.576760,29.453212,118.004068,1,0,11.373978
1789954843,1,-122.050112,49.139782,0.000000,3.597138,29.379572,117.738677,1,0,11.181975
1789954847,1,-122.051683,49.139580,0.000000,3.604356,29.103026,116.807705,1,0,11.196905
1789954851,1,-122.053243,49.139378,0.000000,3.607710,28.972094,116.020185,1,0,11.439066
1789954856,1,-122.054795,49.139179,0.000000,3.608132,28.532598,115.383116,1,0,11.461941
1789954859,1,-122.056295,49.138986,0.000000,3.607812,27.607514,111.531449,1,0,11.337848
1789954863,1,-122.057764,49.138797,0.000000,3.607641,27.156270,109.226222,1,0,11.379404
1789954868,1,-122.059603,49.138548,0.000000,3.606699,27.729336,137.009228,1,0,11.409868
1789954872,1,-122.061120,49.138324,0.000000,3.606318,28.782344,113.455724,1,0,11.452374
1789954876,1,-122.062679,49.138096,0.000000,3.607783,29.290544,116.543368,1,0,11.724507
1789954881,1,-122.064631,49.137807,0.000000,3.607018,28.974958,146.007955,1,0,11.748144
1789954885,1,-122.066177,49.137584,0.000000,3.606696,28.843109,115.497066,1,0,12.104237
1789954889,1,-122.067725,49.137351,0.000000,3.605935,29.076630,115.883203,1,0,12.471893
1789954893,1,-122.069276,49.137126,0.000000,3.604997,28.713516,115.901230,1,0,12.288631
1789954897,1,-122.070784,49.136878,0.000000,3.603392,28.128263,113.434441,1,0,12.573671
1789954901,1,-122.072202,49.136497,0.000000,3.614764,27.762922,111.813099,1,0,12.577081
1789954905,1,-122.073460,49.135925,0.000000,3.684748,27.848645,111.685227,1,0,12.225000
1789954909,1,-122.074571,49.135216,0.000000,3.724581,28.524452,113.092167,1,0,10.942894
1789954914,1,-122.075902,49.134222,0.000000,3.739990,29.977619,147.151389,1,0,9.410378
1789954918,1,-122.077004,49.133403,0.000000,3.743070,30.339816,121.501542,1,0,8.411664
1789954923,1,-122.078378,49.132380,0.000000,3.744335,30.302279,151.645406,1,0,7.653996
1789954928,1,-122.079753,49.131357,0.000000,3.745180,30.322724,151.700007,1,0,6.947488
1789954933,1,-122.081117,49.130341,0.000000,3.745437,29.745877,150.585178,1,0,7.114434
1789954938,1,-122.082431,49.129369,0.000000,3.748569,28.279536,144.502221,1,0,7.047780
1789954943,1,-122.083688,49.128438,0.000000,3.744709,27.370458,138.330753,1,0,6.694108
1789954947,1,-122.084690,49.127701,0.000000,3.743646,27.532164,109.841749,1,0,6.808695
1789954951,1,-122.085756,49.126986,0.000000,3.741887,28.006124,111.243016,1,0,6.787041
1789954955,1,-122.086946,49.126335,0.000000,3.741451,28.590124,113.071569,1,0,6.884226
1789954959,1,-122.088266,49.125748,0.000000,3.739300,29.466743,116.376189,1,0,6.788506
1789954963,1,-122.089705,49.125239,0.000000,3.737046,30.039193,119.310706,1,0,6.584195
1789954968,1,-122.091549,49.124625,0.000000,3.734811,30.160953,150.918084,1,0,6.879815
1789954973,1,-122.093394,49.124015,0.000000,3.733302,30.163619,150.782539,1,0,9.215485
1789954977,1,-122.094830,49.123539,0.000000,3.735608,28.867782,117.418429,1,0,11.401203
1789954982,1,-122.096537,49.122977,0.000000,3.732934,27.461691,139.385992,1,0,12.237810
1789954986,1,-122.097864,49.122538,0.000000,3.730624,27.093075,108.462221,1,0,9.938538
1789954990,1,-122.099147,49.122040,0.000000,3.732027,27.176100,108.793590,1,0,7.845370
1789954995,1,-122.100535,49.121219,0.000000,3.724051,27.400599,136.386872,1,0,5.928686
1789955000,1,-122.101621,49.120196,0.000000,4.746303,27.843806,138.663311,1,0,4.996189
1789955004,1,-122.102326,49.119286,0.000000,4.748641,28.563854,113.535184,1,0,4.037559
1789955008,1,-122.103022,49.118352,0.000000,4.748651,28.994091,115.630528,1,0,3.934227
1789955013,1,-122.103913,49.117174,0.000000,4.748652,29.417080,146.263174,1,0,4.053599
1789955018,1,-122.104824,49.115974,0.000000,4.748652,30.092594,149.106873,1,0,4.243066
1789955022,1,-122.105564,49.114999,0.000000,4.748652,30.276726,121.143234,1,0,4.464686
1789955027,1,-122.106485,49.113778,0.000000,4.748652,30.279937,151.523263,1,0,4.432216
1789955031,1,-122.107226,49.112804,0.000000,4.748652,30.150548,121.076299,1,0,4.311142
1789955035,1,-122.107959,49.111834,0.000000,4.748652,30.113757,120.417831,1,0,4.271486
1789955040,1,-122.108873,49.110622,0.000000,4.748652,30.044656,150.402605,1,0,4.329174
1789955044,1,-122.109605,49.109657,0.000000,4.748652,29.912310,119.889856,1,0,4.237730
1789955049,1,-122.110514,49.108446,0.000000,4.748652,30.103193,150.141232,1,0,4.147191
1789955054,1,-122.111428,49.107241,0.000000,4.748652,29.793298,149.705339,1,0,4.666025
1789955058,1,-122.112154,49.106285,0.000000,4.748652,29.636146,118.798651,1,0,5.365350
1789955063,1,-122.113058,49.105096,0.000000,4.748652,29.544849,147.790327,1,0,5.963210
1789955068,1,-122.113963,49.103895,0.000000,4.748652,29.941771,149.017930,1,0,5.808668
1789955072,1,-122.114721,49.102948,0.000000,4.748652,29.573269,118.975113,1,0,5.091760
1789955076,1,-122.115483,49.102023,0.000000,4.748652,29.131098,116.953510,1,0,4.806933
1789955081,1,-122.116455,49.100879,0.000000,4.748652,29.155663,145.683341,1,0,4.548414
1789955085,1,-122.117205,49.099954,0.000000,4.748652,29.145245,116.541852,1,0,4.224472
1789955089,1,-122.117927,49.099020,0.000000,4.748652,29.155999,116.486665,1,0,3.714785
1789955093,1,-122.118637,49.098072,0.000000,4.748652,29.468170,117.487783,1,0,3.295860
1789955097,1,-122.119369,49.097121,0.000000,4.748652,29.679667,118.503206,1,0,3.050382
1789955101,1,-122.120096,49.096167,0.000000,4.748652,29.485389,118.637224,1,0,2.761269
1789955105,1,-122.120808,49.095222,0.000000,4.748652,29.187344,117.255273,1,0,3.023258
1789955110,1,-122.121702,49.094059,0.000000,4.748652,28.877738,144.884171,1,0,2.720025
1789955114,1,-122.122406,49.093118,0.000000,4.748652,29.297393,116.597919,1,0,2.679655
1789955118,1,-122.123126,49.092164,0.000000,4.748652,29.835275,118.411493,1,0,2.518064
1789955123,1,-122.124049,49.090951,0.000000,4.748652,30.339387,150.803803,1,0,2.728199
1789955128,1,-122.125125,49.089789,0.000000,4.748652,30.394497,151.249021,1,0,2.424218
1789955132,1,-122.126187,49.088957,0.000000,4.748652,30.273447,120.740181,1,0,2.382812
1789955136,1,-122.127386,49.088214,0.000000,4.748652,29.831946,120.403410,1,0,2.345541
1789955140,1,-122.128565,49.087494,0.000000,4.748652,29.218362,117.588646,1,0,2.423943
1789955145,1,-122.129995,49.086606,0.000000,4.748652,28.455929,143.741923,1,0,2.929794
1789955149,1,-122.131125,49.085912,0.000000,4.748652,28.132804,112.999187,1,0,3.054258
1789955153,1,-122.132242,49.085225,0.000000,4.748652,27.856830,111.779677,1,0,3.326793
1789955157,1,-122.133351,49.084547,0.000000,4.748652,27.579003,110.669492,1,0,3.305752
1789955162,1,-122.134745,49.083697,0.000000,4.748652,28.111526,138.940795,1,0,3.331025
1789955166,1,-122.135888,49.082997,0.000000,4.748652,28.744602,114.154431,1,0,3.269189
1789955171,1,-122.137336,49.082115,0.000000,4.748652,28.776106,144.252896,1,0,3.112590
1789955176,1,-122.138777,49.081234,0.000000,4.748652,28.687570,143.802601,1,0,3.341255
1789955180,1,-122.139924,49.080530,0.000000,4.748652,28.614171,114.677284,1,0,3.231300
1789955184,1,-122.141059,49.079836,0.000000,4.748652,28.084729,113.277679,1,0,3.176626
1789955188,1,-122.142168,49.079156,0.000000,4.748652,27.536394,110.826681,1,0,3.199253
1789955193,1,-122.143536,49.078323,0.000000,4.748652,27.047649,136.269496,1,0,3.078557
1789955197,1,-122.144606,49.077666,0.000000,4.748652,26.572124,106.998597,1,0,2.670451
1789955202,1,-122.145940,49.076851,0.000000,4.748652,26.881653,133.087229,1,0,2.712684
1789955206,1,-122.147030,49.076185,0.000000,4.748652,27.378585,108.749776,1,0,2.859424
1789955210,1,-122.148146,49.075500,0.000000,4.748652,28.132402,111.585925,1,0,2.934218
1789955214,1,-122.149283,49.074807,0.000000,4.748652,28.523894,113.315107,1,0,3.056418
1789955218,1,-122.150442,49.074101,0.000000,4.748652,29.100428,115.476733,1,0,3.185750
1789955223,1,-122.151923,49.073192,0.000000,4.748652,29.909378,148.078543,1,0,3.520754
1789955227,1,-122.153130,49.072448,0.000000,4.748652,30.399498,120.923786,1,0,3.723272
1789955231,1,-122.154346,49.071706,0.000000,4.748652,30.287838,121.252662,1,0,3.829232
1789955236,1,-122.155860,49.070780,0.000000,4.748652,30.119207,151.138634,1,0,3.968523
1789955241,1,-122.157362,49.069857,0.000000,4.748652,30.033764,150.269963,1,0,4.866998
1789955246,1,-122.158872,49.068934,0.000000,4.748652,30.138769,150.697417,1,0,5.277727
1789955250,1,-122.160069,49.068195,0.000000,4.748652,30.017920,120.016424,1,0,6.024337
1789955255,1,-122.161570,49.067283,0.000000,4.748652,29.693776,149.383366,1,0,4.926419
1789955260,1,-122.163048,49.066370,0.000000,4.748652,29.924098,148.230084,1,0,5.545156
1789955264,1,-122.164262,49.065630,0.000000,4.748652,30.306670,121.007028,1,0,5.530156
1789955269,1,-122.165771,49.064701,0.000000,4.748652,30.039952,151.107804,1,0,5.577788
1789955274,1,-122.167266,49.063792,0.000000,4.748652,29.445900,148.843355,1,0,5.042910
1789955278,1,-122.168435,49.063076,0.000000,4.748652,28.995572,116.781345,1,0,5.177290
1789955282,1,-122.169585,49.062373,0.000000,4.748652,28.667403,114.779996,1,0,5.147194
1789955287,1,-122.171031,49.061487,0.000000,4.748652,29.165152,144.479050,1,0,5.133543
1789955291,1,-122.172216,49.060765,0.000000,4.748652,29.752591,118.098154,1,0,5.323734
1789955295,1,-122.173468,49.060075,0.000000,4.748652,29.818665,119.417001,1,0,5.500362
1789955299,1,-122.174772,49.059473,0.000000,4.748652,28.710738,116.465124,1,0,4.909637
1789955304,1,-122.176344,49.058787,0.000000,4.748652,26.635747,137.909081,1,0,4.507787
1789955308,1,-122.177521,49.058272,0.000000,4.748652,25.442052,103.340882,1,0,4.277490
1789955312,1,-122.178668,49.057767,0.000000,4.748652,25.315889,100.899999,1,0,4.538499
1789955316,1,-122.179849,49.057251,0.000000,4.748652,26.304833,103.645872,1,0,4.844282
1789955321,1,-122.181388,49.056558,0.000000,4.748652,28.015785,136.345072,1,0,5.105455
1789955325,1,-122.182676,49.055975,0.000000,4.748652,28.987766,114.306080,1,0,5.277318
1789955330,1,-122.184333,49.055227,0.000000,4.748652,29.401221,146.926146,1,0,5.200935
1789955334,1,-122.185657,49.054625,0.000000,4.748652,29.406758,117.671863,1,0,5.331509
1789955338,1,-122.186974,49.054027,0.000000,4.748652,29.008388,116.998049,1,0,5.471822
1789955342,1,-122.188255,49.053445,0.000000,4.748652,28.102283,113.821818,1,0,5.433141
1789955347,1,-122.189809,49.052737,0.000000,4.748652,27.491045,138.203449,1,0,5.363320
1789955351,1,-122.191042,49.052181,0.000000,4.748652,27.255567,109.292399,1,0,5.494697
1789955356,1,-122.192584,49.051482,0.000000,4.748652,27.467331,136.912787,1,0,5.409625
1789955360,1,-122.193836,49.050914,0.000000,4.748652,28.042076,111.200575,1,0,5.620822
1789955364,1,-122.195121,49.050329,0.000000,4.748652,28.836228,114.259900,1,0,6.009831
1789955368,1,-122.196432,49.049737,0.000000,4.748652,29.259316,116.266358,1,0,6.325661
1789955372,1,-122.197760,49.049137,0.000000,3.856747,29.482593,117.794380,1,0,6.243993
1789955377,1,-122.199403,49.048386,0.000000,3.855658,29.069130,146.284085,1,0,5.956200
1789955381,1,-122.200699,49.047802,0.000000,3.854554,28.583376,114.858891,1,0,6.028787
1789955385,1,-122.201984,49.047219,0.000000,3.853596,28.547772,114.133406,1,0,6.091837
1789955390,1,-122.203590,49.046489,0.000000,3.853236,28.621779,142.730747,1,0,6.360908
1789955394,1,-122.204889,49.045900,0.000000,3.854163,29.035246,115.362478,1,0,6.012263
1789955398,1,-122.206194,49.045305,0.000000,3.852524,29.121431,116.102799,1,0,6.052360
1789955402,1,-122.207501,49.044717,0.000000,3.851561,28.814006,115.781525,1,0,6.707515
1789955407,1,-122.209082,49.043995,0.000000,3.850542,27.594945,140.731511,1,0,6.740598
1789955411,1,-122.210302,49.043444,0.000000,3.849804,26.874912,108.209164,1,0,6.250967
1789955415,1,-122.211510,49.042893,0.000000,3.849003,26.976632,107.487265,1,0,5.770550
1789955420,1,-122.213022,49.042211,0.000000,3.848430,26.716906,134.053083,1,0,6.219884
1789955424,1,-122.214222,49.041667,0.000000,3.848175,27.096497,106.563420,1,0,6.281842
1789955428,1,-122.215526,49.041083,0.000000,3.847362,29.791119,115.357140,1,0,6.711290
1789955432,1,-122.216884,49.040471,0.000000,3.846836,30.154483,120.373645,1,0,7.160909
1789955436,1,-122.218247,49.039855,0.000000,3.847051,30.258081,120.926792,1,0,7.438331
1789955440,1,-122.219613,49.039237,0.000000,3.845883,30.232151,121.233552,1,0,7.071275
1789955444,1,-122.220955,49.038624,0.000000,3.848074,29.557038,119.474061,1,0,7.286712
1789955448,1,-122.222262,49.038035,0.000000,3.845135,28.443160,115.851971,1,0,7.040679
1789955453,1,-122.223858,49.037312,0.000000,3.844482,28.582295,141.705786,1,0,6.686306
1789955457,1,-122.225164,49.036727,0.000000,3.842361,29.151729,115.540602,1,0,6.676579
1789955461,1,-122.226559,49.036193,0.000000,3.840295,29.769707,118.028797,1,0,6.869621
1789955465,1,-122.228015,49.035706,0.000000,3.837606,29.837037,119.444910,1,0,7.202057
1789955470,1,-122.229870,49.035204,0.000000,3.835583,28.762941,146.674854,1,0,7.375126
1789955474,1,-122.231294,49.034891,0.000000,3.834115,26.490150,109.785133,1,0,7.226847
1789955478,1,-122.232521,49.034672,0.000000,3.833468,21.375935,92.963395,1,0,6.862281
1789955484,1,-122.234156,49.034395,0.000000,3.923411,20.100355,123.453843,1,0,7.095923
1789955490,1,-122.235661,49.034163,0.000000,3.976619,17.956445,113.027451,1,0,7.069970
1789955495,1,-122.236822,49.034020,0.000000,3.987151,16.688396,86.367294,1,0,7.143439
1789955500,1,-122.237918,49.033902,0.000000,3.990133,16.213646,81.205171,1,0,7.306035
1789955505,1,-122.239056,49.033809,0.000000,3.990263,17.413676,83.849111,1,0,7.375268
1789955510,1,-122.240295,49.033734,0.000000,3.988394,18.965400,90.976914,1,0,7.395964
1789955515,1,-122.241600,49.033676,0.000000,3.984522,18.910980,95.637349,1,0,7.761507
1789955521,1,-122.243132,49.033651,0.000000,3.981781,18.761564,112.051975,1,0,7.745219
1789955526,1,-122.244413,49.033655,0.000000,3.977602,18.704904,93.665802,1,0,7.868221
1789955531,1,-122.245739,49.033657,0.000000,3.974714,20.136287,96.955334,1,0,8.152203
1789955536,1,-122.247164,49.033659,0.000000,3.976183,20.830377,104.194045,1,0,8.021277
1789955542,1,-122.248742,49.033663,0.000000,3.973078,17.868546,115.381790,1,0,8.161441
1789955547,1,-122.249927,49.033666,0.000000,3.971527,17.373882,86.646019,1,0,7.919643
1789955552,1,-122.251128,49.033669,0.000000,3.972785,17.453963,87.815904,1,0,7.860328
1789955558,1,-122.252485,49.033651,0.000000,3.976693,15.154938,99.241938,1,0,7.675583
1789955564,1,-122.253826,49.033601,0.000000,3.971872,17.974253,98.209407,1,0,9.440049
1789955569,1,-122.255127,49.033552,0.000000,3.966959,18.924294,95.283105,1,0,11.186864
1789955575,1,-122.256719,49.033516,0.000000,3.961620,20.203982,116.473485,1,0,12.196137
1789955580,1,-122.258149,49.033517,0.000000,3.959081,21.013210,104.559529,1,0,12.514262
1789955586,1,-122.259727,49.033520,0.000000,3.956891,18.094958,115.381492,1,0,12.159580
1789955591,1,-122.260975,49.033522,0.000000,3.953720,19.123944,91.252173,1,0,12.662427
1789955596,1,-122.262334,49.033518,0.000000,3.951035,20.334503,99.369057,1,0,12.788630
1789955602,1,-122.264044,49.033487,0.000000,3.950480,20.894875,125.080186,1,0,13.184347
1789955607,1,-122.265493,49.033466,0.000000,3.948305,21.311847,105.974481,1,0,14.214299
1789955613,1,-122.267298,49.033474,0.000000,3.942990,21.983790,131.981967,1,0,15.969068
1789955618,1,-122.268811,49.033508,0.000000,3.940789,22.321984,110.692982,1,0,17.596927
1789955622,1,-122.270003,49.033543,0.000000,3.938628,20.804486,87.244217,1,0,18.857776
1789955628,1,-122.271597,49.033557,0.000000,3.934138,19.444356,116.561436,1,0,20.299564
1789955634,1,-122.273272,49.033552,0.000000,3.933017,20.590131,122.474940,1,0,22.407076
1789955639,1,-122.274772,49.033523,0.000000,3.938253,23.066887,109.725375,1,0,25.845925
1789955644,1,-122.276447,49.033544,0.000000,3.939332,24.466247,122.496067,1,0,29.883984
1789955648,1,-122.277781,49.033615,0.000000,3.933671,24.151223,97.859457,1,0,33.216857
1789955653,1,-122.279302,49.033697,0.000000,3.927989,21.012909,111.586909,1,0,37.236741
1789955659,1,-122.281011,49.033791,0.000000,3.924570,20.703931,125.396560,1,0,40.327117
1789955665,1,-122.282634,49.033901,0.000000,3.923700,19.572960,119.300735,1,0,41.545185
1789955671,1,-122.284328,49.034012,0.000000,3.922534,21.643057,124.476958,1,0,43.648635
1789955676,1,-122.285876,49.034096,0.000000,3.921416,23.267710,113.572872,1,0,45.522920
1789955680,1,-122.287244,49.034171,0.000000,3.920509,26.167409,100.373810,1,0,47.494752
1789955685,1,-122.289031,49.034269,0.000000,3.918439,25.885476,131.117254,1,0,48.681613
1789955690,1,-122.290761,49.034359,0.000000,3.916943,24.543965,126.891116,1,0,49.506524
1789955694,1,-122.291891,49.034425,0.000000,3.916016,18.683947,82.949778,1,0,49.290747
1789955700,1,-122.293199,49.034497,0.000000,3.927369,14.162052,95.974176,1,0,49.777402
1789955706,1,-122.294321,49.034561,0.000000,3.993125,13.861142,82.347621,1,0,50.003558
1789955712,1,-122.295316,49.034616,0.000000,4.025387,8.155700,73.010021,1,0,50.863549
1789955725,1,-122.296000,49.034655,0.000000,4.199262,3.699117,50.201080,1,0,51.661159
1789955735,1,-122.296870,49.034704,0.000000,4.235182,8.205361,63.846477,1,0,52.195033
1789955744,1,-122.297909,49.034763,0.000000,4.280778,9.365647,76.253436,1,0,52.835063
1789955751,1,-122.298996,49.034821,0.000000,4.284100,13.148918,79.741638,1,0,53.878629
1789955757,1,-122.300196,49.034887,0.000000,4.321401,15.308331,88.049258,1,0,54.685272
1789955763,1,-122.301427,49.034956,0.000000,4.360921,14.746303,90.335996,1,0,55.737233
1789955770,1,-122.302830,49.035036,0.000000,4.370986,15.099994,102.971046,1,0,56.200159
1789955775,1,-122.303919,49.035098,0.000000,4.368871,16.522456,79.924584,1,0,56.774272
1789955780,1,-122.305099,49.035170,0.000000,4.368185,17.818967,86.651204,1,0,57.508586
1789955786,1,-122.306629,49.035254,0.000000,4.367643,19.145851,112.261480,1,0,58.525611
1789955792,1,-122.308212,49.035339,0.000000,4.366782,19.278156,116.132809,1,0,59.038928
1789955797,1,-122.309525,49.035408,0.000000,4.364195,19.255778,96.311493,1,0,59.687066
1789955802,1,-122.310834,49.035481,0.000000,4.363294,19.089616,96.056531,1,0,60.065610
1789955807,1,-122.312102,49.035553,0.000000,4.365830,18.162127,93.060092,1,0,60.512713
1789955812,1,-122.313316,49.035621,0.000000,4.360723,17.738114,89.088096,1,0,60.963027
1789955817,1,-122.314533,49.035690,0.000000,4.356747,18.086522,89.316159,1,0,61.809072
1789955822,1,-122.315813,49.035760,0.000000,4.354447,19.260151,93.915629,1,0,62.960171
1789955828,1,-122.317456,49.035843,0.000000,4.365175,20.457575,120.488766,1,0,63.841437
1789955833,1,-122.318898,49.035929,0.000000,4.440856,21.711804,105.870636,1,0,64.068774
1789955837,1,-122.320125,49.036000,0.000000,4.475204,22.795742,90.063939,1,0,64.838713
1789955841,1,-122.321361,49.036075,0.000000,4.487597,22.586681,90.759304,1,0,65.316582
1789955845,1,-122.322576,49.036142,0.000000,4.493491,22.086196,89.151656,1,0,65.877129
1789955851,1,-122.324287,49.036241,0.000000,4.491938,19.337845,125.590342,1,0,65.381128
1789955856,1,-122.325468,49.036303,0.000000,4.491025,16.197719,86.628516,1,0,64.906406
1789955861,1,-122.326554,49.036365,0.000000,4.527967,15.901850,79.706152,1,0,64.888096
1789955866,1,-122.327634,49.036422,0.000000,4.575395,15.695650,79.222660,1,0,64.844166
1789955872,1,-122.328932,49.036492,0.000000,4.588075,16.370436,95.227336,1,0,63.981021
1789955877,1,-122.330112,49.036555,0.000000,4.588214,17.824222,86.564543,1,0,63.986336
1789955883,1,-122.331655,49.036641,0.000000,4.587848,19.620342,113.227431,1,0,63.612280
1789955888,1,-122.333027,49.036726,0.000000,4.581854,20.437219,100.763786,1,0,63.340415
1789955893,1,-122.334404,49.036901,0.000000,4.567220,20.591934,102.548707,1,0,62.946935
1789955898,1,-122.335711,49.037235,0.000000,4.549192,21.066526,102.531498,1,0,61.809726
1789955903,1,-122.337134,49.037706,0.000000,4.541817,23.993086,116.489517,1,0,61.072338
1789955907,1,-122.338103,49.038193,0.000000,4.550683,20.997591,89.181638,1,0,60.357254
1789955912,1,-122.338639,49.038755,0.000000,4.522462,13.014119,73.772321,1,0,59.382869
1789955919,1,-122.338095,49.039309,0.000000,4.519841,9.981835,73.335718,1,0,61.306990
1789955930,1,-122.337632,49.038609,0.000000,3.880135,13.076177,84.890672,1,0,64.500026
1789955936,1,-122.337844,49.037755,0.000000,2.273430,17.829860,96.231419,1,0,69.449457
1789955941,1,-122.337769,49.036967,0.000000,2.246032,17.288681,87.806187,1,0,67.225736
1789955947,1,-122.337644,49.036203,0.000000,2.249176,10.997399,85.455831,1,0,63.135844
1789955955,1,-122.338548,49.035745,0.000000,2.100071,11.427605,83.447744,1,0,61.471120
1789955962,1,-122.339717,49.036283,0.000000,2.000000,17.373921,104.336110,1,0,61.485867
1789955968,1,-122.340822,49.037019,0.000000,2.001519,19.264359,115.012104,1,0,61.770412
1789955973,1,-122.341743,49.037641,0.000000,2.000008,18.852669,96.540236,1,0,61.591210
1789955978,1,-122.342661,49.038195,0.000000,2.000000,18.047248,91.112438,1,0,61.575546
1789955983,1,-122.343714,49.038422,0.000000,2.000000,16.688076,81.027438,1,0,61.259924
1789955988,1,-122.344812,49.038438,0.000000,2.000000,15.700530,80.304466,1,0,63.035388
1789955994,1,-122.346107,49.038460,0.000000,2.000000,15.966026,94.720852,1,0,66.541124
1789955999,1,-122.347203,49.038474,0.000000,2.000000,15.969613,80.153714,1,0,70.374172
1789956005,1,-122.348517,49.038494,0.000000,2.002831,16.013197,96.104378,1,0,75.844086
1789956011,1,-122.349849,49.038516,0.000000,2.000875,16.616912,97.425581,1,0,79.954548
1789956016,1,-122.351018,49.038532,0.000000,2.000010,17.399058,85.494939,1,0,76.561286
1789956022,1,-122.352487,49.038554,0.000000,2.000000,17.808027,107.439972,1,0,69.299023
1789956028,1,-122.353919,49.038577,0.000000,2.000000,17.329971,104.737820,1,0,62.191762
1789956034,1,-122.355314,49.038601,0.000000,2.000000,16.822701,102.036011,1,0,59.443120
1789956039,1,-122.356463,49.038611,0.000000,2.000000,16.972213,84.021148,1,0,59.472783
1789956045,1,-122.357867,49.038636,0.000000,2.000000,17.106523,102.696781,1,0,58.645751
1789956050,1,-122.359041,49.038663,0.000000,2.000000,17.167144,85.894252,1,0,58.393335
1789956056,1,-122.360461,49.038693,0.000000,2.000000,17.427653,103.882614,1,0,57.342546
1789956061,1,-122.361633,49.038720,0.000000,2.000000,16.945186,85.748090,1,0,57.606723
1789956066,1,-122.362801,49.038749,0.000000,2.000000,17.284694,85.463899,1,0,57.492170
1789956071,1,-122.363990,49.038776,0.000000,2.000000,17.378562,86.990359,1,0,57.105186
1789956076,1,-122.365186,49.038803,0.000000,2.000000,17.623313,87.501875,1,0,55.431418
1789956082,1,-122.366624,49.038833,0.000000,2.000000,17.382041,105.198032,1,0,53.740107
1789956087,1,-122.367801,49.038910,0.000000,2.000000,17.093973,86.486031,1,0,54.155775
1789956093,1,-122.369217,49.038995,0.000000,2.000000,17.366896,103.967121,1,0,53.692286
1789956098,1,-122.370350,49.039187,0.000000,2.000000,16.770354,85.551330,1,0,54.170463
1789956104,1,-122.371552,49.039649,0.000000,2.000000,17.527232,101.805465,1,0,55.577367
1789956109,1,-122.372672,49.039711,0.000000,2.004239,16.641275,82.183041,1,0,55.040867
1789956114,1,-122.373806,49.039734,0.000000,2.000052,16.538708,82.956385,1,0,54.562836
1789956119,1,-122.374936,49.039761,0.000000,2.000001,16.478030,82.679005,1,0,54.318233
1789956124,1,-122.376059,49.039802,0.000000,2.000000,16.286539,82.239129,1,0,54.670731
1789956129,1,-122.377144,49.039742,0.000000,2.000000,16.645067,79.614232,1,0,55.047262
1789956134,1,-122.377968,49.039286,0.000000,2.000000,16.008692,78.751613,1,0,54.793966
1789956140,1,-122.378431,49.038907,0.000000,2.000000,1.508577,54.061525,1,0,55.542181
1789956179,1,-122.379328,49.038535,0.000000,2.133847,12.217029,77.545363,1,0,55.925227
1789956185,1,-122.380380,49.038631,0.000000,2.237184,13.550841,77.658565,1,0,54.592171
1789956192,1,-122.381629,49.039055,0.000000,2.176337,16.104956,102.780509,1,0,53.727846
1789956197,1,-122.382750,49.039067,0.000000,2.000000,16.305295,81.977246,1,0,53.965491
1789956203,1,-122.384128,49.039054,0.000000,2.000000,18.078620,100.768345,1,0,55.239850
1789956209,1,-122.385692,49.039048,0.000000,2.000000,18.960285,114.360078,1,0,56.713851
1789956215,1,-122.387366,49.039040,0.000000,2.000000,21.099998,122.404468,1,0,56.531623
1789956220,1,-122.388865,49.039035,0.000000,2.000000,21.961067,109.606822,1,0,57.251963
1789956225,1,-122.390367,49.039031,0.000000,2.000000,21.898477,109.825682,1,0,57.976554
1789956229,1,-122.391576,49.039025,0.000000,2.000000,22.060817,88.403426,1,0,57.644270
1789956234,1,-122.393079,49.039025,0.000000,2.000000,21.727657,109.897900,1,0,57.586366
1789956239,1,-122.394561,49.039031,0.000000,2.000000,21.859934,108.364458,1,0,58.061255
1789956244,1,-122.396050,49.039034,0.000000,2.000000,21.451657,108.874782,1,0,61.526127
1789956250,1,-122.397816,49.039037,0.000000,2.000000,21.674245,129.128844,1,0,74.401494
1789956255,1,-122.399314,49.039039,0.000000,2.000000,22.209756,109.532900,1,0,84.005682
1789956259,1,-122.400534,49.039043,0.000000,2.000000,22.166163,89.206715,1,0,87.237572
1789956264,1,-122.402027,49.039047,0.000000,2.000000,21.275225,109.168149,1,0,90.391503
1789956269,1,-122.403481,49.039040,0.000000,2.000000,22.140220,106.318470,1,0,91.246691
1789956275,1,-122.405192,49.038897,0.000000,2.000000,20.259509,126.114052,1,0,90.438577
1789956280,1,-122.406358,49.038438,0.000000,3.409454,20.267988,99.370629,1,0,90.947443
1789956285,1,-122.407101,49.037660,0.000000,2.000000,20.896464,102.165182,1,0,91.187594
1789956290,1,-122.407841,49.036760,0.000000,2.000000,23.543982,113.780019,1,0,92.606176
1789956294,1,-122.408422,49.036004,0.000000,2.000000,23.428945,94.199688,1,0,93.118882
1789956298,1,-122.409013,49.035257,0.000000,2.000000,23.374964,93.642616,1,0,93.740514
1789956302,1,-122.409665,49.034531,0.000000,2.000000,23.388889,93.764280,1,0,92.926508
1789956307,1,-122.410518,49.033641,0.000000,2.000000,23.396952,116.991082,1,0,91.182401
1789956311,1,-122.411226,49.032939,0.000000,2.000000,23.410772,93.675172,1,0,89.831271
1789956316,1,-122.412128,49.032064,0.000000,2.000000,23.730470,117.555178,1,0,87.203884
1789956320,1,-122.412816,49.031335,0.000000,2.000000,23.774999,95.415353,1,0,83.783373
1789956324,1,-122.413713,49.030733,0.000000,2.000000,23.188807,93.727498,1,0,80.239002
1789956328,1,-122.414761,49.030278,0.000000,2.000000,22.866597,91.834735,1,0,77.139447
1789956332,1,-122.415792,49.029801,0.000000,2.000000,23.142440,92.185736,1,0,73.978605
1789956337,1,-122.416946,49.029107,0.000000,2.000000,22.961388,114.359763,1,0,71.839386
1789956342,1,-122.418037,49.028368,0.000000,2.000218,22.861931,114.539882,1,0,70.043647
1789956347,1,-122.419564,49.028069,0.000000,2.006556,23.518267,116.509536,1,0,66.972939
1789956351,1,-122.420821,49.028234,0.000000,2.000094,22.556460,93.733207,1,0,64.332834
1789956357,1,-122.422079,49.028948,0.000000,2.000000,19.274616,121.522805,1,0,63.710327
1789956363,1,-122.422634,49.029870,0.000000,2.002255,18.035148,110.276862,1,0,72.177086
1789956368,1,-122.423008,49.030636,0.000000,2.046998,18.152901,89.470667,1,0,80.624574
1789956374,1,-122.424111,49.031232,0.000000,2.000157,18.543129,104.398775,1,0,89.852863
1789956380,1,-122.425805,49.031306,0.000000,2.000000,22.438558,124.149225,1,0,98.009682
1789956384,1,-122.427013,49.031309,0.000000,2.659369,21.576540,88.337404,1,0,98.168247
1789956389,1,-122.428461,49.031329,0.000000,2.007538,21.061876,105.910488,1,0,98.408521
1789956394,1,-122.429858,49.031319,0.000000,2.000062,20.265412,102.163733,1,0,98.156661
1789956400,1,-122.431583,49.031320,0.000000,2.000001,21.925014,126.143208,1,0,98.043230
1789956404,1,-122.432854,49.031325,0.000000,2.000000,23.447409,92.945406,1,0,98.285787
1789956408,1,-122.434107,49.031332,0.000000,2.000000,22.617950,91.630775,1,0,98.298857
1789956413,1,-122.435633,49.031341,0.000000,2.000000,22.124106,111.595475,1,0,97.250563
1789956418,1,-122.437125,49.031350,0.000000,2.000000,21.445810,109.109260,1,0,96.259670
1789956424,1,-122.438857,49.031359,0.000000,2.000000,20.907162,126.658952,1,0,95.201204
1789956429,1,-122.440263,49.031367,0.000000,2.016891,20.411975,102.819620,1,0,95.440768
1789956434,1,-122.441663,49.031378,0.000000,2.000220,20.549911,102.384320,1,0,95.161417
1789956440,1,-122.443326,49.031397,0.000000,2.000001,19.801137,121.627651,1,0,98.652088
1789956445,1,-122.444709,49.031415,0.000000,2.003859,20.855510,101.153769,1,0,104.274752
1789956451,1,-122.446372,49.031422,0.000000,2.002306,18.212243,121.611917,1,0,103.210768
1789956457,1,-122.447392,49.031424,0.000000,2.000025,8.443911,74.589386,1,0,102.525700
1789956469,1,-122.448005,49.031433,0.000000,2.021880,1.534921,44.837740,1,0,105.570600
1789956500,1,-122.448445,49.031439,0.000000,2.044831,0.157964,32.182607,1,0,107.286499
1789956509,1,-122.449531,49.031446,0.000000,2.017099,13.944491,79.419287,1,0,109.283145
1789956516,1,-122.451140,49.031449,0.000000,2.227323,18.826953,117.661185,1,0,111.224779
1789956522,1,-122.452744,49.031451,0.000000,2.291793,20.295118,117.295323,1,0,112.925527
1789956527,1,-122.454185,49.031434,0.000000,2.307395,21.443129,105.392452,1,0,113.810564
1789956533,1,-122.455661,49.031436,0.000000,2.312351,21.469492,107.935175,1,0,115.222608
1789956539,1,-122.457414,49.031455,0.000000,2.301833,21.289086,128.208439,1,0,113.387963
1789956544,1,-122.458797,49.031454,0.000000,2.300846,19.619137,101.134182,1,0,109.906770
1789956549,1,-122.460134,49.031454,0.000000,2.305685,19.468258,97.770247,1,0,106.906746
1789956554,1,-122.461440,49.031452,0.000000,2.314290,19.032391,95.503551,1,0,105.900386
1789956559,1,-122.462812,49.031449,0.000000,2.312864,21.250273,100.330192,1,0,105.874913
1789956563,1,-122.464033,49.031444,0.000000,2.313529,22.507823,89.289244,1,0,103.770972
1789956567,1,-122.465257,49.031443,0.000000,2.312014,22.569743,89.506934,1,0,101.930620
1789956572,1,-122.466809,49.031438,0.000000,2.309526,22.604610,113.493683,1,0,98.862671
1789956577,1,-122.468369,49.031440,0.000000,2.308187,22.672283,114.077481,1,0,94.259304
1789956581,1,-122.469876,49.031437,0.000000,2.312870,21.838117,110.202019,1,0,93.330164
1789956586,1,-122.471390,49.031431,0.000000,2.304821,22.299431,110.715386,1,0,91.449696
1789956591,1,-122.472881,49.031418,0.000000,2.311857,21.559768,109.041038,1,0,91.643888
1789956597,1,-122.474668,49.031407,0.000000,2.313385,21.701443,130.682610,1,0,93.180933
1789956603,1,-122.476490,49.031389,0.000000,2.308918,22.430045,133.251371,1,0,94.147267
1789956607,1,-122.477724,49.031380,0.000000,2.304650,22.703887,90.243553,1,0,93.471165
1789956611,1,-122.478974,49.031370,0.000000,2.307409,22.707027,91.414768,1,0,91.100433
1789956615,1,-122.480197,49.031359,0.000000,2.307019,22.427814,89.441934,1,0,90.280918
1789956621,1,-122.481773,49.031348,0.000000,2.300647,23.100062,115.253617,1,0,84.796612
1789956625,1,-122.482993,49.031341,0.000000,2.308054,22.120112,89.217495,1,0,83.741449
1789956630,1,-122.484497,49.031333,0.000000,2.309174,22.005830,109.985557,1,0,83.331563
1789956636,1,-122.486299,49.031325,0.000000,2.305480,22.014781,131.776592,1,0,82.961856
1789956641,1,-122.487791,49.031314,0.000000,2.311011,21.513743,109.111297,1,0,83.595392
1789956647,1,-122.489530,49.031308,0.000000,2.313052,21.866282,127.168450,1,0,89.485302
1789956652,1,-122.490811,49.031304,0.000000,2.303351,15.990250,93.675932,1,0,88.859639
1789956659,1,-122.491674,49.031313,0.000000,2.386330,4.413749,63.115987,1,0,88.518171
1789956691,1,-122.492701,49.031293,0.000000,2.754257,13.210116,75.133709,1,0,89.810983
1789956697,1,-122.494150,49.031238,0.000000,2.872348,14.987891,106.136502,1,0,88.394933
1789956704,1,-122.495657,49.031187,0.000000,2.900901,16.730833,110.347281,1,0,88.253194
1789956710,1,-122.496850,49.031149,0.000000,2.896540,18.034581,87.342038,1,0,87.705394
1789956715,1,-122.498373,49.031099,0.000000,2.900252,18.582463,111.510143,1,0,85.692302
1789956720,1,-122.499698,49.031056,0.000000,2.903745,20.012420,97.010326,1,0,86.324380
1789956725,1,-122.501097,49.031013,0.000000,2.906029,20.638570,102.415471,1,0,89.080756
1789956731,1,-122.502809,49.030957,0.000000,2.902945,21.037571,125.347175,1,0,91.662354
1789956737,1,-122.504537,49.030904,0.000000,2.901174,21.037424,126.499823,1,0,93.346317
1789956743,1,-122.505991,49.030862,0.000000,2.896039,21.379539,106.428348,1,0,92.666464
1789956748,1,-122.507445,49.030815,0.000000,2.896575,21.313127,106.454179,1,0,90.557772
1789956754,1,-122.509173,49.030762,0.000000,2.898428,21.011656,126.499757,1,0,87.856680
1789956759,1,-122.510626,49.030718,0.000000,2.893896,21.422095,106.365171,1,0,83.573927
1789956765,1,-122.512320,49.030665,0.000000,2.898590,20.242402,124.016089,1,0,81.781443
1789956771,1,-122.513985,49.030614,0.000000,2.892878,20.673261,121.887280,1,0,80.200947
1789956776,1,-122.515381,49.030589,0.000000,2.899012,20.075102,102.122116,1,0,79.835204
1789956782,1,-122.517069,49.030590,0.000000,2.892915,20.927897,123.437178,1,0,79.940845
1789956787,1,-122.518498,49.030594,0.000000,2.892353,20.933089,104.498372,1,0,79.663560
1789956792,1,-122.519932,49.030597,0.000000,2.891776,20.936589,104.863579,1,0,78.984848
1789956798,1,-122.521590,49.030596,0.000000,2.891659,19.689090,121.243367,1,0,78.221745
1789956803,1,-122.522922,49.030599,0.000000,2.886949,19.066614,97.404698,1,0,74.710410
1789956808,1,-122.524195,49.030600,0.000000,2.889050,18.401665,93.089705,1,0,72.532132
1789956813,1,-122.525470,49.030602,0.000000,2.891718,18.911007,93.236135,1,0,71.781857
1789956818,1,-122.526769,49.030602,0.000000,2.895773,18.913646,94.990892,1,0,71.864516
1789956822,1,-122.528064,49.030604,0.000000,2.889624,19.376137,94.698653,1,0,72.362959
1789956828,1,-122.529639,49.030605,0.000000,2.891518,19.163405,115.173768,1,0,71.179689
1789956833,1,-122.530969,49.030607,0.000000,2.891453,19.867826,97.258053,1,0,71.783597
1789956839,1,-122.532558,49.030611,0.000000,2.894947,18.149373,116.198307,1,0,69.046384
1789956844,1,-122.533643,49.030611,0.000000,2.909339,15.415529,79.341888,1,0,73.815613
1789956849,1,-122.534738,49.030618,0.000000,2.898172,16.175225,80.076985,1,0,77.335713
1789956854,1,-122.535743,49.030623,0.000000,2.887611,13.193570,73.493964,1,0,77.041060
1789956861,1,-122.536451,49.030630,0.000000,2.965377,1.747925,51.779218,1,0,76.013819
1789956886,1,-122.537934,49.030619,0.000000,3.294792,16.144627,108.453105,1,0,79.196648
1789956891,1,-122.539030,49.030615,0.000000,3.350716,16.788991,80.147623,1,0,81.757190
1789956896,1,-122.540305,49.030600,0.000000,3.369928,18.890895,93.250950,1,0,84.299190
1789956901,1,-122.541533,49.030596,0.000000,3.375512,17.593115,89.800247,1,0,89.289657
1789956906,1,-122.542695,49.030591,0.000000,3.369666,16.525417,84.974676,1,0,91.833886
1789956911,1,-122.543798,49.030581,0.000000,3.358956,15.826027,80.666072,1,0,90.167957
1789956917,1,-122.545124,49.030572,0.000000,3.352345,16.348060,96.970704,1,0,84.988800
1789956922,1,-122.546269,49.030561,0.000000,3.356024,16.951701,83.738554,1,0,82.371056
1789956928,1,-122.547726,49.030558,0.000000,3.351303,18.395723,106.545488,1,0,77.869978
1789956933,1,-122.548994,49.030560,0.000000,3.352098,18.787045,92.724298,1,0,72.712494
1789956938,1,-122.550530,49.030568,0.000000,3.356994,18.804486,112.325300,1,0,68.954064
1789956943,1,-122.551834,49.030580,0.000000,3.359394,19.459770,95.365822,1,0,69.415884
1789956949,1,-122.553441,49.030590,0.000000,3.360333,19.816757,117.518983,1,0,70.824812
1789956955,1,-122.555087,49.030601,0.000000,3.355077,20.353265,120.371891,1,0,72.985377
1789956960,1,-122.556474,49.030610,0.000000,3.353835,19.987549,101.430958,1,0,73.680274
1789956965,1,-122.557797,49.030626,0.000000,3.356210,18.619454,96.762309,1,0,73.499339
1789956970,1,-122.558974,49.030642,0.000000,3.359568,16.943333,86.087942,1,0,77.652744
1789956975,1,-122.560160,49.030648,0.000000,3.345839,17.447509,86.730289,1,0,78.715210
1789956980,1,-122.561343,49.030646,0.000000,3.340718,17.405556,86.508632,1,0,78.066496
1789956985,1,-122.562570,49.030639,0.000000,3.339270,18.195791,89.729269,1,0,77.480664
1789956990,1,-122.563817,49.030644,0.000000,3.342785,18.286439,91.190112,1,0,78.127958
1789956996,1,-122.565063,49.030647,0.000000,3.350685,18.012165,91.115936,1,0,82.360447
1789957002,1,-122.566601,49.030650,0.000000,3.339021,19.155388,112.468755,1,0,85.593742
1789957007,1,-122.567895,49.030653,0.000000,3.337308,18.696956,94.626057,1,0,85.970519
1789957013,1,-122.569398,49.030660,0.000000,3.338608,18.438543,109.911638,1,0,86.780372
1789957019,1,-122.570919,49.030655,0.000000,3.337944,18.149019,111.226543,1,0,85.732811
1789957025,1,-122.572449,49.030660,0.000000,3.329685,19.266025,111.884655,1,0,84.878454
1789957030,1,-122.573825,49.030665,0.000000,3.320322,20.945364,100.623316,1,0,80.683451
1789957035,1,-122.575276,49.030664,0.000000,3.383152,20.981353,106.106262,1,0,79.086410
1789957041,1,-122.576924,49.030666,0.000000,3.437749,19.366835,120.512260,1,0,78.248430
1789957046,1,-122.578187,49.030666,0.000000,3.448734,18.061437,92.358445,1,0,78.510312
1789957051,1,-122.579255,49.030666,0.000000,3.450657,11.887206,78.098828,1,0,78.329227
1789957059,1,-122.580189,49.030674,0.000000,3.566877,8.057185,68.305710,1,0,79.182094
1789957066,1,-122.581321,49.030686,0.000000,3.613377,13.055508,82.789672,1,0,78.790569
1789957073,1,-122.582675,49.030692,0.000000,3.616892,14.573929,99.015177,1,0,77.401004
1789957079,1,-122.583958,49.030697,0.000000,3.621055,16.546892,93.822606,1,0,77.768258
1789957084,1,-122.585158,49.030710,0.000000,3.616224,17.562051,87.763388,1,0,77.095189
1789957089,1,-122.586330,49.030723,0.000000,3.611154,17.127838,85.716128,1,0,76.266611
1789957095,1,-122.587748,49.030743,0.000000,3.607259,17.186439,103.716817,1,0,74.571124
1789957101,1,-122.589078,49.030758,0.000000,3.601175,14.608247,97.272151,1,0,74.536539
1789957107,1,-122.590180,49.030774,0.000000,3.598467,13.209384,80.604714,1,0,74.424271
1789957113,1,-122.591348,49.030786,0.000000,3.593489,15.077933,85.421822,1,0,73.995697
1789957118,1,-122.592425,49.030798,0.000000,3.588802,16.328884,78.768215,1,0,73.869193
1789957124,1,-122.593566,49.030808,0.000000,3.587716,16.656446,83.444395,1,0,73.804541
1789957130,1,-122.594910,49.030822,0.000000,3.585125,16.370870,98.293946,1,0,75.602403
1789957135,1,-122.596051,49.030834,0.000000,3.579980,17.143783,83.447683,1,0,76.174467
1789957141,1,-122.597492,49.030852,0.000000,3.613436,17.806803,105.393886,1,0,75.356837
1789957146,1,-122.598757,49.030871,0.000000,3.678433,18.718330,92.528783,1,0,75.170630
1789957151,1,-122.600077,49.030885,0.000000,3.695043,19.650323,96.539150,1,0,75.330075
1789957156,1,-122.601423,49.030910,0.000000,3.701270,19.521709,98.467139,1,0,75.765215
1789957161,1,-122.602718,49.030944,0.000000,4.733565,18.424109,94.773910,1,0,76.362681
1789957166,1,-122.603936,49.030957,0.000000,4.748531,17.491404,89.079477,1,0,77.435880
1789957172,1,-122.605362,49.030967,0.000000,4.748651,17.293244,104.283958,1,0,79.998545
1789957177,1,-122.606561,49.030972,0.000000,4.748652,17.886333,87.680166,1,0,82.121995
1789957181,1,-122.607785,49.030994,0.000000,4.748652,17.745055,89.540019,1,0,83.774883
1789957187,1,-122.609244,49.031018,0.000000,4.748652,17.990670,106.724690,1,0,87.367547
1789957192,1,-122.610488,49.031041,0.000000,4.748652,18.439052,91.005160,1,0,91.800819
1789957197,1,-122.611757,49.031065,0.000000,4.748652,18.237741,92.835801,1,0,95.513997
1789957203,1,-122.613236,49.031094,0.000000,4.748652,18.253795,108.202127,1,0,101.088577
1789957208,1,-122.614468,49.031116,0.000000,4.748652,18.046137,90.125093,1,0,104.595846
1789957214,1,-122.615961,49.031147,0.000000,4.748652,18.447662,109.232355,1,0,105.345117
1789957219,1,-122.617239,49.031170,0.000000,4.748652,18.707154,93.490702,1,0,101.332939
1789957225,1,-122.618763,49.031200,0.000000,4.748652,18.108077,111.494679,1,0,96.070099
1789957230,1,-122.619972,49.031225,0.000000,4.748652,17.052322,88.453572,1,0,95.017257
1789957236,1,-122.621299,49.031250,0.000000,4.748652,15.482954,97.078585,1,0,93.217908
1789957242,1,-122.622390,49.031261,0.000000,4.748652,12.352101,79.790281,1,0,91.030809
1789957249,1,-122.623347,49.031278,0.000000,4.748652,11.570502,70.007477,1,0,89.385531
1789957256,1,-122.624520,49.031297,0.000000,4.748652,10.075374,85.803246,1,0,88.280583
1789957280,1,-122.625615,49.031311,0.000000,4.748652,14.713404,80.088498,1,0,88.613769
1789957285,1,-122.626779,49.031303,0.000000,4.748652,18.364990,85.123724,1,0,87.213870
1789957290,1,-122.628173,49.031296,0.000000,4.748652,21.379323,101.941121,1,0,90.342279
1789957295,1,-122.629696,49.031290,0.000000,4.748652,22.312771,111.373519,1,0,95.245845
1789957300,1,-122.630841,49.031284,0.000000,4.748652,13.111961,83.732433,1,0,95.946233
1789957307,1,-122.631867,49.031282,0.000000,4.748652,8.448643,75.028058,1,0,95.357558
1789957316,1,-122.632912,49.031277,0.000000,4.748652,9.078874,76.419143,1,0,94.078733
1789957323,1,-122.633890,49.031270,0.000000,4.748652,10.253172,71.521863,1,0,91.242307
1789957331,1,-122.634838,49.031263,0.000000,4.748652,8.014397,69.328188,1,0,91.044092
1789957339,1,-122.635993,49.031262,0.000000,4.748652,12.282441,84.461060,1,0,92.346706
1789957345,1,-122.637074,49.031258,0.000000,4.748652,13.577609,79.050892,1,0,92.188828
1789957351,1,-122.638253,49.031255,0.000000,4.748652,14.398117,86.216670,1,0,91.866756
1789957357,1,-122.639332,49.031253,0.000000,4.748652,12.133163,78.903685,1,0,89.952188
1789957364,1,-122.640176,49.031251,0.000000,4.748652,8.083239,61.719043,1,0,86.062753
1789957373,1,-122.641072,49.031250,0.000000,4.748652,8.289888,65.521274,1,0,83.583090
1789957381,1,-122.641977,49.031248,0.000000,4.748652,8.874710,66.179664,1,0,81.013577
1789957390,1,-122.643046,49.031243,0.000000,4.748652,8.080447,78.173950,1,0,78.727932
1789957398,1,-122.643972,49.031238,0.000000,4.748652,9.282167,67.717188,1,0,78.761926
1789957406,1,-122.644734,49.031240,0.000000,4.748652,3.903877,55.722645,1,0,78.902197
1789957422,1,-122.645786,49.031236,0.000000,4.748652,10.881254,76.930110,1,0,80.468852
1789957428,1,-122.646654,49.031235,0.000000,4.748652,8.056105,63.473700,1,0,80.943618
1789957437,1,-122.647655,49.031234,0.000000,4.748652,11.492639,73.199485,1,0,81.305922
1789957443,1,-122.648927,49.031232,0.000000,4.748652,17.918646,93.016887,1,0,80.857921
1789957448,1,-122.650340,49.031224,0.000000,4.748652,22.237332,103.331194,1,0,73.699304
1789957452,1,-122.651621,49.031225,0.000000,4.748652,23.419066,93.674678,1,0,68.682230
1789957457,1,-122.653177,49.031220,0.000000,4.748652,22.557130,113.785610,1,0,67.546744
1789957461,1,-122.654376,49.031058,0.000000,4.748652,22.810192,89.510092,1,0,68.338240
1789957466,1,-122.655790,49.030861,0.000000,4.748652,18.445179,105.695873,1,0,66.143447
1789957471,1,-122.657035,49.031121,0.000000,4.748652,19.048426,95.523345,1,0,57.123980
1789957476,1,-122.658315,49.031212,0.000000,4.748652,17.922165,94.146765,1,0,53.194860
1789957481,1,-122.659482,49.031208,0.000000,4.748652,16.676260,85.339136,1,0,51.288812
1789957486,1,-122.660656,49.031221,0.000000,4.748652,17.659305,85.862018,1,0,51.198674
1789957491,1,-122.661898,49.031217,0.000000,4.748652,18.144096,90.823494,1,0,50.746610
1789957496,1,-122.663139,49.031211,0.000000,4.748652,18.246254,90.751735,1,0,51.704295
1789957502,1,-122.664362,49.031203,0.000000,4.748652,17.211819,89.437457,1,0,53.074217
1789957507,1,-122.665430,49.031162,0.000000,4.748652,14.675575,78.231538,1,0,57.713574
1789957514,1,-122.666736,49.031104,0.000000,4.748652,13.459390,95.720202,1,0,65.666206
1789957520,1,-122.667495,49.031192,0.000000,4.748652,5.177384,56.358938,1,0,68.730610
1789957533,1,-122.668644,49.031222,0.000000,4.748652,11.682751,84.088149,1,0,70.101671
1789957539,1,-122.669801,49.031208,0.000000,4.748652,14.847831,84.621268,1,0,68.594558
1789957544,1,-122.670938,49.031192,0.000000,4.748652,13.156969,83.163431,1,0,65.695027
1789957550,1,-122.672049,49.031172,0.000000,4.748652,14.160859,81.273521,1,0,63.264946
1789957556,1,-122.673309,49.031162,0.000000,4.748652,16.392850,92.145531,1,0,59.310288
1789957561,1,-122.674548,49.031155,0.000000,4.748652,19.121680,90.606424,1,0,50.103636
1789957567,1,-122.676130,49.031150,0.000000,4.748652,19.272916,115.686485,1,0,43.854410
1789957572,1,-122.677410,49.031142,0.000000,4.748652,18.204662,93.605303,1,0,42.350494
1789957578,1,-122.678837,49.031138,0.000000,4.748652,16.961676,104.351499,1,0,41.189534
1789957583,1,-122.679968,49.031135,0.000000,4.748652,16.173867,82.705967,1,0,40.320484
1789957588,1,-122.681059,49.031128,0.000000,4.748652,16.166052,79.784051,1,0,39.779091
1789957593,1,-122.682201,49.031123,0.000000,4.748652,16.955112,83.511512,1,0,39.084850
1789957598,1,-122.683358,49.031120,0.000000,4.748652,17.001151,84.607197,1,0,38.556573
1789957603,1,-122.684538,49.031119,0.000000,4.748652,17.566043,86.288490,1,0,36.948759
1789957608,1,-122.685796,49.031121,0.000000,4.748652,18.726022,91.992446,1,0,31.355380
1789957614,1,-122.687261,49.031127,0.000000,4.748652,16.790388,107.131192,1,0,26.073670
1789957619,1,-122.688291,49.031126,0.000000,4.748652,14.157358,75.319497,1,0,26.292491
1789957627,1,-122.689551,49.031136,0.000000,4.748652,13.410836,92.145048,1,0,29.244652
1789957633,1,-122.690487,49.031147,0.000000,4.748652,7.455499,68.456586,1,0,32.533737
1789957643,1,-122.690796,49.031144,0.000000,4.748652,0.020627,22.598314,1,0,34.550033
1789957685,1,-122.691784,49.031145,0.000000,4.748652,12.422059,72.248339,1,0,38.173326
1789957691,1,-122.692976,49.031150,0.000000,4.748652,14.401981,87.167699,1,0,36.936691
1789957697,1,-122.694139,49.031147,0.000000,4.748652,14.392689,85.045909,1,0,34.783704
1789957704,1,-122.695631,49.031126,0.000000,4.748652,16.454243,109.128595,1,0,33.796977
1789957709,1,-122.696810,49.031133,0.000000,4.748652,17.661674,86.218733,1,0,30.730668
1789957715,1,-122.698296,49.031145,0.000000,4.748652,18.661959,108.672952,1,0,27.292185
1789957720,1,-122.699620,49.031152,0.000000,4.748652,19.751194,96.821479,1,0,24.294583
1789957726,1,-122.701235,49.031161,0.000000,4.748652,19.642665,118.102102,1,0,21.853787
1789957731,1,-122.702594,49.031167,0.000000,3.669544,19.944607,99.379909,1,0,19.763353
1789957736,1,-122.703947,49.031174,0.000000,3.668637,19.502392,98.941952,1,0,18.492501
1789957742,1,-122.705510,49.031182,0.000000,3.667385,18.741617,114.298693,1,0,16.634348
1789957747,1,-122.706787,49.031187,0.000000,3.669703,18.730352,93.382959,1,0,15.649264
1789957753,1,-122.708065,49.031191,0.000000,3.680427,18.761357,93.455478,1,0,15.326269
1789957758,1,-122.709392,49.031195,0.000000,3.672100,19.666342,97.038583,1,0,14.846989
1789957764,1,-122.710963,49.031205,0.000000,3.666758,18.566376,114.885559,1,0,13.748001
1789957769,1,-122.712118,49.031222,0.000000,3.658858,14.418939,84.481106,1,0,12.585897
1789957776,1,-122.713085,49.031239,0.000000,3.707195,9.092453,70.737616,1,0,12.191924
1789957783,1,-122.714397,49.031236,0.000000,3.769590,14.662661,95.941220,1,0,12.471057
1789957788,1,-122.715529,49.031224,0.000000,3.774942,17.998548,82.788813,1,0,12.849129
1789957793,1,-122.716817,49.031227,0.000000,3.775697,19.077168,94.186223,1,0,12.343489
1789957798,1,-122.718118,49.031230,0.000000,3.774493,18.995556,95.136842,1,0,11.982081
1789957804,1,-122.719690,49.031233,0.000000,3.773772,19.393771,114.953749,1,0,12.512167
1789957809,1,-122.721045,49.031236,0.000000,3.773206,19.969280,99.085599,1,0,12.431880
1789957814,1,-122.722406,49.031238,0.000000,3.771948,19.797323,99.524038,1,0,12.329498
1789957820,1,-122.724016,49.031240,0.000000,3.770736,19.447837,117.732244,1,0,12.217773
1789957825,1,-122.725320,49.031239,0.000000,3.770342,18.937065,95.355700,1,0,12.376310
1789957830,1,-122.726616,49.031240,0.000000,3.771659,19.134993,94.770700,1,0,12.676624
1789957836,1,-122.728214,49.031233,0.000000,3.772351,19.554792,116.857137,1,0,13.679661
1789957841,1,-122.729550,49.031230,0.000000,3.779527,19.495466,97.696263,1,0,16.452318
1789957846,1,-122.730835,49.031225,0.000000,3.788397,18.406632,93.968000,1,0,22.211676
1789957852,1,-122.732292,49.031229,0.000000,3.786141,17.215612,106.544982,1,0,28.608261
1789957857,1,-122.733406,49.031234,0.000000,3.754578,15.157271,81.463900,1,0,28.865788
1789957863,1,-122.734352,49.031256,0.000000,3.752379,8.386460,69.220128,1,0,26.084608
1789957874,1,-122.734704,49.031259,0.000000,3.926978,0.020922,25.742389,1,0,26.227755
1789957921,1,-122.735880,49.031259,0.000000,4.024114,11.473699,85.995744,1,0,23.807284
1789957928,1,-122.737035,49.031249,0.000000,4.071143,13.872610,84.467401,1,0,22.258152
1789957934,1,-122.738411,49.031238,0.000000,4.081630,18.692608,100.628264,1,0,22.399085
1789957939,1,-122.739703,49.031230,0.000000,4.095156,18.491486,94.482499,1,0,26.722242
1789957944,1,-122.740988,49.031220,0.000000,4.088696,19.275786,93.973086,1,0,32.422904
1789957950,1,-122.742623,49.031209,0.000000,4.070533,20.125127,119.566801,1,0,31.919406
1789957956,1,-122.744230,49.031201,0.000000,4.072644,19.184103,117.516376,1,0,30.772405
1789957961,1,-122.745530,49.031191,0.000000,4.071469,18.604045,95.069920,1,0,31.688455
1789957967,1,-122.747029,49.031183,0.000000,4.061525,18.252715,109.619068,1,0,34.054362
1789957973,1,-122.748488,49.031173,0.000000,4.056603,17.371756,106.696260,1,0,35.920014
1789957978,1,-122.749648,49.031165,0.000000,4.052625,16.985609,84.830554,1,0,37.422572
1789957983,1,-122.750816,49.031160,0.000000,4.047053,17.051762,85.412717,1,0,37.810741
1789957989,1,-122.752222,49.031152,0.000000,4.034808,17.277788,102.818697,1,0,38.087528
1789957995,1,-122.753610,49.031142,0.000000,4.016771,16.220172,101.504680,1,0,38.266919
1789958002,1,-122.754783,49.031135,0.000000,4.012213,12.192548,85.780080,1,0,38.690181
1789958010,1,-122.755560,49.031132,0.000000,4.073712,2.411066,56.819725,1,0,40.389279
1789958039,1,-122.756507,49.031141,0.000000,3.884154,7.091323,69.257379,1,0,41.442478
1789958048,1,-122.757713,49.031131,0.000000,3.838451,11.056190,88.196746,1,0,40.652617
1789958055,1,-122.758865,49.031123,0.000000,3.888567,12.572367,84.245629,1,0,40.068274
1789958062,1,-122.760135,49.031118,0.000000,3.894638,13.542230,92.871443,1,0,40.978649
1789958069,1,-122.761415,49.031117,0.000000,3.883047,13.548175,93.601114,1,0,41.608427
1789958076,1,-122.762835,49.031117,0.000000,3.871702,16.253370,103.838651,1,0,39.551239
1789958082,1,-122.764187,49.031115,0.000000,3.883422,15.881464,98.866337,1,0,40.450081
1789958089,1,-122.765584,49.031133,0.000000,3.873036,13.817628,102.176392,1,0,43.651346
1789958095,1,-122.766778,49.031164,0.000000,3.861751,14.977190,87.380296,1,0,43.511999
1789958101,1,-122.767778,49.031183,0.000000,3.863029,9.488005,73.156364,1,0,43.136763
1789958110,1,-122.768845,49.031467,0.000000,3.274103,12.350987,84.175358,1,0,44.832109
1789958117,1,-122.770044,49.032068,0.000000,3.240997,19.428118,110.248436,1,0,44.225586
1789958122,1,-122.770959,49.032811,0.000000,3.246347,21.171150,106.323406,1,0,46.003137
1789958129,1,-122.771948,49.033640,0.000000,3.246682,18.864914,117.175698,1,0,47.979453
1789958134,1,-122.772781,49.034355,0.000000,3.244268,20.531722,100.166348,1,0,50.064656
1789958140,1,-122.773761,49.035222,0.000000,3.243519,20.078679,120.135299,1,0,52.287761
1789958144,1,-122.774602,49.035977,0.000000,3.244169,21.296891,104.077658,1,0,54.526865
1789958149,1,-122.775499,49.036783,0.000000,3.242760,22.744122,111.069577,1,0,56.874947
1789958153,1,-122.776255,49.037467,0.000000,3.242866,23.849133,94.032456,1,0,58.844335
1789958157,1,-122.777047,49.038177,0.000000,3.241680,24.667009,97.919963,1,0,61.072750
1789958162,1,-122.778051,49.039080,0.000000,3.240703,24.789185,124.395567,1,0,63.890236
1789958166,1,-122.778853,49.039798,0.000000,3.241793,24.693006,99.069919,1,0,66.350680
1789958170,1,-122.779653,49.040520,0.000000,3.241439,24.888709,99.342672,1,0,69.007989
1789958174,1,-122.780463,49.041248,0.000000,3.242485,25.019332,100.312780,1,0,71.484315
1789958179,1,-122.781480,49.042158,0.000000,3.242991,25.011201,125.580963,1,0,75.066297
1789958184,1,-122.782487,49.043065,0.000000,3.241640,24.862581,124.879893,1,0,78.208303
1789958188,1,-122.783292,49.043792,0.000000,3.290669,25.039646,100.003931,1,0,79.844011
1789958192,1,-122.784103,49.044524,0.000000,3.331221,25.278487,100.711686,1,0,80.806351
1789958196,1,-122.784921,49.045268,0.000000,3.348710,25.670900,102.092423,1,0,81.547871
1789958201,1,-122.785962,49.046207,0.000000,3.358819,25.879281,129.220071,1,0,82.311884
1789958205,1,-122.786778,49.046951,0.000000,3.358347,25.243975,102.003504,1,0,82.918836
1789958210,1,-122.787774,49.047849,0.000000,3.358111,24.432464,123.593311,1,0,83.400837
1789958214,1,-122.788560,49.048561,0.000000,3.354062,24.623498,97.834630,1,0,82.693696
1789958218,1,-122.789364,49.049280,0.000000,3.349904,25.002838,99.239380,1,0,80.245035
1789958222,1,-122.790173,49.050013,0.000000,3.347552,25.200698,100.712290,1,0,76.558452
1789958227,1,-122.791167,49.050913,0.000000,3.347293,24.537108,123.686981,1,0,71.927705
1789958231,1,-122.791961,49.051630,0.000000,3.349201,24.789542,98.624913,1,0,68.196200
1789958235,1,-122.792775,49.052354,0.000000,3.354157,25.171391,100.117218,1,0,64.546502
1789958239,1,-122.793636,49.053072,0.000000,3.358157,25.564653,101.671442,1,0,60.439626
1789958243,1,-122.794572,49.053749,0.000000,3.358449,25.409359,101.734008,1,0,55.126797
1789958248,1,-122.795758,49.054615,0.000000,3.350303,25.684302,129.580930,1,0,50.669698
1789958252,1,-122.796694,49.055301,0.000000,3.349138,25.130875,102.476812,1,0,46.455228
1789958257,1,-122.797818,49.056126,0.000000,3.349953,24.507544,123.160199,1,0,42.443231
1789958262,1,-122.798932,49.056934,0.000000,3.352585,24.221754,121.260502,1,0,40.915433
1789958266,1,-122.799834,49.057594,0.000000,3.352340,24.994146,98.660159,1,0,40.296798
1789958270,1,-122.800771,49.058279,0.000000,3.350561,25.829744,102.437981,1,0,38.953726
1789958274,1,-122.801719,49.058970,0.000000,3.351993,25.798572,103.471805,1,0,38.365602
1789958278,1,-122.802649,49.059654,0.000000,3.363738,25.314332,102.013663,1,0,37.620066
1789958282,1,-122.803572,49.060319,0.000000,3.429776,24.697549,100.102393,1,0,36.930443
1789958286,1,-122.804476,49.060973,0.000000,3.455360,24.641836,98.262915,1,0,35.913033
1789958290,1,-122.805412,49.061655,0.000000,3.463998,26.251682,102.136726,1,0,35.044726
1789958294,1,-122.806403,49.062379,0.000000,3.466510,27.457433,108.297427,1,0,34.461973
1789958299,1,-122.807674,49.063305,0.000000,3.466784,27.734445,138.684449,1,0,33.281846
1789958303,1,-122.808673,49.064029,0.000000,3.464342,26.576037,108.689247,1,0,31.149030
1789958307,1,-122.809601,49.064700,0.000000,3.463035,24.755232,100.837360,1,0,27.792363
1789958312,1,-122.810819,49.065543,0.000000,3.460673,26.823323,129.278001,1,0,22.316670
1789958316,1,-122.811767,49.066232,0.000000,3.460513,25.040698,103.302000,1,0,16.764905
1789958320,1,-122.812662,49.066889,0.000000,3.459819,24.427047,98.061104,1,0,11.436179
1789958324,1,-122.813572,49.067550,0.000000,3.461512,25.125748,99.124899,1,0,6.947929
1789958329,1,-122.814782,49.068429,0.000000,3.463911,27.258518,131.810606,1,0,3.487558
1789958334,1,-122.816059,49.069358,0.000000,3.464059,28.084183,139.218721,1,0,1.252392
1789958339,1,-122.817341,49.070295,0.000000,3.463900,27.923106,140.124210,1,0,0.350442
1789958343,1,-122.818393,49.071060,0.000000,3.464478,29.663799,114.663112,1,0,0.584236
1789958347,1,-122.819529,49.071884,0.000000,3.462436,31.183404,123.641457,1,0,0.867820
1789958352,1,-122.820962,49.072933,0.000000,3.461538,31.243718,156.757208,1,0,0.891098
1789958356,1,-122.822097,49.073760,0.000000,3.461403,30.510987,123.839998,1,0,1.076058
1789958360,1,-122.823211,49.074564,0.000000,3.462294,30.197695,120.914190,1,0,0.794944
1789958365,1,-122.824596,49.075575,0.000000,3.461123,30.254876,151.269677,1,0,0.939922
1789958369,1,-122.825705,49.076385,0.000000,3.458215,30.257942,121.163820,1,0,0.857564
1789958374,1,-122.827095,49.077394,0.000000,3.458088,30.279434,151.342015,1,0,0.986207
1789958379,1,-122.828484,49.078405,0.000000,3.457040,30.314442,151.458044,1,0,0.985390
1789958383,1,-122.829594,49.079214,0.000000,3.456799,30.231754,121.124233,1,0,1.072294
1789958387,1,-122.830706,49.080021,0.000000,3.456666,30.262551,121.057123,1,0,0.966889
1789958392,1,-122.832095,49.081031,0.000000,3.455835,30.246969,151.375506,1,0,1.028156
1789958396,1,-122.833204,49.081839,0.000000,3.456635,30.259606,120.992713,1,0,0.958938
1789958400,1,-122.834320,49.082648,0.000000,3.456665,30.320718,121.412347,1,0,2.149326
1789958405,1,-122.835705,49.083657,0.000000,3.454142,30.174246,151.089959,1,0,1.676293
1789958410,1,-122.837093,49.084667,0.000000,3.454891,30.278261,151.319328,1,0,1.691331
1789958414,1,-122.838209,49.085471,0.000000,3.454622,30.225578,121.000872,1,0,1.776752
1789958419,1,-122.839607,49.086472,0.000000,3.455734,30.215935,151.070749,1,0,3.065094
1789958423,1,-122.840723,49.087279,0.000000,3.449474,30.567207,121.242605,1,0,3.454703
1789958428,1,-122.842184,49.088243,0.000000,3.445320,30.212324,151.268802,1,0,1.511786
1789958433,1,-122.843938,49.088939,0.000000,3.439375,30.320782,149.686277,1,0,1.293351
1789958437,1,-122.845512,49.089261,0.000000,3.435503,30.315149,120.419762,1,0,1.360925
1789958442,1,-122.847564,49.089423,0.000000,3.430271,30.308520,150.966116,1,0,1.090397
1789958446,1,-122.849215,49.089524,0.000000,3.429884,30.305085,121.118364,1,0,1.075246
1789958450,1,-122.850866,49.089626,0.000000,3.430272,30.238070,121.128729,1,0,1.225290
1789958455,1,-122.852930,49.089753,0.000000,3.429403,30.293540,151.423899,1,0,1.324175
1789958459,1,-122.854580,49.089854,0.000000,3.428696,30.203703,121.045640,1,0,1.445538
1789958464,1,-122.856640,49.089978,0.000000,3.431291,30.158225,151.102206,1,0,3.041164
1789958469,1,-122.858700,49.090097,0.000000,3.431723,30.151916,151.052528,1,0,6.070562
1789958473,1,-122.860348,49.090192,0.000000,3.428811,30.325133,120.840130,1,0,8.766320
1789958477,1,-122.862007,49.090296,0.000000,3.422539,30.404302,121.731605,1,0,8.686221
1789958482,1,-122.864086,49.090427,0.000000,3.420476,30.541516,152.556799,1,0,5.331919
1789958486,1,-122.865743,49.090535,0.000000,3.441765,30.285755,121.629215,1,0,3.196373
1789958491,1,-122.867776,49.090667,0.000000,3.508256,29.419011,149.223246,1,0,1.815953
1789958495,1,-122.869325,49.090766,0.000000,3.527761,27.799684,113.680293,1,0,1.813490
1789958499,1,-122.870804,49.090858,0.000000,3.535660,26.753066,108.516180,1,0,1.671022
1789958503,1,-122.872248,49.090949,0.000000,3.538375,26.417072,105.960606,1,0,1.721777
1789958508,1,-122.874084,49.091064,0.000000,3.537906,27.425103,134.718085,1,0,1.710212
1789958513,1,-122.875607,49.091157,0.000000,3.537393,28.273256,111.726470,1,0,1.728266
1789958517,1,-122.877602,49.091278,0.000000,3.538055,29.744339,146.343703,1,0,1.632296
1789958521,1,-122.879250,49.091377,0.000000,3.536713,30.332202,120.879728,1,0,1.897650
1789958526,1,-122.881314,49.091507,0.000000,3.536712,30.308414,151.455399,1,0,2.081472
1789958531,1,-122.883378,49.091634,0.000000,3.536789,30.310796,151.423922,1,0,2.399203
1789958536,1,-122.885441,49.091761,0.000000,3.535648,30.269315,151.351205,1,0,2.808935
1789958540,1,-122.887053,49.091862,0.000000,3.534451,28.990269,118.282235,1,0,2.939865
1789958545,1,-122.888985,49.091983,0.000000,3.536088,28.130997,141.747819,1,0,2.929106
1789958549,1,-122.890570,49.092087,0.000000,3.532999,29.513206,116.340110,1,0,2.399566
1789958553,1,-122.892195,49.092189,0.000000,3.536789,30.059732,119.226094,1,0,1.731514
1789958558,1,-122.894241,49.092297,0.000000,3.606168,29.910113,149.915743,1,0,1.597992
1789958563,1,-122.896285,49.092312,0.000000,3.631383,29.886593,149.297076,1,0,1.686617
1789958568,1,-122.898309,49.092230,0.000000,3.638361,29.443583,148.108032,1,0,1.760437
1789958572,1,-122.899914,49.092151,0.000000,3.640064,29.457530,117.553262,1,0,1.821748
1789958577,1,-122.901947,49.092049,0.000000,3.640921,30.024893,148.917024,1,0,1.918356
1789958582,1,-122.903992,49.091943,0.000000,3.639450,29.822803,149.825280,1,0,1.744834
1789958586,1,-122.905598,49.091861,0.000000,3.639062,29.231573,117.651483,1,0,1.639347
1789958590,1,-122.907186,49.091782,0.000000,3.638730,29.077769,116.315137,1,0,1.487961
1789958594,1,-122.908766,49.091700,0.000000,3.638972,28.858253,115.758321,1,0,1.299950
1789958599,1,-122.910729,49.091602,0.000000,3.638126,28.627238,143.785392,1,0,0.988457
1789958603,1,-122.912282,49.091522,0.000000,3.638278,28.366114,113.774936,1,0,0.656410
1789958608,1,-122.914223,49.091423,0.000000,3.638637,28.532167,142.191811,1,0,0.961721
1789958612,1,-122.915783,49.091344,0.000000,3.636974,28.618020,114.276037,1,0,1.175825
1789958616,1,-122.917310,49.091267,0.000000,3.635869,27.318634,111.855855,1,0,1.138961
1789958621,1,-122.919170,49.091172,0.000000,3.635987,27.691981,136.259136,1,0,1.246731
1789958626,1,-122.921096,49.091075,0.000000,3.634411,28.466189,141.082400,1,0,1.413259
1789958630,1,-122.922640,49.090990,0.000000,3.633927,28.191241,113.164730,1,0,1.528937
1789958634,1,-122.924176,49.090913,0.000000,3.634418,28.219488,112.511278,1,0,1.590080
1789958639,1,-122.926128,49.090815,0.000000,3.633870,28.950981,142.984320,1,0,1.735799
1789958643,1,-122.927731,49.090734,0.000000,3.633666,29.471605,117.424451,1,0,1.912565
1789958648,1,-122.929751,49.090632,0.000000,3.632466,29.744915,147.970320,1,0,2.032406
1789958653,1,-122.931785,49.090547,0.000000,3.631185,29.401388,148.857843,1,0,1.839187
1789958658,1,-122.933763,49.090540,0.000000,3.630790,28.560930,144.469408,1,0,1.551830
1789958662,1,-122.935319,49.090540,0.000000,3.630740,28.315377,113.645668,1,0,1.624695
1789958666,1,-122.936866,49.090543,0.000000,3.629857,28.261160,112.988827,1,0,1.569303
1789958671,1,-122.938789,49.090544,0.000000,3.629725,28.105954,140.450316,1,0,1.813937
1789958675,1,-122.940348,49.090545,0.000000,3.629225,28.753489,113.864840,1,0,2.116787
1789958679,1,-122.941943,49.090545,0.000000,3.628391,29.390727,116.494126,1,0,2.454185
1789958684,1,-122.943979,49.090549,0.000000,3.627852,29.577714,148.704146,1,0,2.712968
1789958688,1,-122.945573,49.090550,0.000000,3.627733,28.763373,116.421151,1,0,2.841878
1789958693,1,-122.947488,49.090552,0.000000,3.626935,27.608803,139.866178,1,0,2.856719
1789958697,1,-122.949008,49.090550,0.000000,3.628001,27.876378,111.016579,1,0,2.865927
1789958702,1,-122.950942,49.090550,0.000000,3.643324,28.563868,141.253709,1,0,3.145521
1789958707,1,-122.952978,49.090542,0.000000,3.696803,30.215881,148.706153,1,0,2.890275
1789958711,1,-122.954639,49.090542,0.000000,3.710469,30.297562,121.314584,1,0,2.905973
1789958716,1,-122.956711,49.090540,0.000000,3.717207,30.291901,151.332988,1,0,3.055890
1789958720,1,-122.958368,49.090541,0.000000,3.718529,30.294343,121.022491,1,0,3.170734
1789958724,1,-122.960028,49.090541,0.000000,3.719308,30.280405,121.241551,1,0,3.008895
1789958728,1,-122.961684,49.090542,0.000000,3.718490,30.261539,120.949452,1,0,2.970429
1789958732,1,-122.963343,49.090543,0.000000,3.718600,30.303947,121.168564,1,0,3.061402
1789958737,1,-122.965419,49.090541,0.000000,3.717470,30.323889,151.625136,1,0,2.879965
1789958741,1,-122.967075,49.090541,0.000000,3.717089,30.257013,120.949399,1,0,2.936853
1789958746,1,-122.969150,49.090543,0.000000,3.715515,30.286362,151.552094,1,0,2.592445
1789958750,1,-122.970808,49.090545,0.000000,3.715074,30.302843,121.095671,1,0,2.550040
1789958754,1,-122.972467,49.090543,0.000000,3.715002,30.300827,121.168710,1,0,2.768421
1789958759,1,-122.974540,49.090542,0.000000,3.715502,30.241731,151.405897,1,0,2.732602
1789958764,1,-122.976613,49.090543,0.000000,3.712955,30.211494,151.405903,1,0,3.253255
1789958768,1,-122.978273,49.090545,0.000000,3.711838,30.295209,121.241758,1,0,3.202158
1789958772,1,-122.979932,49.090543,0.000000,3.710751,30.226095,121.168716,1,0,2.769457
1789958777,1,-122.982005,49.090543,0.000000,3.710300,30.200604,151.405854,1,0,2.505289
1789958782,1,-122.984064,49.090540,0.000000,3.708137,29.611236,150.383696,1,0,2.041050
1789958787,1,-122.986124,49.090520,0.000000,3.707355,30.011626,150.472800,1,0,2.233436
1789958792,1,-122.988088,49.090518,0.000000,3.758372,27.933955,143.444974,1,0,2.004881
1789958796,1,-122.989667,49.090524,0.000000,3.826449,29.910106,115.327460,1,0,2.195372
1789958800,1,-122.991364,49.090532,0.000000,3.859307,31.509179,123.947101,1,0,2.447218
1789958805,1,-122.993443,49.090560,0.000000,3.871725,29.850158,151.876003,1,0,2.900443
1789958809,1,-122.995101,49.090562,0.000000,3.875693,30.326464,121.095679,1,0,3.089285
1789958814,1,-122.997177,49.090560,0.000000,3.876239,30.354005,151.625140,1,0,3.132801
1789958818,1,-122.998835,49.090561,0.000000,3.876707,30.290115,121.095530,1,0,3.285179
1789958823,1,-123.000907,49.090593,0.000000,3.873137,30.200049,151.374678,1,0,3.867409
1789958827,1,-123.002550,49.090747,0.000000,3.869329,30.175120,121.215941,1,0,3.813386
1789958832,1,-123.004552,49.091107,0.000000,3.867633,30.289484,151.602292,1,0,3.468135
1789958837,1,-123.006540,49.091494,0.000000,3.867326,30.371125,151.442146,1,0,3.460718
1789958841,1,-123.008113,49.091801,0.000000,3.868304,29.632489,119.853129,1,0,3.645809
1789958846,1,-123.010024,49.092170,0.000000,3.865888,28.676176,145.481636,1,0,3.582422
1789958851,1,-123.011863,49.092529,0.000000,3.865479,27.646333,140.123427,1,0,3.571237
1789958855,1,-123.013400,49.092828,0.000000,3.865908,30.194663,117.079342,1,0,4.027061
1789958860,1,-123.015390,49.093214,0.000000,3.864166,30.281513,151.550681,1,0,4.317929
1789958865,1,-123.017378,49.093601,0.000000,3.863272,30.277634,151.442167,1,0,4.372080
1789958870,1,-123.019368,49.093988,0.000000,3.863237,30.305689,151.582223,1,0,4.263011
1789958874,1,-123.020955,49.094298,0.000000,3.862413,30.304256,120.928342,1,0,4.471256
1789958879,1,-123.022944,49.094681,0.000000,3.862594,30.229697,151.386439,1,0,4.896945
1789958883,1,-123.024529,49.094989,0.000000,3.864818,30.379155,120.725064,1,0,6.232316
1789958888,1,-123.026525,49.095377,0.000000,3.860332,30.310019,152.034015,1,0,4.699006
1789958893,1,-123.028501,49.095784,0.000000,3.862205,30.200822,151.252741,1,0,5.435511
1789958897,1,-123.030009,49.096237,0.000000,3.857979,30.134799,121.114984,1,0,5.402843
1789958901,1,-123.031402,49.096819,0.000000,3.855856,30.055393,120.584048,1,0,4.920636
1789958906,1,-123.033090,49.097582,0.000000,3.854465,29.854489,149.655135,1,0,4.524394
1789958911,1,-123.034769,49.098342,0.000000,3.854202,29.769307,148.924588,1,0,4.222896
1789958915,1,-123.036108,49.098949,0.000000,3.853258,29.731689,118.824039,1,0,4.154180
1789958919,1,-123.037445,49.099557,0.000000,3.852956,29.672766,118.767146,1,0,3.883102
1789958924,1,-123.039114,49.100315,0.000000,3.852712,29.596449,148.197238,1,0,3.741605
1789958928,1,-123.040459,49.100923,0.000000,3.851714,30.193032,119.247910,1,0,3.450059
1789958932,1,-123.041825,49.101539,0.000000,3.851132,30.259494,121.015702,1,0,3.338267
1789958936,1,-123.043188,49.102159,0.000000,3.850781,30.286771,121.087918,1,0,3.352991
1789958940,1,-123.044556,49.102777,0.000000,3.850277,30.272280,121.253384,1,0,3.284907
1789958944,1,-123.045921,49.103393,0.000000,3.850762,30.223307,120.946851,1,0,3.502778
1789958948,1,-123.047282,49.104007,0.000000,3.851775,30.118755,120.580170,1,0,5.011467
1789958952,1,-123.048653,49.104624,0.000000,3.847517,30.545649,121.371042,1,0,4.669531
1789958956,1,-123.050028,49.105251,0.000000,3.847826,30.434559,122.243003,1,0,2.816395
1789958961,1,-123.051714,49.106022,0.000000,3.848533,29.755533,150.030803,1,0,2.537996
1789958966,1,-123.053363,49.106785,0.000000,3.890469,28.688945,147.307496,1,0,2.415244
1789958971,1,-123.054888,49.107493,0.000000,3.932282,26.246455,136.374245,1,0,2.347827
1789958976,1,-123.056307,49.108135,0.000000,3.948857,24.465145,125.826379,1,0,2.191429
1789958980,1,-123.057389,49.108622,0.000000,3.949313,23.930066,95.784305,1,0,2.310429
1789958984,1,-123.058467,49.109112,0.000000,3.950050,23.892939,95.733081,1,0,2.286352
1789958988,1,-123.059530,49.109591,0.000000,3.949573,23.134290,94.137036,1,0,2.296976
1789958993,1,-123.060795,49.110171,0.000000,3.948367,22.563066,112.657291,1,0,2.200251
1789958997,1,-123.061736,49.110731,0.000000,3.940275,23.242781,92.732213,1,0,2.290861
1789959002,1,-123.062744,49.111532,0.000000,3.936988,22.671152,115.551557,1,0,2.015469
1789959007,1,-123.063709,49.112306,0.000000,4.000191,21.696242,111.233894,1,0,2.533787
1789959013,1,-123.064767,49.113143,0.000000,4.033560,18.856794,120.958936,1,0,4.026055
1789959019,1,-123.065721,49.113879,0.000000,4.039477,17.617287,107.474612,1,0,4.968792
1789959025,1,-123.066645,49.114623,0.000000,4.040587,17.843090,106.756421,1,0,5.497024
1789959030,1,-123.067417,49.115252,0.000000,4.034977,18.018348,89.833212,1,0,5.566695
1789959035,1,-123.068204,49.115886,0.000000,4.032929,18.170516,90.954687,1,0,5.016272
1789959040,1,-123.068989,49.116522,0.000000,4.029931,18.320535,91.035210,1,0,3.496701
1789959045,1,-123.069778,49.117162,0.000000,4.027685,18.301102,91.561137,1,0,1.217700
1789959050,1,-123.070577,49.117810,0.000000,4.025880,18.597670,92.711928,1,0,-1.698274
1789959056,1,-123.071547,49.118601,0.000000,4.023418,19.032081,112.927400,1,0,-6.071332
1789959061,1,-123.072378,49.119269,0.000000,4.052519,19.220579,95.911273,1,0,-9.870262
1789959066,1,-123.073200,49.119925,0.000000,4.567532,18.968971,94.462570,1,0,-13.701480
1789959071,1,-123.073995,49.120638,0.000000,5.914318,19.337286,98.263032,1,0,-16.327810
1789959077,1,-123.074986,49.121447,0.000000,11.840501,19.061737,115.447815,1,0,-18.663731
1789959083,1,-123.075944,49.122226,0.000000,21.062572,18.343910,111.334015,1,0,-18.724108
1789959088,1,-123.076694,49.122838,0.000000,31.781038,17.319588,87.346239,1,0,-17.847178
1789959095,1,-123.077548,49.123532,0.000000,48.978182,16.392902,99.210300,1,0,-14.076569
1789959106,1,-123.079675,49.125107,0.000000,31.697330,17.574308,234.062423,1,0,9.816279
1789959111,1,-123.080415,49.125784,0.000000,4.143762,17.753529,92.662285,1,0,-0.004640
1789959117,1,-123.081352,49.126550,0.000000,4.105848,18.397585,109.246951,1,0,1.237629
1789959123,1,-123.082318,49.127354,0.000000,4.124890,19.458249,113.867516,1,0,2.133465
1789959128,1,-123.083165,49.128066,0.000000,4.123023,20.530361,100.456643,1,0,2.500325
1789959133,1,-123.084061,49.128816,0.000000,4.121148,21.679289,105.988768,1,0,2.681967
1789959138,1,-123.085006,49.129603,0.000000,4.118896,22.567293,111.433925,1,0,2.800580
1789959143,1,-123.085954,49.130420,0.000000,4.112322,22.713579,114.205632,1,0,2.307172
1789959147,1,-123.086481,49.131158,0.000000,4.085837,22.611857,90.640397,1,0,2.062393
1789959151,1,-123.086637,49.131973,0.000000,4.137258,22.644309,91.350240,1,0,1.999717
1789959156,1,-123.086631,49.132993,0.000000,4.168168,22.671323,113.437407,1,0,1.327194
1789959160,1,-123.086627,49.133806,0.000000,4.177684,22.580518,90.416076,1,0,0.972683
1789959164,1,-123.086639,49.134616,0.000000,4.179212,22.680342,90.086224,1,0,1.180948
1789959168,1,-123.086636,49.135439,0.000000,4.179756,22.934434,91.527990,1,0,1.109634
1789959173,1,-123.086630,49.136481,0.000000,4.178095,23.379095,115.884050,1,0,1.143938
1789959177,1,-123.086627,49.137256,0.000000,4.177042,20.315032,86.189892,1,0,0.772261
1789959182,1,-123.086620,49.138163,0.000000,4.175646,20.577806,100.870940,1,0,0.462465
1789959187,1,-123.086615,49.139129,0.000000,4.174954,22.047251,107.431796,1,0,0.590926
1789959191,1,-123.086611,49.139941,0.000000,4.174589,22.832795,90.304942,1,0,0.864808
1789959195,1,-123.086608,49.140770,0.000000,4.174060,23.169810,92.195344,1,0,1.035905
1789959199,1,-123.086604,49.141612,0.000000,4.173667,23.520996,93.641303,1,0,1.159800
1789959203,1,-123.086602,49.142465,0.000000,4.173493,23.732802,94.864383,1,0,1.261468
1789959208,1,-123.086594,49.143530,0.000000,4.173692,23.621224,118.442763,1,0,1.359470
1789959213,1,-123.086591,49.144579,0.000000,4.172759,23.099044,116.662131,1,0,1.321253
1789959217,1,-123.086586,49.145396,0.000000,4.171534,22.452922,90.861354,1,0,1.281775
1789959221,1,-123.086584,49.146193,0.000000,4.171082,22.023246,88.636490,1,0,1.106720
1789959226,1,-123.086575,49.147174,0.000000,4.168168,21.825002,109.101535,1,0,1.128058
1789959231,1,-123.086573,49.148169,0.000000,4.166124,22.487297,110.656630,1,0,0.941116
1789959235,1,-123.086572,49.148990,0.000000,4.163592,23.076160,91.305569,1,0,0.744688
1789959239,1,-123.086570,49.149826,0.000000,4.162061,23.222389,92.973843,1,0,0.977469
1789959244,1,-123.086566,49.150881,0.000000,4.161149,23.757932,117.329653,1,0,1.129389
1789959249,1,-123.086563,49.151978,0.000000,4.160255,25.057270,122.000520,1,0,1.390486
1789959254,1,-123.086555,49.153124,0.000000,4.219399,25.585808,127.451085,1,0,1.435886
1789959258,1,-123.086541,49.154037,0.000000,4.255241,25.272358,101.542326,1,0,1.207287
1789959262,1,-123.086528,49.154912,0.000000,4.266659,23.634496,97.315724,1,0,0.869605
1789959267,1,-123.086526,49.155949,0.000000,4.269537,22.962483,115.327645,1,0,0.603143
1789959271,1,-123.086520,49.156801,0.000000,4.271242,24.357717,94.754300,1,0,0.998512
1789959275,1,-123.086511,49.157703,0.000000,4.270434,25.694599,100.316080,1,0,1.104380
1789959280,1,-123.086504,49.158896,0.000000,4.269922,26.574446,132.677837,1,0,1.166443
1789959284,1,-123.086501,49.159858,0.000000,4.269094,27.000496,106.986924,1,0,1.076387
1789959289,1,-123.086495,49.161053,0.000000,4.267936,26.558316,132.899999,1,0,1.026748
1789959293,1,-123.086490,49.161991,0.000000,4.266843,25.733305,104.318322,1,0,0.884853
1789959298,1,-123.086455,49.163144,0.000000,4.265081,25.759506,128.253857,1,0,0.653203
1789959302,1,-123.086443,49.164085,0.000000,4.264070,26.452537,104.654979,1,0,0.813559
1789959307,1,-123.086314,49.165225,0.000000,4.261698,24.039640,127.131311,1,0,0.589733
1789959312,1,-123.086284,49.166228,0.000000,4.257783,21.681141,111.567969,1,0,0.112335
1789959317,1,-123.086298,49.167170,0.000000,4.280426,20.289632,104.767587,1,0,-0.407320
1789959322,1,-123.086251,49.168039,0.000000,4.329178,18.572086,96.704827,1,0,0.005316
1789959327,1,-123.086167,49.168824,0.000000,4.336816,16.824004,87.516843,1,0,0.672786
1789959333,1,-123.086216,49.169601,0.000000,4.292224,10.629347,86.486351,1,0,2.467164
1789959342,1,-123.086247,49.170149,0.000000,4.254742,6.709053,60.986660,1,0,5.314443
1789959353,1,-123.087551,49.170384,0.000000,3.134774,15.365590,98.623190,1,0,6.804007
1789959359,1,-123.088939,49.170411,0.000000,3.133032,16.896156,101.267684,1,0,3.303232
1789959364,1,-123.090056,49.170408,0.000000,3.134916,15.622458,81.460500,1,0,2.275596
1789959371,1,-123.091229,49.170490,0.000000,3.033560,9.448492,86.028456,1,0,1.494870
1789959378,1,-123.091595,49.171118,0.000000,2.959144,14.055462,74.768328,1,0,2.600052
1789959384,1,-123.091866,49.172037,0.000000,2.980229,18.943068,104.097755,1,0,3.075609
1789959389,1,-123.092091,49.172913,0.000000,2.990332,19.731212,98.794609,1,0,5.528539
1789959395,1,-123.092186,49.173963,0.000000,2.981141,19.170634,116.979148,1,0,9.291226
1789959401,1,-123.092011,49.175015,0.000000,2.977403,20.331328,117.690168,1,0,6.898712
1789959407,1,-123.091709,49.176146,0.000000,2.976284,21.151760,127.695318,1,0,3.490073
1789959413,1,-123.091651,49.177254,0.000000,2.970146,20.113867,123.296783,1,0,2.395244
1789959418,1,-123.091602,49.178138,0.000000,2.434344,19.082350,98.377362,1,0,1.885116
1789959423,1,-123.091587,49.178955,0.000000,2.435356,17.702566,90.867757,1,0,1.349374
1789959428,1,-123.091571,49.179755,0.000000,2.438018,17.805149,88.978196,1,0,1.539217
1789959433,1,-123.091557,49.180536,0.000000,2.435110,17.336664,86.863493,1,0,0.999944
1789959439,1,-123.091538,49.181444,0.000000,2.437682,15.875222,100.991070,1,0,1.396174
1789959445,1,-123.091521,49.182249,0.000000,2.435639,14.907712,89.535270,1,0,1.146074
1789959451,1,-123.091504,49.183082,0.000000,2.435366,15.215732,92.648955,1,0,1.552590
1789959457,1,-123.091488,49.183838,0.000000,2.431265,13.100061,84.085334,1,0,1.139647
1789959463,1,-123.091508,49.184332,0.000000,2.487868,3.770511,54.958704,1,0,0.670960
1789959540,1,-123.092436,49.184625,0.000000,2.389058,10.605583,75.094148,1,0,-1.176244
1789959547,1,-123.093667,49.184626,0.000000,2.574250,13.023714,89.746167,1,0,0.265393
1789959554,1,-123.095008,49.184627,0.000000,2.707064,14.268314,97.765732,1,0,1.111559
1789959561,1,-123.096357,49.184628,0.000000,2.736143,13.291591,98.348980,1,0,1.226538
1789959568,1,-123.097580,49.184634,0.000000,2.738056,12.451833,89.165376,1,0,0.887078
1789959574,1,-123.098649,49.184637,0.000000,2.738837,12.930829,77.936213,1,0,0.982438
1789959580,1,-123.099619,49.184638,0.000000,2.737846,10.923983,70.717986,1,0,0.803584
1789959588,1,-123.100805,49.184644,0.000000,2.737431,10.710206,86.467962,1,0,0.570082
1789959596,1,-123.101806,49.184647,0.000000,2.735049,7.318373,72.978713,1,0,0.366742
1789959626,1,-123.102775,49.184646,0.000000,3.056795,7.655159,70.645081,1,0,1.333361
1789959634,1,-123.103653,49.184650,0.000000,3.139822,8.600079,64.012182,1,0,0.941971
1789959642,1,-123.104707,49.184650,0.000000,3.150670,10.518412,76.841924,1,0,0.996297
1789959650,1,-123.106040,49.184634,0.000000,3.150534,13.335150,97.198732,1,0,2.175146
1789959656,1,-123.107152,49.184639,0.000000,3.142523,12.663501,81.072365,1,0,6.326547
1789959663,1,-123.108300,49.184642,0.000000,3.135594,12.858772,83.695731,1,0,5.858878
1789959669,1,-123.109491,49.184659,0.000000,3.129871,15.351172,86.850539,1,0,2.324710
1789959674,1,-123.110512,49.184670,0.000000,3.130184,13.715577,74.446119,1,0,1.250753
1789959681,1,-123.111656,49.184677,0.000000,3.127497,10.833363,83.407015,1,0,1.165209
1789959688,1,-123.112724,49.184679,0.000000,3.125205,10.980156,77.862915,1,0,1.260890
1789959696,1,-123.113907,49.184686,0.000000,3.124403,10.824833,86.250193,1,0,1.221295
1789959703,1,-123.114918,49.184686,0.000000,3.108853,10.870729,73.707007,1,0,0.699068
1789959711,1,-123.116104,49.184692,0.000000,3.104468,11.433595,86.467965,1,0,1.221948
1789959717,1,-123.117078,49.184688,0.000000,3.103421,11.844195,71.010916,1,0,1.230783
1789959723,1,-123.118113,49.184705,0.000000,3.098079,12.887505,75.480415,1,0,1.631537
1789959730,1,-123.119243,49.184718,0.000000,3.097389,10.815050,82.395401,1,0,1.549211
1789959737,1,-123.120254,49.184699,0.000000,3.085181,11.750658,73.737293,1,0,1.111997
1789959744,1,-123.121551,49.184707,0.000000,3.079802,14.369473,94.562045,1,0,1.922021
1789959750,1,-123.122752,49.184710,0.000000,3.074512,14.374340,87.559615,1,0,1.974744
1789959757,1,-123.123847,49.184716,0.000000,3.071458,7.716312,79.833825,1,0,0.894650
1789959807,1,-123.124428,49.185261,0.000000,2.092527,12.278820,73.945323,1,0,4.149012
1789959814,1,-123.124439,49.185991,0.000000,2.001333,13.837307,81.189690,1,0,3.564428
1789959820,1,-123.124631,49.186710,0.000000,2.000425,13.305758,81.178317,1,0,3.103219
1789959826,1,-123.124719,49.187237,0.000000,4.074049,7.146681,58.959491,1,0,2.695196
1789959834,1,-123.124725,49.187589,0.000000,7.944780,1.507351,39.149562,1,0,2.483822
1789959863,1,-123.125860,49.187791,0.000000,2.156345,11.279672,85.734317,1,0,1.490992
1789959870,1,-123.126870,49.187792,0.000000,2.016631,9.658730,73.626584,1,0,1.394203
1789959878,1,-123.127756,49.187817,0.000000,3.410078,5.204491,64.647021,1,0,1.208476
1789959921,1,-123.128680,49.187839,0.000000,2.014281,8.199681,67.401739,1,0,2.283624
1789959929,1,-123.129630,49.187889,0.000000,2.001147,9.710318,69.475548,1,0,2.487452
1789959936,1,-123.130600,49.188115,0.000000,2.665327,11.222170,75.044788,1,0,2.756100
1789959942,1,-123.131462,49.188467,0.000000,2.516438,12.821187,74.034257,1,0,3.182018
1789959948,1,-123.132102,49.188731,0.000000,2.170366,4.881695,55.124087,1,0,2.263922
1789959993,1,-123.132965,49.189018,0.000000,2.401084,8.473848,70.544426,1,0,4.256837
1789960001,1,-123.134135,49.189033,0.000000,2.381838,10.796884,85.306455,1,0,4.310521
1789960014,1,-123.134755,49.189404,0.000000,6.503379,7.554061,61.197422,1,0,3.157104
1789960023,1,-123.134811,49.189795,0.000000,2.213049,0.929310,43.675640,1,0,2.089360
1789960036,1,-123.133982,49.189902,0.000000,2.000170,6.416930,61.592524,1,0,1.661395
1789960047,1,-123.133387,49.190226,0.000000,2.413037,5.506715,56.388772,1,0,2.048136
1789960060,1,-123.133273,49.190590,0.000000,3.114072,2.139564,41.325873,1,0,3.091116
1789960091,1,-123.133530,49.190206,0.000000,41.349930,2.949762,46.634597,1,0,2.003100
1789960350,1,-123.133350,49.190619,0.000000,27.721509,-1.000000,47.768661,1,0,4.463033
1789960444,1,-123.132353,49.190645,0.000000,55.542888,-1.000000,72.736364,1,0,4.463033
1789960646,1,-123.133302,49.190716,0.000000,34.502661,-1.000000,69.629143,1,0,38.523033
1789961700,1,-123.134012,49.190380,0.000000,26.053838,-1.000000,63.837164,1,0,5.943033
1789961789,1,-123.132744,49.190587,0.000000,51.175864,1.722097,95.257788,1,0,8.282015
1789961834,1,-123.134865,49.189804,0.000000,2.284518,4.092379,177.451363,1,0,4.076616
1789961845,1,-123.134813,49.189268,0.000000,2.192004,5.653396,59.730803,1,0,4.030576
1789961868,1,-123.134091,49.188983,0.000000,2.092634,7.494111,61.439047,1,0,4.035663
1789961876,1,-123.133201,49.188985,0.000000,2.144653,8.113370,64.879203,1,0,3.722852
1789961884,1,-123.132768,49.188934,0.000000,2.070268,0.530069,32.070184,1,0,3.490961
1789961950,1,-123.132015,49.189286,0.000000,2.129134,8.543229,67.421172,1,0,5.576893
1789961960,1,-123.131606,49.189696,0.000000,2.836759,3.509675,54.480032,1,0,5.017107
1789961998,1,-123.131093,49.190218,0.000000,2.455689,9.089059,69.055729,1,0,4.668700
1789962006,1,-123.130584,49.190719,0.000000,2.304594,6.595753,66.942207,1,0,5.281653
1789962026,1,-123.129936,49.190889,0.000000,2.456255,3.118230,50.880655,1,0,5.743772
1789962040,1,-123.129620,49.190879,0.000000,2.596389,0.031404,23.062464,1,0,5.887978
1789962068,1,-123.128849,49.190931,0.000000,2.465818,6.275385,56.500774,1,0,6.079895
1789962077,1,-123.128298,49.190962,0.000000,2.157720,1.922762,40.314254,1,0,6.369064
1789962094,1,-123.128097,49.191473,0.000000,2.057383,5.326273,58.688595,1,0,5.721791
1789962104,1,-123.128096,49.191798,0.000000,2.017166,0.540712,36.144447,1,0,5.609039
1789962116,1,-123.127107,49.191914,0.000000,2.502575,10.283070,73.240830,1,0,5.188049
1789962123,1,-123.126067,49.191952,0.000000,2.102605,11.438582,75.931164,1,0,4.518331
1789962130,1,-123.124859,49.191957,0.000000,2.210889,12.586591,88.062007,1,0,4.395471
1789962137,1,-123.123940,49.191959,0.000000,2.083058,5.503917,66.993223,1,0,3.988964
1789962161,1,-123.124200,49.191564,0.000000,3.984736,2.470613,47.843640,1,0,4.262082
1789962172,1,-123.124093,49.191354,0.000000,2.363461,0.046935,24.622921,1,0,3.780247
1789962393,1,-123.124002,49.191098,0.000000,2.076686,0.313743,29.233253,1,0,5.566971
1789962423,1,-123.125078,49.191109,0.000000,2.014287,11.673140,78.447321,1,0,4.562439
1789962429,1,-123.126207,49.191077,0.000000,2.000199,13.985350,82.378255,1,0,4.736003
1789962435,1,-123.127339,49.191064,0.000000,2.000002,14.171234,82.532703,1,0,4.489421
1789962441,1,-123.128504,49.191067,0.000000,2.000000,13.963059,84.926314,1,0,4.778196
1789962447,1,-123.129560,49.191067,0.000000,2.000000,10.517018,76.979828,1,0,5.067525
1789962454,1,-123.129955,49.191068,0.000000,2.014104,0.297107,28.794754,1,0,5.348468
1789962530,1,-123.130745,49.190765,0.000000,2.116730,9.989645,66.723579,1,0,6.130165
1789962537,1,-123.131295,49.190242,0.000000,2.062490,9.411219,70.644374,1,0,5.827228
1789962578,1,-123.131916,49.189935,0.000000,2.568470,5.619494,56.701242,1,0,6.471126
1789962587,1,-123.132628,49.190261,0.000000,2.625202,6.896638,63.311906,1,0,6.280360
1789962596,1,-123.132989,49.190420,0.000000,2.350545,0.128477,31.705201,1,0,7.017707
1789962614,1,-123.133546,49.190499,0.000000,2.443080,2.050305,41.543623,1,0,6.580669
1789962637,1,-123.134129,49.190292,0.000000,7.502954,3.177373,48.333883,1,0,4.732683
1789962668,1,-123.134181,49.190545,0.000000,10.811391,0.066810,28.391196,1,0,4.844311
1789962990,1,-123.133249,49.190487,0.000000,29.474719,-1.000000,68.246044,1,0,4.342678
