dataTime,locType,longitude,latitude,heading,accuracy,speed,distance,isBackForeground,stepType,altitude
1789480889,1,-119.298372,50.698375,0.000000,2.751101,-1.000000,0.000000,1,0,351.266532
1789492149,1,-119.298282,50.698201,0.000000,15.652031,1.380419,20.375008,1,0,354.309705
1789494868,1,-119.299144,50.699081,0.000000,17.418946,0.695172,95.624325,1,0,347.417496
1789495453,1,-119.297396,50.698063,0.000000,4.748652,5.635528,167.568967,1,0,354.322698
1789495461,1,-119.297215,50.697885,0.000000,4.748652,0.046716,23.572822,1,0,355.161420
1789495510,1,-119.296177,50.698028,0.000000,4.748652,11.410447,75.045688,1,0,354.273484
1789495517,1,-119.295170,50.698446,0.000000,4.748651,12.248138,84.998386,1,0,354.295286
1789495523,1,-119.294288,50.698815,0.000000,4.748651,12.218122,74.623630,1,0,354.434124
1789495529,1,-119.293418,50.699138,0.000000,4.748651,12.053873,71.202312,1,0,353.964829
1789495536,1,-119.292236,50.699444,0.000000,4.748651,12.661495,90.186083,1,0,354.141412
1789495542,1,-119.291136,50.699603,0.000000,4.748651,13.602344,79.708200,1,0,354.092946
1789495548,1,-119.289963,50.699649,0.000000,4.748651,13.714344,83.036396,1,0,352.618760
1789495554,1,-119.288803,50.699655,0.000000,4.748651,13.636418,81.962744,1,0,352.258496
1789495560,1,-119.287663,50.699654,0.000000,4.748651,13.238855,80.547002,1,0,353.096563
1789495567,1,-119.286356,50.699657,0.000000,4.748651,13.482268,92.346980,1,0,356.949703
1789495573,1,-119.285451,50.699714,0.000000,4.748652,6.446547,64.256661,1,0,358.764980
1789495613,1,-119.284543,50.699857,0.000000,4.748651,9.983025,66.097992,1,0,359.276499
1789495619,1,-119.283603,50.700128,0.000000,4.748652,13.278900,72.938357,1,0,356.703567
1789495625,1,-119.282642,50.700511,0.000000,3.353661,13.298594,80.161282,1,0,356.170426
1789495632,1,-119.281520,50.700961,0.000000,2.321541,13.441708,93.758991,1,0,355.386867
1789495639,1,-119.280483,50.701375,0.000000,2.277383,11.568327,86.542829,1,0,357.097044
1789495646,1,-119.279459,50.701785,0.000000,2.002895,12.289460,85.528467,1,0,359.394519
1789495653,1,-119.278298,50.702121,0.000000,2.000024,13.152729,90.145912,1,0,362.886696
1789495660,1,-119.276975,50.702160,0.000000,2.000000,13.516294,93.577650,1,0,368.140072
1789495668,1,-119.275639,50.702159,0.000000,2.000000,13.494857,94.395685,1,0,374.568446
1789495674,1,-119.274489,50.702162,0.000000,2.026011,13.528585,81.254479,1,0,380.635839
1789495680,1,-119.273334,50.702168,0.000000,2.098623,13.679506,81.609877,1,0,386.418637
1789495686,1,-119.272171,50.702182,0.000000,2.001265,13.796361,82.187221,1,0,391.574439
1789495693,1,-119.270807,50.702311,0.000000,2.000007,14.102318,97.436968,1,0,395.506727
1789495698,1,-119.269726,50.702625,0.000000,2.002685,13.925796,83.988011,1,0,396.840710
1789495704,1,-119.268831,50.703102,0.000000,2.378894,13.723246,82.552389,1,0,397.913165
1789495711,1,-119.268081,50.703812,0.000000,2.017731,13.584532,95.113297,1,0,399.900800
1789495718,1,-119.267493,50.704528,0.000000,2.013584,11.237826,89.836297,1,0,402.511762
1789495725,1,-119.266964,50.705216,0.000000,2.039269,13.667164,85.176804,1,0,407.454974
1789495731,1,-119.266411,50.705834,0.000000,2.000570,13.309425,79.077501,1,0,412.001108
1789495737,1,-119.265468,50.706461,0.000000,2.278684,17.992595,96.457437,1,0,419.072060
1789495742,1,-119.264293,50.706886,0.000000,2.001647,19.008056,95.533109,1,0,424.987929
1789495747,1,-119.262973,50.707068,0.000000,2.068434,19.114422,95.429298,1,0,430.635586
1789495753,1,-119.261352,50.707080,0.000000,2.091392,19.086064,114.529796,1,0,437.515280
1789495758,1,-119.260008,50.707113,0.000000,2.094212,19.078449,95.023290,1,0,443.834586
1789495764,1,-119.258385,50.707116,0.000000,2.096053,19.123446,114.664041,1,0,451.306272
1789495770,1,-119.256760,50.707122,0.000000,2.094950,19.171382,114.806929,1,0,458.866511
1789495775,1,-119.255401,50.707126,0.000000,2.095501,19.316802,96.013424,1,0,464.232434
1789495780,1,-119.254046,50.707128,0.000000,2.093281,18.283104,95.730127,1,0,468.599351
1789495786,1,-119.252869,50.707120,0.000000,2.092214,10.700478,83.159095,1,0,471.595922
1789495794,1,-119.252105,50.707121,0.000000,2.265019,5.346249,53.976273,1,0,474.458027
1789495803,1,-119.251043,50.707121,0.000000,2.421596,10.862494,75.029724,1,0,477.984145
1789495809,1,-119.249930,50.707121,0.000000,2.430436,14.243041,78.632890,1,0,481.523081
1789495816,1,-119.248413,50.707126,0.000000,2.433357,16.086462,107.176769,1,0,482.599272
1789495820,1,-119.247175,50.707134,0.000000,2.430969,18.694896,87.468633,1,0,480.950911
1789495825,1,-119.245773,50.707139,0.000000,2.508873,19.953197,99.052140,1,0,476.440581
1789495831,1,-119.244081,50.707135,0.000000,2.568012,20.539299,119.539654,1,0,469.941823
1789495836,1,-119.242484,50.707136,0.000000,2.581085,24.004673,112.827095,1,0,466.237471
1789495840,1,-119.241097,50.707133,0.000000,2.582463,24.540169,97.991197,1,0,464.158430
1789495844,1,-119.239714,50.707107,0.000000,2.582963,23.971921,97.750808,1,0,462.502354
1789495848,1,-119.238427,50.707107,0.000000,2.585297,22.136451,90.925643,1,0,460.625518
1789495853,1,-119.236891,50.707133,0.000000,2.582814,21.384740,108.555830,1,0,458.813848
1789495858,1,-119.235414,50.707274,0.000000,2.582397,21.007313,105.521395,1,0,457.208747
1789495863,1,-119.234032,50.707609,0.000000,2.578873,20.645203,104.508401,1,0,455.636926
1789495869,1,-119.232481,50.708314,0.000000,2.575180,24.021722,134.753950,1,0,454.453385
1789495874,1,-119.231321,50.709025,0.000000,2.574650,20.139814,113.892489,1,0,452.723971
1789495880,1,-119.230480,50.709597,0.000000,2.575041,11.125172,87.057045,1,0,450.366299
1789495888,1,-119.230017,50.709933,0.000000,2.766510,2.262141,49.669126,1,0,449.924228
1789495897,1,-119.229282,50.710509,0.000000,2.938379,16.657837,82.474941,1,0,449.487747
1789495903,1,-119.228282,50.711404,0.000000,3.055387,20.816664,122.082848,1,0,446.285382
1789495908,1,-119.227601,50.712286,0.000000,3.089439,23.150194,109.281107,1,0,443.808155
1789495912,1,-119.227283,50.713144,0.000000,3.096970,24.978200,98.060575,1,0,441.844852
1789495917,1,-119.227210,50.714048,0.000000,3.100191,25.208377,100.702525,1,0,439.189536
1789495921,1,-119.227199,50.714944,0.000000,3.098129,24.729628,99.683414,1,0,436.688415
1789495926,1,-119.227203,50.716040,0.000000,3.096059,24.430522,121.930749,1,0,433.958487
1789495931,1,-119.227241,50.717143,0.000000,3.094079,24.598955,122.738475,1,0,431.334749
1789495935,1,-119.227274,50.718235,0.000000,3.091381,24.227946,121.507675,1,0,428.311404
1789495939,1,-119.227276,50.719103,0.000000,3.090098,24.053817,96.565398,1,0,425.986531
1789495943,1,-119.227276,50.719969,0.000000,3.089431,24.072779,96.342762,1,0,424.042538
1789495948,1,-119.227277,50.721062,0.000000,3.089615,24.397550,121.596553,1,0,420.957282
1789495952,1,-119.227277,50.721944,0.000000,3.091345,24.669375,98.122690,1,0,419.057947
1789495957,1,-119.227281,50.723074,0.000000,3.089911,25.529116,125.713015,1,0,416.317304
1789495961,1,-119.227279,50.724005,0.000000,3.089349,26.043780,103.574057,1,0,414.263061
1789495966,1,-119.227279,50.725189,0.000000,3.088603,26.629730,131.720225,1,0,412.174659
1789495970,1,-119.227279,50.726154,0.000000,3.089304,26.967781,107.356399,1,0,410.199697
1789495975,1,-119.227279,50.727374,0.000000,3.089770,27.272359,135.725146,1,0,408.163284
1789495980,1,-119.227280,50.728608,0.000000,3.089780,27.460273,137.282742,1,0,407.517034
1789495984,1,-119.227279,50.729595,0.000000,3.088813,27.438578,109.803944,1,0,407.293542
1789495989,1,-119.227282,50.730829,0.000000,3.088203,27.353371,137.282890,1,0,408.579775
1789495994,1,-119.227288,50.732059,0.000000,3.089331,27.319667,136.838418,1,0,410.721318
1789495999,1,-119.227290,50.733271,0.000000,3.088361,26.826419,134.835490,1,0,413.249344
1789496003,1,-119.227292,50.734226,0.000000,3.139223,26.354805,106.244198,1,0,413.868389
1789496007,1,-119.227281,50.735164,0.000000,3.190168,26.016984,104.355735,1,0,412.886040
1789496011,1,-119.227277,50.736093,0.000000,3.212603,25.731581,103.351953,1,0,410.804125
1789496016,1,-119.227278,50.737245,0.000000,3.225931,25.756356,128.160342,1,0,405.892159
1789496021,1,-119.227271,50.738409,0.000000,3.225527,25.670575,129.496253,1,0,397.927408
1789496025,1,-119.227273,50.739319,0.000000,3.224865,25.380791,101.237727,1,0,391.518551
1789496029,1,-119.227269,50.740247,0.000000,3.223610,26.005837,103.240417,1,0,385.486077
1789496034,1,-119.227268,50.741424,0.000000,3.222819,26.113476,130.941193,1,0,380.380284
1789496038,1,-119.227270,50.742354,0.000000,3.222584,25.600957,103.462478,1,0,378.320757
1789496042,1,-119.227272,50.743262,0.000000,3.222378,24.948554,101.015046,1,0,377.302489
1789496047,1,-119.227265,50.744348,0.000000,3.221776,23.508257,120.818426,1,0,376.114765
1789496052,1,-119.227159,50.745395,0.000000,3.219647,24.529005,116.718738,1,0,375.646560
1789496056,1,-119.226816,50.746271,0.000000,3.232779,24.876959,100.417554,1,0,375.026622
1789496061,1,-119.226051,50.747264,0.000000,3.323758,24.635457,122.963206,1,0,373.852266
1789496065,1,-119.225182,50.747954,0.000000,3.353699,24.704492,98.257552,1,0,372.432597
1789496069,1,-119.224162,50.748579,0.000000,3.365687,25.275032,100.088266,1,0,369.374187
1789496073,1,-119.223106,50.749192,0.000000,3.373408,25.184927,101.025266,1,0,365.501345
1789496077,1,-119.222079,50.749806,0.000000,3.371338,24.625279,99.600922,1,0,362.348170
1789496081,1,-119.221123,50.750434,0.000000,3.369489,24.128021,97.129488,1,0,360.825195
1789496085,1,-119.220192,50.751074,0.000000,3.374326,24.280414,96.888798,1,0,360.264555
1789496089,1,-119.219177,50.751671,0.000000,4.730475,24.588837,97.690647,1,0,359.589627
1789496093,1,-119.218125,50.752257,0.000000,4.748427,24.698462,98.809955,1,0,358.731558
1789496098,1,-119.216804,50.752986,0.000000,4.748651,24.697807,123.567620,1,0,357.601135
1789496103,1,-119.215510,50.753734,0.000000,4.748652,24.701169,123.550030,1,0,356.603274
1789496107,1,-119.214485,50.754337,0.000000,4.748652,24.595260,98.656381,1,0,356.544652
1789496111,1,-119.213497,50.754964,0.000000,4.748652,24.668640,98.627923,1,0,356.765509
1789496115,1,-119.212614,50.755654,0.000000,4.748652,24.763601,98.873006,1,0,356.946747
1789496119,1,-119.211816,50.756384,0.000000,4.748652,24.714900,98.829078,1,0,356.907272
1789496124,1,-119.210940,50.757347,0.000000,4.748652,24.730408,123.691870,1,0,356.666915
1789496128,1,-119.210174,50.758085,0.000000,4.748652,24.579540,98.298717,1,0,356.687492
1789496132,1,-119.209143,50.758656,0.000000,4.748652,24.053029,96.583747,1,0,355.969021
1789496137,1,-119.207873,50.759394,0.000000,4.748652,24.420726,121.542029,1,0,356.443052
1789496141,1,-119.207110,50.760131,0.000000,4.748652,25.012458,98.089446,1,0,355.929123
1789496145,1,-119.206322,50.760921,0.000000,4.748652,26.047648,104.001298,1,0,356.523581
1789496149,1,-119.205474,50.761739,0.000000,4.748652,27.571225,108.914258,1,0,357.628111
1789496153,1,-119.204619,50.762562,0.000000,4.748652,27.307304,109.650499,1,0,359.022287
1789496157,1,-119.203765,50.763388,0.000000,4.748652,27.474329,109.887006,1,0,359.858747
1789496161,1,-119.202878,50.764201,0.000000,4.748652,27.543590,109.988549,1,0,360.545147
1789496165,1,-119.201848,50.764943,0.000000,4.748652,27.431062,109.980988,1,0,360.961272
1789496169,1,-119.200687,50.765606,0.000000,4.748652,27.566001,110.231690,1,0,361.565151
1789496174,1,-119.199075,50.766300,0.000000,4.748652,27.469426,137.469776,1,0,361.454659
1789496178,1,-119.197759,50.766830,0.000000,4.748652,27.444041,109.994009,1,0,362.110424
1789496182,1,-119.196416,50.767323,0.000000,4.748652,27.368437,109.488105,1,0,364.011897
1789496186,1,-119.195074,50.767815,0.000000,4.748652,27.458835,109.371358,1,0,365.944943
1789496191,1,-119.193502,50.768550,0.000000,4.748652,27.597510,137.790837,1,0,366.990635
1789496195,1,-119.192123,50.769011,0.000000,4.748652,27.454461,109.979938,1,0,366.610768
1789496199,1,-119.190730,50.769459,0.000000,4.748652,27.525571,110.192988,1,0,365.916243
1789496203,1,-119.189343,50.769909,0.000000,4.748652,27.484519,109.916778,1,0,365.946482
1789496207,1,-119.187981,50.770392,0.000000,4.748652,27.531682,110.093991,1,0,365.662857
1789496212,1,-119.186306,50.771025,0.000000,4.748652,27.535217,137.564464,1,0,364.463604
1789496216,1,-119.185023,50.771589,0.000000,4.748652,27.475478,110.137382,1,0,363.233054
1789496220,1,-119.183802,50.772206,0.000000,4.748652,27.540232,110.146226,1,0,362.139810
1789496225,1,-119.182308,50.772996,0.000000,4.748652,27.259517,137.237145,1,0,362.110335
1789496229,1,-119.181120,50.773627,0.000000,4.748652,27.368838,109.321617,1,0,362.821644
1789496233,1,-119.179924,50.774258,0.000000,4.748652,27.425786,109.754852,1,0,363.522938
1789496238,1,-119.178534,50.775122,0.000000,4.748652,27.553871,137.309480,1,0,364.120309
1789496242,1,-119.177511,50.775866,0.000000,4.748652,27.402381,109.812556,1,0,364.901412
1789496246,1,-119.176488,50.776606,0.000000,4.748652,27.329822,109.477551,1,0,366.550594
1789496250,1,-119.175470,50.777346,0.000000,4.748652,27.273696,109.245404,1,0,369.021671
1789496255,1,-119.174265,50.778302,0.000000,4.748652,27.238828,136.151615,1,0,373.955437
1789496259,1,-119.173410,50.779124,0.000000,4.748652,27.483626,109.543329,1,0,377.404710
1789496263,1,-119.172554,50.779954,0.000000,4.748652,27.614027,110.326041,1,0,379.887062
1789496267,1,-119.171697,50.780785,0.000000,4.748652,27.690502,110.457790,1,0,381.510021
1789496271,1,-119.170729,50.781562,0.000000,4.748652,27.430435,110.154841,1,0,382.316807
1789496275,1,-119.169530,50.782159,0.000000,4.748652,26.750393,107.534013,1,0,382.564703
1789496280,1,-119.167876,50.782791,0.000000,4.748652,27.253886,136.214431,1,0,384.999757
1789496285,1,-119.166475,50.783645,0.000000,4.748652,27.488241,137.083699,1,0,387.505400
1789496290,1,-119.165038,50.784448,0.000000,4.748652,26.836820,135.100058,1,0,391.557011
1789496294,1,-119.163669,50.784804,0.000000,4.748652,25.924366,104.359317,1,0,394.188286
1789496299,1,-119.161871,50.785161,0.000000,4.748652,27.415681,132.882465,1,0,398.094886
1789496303,1,-119.160380,50.785450,0.000000,4.748652,27.496133,109.961796,1,0,401.304094
1789496307,1,-119.158891,50.785745,0.000000,4.748652,27.468422,110.024231,1,0,404.504497
1789496311,1,-119.157405,50.786039,0.000000,4.748652,27.451388,109.789159,1,0,407.736192
1789496315,1,-119.155920,50.786330,0.000000,4.748652,27.387834,109.622865,1,0,411.159771
1789496319,1,-119.154437,50.786623,0.000000,4.748652,27.372538,109.554169,1,0,415.040482
1789496323,1,-119.152956,50.786925,0.000000,4.748652,27.413559,109.722021,1,0,418.879489
1789496328,1,-119.151141,50.787373,0.000000,4.748652,27.461965,137.368393,1,0,423.712685
1789496332,1,-119.149742,50.787802,0.000000,4.748652,27.383829,109.605166,1,0,427.768399
1789496336,1,-119.148364,50.788261,0.000000,4.748652,27.465877,109.785930,1,0,431.768691
1789496341,1,-119.146633,50.788826,0.000000,4.748652,27.400464,137.315165,1,0,437.491240
1789496345,1,-119.145195,50.789196,0.000000,4.748652,27.397606,109.444347,1,0,441.774369
1789496349,1,-119.143694,50.789446,0.000000,4.748652,27.401759,109.444250,1,0,446.449461
1789496353,1,-119.142146,50.789570,0.000000,4.748652,27.529478,110.033961,1,0,450.908284
1789496357,1,-119.140593,50.789630,0.000000,4.748652,27.232198,109.721680,1,0,455.915466
1789496361,1,-119.139144,50.789910,0.000000,4.748652,25.966194,106.826999,1,0,459.572198
1789496365,1,-119.137883,50.790172,0.000000,4.748652,22.291425,93.581744,1,0,463.101254
1789496371,1,-119.135995,50.790030,0.000000,4.748652,23.398141,134.077043,1,0,467.863618
1789496375,1,-119.134666,50.789904,0.000000,4.748652,23.829371,94.764581,1,0,471.054008
1789496379,1,-119.133324,50.790092,0.000000,4.748652,24.750120,96.922520,1,0,473.323127
1789496384,1,-119.131994,50.790834,0.000000,4.748651,25.666151,124.945833,1,0,475.161803
1789496389,1,-119.131189,50.791903,0.000000,4.748651,26.905193,131.783326,1,0,475.741383
1789496393,1,-119.130560,50.792801,0.000000,4.748651,27.394372,109.309485,1,0,477.212075
1789496397,1,-119.129885,50.793691,0.000000,4.748651,27.507658,109.862807,1,0,477.698344
1789496401,1,-119.128836,50.794399,0.000000,4.748651,26.955099,108.053447,1,0,476.846451
1789496406,1,-119.127089,50.794782,0.000000,4.748652,25.803347,130.347751,1,0,473.801435
1789496410,1,-119.125638,50.794897,0.000000,4.748652,25.904266,103.111489,1,0,471.936305
1789496415,1,-119.123748,50.794769,0.000000,4.748652,26.832537,134.028586,1,0,470.391397
1789496419,1,-119.122497,50.794265,0.000000,4.748652,26.138609,104.524361,1,0,469.245744
1789496424,1,-119.121365,50.793363,0.000000,4.748652,25.527269,128.224232,1,0,468.893893
1789496428,1,-119.120292,50.792703,0.000000,4.748652,26.891957,105.432469,1,0,469.251765
1789496432,1,-119.119000,50.792181,0.000000,4.748652,27.347607,108.038540,1,0,468.336190
1789496436,1,-119.117655,50.791680,0.000000,4.748652,27.516736,110.006053,1,0,467.537824
1789496440,1,-119.116279,50.791210,0.000000,4.748652,27.531783,110.218726,1,0,467.003669
1789496444,1,-119.114844,50.790820,0.000000,4.748652,27.587956,110.096493,1,0,466.070354
1789496448,1,-119.113306,50.790657,0.000000,4.748651,27.483324,109.954867,1,0,463.836268
1789496452,1,-119.111748,50.790742,0.000000,4.748651,27.733077,110.265645,1,0,460.758790
1789496456,1,-119.110177,50.790887,0.000000,4.748651,28.053027,111.944411,1,0,456.094411
1789496461,1,-119.108250,50.790794,0.000000,4.748652,26.419466,136.271872,1,0,449.134991
1789496466,1,-119.106529,50.790377,0.000000,4.748652,26.367752,129.918107,1,0,443.089101
1789496470,1,-119.105110,50.789998,0.000000,4.748652,27.362501,108.579015,1,0,440.622245
1789496474,1,-119.103592,50.789755,0.000000,4.748652,27.780760,110.399675,1,0,437.756661
1789496479,1,-119.101619,50.789669,0.000000,4.748651,27.886222,139.450360,1,0,433.561050
1789496483,1,-119.100046,50.789656,0.000000,4.748651,27.635756,110.925994,1,0,429.773100
1789496487,1,-119.098489,50.789644,0.000000,4.748651,27.414680,109.796409,1,0,425.529574
1789496491,1,-119.096928,50.789633,0.000000,4.748651,27.512089,110.077077,1,0,421.748542
1789496496,1,-119.094984,50.789471,0.000000,4.748652,27.768610,138.256262,1,0,416.183103
1789496501,1,-119.093081,50.789164,0.000000,4.748652,27.613004,138.463824,1,0,410.716184
1789496505,1,-119.091529,50.789110,0.000000,4.748651,27.456018,109.600185,1,0,407.651588
1789496510,1,-119.089586,50.789133,0.000000,4.748652,27.268944,137.029636,1,0,405.190107
1789496514,1,-119.088092,50.788944,0.000000,4.748652,26.742426,107.434564,1,0,405.725644
1789496519,1,-119.086272,50.788715,0.000000,4.748652,25.781131,130.850530,1,0,408.338311
1789496523,1,-119.084785,50.788747,0.000000,4.748651,26.816810,104.923713,1,0,409.967816
1789496527,1,-119.083265,50.788848,0.000000,4.748651,26.799634,107.777821,1,0,412.408139
1789496532,1,-119.081419,50.789025,0.000000,4.748651,26.050003,131.660973,1,0,415.465958
1789496536,1,-119.080056,50.789360,0.000000,4.748651,25.862618,103.091431,1,0,416.352679
1789496541,1,-119.078576,50.790046,0.000000,4.748651,26.156751,129.296446,1,0,417.300697
1789496546,1,-119.077276,50.790889,0.000000,4.748651,26.143811,131.149351,1,0,417.537689
1789496550,1,-119.076091,50.791445,0.000000,4.748652,26.117779,103.968665,1,0,418.448942
1789496555,1,-119.074542,50.792102,0.000000,4.748651,26.319082,131.434082,1,0,418.841989
1789496560,1,-119.073310,50.792976,0.000000,4.748651,26.184506,130.394400,1,0,419.129604
1789496564,1,-119.072656,50.793816,0.000000,4.748651,26.173986,104.212372,1,0,420.276279
1789496569,1,-119.072186,50.794971,0.000000,4.748651,26.705038,132.700603,1,0,421.914548
1789496574,1,-119.071624,50.796125,0.000000,4.748652,26.905283,134.361226,1,0,423.716395
1789496579,1,-119.070856,50.797250,0.000000,4.748652,27.349151,136.371445,1,0,428.356060
1789496583,1,-119.070085,50.798103,0.000000,4.748652,27.398879,109.367009,1,0,432.730443
1789496588,1,-119.069025,50.799142,0.000000,4.748651,27.467973,137.650795,1,0,437.986166
1789496593,1,-119.067959,50.800174,0.000000,4.748651,27.432456,137.224349,1,0,443.781043
1789496597,1,-119.066986,50.800930,0.000000,2.228297,26.676969,108.535751,1,0,447.795466
1789496602,1,-119.065593,50.801675,0.000000,2.001743,25.208139,128.512010,1,0,452.458705
1789496606,1,-119.064569,50.802321,0.000000,2.140356,25.924339,101.870099,1,0,456.480172
1789496610,1,-119.063705,50.803087,0.000000,2.001235,26.351165,104.752554,1,0,460.494711
1789496614,1,-119.062953,50.803900,0.000000,2.000010,25.977715,104.842547,1,0,464.034554
1789496618,1,-119.062231,50.804676,0.000000,2.000000,24.330028,100.219601,1,0,467.106673
1789496622,1,-119.061507,50.805342,0.000000,2.000000,21.634860,89.972684,1,0,469.127106
1789496627,1,-119.060234,50.805844,0.000000,2.017127,21.369153,105.702513,1,0,471.418724
1789496633,1,-119.058400,50.805991,0.000000,2.000053,21.522135,130.323153,1,0,472.770469
1789496638,1,-119.056973,50.806180,0.000000,2.043441,20.165631,102.774314,1,0,474.438600
1789496644,1,-119.055588,50.806859,0.000000,2.000680,21.371337,123.449838,1,0,476.523201
1789496649,1,-119.054472,50.807560,0.000000,2.062304,22.818445,110.779148,1,0,479.341371
1789496653,1,-119.053481,50.808133,0.000000,2.038048,24.217046,94.576384,1,0,481.919903
1789496657,1,-119.052495,50.808767,0.000000,2.397060,25.047916,99.029639,1,0,484.550579
1789496661,1,-119.051501,50.809394,0.000000,2.016708,24.409284,98.870371,1,0,486.598662
1789496665,1,-119.050499,50.809969,0.000000,2.018627,23.493272,95.294661,1,0,488.586679
1789496669,1,-119.049529,50.810536,0.000000,2.000303,23.296753,93.029230,1,0,489.735544
1789496674,1,-119.048536,50.811393,0.000000,2.000002,23.999670,118.279748,1,0,489.852251
1789496678,1,-119.047725,50.812092,0.000000,2.000000,24.200984,96.518013,1,0,489.468324
1789496682,1,-119.046801,50.812734,0.000000,2.000000,24.029546,96.663499,1,0,489.194617
1789496686,1,-119.045933,50.813418,0.000000,2.000000,24.689756,97.644770,1,0,488.339920
1789496691,1,-119.044817,50.814280,0.000000,2.000000,24.921159,124.033071,1,0,485.533235
1789496696,1,-119.043571,50.815074,0.000000,2.000000,24.838994,124.562678,1,0,482.071853
1789496700,1,-119.042750,50.815789,0.000000,2.000000,24.733549,98.367396,1,0,479.253565
1789496704,1,-119.042113,50.816582,0.000000,2.000000,24.601283,98.991128,1,0,476.604234
1789496709,1,-119.041294,50.817280,0.000000,2.000000,23.940131,96.760110,1,0,473.213521
1789496713,1,-119.040234,50.817813,0.000000,2.000000,23.995860,95.384348,1,0,470.021449
1789496717,1,-119.039071,50.818289,0.000000,2.000000,24.640042,97.590018,1,0,467.554470
1789496722,1,-119.037761,50.819039,0.000000,2.001648,25.557747,124.442133,1,0,464.474730
1789496726,1,-119.036917,50.819810,0.000000,2.000015,26.244919,104.381994,1,0,461.494198
1789496730,1,-119.035988,50.820536,0.000000,2.000000,25.767359,103.972768,1,0,460.558030
1789496735,1,-119.034626,50.821275,0.000000,2.237366,24.973743,126.385155,1,0,460.016984
1789496739,1,-119.033806,50.821978,0.000000,2.002889,23.962433,97.245268,1,0,459.523842
1789496743,1,-119.033056,50.822659,0.000000,2.000045,22.880243,92.379222,1,0,458.593567
1789496747,1,-119.032094,50.823236,0.000000,2.000001,23.833430,93.366382,1,0,458.069061
1789496752,1,-119.030799,50.823964,0.000000,2.000000,24.586359,122.014441,1,0,457.923891
1789496756,1,-119.029622,50.824443,0.000000,2.137806,24.914747,98.585640,1,0,455.882135
1789496802,1,-119.030831,50.824020,0.000000,2.198951,23.720767,97.329782,1,0,461.396939
1789496806,1,-119.031895,50.823422,0.000000,2.674384,25.250822,100.239377,1,0,461.244676
1789496810,1,-119.032904,50.822817,0.000000,2.225876,23.867933,20.584917,1,0,461.570876
1789496814,1,-119.033695,50.822158,0.000000,2.224880,23.085670,92.102439,1,0,461.329210
1789496818,1,-119.034419,50.821491,0.000000,2.222935,22.052672,90.055507,1,0,461.715821
1789496822,1,-119.035367,50.820946,0.000000,2.219558,22.764980,90.222424,1,0,461.994750
1789496827,1,-119.036459,50.820267,0.000000,2.220311,20.849613,107.838837,1,0,462.751374
1789496833,1,-119.037496,50.819328,0.000000,2.217968,21.521613,127.493011,1,0,465.063668
1789496839,1,-119.038725,50.818480,0.000000,2.218727,22.168791,128.072985,1,0,469.580175
1789496843,1,-119.039773,50.818041,0.000000,2.221725,21.409342,88.546620,1,0,471.886945
1789496848,1,-119.040987,50.817505,0.000000,2.220044,20.860781,104.288621,1,0,475.231513
1789496853,1,-119.041961,50.816810,0.000000,2.221741,21.049601,103.394871,1,0,478.254243
1789496858,1,-119.042676,50.815954,0.000000,2.224319,21.492204,107.742628,1,0,481.074591
1789496863,1,-119.043439,50.815217,0.000000,2.207251,18.203227,98.053720,1,0,483.609937
1789496868,1,-119.044085,50.814923,0.000000,4.862705,5.913189,56.059013,1,0,484.908895
1789496881,1,-119.044636,50.814777,0.000000,2.412729,0.999836,42.092667,1,0,485.045632
1789496970,1,-119.044742,50.815074,0.000000,11.950248,0.228483,33.876203,1,0,488.513915
1789497141,1,-119.045102,50.814571,0.000000,40.795732,0.000000,61.443137,1,0,451.250916
1789497461,1,-119.044513,50.815126,0.000000,79.303615,1.377452,74.403038,1,0,717.779919
1789497586,1,-119.044694,50.814792,0.000000,14.000000,0.194187,39.287880,1,0,482.487467
1789497976,1,-119.043330,50.815237,0.000000,2.001777,15.452858,108.129184,1,0,484.623776
1789497981,1,-119.042685,50.815862,0.000000,2.144333,16.318782,83.073665,1,0,482.624275
1789497986,1,-119.042189,50.816495,0.000000,2.002206,15.889988,78.621727,1,0,480.408883
1789497991,1,-119.041576,50.817086,0.000000,2.032165,15.682842,78.673702,1,0,478.423175
1789497997,1,-119.040573,50.817664,0.000000,2.318251,16.305095,95.560382,1,0,475.984056
1789498002,1,-119.039546,50.818091,0.000000,2.003432,17.948920,86.576306,1,0,473.247092
1789498007,1,-119.038477,50.818551,0.000000,2.063621,18.250056,91.076837,1,0,471.051060
1789498012,1,-119.037607,50.819160,0.000000,2.000464,18.340284,91.377862,1,0,467.786753
1789498018,1,-119.036719,50.819990,0.000000,2.073499,18.840306,111.549398,1,0,465.214276
1789498023,1,-119.035845,50.820629,0.000000,2.000454,18.923172,94.063560,1,0,464.444706
1789498029,1,-119.034575,50.821320,0.000000,2.158163,21.005254,117.987105,1,0,464.283504
1789498035,1,-119.033517,50.822280,0.000000,2.001943,21.917001,130.255810,1,0,463.461177
1789498040,1,-119.032503,50.823025,0.000000,2.000766,22.025241,109.437558,1,0,463.230120
1789498045,1,-119.031333,50.823681,0.000000,2.005124,22.011497,110.109745,1,0,462.039016
1789498051,1,-119.029767,50.824411,0.000000,2.000012,23.787860,137.017933,1,0,459.609945
1789498056,1,-119.028242,50.824885,0.000000,2.038474,24.470049,119.706380,1,0,457.073964
1789498061,1,-119.026705,50.825454,0.000000,2.000097,25.189125,125.453033,1,0,453.322560
1789498065,1,-119.025491,50.825921,0.000000,2.000001,24.946019,100.089934,1,0,450.594902
1789498069,1,-119.024299,50.826383,0.000000,2.000000,24.388439,98.476615,1,0,449.270696
1789498073,1,-119.023140,50.826847,0.000000,2.000000,24.221083,96.619345,1,0,449.084961
1789498077,1,-119.022057,50.827392,0.000000,2.005945,24.576098,97.471679,1,0,448.663680
1789498082,1,-119.020720,50.828111,0.000000,2.000036,24.779765,123.593379,1,0,447.755712
1789498086,1,-119.019650,50.828690,0.000000,2.051720,24.746485,99.164119,1,0,447.678802
1789498090,1,-119.018710,50.829288,0.000000,2.013539,22.441612,93.877659,1,0,447.494190
1789498095,1,-119.017652,50.829896,0.000000,2.022199,19.292527,100.661817,1,0,447.814898
1789498101,1,-119.016256,50.830396,0.000000,2.000047,18.814144,113.003306,1,0,446.839036
1789498106,1,-119.014952,50.830625,0.000000,2.268176,19.347595,95.348136,1,0,445.403976
1789498112,1,-119.013352,50.830689,0.000000,2.000557,18.278408,112.962522,1,0,442.597527
1789498118,1,-119.011808,50.830693,0.000000,2.118562,18.142611,108.792926,1,0,438.518287
1789498123,1,-119.010527,50.830696,0.000000,2.000930,18.008566,90.261291,1,0,434.198933
1789498128,1,-119.009252,50.830740,0.000000,2.000007,17.958328,89.971109,1,0,429.579265
1789498134,1,-119.008038,50.830963,0.000000,2.077628,10.869687,89.064772,1,0,424.290379
1789498141,1,-119.007097,50.831294,0.000000,2.001245,11.854363,75.843479,1,0,419.846631
1789498148,1,-119.006059,50.831698,0.000000,2.000406,12.488734,85.844988,1,0,414.486142
1789498154,1,-119.005025,50.832036,0.000000,2.000006,14.089242,81.988258,1,0,410.315671
1789498160,1,-119.003837,50.832291,0.000000,2.000000,15.046117,88.384100,1,0,406.066802
1789498166,1,-119.002665,50.832518,0.000000,2.042452,13.548190,86.355264,1,0,402.524542
1789498173,1,-119.001853,50.832820,0.000000,11.672599,6.343698,66.349721,1,0,399.255845
1789498182,1,-119.000851,50.833178,0.000000,5.254963,11.180214,81.060903,1,0,395.549976
1789498188,1,-119.000066,50.833601,0.000000,2.000018,12.968813,72.617655,1,0,390.948735
1789498194,1,-118.999309,50.834093,0.000000,2.000000,12.931885,76.422685,1,0,386.353353
1789498201,1,-118.998236,50.834574,0.000000,2.000000,13.380783,92.619183,1,0,380.745677
1789498207,1,-118.997169,50.834898,0.000000,2.097015,14.244718,83.368500,1,0,375.905910
1789498214,1,-118.995797,50.835195,0.000000,2.101245,13.727110,102.152713,1,0,370.284561
1789498220,1,-118.994896,50.835555,0.000000,2.096468,12.373455,75.056680,1,0,367.593780
1789498226,1,-118.994052,50.835967,0.000000,2.001740,12.540666,75.077654,1,0,365.056318
1789498232,1,-118.993208,50.836393,0.000000,2.077128,12.645002,76.038511,1,0,362.448772
1789498239,1,-118.992491,50.836738,0.000000,2.001679,5.708447,63.441983,1,0,359.924400
1789498250,1,-118.991818,50.837028,0.000000,2.000448,4.768106,57.350218,1,0,358.251385
1789498268,1,-118.991569,50.837130,0.000000,2.078940,0.001557,20.892969,1,0,357.205531
1789498288,1,-118.990785,50.837449,0.000000,2.074061,7.728938,65.653468,1,0,355.387447
1789498297,1,-118.989858,50.837812,0.000000,2.002255,8.647626,76.786946,1,0,354.526212
1789498306,1,-118.988925,50.838168,0.000000,2.000052,8.169666,76.742005,1,0,354.561070
1789498315,1,-118.988035,50.838526,0.000000,2.000001,8.467842,74.277110,1,0,354.610147
1789498323,1,-118.987207,50.838855,0.000000,2.123829,9.151591,68.861571,1,0,354.726487
1789498330,1,-118.986412,50.839160,0.000000,2.007701,9.302561,65.481305,1,0,354.559996
1789498338,1,-118.985514,50.839438,0.000000,2.000238,8.751943,70.415469,1,0,354.893131
1789498348,1,-118.984425,50.839653,0.000000,2.069025,8.799700,80.357268,1,0,355.302232
1789498356,1,-118.983500,50.839760,0.000000,2.002736,8.745662,66.240236,1,0,355.540183
1789498364,1,-118.982467,50.839791,0.000000,6.282386,9.206406,72.851614,1,0,356.122115
1789498372,1,-118.981483,50.839700,0.000000,2.000775,8.026948,70.053514,1,0,355.924367
1789498380,1,-118.980564,50.839540,0.000000,2.000030,8.527933,67.141710,1,0,355.916673
1789498388,1,-118.979581,50.839263,0.000000,2.123891,10.301525,75.795161,1,0,357.042488
1789498396,1,-118.978552,50.838848,0.000000,4.969912,11.122419,85.942670,1,0,357.394648
1789498403,1,-118.977685,50.838474,0.000000,2.061882,9.982487,73.902035,1,0,357.339235
1789498410,1,-118.976781,50.838146,0.000000,2.003693,9.648846,73.396302,1,0,357.914972
1789498419,1,-118.975725,50.837930,0.000000,2.000062,9.310046,78.175177,1,0,358.667518
1789498426,1,-118.974588,50.837842,0.000000,2.003474,12.957502,80.692386,1,0,359.681689
1789498431,1,-118.973417,50.837836,0.000000,2.000046,14.323919,82.494127,1,0,359.320226
1789498437,1,-118.972162,50.837847,0.000000,2.000000,15.197930,88.417296,1,0,359.097636
1789498442,1,-118.971008,50.837861,0.000000,2.000000,16.251834,81.308770,1,0,358.943961
1789498447,1,-118.969881,50.837869,0.000000,2.015599,15.663162,79.396812,1,0,358.362830
1789498453,1,-118.968796,50.837885,0.000000,2.089446,8.452238,76.453841,1,0,358.028315
1789498464,1,-118.968589,50.838252,0.000000,2.076774,2.509598,43.355151,1,0,357.427270
1789498479,1,-118.969194,50.838320,0.000000,2.034849,1.791675,43.285591,1,0,357.367921
1789498956,1,-118.968687,50.838039,0.000000,4.489904,0.445342,47.464772,1,0,355.602754
1789498972,1,-118.967293,50.838007,0.000000,2.046289,16.429643,98.265187,1,0,357.292756
1789498977,1,-118.966071,50.838298,0.000000,2.339561,19.391466,91.970423,1,0,356.531007
1789498983,1,-118.964832,50.838816,0.000000,2.000911,14.147495,104.590158,1,0,356.275046
1789498993,1,-118.964402,50.839072,0.000000,2.064353,2.202525,41.577679,1,0,357.428392
1789499002,1,-118.963328,50.839749,0.000000,2.000837,16.815829,106.756019,1,0,357.921020
1789499008,1,-118.962338,50.840380,0.000000,2.004310,16.500692,98.953384,1,0,358.097951
1789499014,1,-118.961352,50.841008,0.000000,2.000023,16.437775,98.518029,1,0,358.680839
1789499019,1,-118.960527,50.841533,0.000000,2.000000,16.459882,82.395419,1,0,358.925598
1789499024,1,-118.959700,50.842058,0.000000,2.000000,16.506836,82.494862,1,0,359.531224
1789499029,1,-118.958874,50.842579,0.000000,2.000000,16.495510,82.130473,1,0,359.276702
1789499034,1,-118.958047,50.843107,0.000000,2.000000,16.537251,82.731496,1,0,358.885068
1789499039,1,-118.957219,50.843633,0.000000,2.000000,16.492912,82.618992,1,0,358.584512
1789499044,1,-118.956392,50.844158,0.000000,2.000000,16.504221,82.490469,1,0,358.082401
1789499050,1,-118.955398,50.844787,0.000000,2.000000,16.501646,98.989500,1,0,358.093370
1789499056,1,-118.954405,50.845418,0.000000,2.000000,16.517137,99.097181,1,0,357.345568
1789499061,1,-118.953578,50.845946,0.000000,2.000000,16.550780,82.727107,1,0,357.436050
1789499066,1,-118.952690,50.846510,0.000000,2.000000,19.036463,88.596722,1,0,357.591092
1789499072,1,-118.951399,50.847328,0.000000,2.000000,21.995465,128.650175,1,0,357.447315
1789499078,1,-118.950074,50.848167,0.000000,2.000000,22.022247,131.995601,1,0,357.349189
1789499084,1,-118.948754,50.849005,0.000000,2.000000,22.042447,131.660757,1,0,357.385191
1789499090,1,-118.947451,50.849896,0.000000,2.000000,24.000749,135.083508,1,0,358.261159
1789499094,1,-118.946604,50.850660,0.000000,4.259121,27.028592,103.841084,1,0,357.791180
1789499098,1,-118.945873,50.851531,0.000000,4.745609,27.379485,109.728151,1,0,358.296465
1789499102,1,-118.945259,50.852436,0.000000,4.748634,27.540184,109.576688,1,0,359.322239
1789499107,1,-118.944612,50.853605,0.000000,4.748654,27.567194,137.803906,1,0,360.016214
1789499111,1,-118.944054,50.854534,0.000000,4.748653,27.618327,110.571254,1,0,359.756571
1789499115,1,-118.943290,50.855400,0.000000,4.748654,27.617471,110.349278,1,0,358.964014
1789499119,1,-118.942315,50.856177,0.000000,4.748653,27.540090,110.394168,1,0,357.730655
1789499123,1,-118.941190,50.856866,0.000000,4.748653,27.529273,110.237756,1,0,357.218855
1789499127,1,-118.940055,50.857548,0.000000,4.748653,27.515680,110.207363,1,0,357.063346
1789499132,1,-118.938634,50.858398,0.000000,4.748652,27.506219,137.675348,1,0,357.319176
1789499137,1,-118.937218,50.859250,0.000000,4.748652,27.470783,137.572891,1,0,357.781337
1789499141,1,-118.936083,50.859928,0.000000,4.748652,27.528224,109.895359,1,0,357.040902
1789499145,1,-118.934953,50.860612,0.000000,4.748652,27.516700,110.099864,1,0,357.291860
1789499150,1,-118.933548,50.861469,0.000000,4.748652,27.419597,137.397957,1,0,357.952957
1789499155,1,-118.932159,50.862333,0.000000,4.748652,27.437633,137.133687,1,0,358.459238
1789499159,1,-118.931029,50.863016,0.000000,4.748652,27.483167,110.017282,1,0,358.806944
1789499163,1,-118.929921,50.863712,0.000000,4.748652,27.490656,109.916354,1,0,359.277929
1789499167,1,-118.928966,50.864492,0.000000,4.748651,27.416435,109.778933,1,0,360.068308
1789499172,1,-118.928054,50.865584,0.000000,4.748651,27.591705,137.413206,1,0,360.615246
1789499176,1,-118.927581,50.866525,0.000000,4.748651,27.479048,109.857650,1,0,360.833125
1789499180,1,-118.927278,50.867500,0.000000,4.748651,27.545127,110.548696,1,0,361.453435
1789499185,1,-118.926909,50.868719,0.000000,4.748651,27.474508,138.081914,1,0,361.438777
1789499189,1,-118.926589,50.869688,0.000000,4.748651,27.545809,110.131998,1,0,361.230259
1789499193,1,-118.926164,50.870644,0.000000,4.748651,27.614900,110.485394,1,0,361.088539
1789499198,1,-118.925509,50.871806,0.000000,4.748652,27.408671,137.252831,1,0,360.468570
1789499202,1,-118.924851,50.872705,0.000000,4.748653,27.521390,110.222432,1,0,360.158329
1789499207,1,-118.923943,50.873800,0.000000,4.748652,27.504809,137.570731,1,0,359.319062
1789499211,1,-118.923120,50.874643,0.000000,4.748652,27.516588,110.236031,1,0,358.912368
1789499215,1,-118.922232,50.875454,0.000000,4.748652,27.514998,109.763271,1,0,359.080753
1789499220,1,-118.921046,50.876434,0.000000,4.748652,27.508175,137.319975,1,0,359.366003
1789499225,1,-118.919829,50.877398,0.000000,4.748652,27.514933,137.262249,1,0,359.739206
1789499229,1,-118.918779,50.878130,0.000000,4.748652,27.469570,109.977045,1,0,360.317903
1789499233,1,-118.917700,50.878846,0.000000,4.748652,27.506601,110.058414,1,0,360.439853
1789499238,1,-118.916356,50.879743,0.000000,4.748652,27.480076,137.503927,1,0,360.365352
1789499243,1,-118.915011,50.880640,0.000000,4.748651,27.437665,137.552359,1,0,360.479820
1789499247,1,-118.913933,50.881355,0.000000,4.748652,27.549882,109.929326,1,0,360.107911
1789499251,1,-118.912796,50.882035,0.000000,4.748652,27.490586,110.125214,1,0,360.004304
1789499256,1,-118.911203,50.882751,0.000000,4.748652,27.528884,137.538180,1,0,359.887777
1789499260,1,-118.909841,50.883237,0.000000,4.748651,27.528289,110.060645,1,0,359.398523
1789499264,1,-118.908434,50.883667,0.000000,4.748651,27.523965,109.971210,1,0,359.221879
1789499268,1,-118.906986,50.884039,0.000000,4.748652,27.459660,109.989566,1,0,359.203563
1789499272,1,-118.905504,50.884352,0.000000,4.748652,27.520899,109.958628,1,0,359.160214
1789499277,1,-118.903612,50.884663,0.000000,4.748652,27.433938,137.575792,1,0,359.746776
1789499281,1,-118.902102,50.884905,0.000000,4.748651,27.485962,109.627198,1,0,359.190701
1789499285,1,-118.900585,50.885147,0.000000,4.748652,27.584759,110.104810,1,0,358.776438
1789499289,1,-118.899070,50.885390,0.000000,4.748652,27.475361,109.995621,1,0,358.877144
1789499293,1,-118.897560,50.885631,0.000000,4.748652,27.396837,109.599922,1,0,359.278858
1789499297,1,-118.896049,50.885874,0.000000,4.748652,27.477577,109.722780,1,0,359.798648
1789499301,1,-118.894536,50.886119,0.000000,4.748652,27.435157,109.914180,1,0,360.734645
1789499306,1,-118.892640,50.886424,0.000000,4.748652,27.505871,137.682287,1,0,362.195258
1789499310,1,-118.891125,50.886668,0.000000,4.748651,27.492835,110.023084,1,0,363.248621
1789499315,1,-118.889233,50.886973,0.000000,4.748652,27.557431,137.409530,1,0,364.485849
1789499319,1,-118.887724,50.887236,0.000000,4.748651,27.517058,110.156476,1,0,365.461732
1789499324,1,-118.885861,50.887616,0.000000,4.748651,27.532911,137.760332,1,0,366.145945
1789499328,1,-118.884387,50.887944,0.000000,4.748651,27.507581,109.967294,1,0,367.066015
1789499332,1,-118.882918,50.888288,0.000000,4.748651,27.586778,110.240671,1,0,368.352276
1789499337,1,-118.881085,50.888714,0.000000,4.748652,27.543808,137.419217,1,0,369.488989
1789499342,1,-118.879252,50.889141,0.000000,4.748651,27.486890,137.457650,1,0,370.649914
1789499347,1,-118.877410,50.889567,0.000000,4.748651,27.867968,138.013911,1,0,371.879352
1789499351,1,-118.875975,50.889892,0.000000,4.748651,27.088920,107.258824,1,0,372.216818
1789499355,1,-118.874476,50.890233,0.000000,4.748652,28.252479,112.099050,1,0,371.236393
1789499359,1,-118.872955,50.890589,0.000000,4.748651,28.783299,114.125367,1,0,369.171479
1789499363,1,-118.871376,50.890946,0.000000,4.748652,29.947139,117.999025,1,0,367.000384
1789499367,1,-118.869734,50.891263,0.000000,4.748651,30.293934,120.809476,1,0,364.731610
1789499372,1,-118.867670,50.891641,0.000000,4.748652,30.117334,151.208781,1,0,362.862114
1789499376,1,-118.865990,50.891758,0.000000,4.748652,29.633147,118.935656,1,0,362.389227
1789499381,1,-118.864008,50.891477,0.000000,4.748652,28.107884,142.933547,1,0,362.152893
1789499385,1,-118.862608,50.890998,0.000000,4.748652,28.310980,112.006926,1,0,362.272187
1789499389,1,-118.861172,50.890453,0.000000,4.748652,29.869148,117.845726,1,0,361.870384
1789499394,1,-118.859330,50.889769,0.000000,4.748652,30.190385,150.307485,1,0,361.783424
1789499398,1,-118.857823,50.889256,0.000000,4.748652,30.178219,120.429609,1,0,362.161353
1789499402,1,-118.856228,50.888859,0.000000,4.748652,30.111901,120.617228,1,0,362.328040
1789499406,1,-118.854577,50.888590,0.000000,4.748651,29.944235,119.973041,1,0,362.697254
1789499410,1,-118.852894,50.888453,0.000000,4.748651,29.783829,119.409073,1,0,362.955829
1789499415,1,-118.850791,50.888449,0.000000,4.748651,29.399564,147.988324,1,0,362.652519
1789499420,1,-118.848710,50.888486,0.000000,4.748651,29.164187,146.497373,1,0,363.857844
1789499424,1,-118.847054,50.888519,0.000000,4.748651,29.055990,116.590212,1,0,365.246604
1789499428,1,-118.845405,50.888549,0.000000,4.748651,28.989911,116.087821,1,0,366.958347
1789499433,1,-118.843349,50.888585,0.000000,4.748652,28.950691,144.735811,1,0,368.433855
1789499438,1,-118.841292,50.888631,0.000000,4.748652,28.932000,144.841228,1,0,370.011696
1789499443,1,-118.839259,50.888843,0.000000,4.748651,29.035211,144.993092,1,0,370.663147
1789499447,1,-118.837676,50.889142,0.000000,4.748651,29.014654,116.256131,1,0,370.969340
1789499451,1,-118.836157,50.889546,0.000000,4.748652,28.998600,115.956944,1,0,370.871041
1789499455,1,-118.834730,50.890068,0.000000,4.748651,29.005522,116.001335,1,0,370.790514
1789499459,1,-118.833403,50.890682,0.000000,4.748651,28.948053,115.698360,1,0,370.524104
1789499463,1,-118.832170,50.891370,0.000000,4.748651,28.936764,115.702173,1,0,370.321610
1789499467,1,-118.830949,50.892066,0.000000,4.748651,28.881487,115.664202,1,0,370.092158
1789499471,1,-118.829727,50.892762,0.000000,4.748651,28.927458,115.716483,1,0,369.990506
1789499475,1,-118.828508,50.893458,0.000000,4.748651,28.894117,115.559688,1,0,370.059657
1789499479,1,-118.827283,50.894151,0.000000,4.748651,28.877622,115.643436,1,0,370.044150
1789499483,1,-118.826066,50.894844,0.000000,4.748651,28.798532,115.224507,1,0,370.668719
1789499488,1,-118.824553,50.895720,0.000000,4.748651,28.861202,144.329997,1,0,371.792808
1789499493,1,-118.823087,50.896629,0.000000,4.748651,28.861640,144.454341,1,0,372.847718
1789499497,1,-118.821956,50.897383,0.000000,4.748651,28.931019,115.626512,1,0,373.626428
1789499502,1,-118.820600,50.898361,0.000000,4.748651,28.954142,144.712776,1,0,374.741259
1789499506,1,-118.819566,50.899170,0.000000,4.748651,28.888417,115.726835,1,0,376.051192
1789499510,1,-118.818575,50.899999,0.000000,4.748651,28.918271,115.616535,1,0,377.138188
1789499514,1,-118.817625,50.900848,0.000000,4.748651,28.964429,115.709381,1,0,378.366507
1789499518,1,-118.816717,50.901714,0.000000,4.748651,28.855078,115.599588,1,0,379.584261
1789499523,1,-118.815625,50.902818,0.000000,4.748651,28.992718,144.872233,1,0,380.245461
1789499527,1,-118.814744,50.903702,0.000000,4.748651,29.097138,116.250001,1,0,379.353814
1789499531,1,-118.813873,50.904593,0.000000,4.748651,29.210090,116.534438,1,0,376.823811
1789499535,1,-118.813000,50.905489,0.000000,4.748651,29.249026,117.081657,1,0,373.726084
1789499539,1,-118.812122,50.906378,0.000000,4.748651,29.061653,116.605208,1,0,371.373833
1789499543,1,-118.811259,50.907262,0.000000,4.748651,28.825236,115.575991,1,0,369.982150
1789499547,1,-118.810391,50.908143,0.000000,4.748652,28.840565,115.477691,1,0,368.703756
1789499551,1,-118.809524,50.909023,0.000000,4.748651,28.833424,115.346042,1,0,367.353839
1789499555,1,-118.808656,50.909903,0.000000,4.748652,28.771145,115.379631,1,0,366.511386
1789499560,1,-118.807574,50.910999,0.000000,4.748652,28.752563,143.735277,1,0,366.568640
1789499564,1,-118.806707,50.911878,0.000000,4.748652,28.883693,115.248003,1,0,366.549622
1789499569,1,-118.805627,50.912980,0.000000,4.748652,28.826735,144.227834,1,0,366.577318
1789499573,1,-118.804755,50.913861,0.000000,4.748652,28.892503,115.623044,1,0,366.541239
1789499578,1,-118.803668,50.914965,0.000000,4.748651,28.926037,144.672422,1,0,366.437130
1789499583,1,-118.802576,50.916066,0.000000,4.748651,28.931509,144.575671,1,0,366.330221
1789499587,1,-118.801708,50.916947,0.000000,4.748652,28.900177,115.470684,1,0,366.405660
1789499591,1,-118.800834,50.917828,0.000000,4.748652,28.954562,115.694335,1,0,366.463111
1789499595,1,-118.799962,50.918710,0.000000,4.748652,28.968684,115.713991,1,0,366.685467
1789499600,1,-118.798875,50.919815,0.000000,4.748652,28.949655,144.762784,1,0,366.945422
1789499605,1,-118.797781,50.920915,0.000000,4.748652,28.922965,144.552090,1,0,366.987819
1789499609,1,-118.796911,50.921799,0.000000,4.748652,28.941752,115.825089,1,0,367.250471
1789499613,1,-118.796042,50.922694,0.000000,4.748652,29.758196,116.829203,1,0,367.366485
1789499618,1,-118.795077,50.923952,0.000000,4.748652,31.845141,155.541254,1,0,367.599095
1789499622,1,-118.794564,50.924992,0.000000,4.748652,29.532915,121.195933,1,0,367.507884
1789499626,1,-118.794305,50.926033,0.000000,4.748652,30.012074,117.237775,1,0,367.562289
1789499630,1,-118.794229,50.927149,0.000000,4.748652,30.844012,124.273581,1,0,368.060148
1789499634,1,-118.794171,50.928246,0.000000,4.748652,30.292514,122.112954,1,0,369.299993
1789499638,1,-118.793925,50.929324,0.000000,4.748652,30.211085,121.172051,1,0,371.467620
1789499643,1,-118.793108,50.930581,0.000000,4.748652,30.204022,151.182908,1,0,373.888017
1789499647,1,-118.792161,50.931475,0.000000,4.748652,29.766721,119.689020,1,0,375.371975
1789499651,1,-118.791152,50.932369,0.000000,4.748652,31.540926,122.167641,1,0,376.839012
1789499655,1,-118.790070,50.933322,0.000000,4.748652,32.808332,130.492418,1,0,378.066245
1789499659,1,-118.788945,50.934271,0.000000,4.748652,33.063122,131.921259,1,0,378.801507
1789499663,1,-118.787929,50.935159,0.000000,4.748652,28.876777,121.908363,1,0,378.628391
1789499668,1,-118.786772,50.936180,0.000000,4.748652,27.832787,139.708490,1,0,379.015755
1789499672,1,-118.785840,50.937004,0.000000,4.748652,28.314506,112.680062,1,0,379.615420
1789499677,1,-118.784671,50.938042,0.000000,4.748652,28.355221,141.737991,1,0,379.874848
1789499681,1,-118.783735,50.938871,0.000000,4.748652,28.225951,113.296184,1,0,379.904622
1789499685,1,-118.782804,50.939696,0.000000,4.748652,28.183753,112.729773,1,0,379.867220
1789499690,1,-118.781636,50.940726,0.000000,4.748652,28.191499,140.967278,1,0,379.972244
1789499694,1,-118.780701,50.941553,0.000000,4.748652,28.303170,113.069813,1,0,380.018629
1789499698,1,-118.779763,50.942383,0.000000,4.748652,28.444034,113.463975,1,0,379.798760
1789499702,1,-118.778864,50.943237,0.000000,4.748652,28.665603,114.106668,1,0,379.536086
1789499706,1,-118.777948,50.944098,0.000000,4.748651,28.903809,115.418258,1,0,378.943541
1789499710,1,-118.777023,50.944960,0.000000,4.748652,29.069545,115.864424,1,0,378.273490
1789499714,1,-118.776070,50.945817,0.000000,4.748652,29.098697,116.520440,1,0,377.322950
1789499718,1,-118.775034,50.946628,0.000000,4.748651,28.950627,115.943198,1,0,377.354875
1789499722,1,-118.773788,50.947308,0.000000,4.748652,29.001800,115.726144,1,0,377.238353
1789499726,1,-118.772445,50.947916,0.000000,4.748652,28.980525,116.126099,1,0,376.422757
1789499730,1,-118.771113,50.948527,0.000000,4.748652,28.853785,115.694322,1,0,375.625274
1789499734,1,-118.769780,50.949132,0.000000,4.748651,28.748675,115.360448,1,0,375.283887
1789499738,1,-118.768456,50.949734,0.000000,4.748652,28.633841,114.652041,1,0,377.190876
1789499742,1,-118.767118,50.950343,0.000000,4.748652,29.138982,115.905653,1,0,378.857233
1789499746,1,-118.765772,50.950955,0.000000,4.748651,29.184236,116.548370,1,0,380.289505
1789499750,1,-118.764421,50.951569,0.000000,4.748651,29.231914,116.963573,1,0,381.739085
1789499754,1,-118.763056,50.952171,0.000000,4.748651,29.239954,116.994284,1,0,382.785862
1789499758,1,-118.761651,50.952738,0.000000,4.748652,29.349524,117.168500,1,0,383.400435
1789499762,1,-118.760240,50.953297,0.000000,4.748652,29.233243,117.048749,1,0,384.195592
1789499766,1,-118.758865,50.953896,0.000000,4.748652,29.274014,117.381418,1,0,384.349707
1789499771,1,-118.757232,50.954708,0.000000,4.748652,29.254541,146.051888,1,0,384.237196
1789499775,1,-118.755920,50.955357,0.000000,4.748652,29.297197,117.109825,1,0,383.972584
1789499780,1,-118.754255,50.956142,0.000000,4.748652,29.148856,145.998916,1,0,384.331556
1789499784,1,-118.752906,50.956755,0.000000,4.748652,29.182397,116.776180,1,0,384.366919
1789499788,1,-118.751557,50.957371,0.000000,4.748652,29.187338,116.971416,1,0,384.430575
1789499792,1,-118.750219,50.957993,0.000000,4.748652,29.215022,116.740343,1,0,383.707151
1789499796,1,-118.748910,50.958638,0.000000,4.748652,29.158751,116.661765,1,0,383.976446
1789499800,1,-118.747609,50.959289,0.000000,4.748652,29.195207,116.632401,1,0,384.181759
1789499804,1,-118.746282,50.959922,0.000000,4.748652,29.226203,116.852179,1,0,384.469988
1789499808,1,-118.744939,50.960539,0.000000,4.748652,29.134258,116.695418,1,0,384.503596
1789499812,1,-118.743589,50.961153,0.000000,4.748652,29.210293,116.889824,1,0,384.705556
1789499816,1,-118.742235,50.961764,0.000000,4.748652,29.207679,116.923644,1,0,384.861972
1789499820,1,-118.740881,50.962374,0.000000,4.748652,29.232271,116.858999,1,0,384.697224
1789499824,1,-118.739469,50.962929,0.000000,4.748652,29.248866,116.854209,1,0,384.727356
1789499828,1,-118.737961,50.963371,0.000000,4.748652,29.197634,116.808706,1,0,385.114049
1789499832,1,-118.736461,50.963815,0.000000,4.748652,29.032158,116.393361,1,0,385.757419
1789499836,1,-118.735157,50.964455,0.000000,4.748652,29.068715,116.034966,1,0,386.633829
1789499840,1,-118.734118,50.965270,0.000000,4.748651,29.164421,116.407166,1,0,388.202484
1789499844,1,-118.733419,50.966219,0.000000,4.748652,29.192249,116.442062,1,0,389.699282
1789499848,1,-118.732940,50.967222,0.000000,4.748652,29.050930,116.551920,1,0,391.565221
1789499853,1,-118.732150,50.968431,0.000000,4.748652,29.148773,145.507167,1,0,393.707051
1789499858,1,-118.731061,50.969545,0.000000,4.748652,29.206054,145.649305,1,0,395.856148
1789499862,1,-118.729986,50.970347,0.000000,4.748652,29.152080,116.897346,1,0,397.411567
1789499866,1,-118.728805,50.971090,0.000000,4.748652,29.290633,117.113340,1,0,398.262771
1789499870,1,-118.727646,50.971852,0.000000,4.748652,29.446861,117.539110,1,0,397.528545
1789499875,1,-118.726377,50.972909,0.000000,4.748651,29.585107,147.564316,1,0,394.876097
1789499880,1,-118.725323,50.974088,0.000000,4.748651,30.695495,150.622659,1,0,390.768117
1789499884,1,-118.724672,50.975078,0.000000,4.748652,29.323060,119.258150,1,0,387.648356
1789499889,1,-118.723879,50.976290,0.000000,4.748652,29.070158,145.891611,1,0,383.155732
1789499893,1,-118.723248,50.977254,0.000000,4.748652,29.025273,116.046218,1,0,380.409486
1789499897,1,-118.722613,50.978234,0.000000,4.748652,29.700174,117.799367,1,0,379.325842
1789499901,1,-118.721990,50.979225,0.000000,4.748652,29.531032,118.619434,1,0,378.991649
1789499905,1,-118.721372,50.980207,0.000000,4.748652,29.210492,117.559218,1,0,379.211605
1789499910,1,-118.720593,50.981419,0.000000,4.748652,29.025238,145.516731,1,0,379.486612
1789499915,1,-118.719618,50.982565,0.000000,4.748652,28.925629,144.722122,1,0,379.918940
1789499919,1,-118.718500,50.983333,0.000000,4.748652,29.125680,116.041682,1,0,380.254291
1789499923,1,-118.717222,50.984001,0.000000,4.748652,29.133075,116.529502,1,0,380.312486
1789499927,1,-118.715922,50.984652,0.000000,4.748651,29.071824,116.538950,1,0,380.322472
1789499932,1,-118.714276,50.985449,0.000000,4.748652,29.181445,145.690372,1,0,380.263018
1789499937,1,-118.712651,50.986266,0.000000,4.748652,29.140004,145.889049,1,0,380.165348
1789499941,1,-118.711358,50.986924,0.000000,4.748652,29.161743,116.633777,1,0,380.707203
1789499945,1,-118.710050,50.987573,0.000000,4.748652,29.217580,116.834226,1,0,380.930856
1789499949,1,-118.708748,50.988226,0.000000,4.748652,29.205831,116.779604,1,0,381.221699
1789499953,1,-118.707446,50.988881,0.000000,4.748652,29.283178,116.918166,1,0,381.773098
1789499957,1,-118.706141,50.989532,0.000000,4.748652,29.217069,116.806534,1,0,381.992426
1789499962,1,-118.704512,50.990351,0.000000,4.748652,29.225344,146.247435,1,0,382.183874
1789499967,1,-118.702867,50.991156,0.000000,4.748652,29.250703,146.158901,1,0,382.505115
1789499971,1,-118.701551,50.991800,0.000000,4.748652,29.205658,116.927125,1,0,382.625424
1789499975,1,-118.700253,50.992455,0.000000,4.748652,29.200906,116.691209,1,0,382.814590
1789499979,1,-118.698949,50.993105,0.000000,4.748652,29.198931,116.674963,1,0,383.271860
1789499983,1,-118.697656,50.993764,0.000000,4.748652,29.141718,116.696306,1,0,384.151299
1789499987,1,-118.696363,50.994422,0.000000,4.748652,29.214332,116.626454,1,0,384.846057
1789499992,1,-118.694745,50.995242,0.000000,4.748652,29.130031,145.704456,1,0,386.038254
1789499996,1,-118.693447,50.995895,0.000000,4.748652,29.178397,116.545118,1,0,387.005000
1789500000,1,-118.692144,50.996544,0.000000,4.748652,29.125537,116.543602,1,0,388.237409
1789500004,1,-118.690841,50.997197,0.000000,4.748652,29.209106,116.819858,1,0,389.452369
1789500009,1,-118.689131,50.997956,0.000000,4.748652,29.411093,146.779327,1,0,389.094393
1789500013,1,-118.687668,50.998468,0.000000,4.748652,29.305488,117.452758,1,0,388.186012
1789500018,1,-118.685825,50.999082,0.000000,4.748652,29.250978,146.319052,1,0,387.148752
1789500022,1,-118.684362,50.999572,0.000000,4.748652,29.019279,116.285388,1,0,387.478077
1789500027,1,-118.682551,51.000209,0.000000,4.748652,29.135674,145.564562,1,0,388.364019
1789500032,1,-118.680751,51.000859,0.000000,4.748652,29.124361,145.591704,1,0,389.367453
1789500036,1,-118.679276,51.001342,0.000000,4.748652,29.137788,116.659762,1,0,390.509912
1789500040,1,-118.677763,51.001765,0.000000,4.748652,29.052097,116.173246,1,0,392.555224
1789500044,1,-118.676207,51.002139,0.000000,4.748652,29.280784,116.889710,1,0,393.968083
1789500048,1,-118.674613,51.002459,0.000000,4.748652,29.363237,117.427627,1,0,394.326999
1789500052,1,-118.673010,51.002749,0.000000,4.748652,29.209121,117.066373,1,0,394.373333
1789500057,1,-118.670999,51.003100,0.000000,4.748652,29.227903,146.476003,1,0,394.211839
1789500062,1,-118.668954,51.003355,0.000000,4.748652,29.293338,146.337801,1,0,393.945129
1789500067,1,-118.666873,51.003400,0.000000,4.748652,29.308782,146.174451,1,0,393.473080
1789500071,1,-118.665220,51.003282,0.000000,4.748652,29.136343,116.782818,1,0,393.790225
1789500076,1,-118.663189,51.003005,0.000000,4.748652,29.212878,145.871157,1,0,393.464548
1789500080,1,-118.661564,51.002784,0.000000,4.748652,29.141520,116.696561,1,0,393.210415
1789500084,1,-118.659939,51.002567,0.000000,4.748652,29.196357,116.603603,1,0,392.797898
1789500089,1,-118.657909,51.002295,0.000000,4.748652,29.146433,145.685957,1,0,392.605878
1789500094,1,-118.655899,51.001966,0.000000,4.748652,29.258207,145.774561,1,0,393.001355
1789500098,1,-118.654361,51.001565,0.000000,4.748652,29.247897,116.823566,1,0,393.273005
1789500103,1,-118.652582,51.000888,0.000000,4.748652,29.176364,145.842578,1,0,393.995432
1789500107,1,-118.651292,51.000229,0.000000,4.748651,29.174844,116.517976,1,0,395.004311
1789500111,1,-118.650016,50.999561,0.000000,4.748651,29.032302,116.392573,1,0,397.022885
1789500115,1,-118.648736,50.998894,0.000000,4.748651,29.129274,116.537982,1,0,398.922539
1789500120,1,-118.647136,50.998062,0.000000,4.748651,28.987378,145.548621,1,0,400.723199
1789500124,1,-118.645900,50.997401,0.000000,4.748651,28.109922,113.740567,1,0,402.209356
1789500129,1,-118.644581,50.996506,0.000000,4.748651,26.752241,135.973573,1,0,403.514920
1789500133,1,-118.643648,50.995756,0.000000,4.748651,26.521363,106.077555,1,0,403.695751
1789500137,1,-118.642723,50.995006,0.000000,4.748651,26.573451,105.736074,1,0,404.029774
1789500141,1,-118.641783,50.994248,0.000000,4.748651,26.850488,107.085674,1,0,404.606561
1789500145,1,-118.640836,50.993482,0.000000,4.748651,27.033024,108.089614,1,0,405.357575
1789500150,1,-118.639679,50.992547,0.000000,4.748651,25.771010,131.983151,1,0,405.968786
1789500154,1,-118.638788,50.991828,0.000000,4.748651,25.150767,101.548510,1,0,406.429440
1789500158,1,-118.637908,50.991122,0.000000,4.748652,24.952123,99.933857,1,0,406.944439
1789500163,1,-118.636802,50.990225,0.000000,4.748651,25.509038,126.452224,1,0,406.234485
1789500167,1,-118.635893,50.989489,0.000000,4.748651,26.134500,103.820919,1,0,404.185089
1789500171,1,-118.634846,50.988801,0.000000,4.748651,26.854950,106.129939,1,0,401.768870
1789500176,1,-118.633238,50.988104,0.000000,4.748652,27.661646,136.971940,1,0,398.479019
1789500181,1,-118.631537,50.987493,0.000000,4.748652,27.343619,137.427045,1,0,396.483244
1789500185,1,-118.630302,50.986918,0.000000,4.748652,26.865215,107.759871,1,0,396.819596
1789500189,1,-118.629269,50.986214,0.000000,4.748651,26.633503,106.750414,1,0,398.770044
1789500193,1,-118.628364,50.985460,0.000000,4.748651,26.002987,105.241567,1,0,400.586421
1789500197,1,-118.627423,50.984768,0.000000,4.748651,24.986712,101.458497,1,0,402.226329
1789500202,1,-118.626016,50.984125,0.000000,4.748652,24.302914,121.983019,1,0,404.091822
1789500206,1,-118.624764,50.983772,0.000000,4.748651,23.854921,96.292601,1,0,405.115581
1789500211,1,-118.623154,50.983531,0.000000,4.748652,22.627445,116.195673,1,0,405.263673
1789500215,1,-118.621919,50.983366,0.000000,4.748652,21.988674,88.647527,1,0,404.116401
1789500220,1,-118.620423,50.983007,0.000000,4.748652,23.291746,112.390670,1,0,404.256200
1789500224,1,-118.619187,50.982602,0.000000,4.748652,25.180680,97.794865,1,0,403.848634
1789500229,1,-118.617567,50.982067,0.000000,4.748652,25.914638,128.392389,1,0,403.648175
1789500233,1,-118.616302,50.981576,0.000000,4.748652,26.206662,104.284575,1,0,402.596807
1789500238,1,-118.614937,50.980761,0.000000,4.748652,26.590505,131.952958,1,0,402.312057
1789500242,1,-118.614055,50.979970,0.000000,4.748652,27.111647,107.617114,1,0,403.455232
1789500246,1,-118.613213,50.979147,0.000000,4.748652,27.102113,108.998159,1,0,406.159262
1789500250,1,-118.612353,50.978352,0.000000,4.748651,26.607278,107.102559,1,0,409.301430
1789500254,1,-118.611314,50.977672,0.000000,4.748652,26.003844,105.109500,1,0,411.805832
1789500259,1,-118.609837,50.976995,0.000000,4.748652,25.255261,128.191684,1,0,415.207837
1789500264,1,-118.608316,50.976444,0.000000,4.748652,24.094571,123.160792,1,0,418.225687
1789500268,1,-118.607246,50.975943,0.000000,4.748652,23.008691,93.568552,1,0,421.775785
1789500272,1,-118.606288,50.975397,0.000000,4.748652,22.459506,90.651562,1,0,426.151670
1789500276,1,-118.605349,50.974869,0.000000,4.748652,22.016066,88.321086,1,0,429.640765
1789500280,1,-118.604307,50.974400,0.000000,4.748652,22.808599,89.884116,1,0,431.168171
1789500284,1,-118.603153,50.974000,0.000000,4.748652,23.138016,92.468149,1,0,430.737428
1789500289,1,-118.601589,50.973657,0.000000,4.748652,23.439334,116.292103,1,0,429.713973
1789500294,1,-118.599937,50.973440,0.000000,4.748652,23.866011,118.518670,1,0,429.805331
1789500298,1,-118.598594,50.973263,0.000000,4.748652,24.211620,96.363593,1,0,429.398904
1789500302,1,-118.597321,50.972957,0.000000,4.748652,23.920169,95.675253,1,0,429.615123
1789500306,1,-118.596153,50.972507,0.000000,4.748652,24.265623,96.108198,1,0,430.187807
1789500311,1,-118.594551,50.972037,0.000000,4.748652,25.451798,124.078195,1,0,430.335529
1789500316,1,-118.592777,50.971682,0.000000,4.748652,26.390838,130.712512,1,0,430.630108
1789500320,1,-118.591336,50.971391,0.000000,4.748652,26.700754,106.265319,1,0,430.445127
1789500324,1,-118.589869,50.971113,0.000000,4.748652,27.008019,107.591909,1,0,431.100087
1789500329,1,-118.587957,50.971004,0.000000,4.748651,26.826721,134.856286,1,0,430.164293
1789500334,1,-118.586057,50.970977,0.000000,4.748652,26.627164,133.500768,1,0,429.649400
1789500339,1,-118.584191,50.970916,0.000000,4.748652,25.891283,131.254169,1,0,429.030914
1789500343,1,-118.582755,50.970860,0.000000,4.748652,24.822669,101.065136,1,0,429.096627
1789500347,1,-118.581386,50.970775,0.000000,4.748652,23.842545,96.630298,1,0,428.479385
1789500352,1,-118.579689,50.970667,0.000000,4.748652,24.397782,119.811077,1,0,428.385253
1789500356,1,-118.578286,50.970576,0.000000,4.748652,24.845251,99.073447,1,0,428.498667
1789500360,1,-118.576888,50.970419,0.000000,4.748652,24.897345,99.744870,1,0,428.310723
1789500365,1,-118.575213,50.970070,0.000000,4.748652,24.480261,123.902702,1,0,428.001806
1789500370,1,-118.573543,50.969816,0.000000,4.748652,24.139009,120.666041,1,0,428.611343
1789500375,1,-118.571818,50.969840,0.000000,4.748652,24.197049,121.203352,1,0,428.981666
1789500380,1,-118.570160,50.970130,0.000000,4.748651,24.329514,120.853788,1,0,428.500852
1789500384,1,-118.568917,50.970533,0.000000,4.748651,24.756918,98.154198,1,0,429.080701
1789500388,1,-118.567793,50.971101,0.000000,4.748651,25.369244,101.130803,1,0,429.800668
1789500393,1,-118.566426,50.971867,0.000000,4.748651,25.880242,128.388839,1,0,430.642497
1789500397,1,-118.565306,50.972496,0.000000,4.748651,26.561201,105.294518,1,0,430.402474
1789500402,1,-118.563860,50.973297,0.000000,4.748651,27.186914,135.126327,1,0,430.639451
1789500406,1,-118.562556,50.973807,0.000000,4.748652,26.995270,107.750166,1,0,430.433951
1789500410,1,-118.561105,50.974128,0.000000,4.748652,27.089434,108.002082,1,0,430.148610
1789500414,1,-118.559636,50.974439,0.000000,4.748652,27.137135,108.837385,1,0,429.401604
1789500419,1,-118.557817,50.974821,0.000000,4.748652,26.749603,134.659502,1,0,429.358055
1789500424,1,-118.556048,50.975197,0.000000,4.748652,25.840829,131.116918,1,0,430.196031
1789500428,1,-118.554679,50.975485,0.000000,4.748651,25.176136,101.363944,1,0,431.189268
1789500432,1,-118.553317,50.975759,0.000000,4.748652,24.931470,100.413804,1,0,432.132454
1789500437,1,-118.551586,50.975817,0.000000,4.748652,24.710017,121.766593,1,0,434.226096
1789500441,1,-118.550275,50.975542,0.000000,4.748652,24.276340,97.041528,1,0,437.628961
1789500446,1,-118.548735,50.975086,0.000000,4.748652,23.678675,119.483928,1,0,443.908207
1789500450,1,-118.547424,50.974934,0.000000,4.748652,23.442290,93.632231,1,0,448.705279
1789500454,1,-118.546086,50.975002,0.000000,4.748652,23.621967,94.293135,1,0,452.762939
1789500459,1,-118.544792,50.975197,0.000000,4.748652,23.018450,93.451497,1,0,456.313980
1789500463,1,-118.543569,50.975385,0.000000,4.748652,21.578342,88.420442,1,0,459.464824
1789500468,1,-118.542168,50.975600,0.000000,4.748652,19.365120,101.280009,1,0,462.601377
1789500474,1,-118.540628,50.975841,0.000000,4.748652,17.992124,111.452353,1,0,464.419946
1789500480,1,-118.539111,50.976074,0.000000,4.748652,18.883069,109.671078,1,0,465.866210
1789500486,1,-118.537456,50.976330,0.000000,4.748652,21.127874,119.683368,1,0,465.686382
1789500492,1,-118.535540,50.976624,0.000000,4.748652,24.374696,138.495313,1,0,463.808309
1789500497,1,-118.533799,50.976895,0.000000,4.748652,25.565579,125.947573,1,0,461.553146
1789500501,1,-118.532371,50.977118,0.000000,4.748652,25.861715,103.323697,1,0,459.967213
1789500506,1,-118.530565,50.977308,0.000000,4.748652,25.819536,128.600176,1,0,457.637836
1789500510,1,-118.529115,50.977232,0.000000,4.748652,25.649018,102.196369,1,0,456.752629
1789500514,1,-118.527703,50.976966,0.000000,4.748652,26.137162,103.498149,1,0,457.456932
1789500519,1,-118.525968,50.976549,0.000000,4.748652,26.153621,130.396339,1,0,458.061164
1789500524,1,-118.524318,50.976011,0.000000,4.748652,26.266858,130.437928,1,0,459.349685
1789500528,1,-118.523181,50.975398,0.000000,4.748651,26.459875,105.019281,1,0,460.562817
1789500533,1,-118.522076,50.974440,0.000000,4.748651,26.513189,131.847835,1,0,462.416649
1789500538,1,-118.521166,50.973388,0.000000,4.748651,26.736524,133.356865,1,0,464.216306
1789500541,1,-118.520406,50.972571,0.000000,4.748651,26.082267,105.411943,1,0,467.055442
1789500545,1,-118.519355,50.971895,0.000000,4.748651,25.929579,105.384663,1,0,469.565687
1789500549,1,-118.518064,50.971451,0.000000,4.748651,26.005225,103.260215,1,0,471.567693
1789500553,1,-118.516593,50.971178,0.000000,4.748651,27.592878,107.703430,1,0,472.222370
1789500557,1,-118.515040,50.970914,0.000000,4.748652,28.414471,112.977028,1,0,471.247378
1789500562,1,-118.513139,50.970505,0.000000,4.748652,28.071474,141.077813,1,0,469.214479
1789500566,1,-118.511827,50.969965,0.000000,4.748652,27.444701,110.015399,1,0,468.661198
1789500571,1,-118.510284,50.969247,0.000000,4.748651,26.620648,134.645561,1,0,468.282277
1789500575,1,-118.508995,50.968744,0.000000,4.748651,26.635330,106.444877,1,0,467.341972
1789500579,1,-118.507777,50.968183,0.000000,4.748651,26.364461,105.905830,1,0,467.301253
1789500585,1,-118.506458,50.967349,0.000000,4.748651,26.173816,131.127329,1,0,467.388281
1789500590,1,-118.505211,50.966442,0.000000,4.748651,27.200781,133.625809,1,0,467.519247
1789500594,1,-118.504292,50.965649,0.000000,4.748651,27.428219,109.326299,1,0,467.725010
1789500598,1,-118.503453,50.964821,0.000000,4.748651,27.556658,109.363384,1,0,467.406523
1789500602,1,-118.502921,50.963858,0.000000,4.748651,28.692229,113.471314,1,0,469.108470
1789500607,1,-118.502059,50.962614,0.000000,4.748651,31.426911,151.071470,1,0,474.404530
1789500611,1,-118.501070,50.961620,0.000000,4.748651,33.014721,130.604198,1,0,480.005342
1789500615,1,-118.500075,50.960615,0.000000,4.748651,32.911327,131.868992,1,0,485.566566
1789500620,1,-118.498792,50.959380,0.000000,4.748651,32.902731,164.333100,1,0,493.863170
1789500624,1,-118.497522,50.958522,0.000000,4.748651,32.460011,130.669943,1,0,500.804872
1789500628,1,-118.496115,50.957751,0.000000,4.748652,32.875046,130.885324,1,0,507.344589
1789500632,1,-118.494733,50.957026,0.000000,4.748652,30.686266,126.233847,1,0,513.741030
1789500636,1,-118.493455,50.956358,0.000000,4.748652,28.477315,116.561081,1,0,519.916693
1789500640,1,-118.492297,50.955677,0.000000,4.748651,27.603333,111.184125,1,0,525.203180
1789500645,1,-118.491375,50.954604,0.000000,4.748651,27.215298,135.826296,1,0,529.952712
1789500649,1,-118.490838,50.953692,0.000000,4.748651,26.902740,108.255696,1,0,532.029770
1789500653,1,-118.489990,50.952894,0.000000,4.748651,26.820116,106.926275,1,0,532.150957
1789500657,1,-118.488802,50.952302,0.000000,4.748651,26.796258,106.334720,1,0,530.107575
1789500662,1,-118.487012,50.951839,0.000000,4.748652,27.341805,135.922144,1,0,525.608369
1789500665,1,-118.485568,50.951479,0.000000,4.748652,27.259021,109.088324,1,0,520.665485
1789500669,1,-118.484292,50.950958,0.000000,4.748651,26.676793,106.776460,1,0,516.682147
1789500673,1,-118.483332,50.950231,0.000000,4.748651,26.141227,105.326935,1,0,516.766303
1789500677,1,-118.482721,50.949378,0.000000,4.748651,26.320550,104.163865,1,0,520.674518
1789500682,1,-118.482062,50.948268,0.000000,4.748651,26.450542,131.893090,1,0,524.719649
1789500686,1,-118.481531,50.947370,0.000000,4.748651,26.855429,106.650104,1,0,526.167925
1789500690,1,-118.481184,50.946422,0.000000,4.748651,27.199534,108.253645,1,0,524.454108
1789500694,1,-118.481204,50.945444,0.000000,4.748651,27.288964,108.817814,1,0,522.064619
1789500699,1,-118.481750,50.944267,0.000000,4.748651,27.170305,136.456019,1,0,518.495878
1789500703,1,-118.482340,50.943364,0.000000,4.748651,27.094620,108.686251,1,0,515.857377
1789500708,1,-118.483078,50.942246,0.000000,4.748651,27.020093,134.766503,1,0,511.412865
1789500713,1,-118.483574,50.941330,0.000000,4.748651,26.930201,107.708335,1,0,508.970225
1789500717,1,-118.483690,50.940364,0.000000,4.748651,27.031523,107.782173,1,0,506.322281
1789500721,1,-118.483651,50.939397,0.000000,4.748651,26.782156,107.619447,1,0,505.306300
1789500725,1,-118.483729,50.938445,0.000000,4.748651,26.491224,106.057506,1,0,506.812523
1789500729,1,-118.484103,50.937526,0.000000,4.748651,26.508909,105.570001,1,0,510.150991
1789500734,1,-118.484671,50.936399,0.000000,4.748651,26.433439,131.588965,1,0,516.935644
1789500739,1,-118.484477,50.935233,0.000000,4.748651,26.355356,130.439595,1,0,524.614247
1789500744,1,-118.483741,50.934128,0.000000,4.748651,26.728374,133.382642,1,0,532.392398
1789500748,1,-118.483128,50.933247,0.000000,4.748651,27.053246,107.071996,1,0,538.064418
1789500752,1,-118.482507,50.932345,0.000000,4.748651,27.469351,109.438044,1,0,540.632468
1789500757,1,-118.481588,50.931256,0.000000,4.748651,27.604473,137.307238,1,0,538.569368
1789500761,1,-118.480430,50.930562,0.000000,4.748651,28.407968,112.206522,1,0,532.600673
1789500765,1,-118.479215,50.929909,0.000000,4.748651,27.590170,112.139649,1,0,526.011863
1789500769,1,-118.478055,50.929267,0.000000,4.748651,27.011726,108.412412,1,0,519.605568
1789500773,1,-118.476908,50.928623,0.000000,4.748652,26.874022,107.874063,1,0,513.185815
1789500777,1,-118.475717,50.928027,0.000000,4.748651,26.607340,106.810917,1,0,507.615502
1789500781,1,-118.474325,50.927704,0.000000,4.748652,26.078528,104.256938,1,0,505.339900
1789500785,1,-118.472485,50.927730,0.000000,4.748652,26.816938,129.398023,1,0,505.220179
1789500790,1,-118.470754,50.927875,0.000000,4.748652,20.668913,122.766700,1,0,504.752736
1789500876,1,-118.471238,50.927958,0.000000,10.265331,0.015715,35.259464,1,0,503.583253
1789501105,1,-118.472042,50.927829,0.000000,63.133414,1.967010,33.036352,1,0,504.074120
1789501109,1,-118.472018,50.928119,0.000000,11.814909,0.517439,32.308246,1,0,497.937094
1789501310,1,-118.471262,50.928039,0.000000,19.274555,0.084156,53.892411,1,0,498.613830
1789501633,1,-118.469862,50.927974,0.000000,4.748651,16.661603,98.695649,1,0,504.281672
1789501638,1,-118.468497,50.928105,0.000000,4.748651,20.572527,97.070017,1,0,504.565491
1789501643,1,-118.466884,50.928254,0.000000,4.748651,24.525283,114.611071,1,0,505.577263
1789501647,1,-118.465433,50.928385,0.000000,4.748651,25.645608,103.051936,1,0,506.198108
1789501652,1,-118.463617,50.928554,0.000000,4.748651,26.036341,129.055336,1,0,506.495332
1789501657,1,-118.461803,50.928731,0.000000,4.748651,25.702259,129.049047,1,0,506.970010
1789501661,1,-118.460402,50.928994,0.000000,4.748651,25.594950,102.754861,1,0,507.242818
1789501665,1,-118.459178,50.929487,0.000000,4.748649,25.421452,102.049590,1,0,508.093371
1789501670,1,-118.457564,50.930064,0.000000,4.748650,25.938132,130.375668,1,0,510.489440
1789501675,1,-118.455837,50.930456,0.000000,4.748651,25.865500,129.015911,1,0,511.365753
1789501679,1,-118.454451,50.930779,0.000000,4.748650,25.998736,103.861120,1,0,510.706496
1789501683,1,-118.453100,50.931158,0.000000,4.748650,25.968766,103.924005,1,0,509.242916
1789501688,1,-118.451361,50.931545,0.000000,4.748651,25.918859,129.624367,1,0,508.003269
1789501692,1,-118.449933,50.931763,0.000000,4.748651,25.733460,103.287064,1,0,507.968310
1789501696,1,-118.448580,50.932077,0.000000,4.748650,25.305106,101.337869,1,0,507.815159
1789501701,1,-118.447031,50.932666,0.000000,4.748649,25.418552,127.101194,1,0,507.943502
1789501706,1,-118.445578,50.933374,0.000000,4.748649,25.813978,128.998371,1,0,509.349862
1789501710,1,-118.444302,50.933820,0.000000,4.748650,25.602719,102.520532,1,0,508.757427
1789501714,1,-118.442911,50.934079,0.000000,4.748651,25.551560,101.954447,1,0,508.651672
1789501718,1,-118.441522,50.934390,0.000000,4.748651,25.849654,103.605529,1,0,509.049985
1789501723,1,-118.439883,50.934926,0.000000,4.748651,25.892145,129.749664,1,0,508.927230
1789501728,1,-118.438203,50.935387,0.000000,4.748651,25.873291,128.771430,1,0,510.097725
1789501733,1,-118.436491,50.935796,0.000000,4.748651,25.740410,128.680457,1,0,510.804643
1789501738,1,-118.434683,50.936203,0.000000,4.748651,27.630845,134.927125,1,0,512.347957
1789501742,1,-118.433234,50.936576,0.000000,4.748651,27.569553,109.993159,1,0,512.530474
1789501747,1,-118.431531,50.937182,0.000000,4.748651,27.459422,137.399578,1,0,514.017519
1789501751,1,-118.430267,50.937756,0.000000,4.748651,27.338993,109.426470,1,0,516.387237
1789501756,1,-118.428840,50.938580,0.000000,4.748651,27.243920,135.897041,1,0,520.604829
1789501760,1,-118.427924,50.939377,0.000000,4.748651,27.537232,109.586759,1,0,522.792283
1789501764,1,-118.427229,50.940265,0.000000,4.748651,27.555484,110.216609,1,0,524.404338
1789501768,1,-118.426733,50.941211,0.000000,4.748652,27.589577,110.873009,1,0,525.345030
1789501772,1,-118.426157,50.942134,0.000000,4.748652,27.626218,110.383343,1,0,525.717137
1789501777,1,-118.425062,50.943156,0.000000,4.748652,27.467083,137.306500,1,0,526.407333
1789501781,1,-118.423928,50.943821,0.000000,4.748652,27.059913,108.756020,1,0,529.567567
1789501785,1,-118.422601,50.944318,0.000000,4.748652,27.214090,108.436113,1,0,534.317195
1789501789,1,-118.421156,50.944687,0.000000,4.748651,27.517938,109.556114,1,0,537.682251
1789501794,1,-118.419321,50.945133,0.000000,4.748652,27.672307,138.202744,1,0,540.845794
1789501798,1,-118.417885,50.945543,0.000000,4.748652,27.802393,110.769061,1,0,541.245393
1789501802,1,-118.416549,50.946078,0.000000,4.748652,27.787333,111.177122,1,0,541.396401
1789501807,1,-118.415095,50.946926,0.000000,4.748652,27.916581,139.085953,1,0,539.320519
1789501812,1,-118.413869,50.947917,0.000000,4.748652,27.946629,139.933796,1,0,534.919085
1789501817,1,-118.412370,50.948688,0.000000,4.748651,26.795163,135.861099,1,0,533.471765
1789501821,1,-118.410997,50.949036,0.000000,4.748651,26.095138,103.978883,1,0,535.854505
1789501825,1,-118.409593,50.949432,0.000000,4.748651,27.216021,108.069095,1,0,536.444070
1789501829,1,-118.408280,50.949964,0.000000,4.748651,27.505235,109.634527,1,0,535.870333
1789501834,1,-118.406854,50.950815,0.000000,4.748652,27.670254,137.868199,1,0,535.031169
1789501838,1,-118.405872,50.951588,0.000000,4.748652,27.651546,110.268247,1,0,534.046589
1789501843,1,-118.404722,50.952589,0.000000,4.748652,27.406330,137.603429,1,0,533.573794
1789501847,1,-118.403897,50.953419,0.000000,4.748654,27.219384,109.036119,1,0,534.868625
1789501852,1,-118.402960,50.954484,0.000000,4.748654,27.166009,135.557484,1,0,537.906662
1789501857,1,-118.402025,50.955558,0.000000,4.748653,27.492495,136.362792,1,0,540.659519
1789501862,1,-118.401040,50.956631,0.000000,4.748652,27.764409,137.993849,1,0,541.797377
1789501867,1,-118.399704,50.957472,0.000000,4.748652,24.488619,132.547161,1,0,541.526842
1789501872,1,-118.398867,50.957710,0.000000,4.748651,6.526760,64.502790,1,0,539.868330
1789502066,1,-118.397889,50.958096,0.000000,4.748651,13.903921,81.039993,1,0,542.314500
1789502071,1,-118.396711,50.958427,0.000000,4.748651,20.816402,90.601624,1,0,542.639334
1789502076,1,-118.395311,50.958900,0.000000,4.748651,22.953376,111.570516,1,0,542.252618
1789502081,1,-118.393920,50.959498,0.000000,4.748651,23.182687,118.241509,1,0,541.143308
1789502084,1,-118.392756,50.959946,0.000000,4.748651,24.594248,95.785789,1,0,541.184784
1789502089,1,-118.391104,50.960518,0.000000,4.748651,27.547531,132.376124,1,0,540.266735
1789502093,1,-118.389725,50.960982,0.000000,4.748651,27.140182,109.787583,1,0,541.877507
1789502098,1,-118.388014,50.961554,0.000000,4.748651,27.304048,136.025858,1,0,545.073622
1789502102,1,-118.386644,50.962013,0.000000,4.748652,27.165776,108.968192,1,0,550.145359
1789502106,1,-118.385274,50.962481,0.000000,4.748652,27.405023,109.441107,1,0,554.754494
1789502110,1,-118.383827,50.962844,0.000000,4.748651,27.313920,109.399253,1,0,559.931586
1789502115,1,-118.381926,50.962965,0.000000,4.748650,27.080854,134.248244,1,0,563.022131
1789502119,1,-118.380368,50.962901,0.000000,4.748650,27.844347,109.702424,1,0,563.600190
1789502123,1,-118.378792,50.962828,0.000000,4.748650,27.848992,111.033282,1,0,562.457148
1789502128,1,-118.376819,50.962736,0.000000,4.748651,27.897728,139.007906,1,0,559.616742
1789502133,1,-118.374842,50.962686,0.000000,4.748651,27.808603,139.022887,1,0,557.229642
1789502138,1,-118.373022,50.963059,0.000000,4.748650,26.522625,134.445086,1,0,556.148830
1789502143,1,-118.371583,50.963752,0.000000,4.748650,25.294904,127.152467,1,0,555.642686
1789502147,1,-118.370343,50.964305,0.000000,4.748651,27.293667,106.660602,1,0,555.918891
1789502151,1,-118.368959,50.964768,0.000000,4.748651,27.388281,110.045900,1,0,556.230126
1789502155,1,-118.367541,50.965174,0.000000,4.748651,27.497423,109.395212,1,0,557.060054
1789502159,1,-118.366113,50.965580,0.000000,4.748651,27.438647,110.025461,1,0,557.701016
1789502164,1,-118.364283,50.966002,0.000000,4.748651,27.451757,136.873071,1,0,559.799822
1789502169,1,-118.362419,50.966364,0.000000,4.748651,27.362434,137.010614,1,0,561.260112
1789502173,1,-118.361085,50.966851,0.000000,4.748651,27.305500,108.256498,1,0,562.120132
1789502177,1,-118.359931,50.967515,0.000000,4.748651,27.467319,109.684764,1,0,562.820842
1789502181,1,-118.359013,50.968319,0.000000,4.748651,27.518779,110.277373,1,0,564.857286
1789502186,1,-118.357885,50.969333,0.000000,4.748651,27.690581,137.868159,1,0,564.666863
1789502191,1,-118.356455,50.970177,0.000000,4.748651,27.450681,137.516965,1,0,562.729353
1789502195,1,-118.355097,50.970644,0.000000,4.748651,27.180108,108.628871,1,0,561.375298
1789502199,1,-118.353608,50.970909,0.000000,4.748651,27.078113,108.675752,1,0,560.410349
1789502203,1,-118.352103,50.971083,0.000000,4.748651,26.880448,107.481719,1,0,561.268177
1789502207,1,-118.350588,50.971241,0.000000,4.748651,27.133974,107.868457,1,0,563.065399
1789502211,1,-118.349042,50.971325,0.000000,4.748651,27.390760,109.005569,1,0,564.800162
1789502215,1,-118.347477,50.971333,0.000000,4.748651,27.626279,109.942548,1,0,565.306569
1789502219,1,-118.345904,50.971273,0.000000,4.748651,27.691671,110.702387,1,0,565.041880
1789502223,1,-118.344338,50.971194,0.000000,4.748651,27.574488,110.359750,1,0,564.586472
1789502227,1,-118.342776,50.971117,0.000000,4.748651,27.546944,110.062102,1,0,564.322058
1789502233,1,-118.340825,50.971025,0.000000,4.748651,27.471767,137.436548,1,0,564.408231
1789502237,1,-118.339260,50.971026,0.000000,4.748651,27.517941,109.938989,1,0,564.251927
1789502242,1,-118.337335,50.971244,0.000000,4.748651,27.485284,137.386257,1,0,564.281890
1789502246,1,-118.335848,50.971555,0.000000,4.748651,27.551300,110.041048,1,0,563.698774
1789502250,1,-118.334371,50.971891,0.000000,4.748651,27.589359,110.285897,1,0,563.139361
1789502255,1,-118.332544,50.972353,0.000000,4.748651,27.705641,138.254265,1,0,560.788569
1789502260,1,-118.330716,50.972833,0.000000,4.748651,27.828519,139.076061,1,0,558.740979
1789502265,1,-118.328942,50.973378,0.000000,4.748651,27.670842,138.589215,1,0,556.705363
1789502270,1,-118.327444,50.974174,0.000000,4.748651,27.565666,137.538481,1,0,554.010280
1789502274,1,-118.326310,50.974845,0.000000,4.748651,27.071607,109.174906,1,0,553.797735
1789502279,1,-118.324917,50.975674,0.000000,4.748651,26.999029,134.464255,1,0,555.503604
1789502284,1,-118.323530,50.976520,0.000000,4.748651,27.254226,135.465210,1,0,558.322583
1789502288,1,-118.322401,50.977195,0.000000,4.748651,27.399171,109.218529,1,0,560.676477
1789502292,1,-118.321178,50.977809,0.000000,4.748651,27.480362,109.755248,1,0,562.765173
1789502296,1,-118.319797,50.978279,0.000000,4.748651,27.492450,110.199637,1,0,565.407777
1789502300,1,-118.318357,50.978662,0.000000,4.748651,27.476328,109.756764,1,0,567.776663
1789502305,1,-118.316553,50.979143,0.000000,4.748651,27.471015,137.552177,1,0,570.489891
1789502309,1,-118.314747,50.979621,0.000000,4.748651,27.496950,137.552273,1,0,573.376032
1789502313,1,-118.313253,50.979904,0.000000,4.748651,27.294398,109.562218,1,0,575.285827
1789502317,1,-118.311738,50.979941,0.000000,4.748651,26.529902,106.495212,1,0,576.776606
1789502322,1,-118.309866,50.979709,0.000000,4.748651,27.543463,134.001291,1,0,578.348442
1789502327,1,-118.307929,50.979505,0.000000,4.748651,27.693870,137.937599,1,0,577.853192
1789502331,1,-118.306353,50.979533,0.000000,4.748651,27.757144,110.744183,1,0,576.235668
1789502336,1,-118.304428,50.979813,0.000000,4.748651,27.911307,138.756729,1,0,572.902791
1789502340,1,-118.302978,50.980227,0.000000,4.748651,27.929745,111.780956,1,0,569.056256
1789502344,1,-118.301677,50.980788,0.000000,4.748651,27.511172,110.656383,1,0,564.879580
1789502349,1,-118.300255,50.981620,0.000000,4.748651,27.085770,136.172314,1,0,559.627632
1789502353,1,-118.299126,50.982292,0.000000,4.748651,27.320829,108.982805,1,0,555.480711
1789502358,1,-118.297990,50.982971,0.000000,4.748651,27.539792,109.874953,1,0,551.254804
1789502362,1,-118.296845,50.983657,0.000000,4.748651,27.765097,110.869414,1,0,547.250678
1789502366,1,-118.295680,50.984339,0.000000,4.748651,27.917899,111.589283,1,0,543.326398
1789502371,1,-118.294137,50.985131,0.000000,4.748651,27.923365,139.672327,1,0,538.171812
1789502375,1,-118.292802,50.985668,0.000000,4.748651,27.684429,111.170011,1,0,534.168537
1789502380,1,-118.291041,50.986218,0.000000,4.748651,27.592747,137.978160,1,0,528.718777
1789502385,1,-118.289194,50.986733,0.000000,4.748651,28.780188,141.798347,1,0,524.789023
1789502390,1,-118.287257,50.987269,0.000000,4.748651,29.755547,148.524296,1,0,524.183825
1789502394,1,-118.285698,50.987702,0.000000,4.748651,30.006634,119.611740,1,0,524.952748
1789502398,1,-118.284125,50.988137,0.000000,4.748651,30.201539,120.601418,1,0,525.846155
1789502402,1,-118.282549,50.988573,0.000000,4.748651,30.200433,120.839050,1,0,526.511498
1789502406,1,-118.280965,50.989006,0.000000,4.748651,30.252456,121.220796,1,0,527.556802
1789502411,1,-118.278993,50.989555,0.000000,4.748651,30.258736,151.356550,1,0,528.605581
1789502415,1,-118.277410,50.989992,0.000000,4.748651,30.409570,121.334027,1,0,528.587077
1789502419,1,-118.275824,50.990429,0.000000,4.748651,30.382690,121.516529,1,0,526.966217
1789502424,1,-118.273827,50.990967,0.000000,4.748651,30.704922,152.466575,1,0,522.762401
1789502429,1,-118.271771,50.991385,0.000000,4.748651,30.144328,151.674119,1,0,517.838240
1789502434,1,-118.269681,50.991625,0.000000,4.748651,29.992507,149.165246,1,0,515.835280
1789502438,1,-118.267977,50.991702,0.000000,4.748651,30.031431,119.957976,1,0,517.664418
1789502443,1,-118.265831,50.991721,0.000000,4.748651,30.235722,150.702993,1,0,521.746854
1789502447,1,-118.264105,50.991738,0.000000,4.748651,30.380433,121.211345,1,0,522.647623
1789502450,1,-118.262366,50.991749,0.000000,4.748651,30.628891,122.115555,1,0,521.538460
1789502454,1,-118.260628,50.991771,0.000000,4.748651,30.515404,122.063721,1,0,519.917629
1789502459,1,-118.258491,50.991928,0.000000,4.748651,30.318965,151.069414,1,0,517.984468
1789502463,1,-118.256814,50.992180,0.000000,4.748651,30.238647,121.047473,1,0,516.126799
1789502467,1,-118.255139,50.992440,0.000000,4.748651,30.259956,121.120310,1,0,514.715436
1789502471,1,-118.253461,50.992705,0.000000,4.748651,30.293794,121.458683,1,0,513.104847
1789502475,1,-118.251777,50.992966,0.000000,4.748651,30.505965,121.760493,1,0,510.318101
1789502480,1,-118.249653,50.993300,0.000000,4.748651,30.816778,153.702668,1,0,504.336800
1789502485,1,-118.247947,50.993568,0.000000,4.748651,30.763361,123.446854,1,0,497.896171
1789502490,1,-118.245872,50.993957,0.000000,4.748651,29.750440,151.993940,1,0,489.660019
1789502494,1,-118.244482,50.994497,0.000000,4.748651,28.823706,114.611189,1,0,482.688835
1789502498,1,-118.243400,50.995274,0.000000,4.748651,28.630350,115.083013,1,0,477.834803
1789502502,1,-118.242661,50.996165,0.000000,4.748652,27.633165,111.887385,1,0,475.449971
1789502506,1,-118.241999,50.997039,0.000000,4.748652,26.565929,107.775663,1,0,473.447927
1789502510,1,-118.241367,50.997847,0.000000,4.748652,23.805330,100.250272,1,0,471.787706
1789502514,1,-118.240714,50.998529,0.000000,4.748652,21.140072,88.652655,1,0,471.195122
1789502520,1,-118.239614,50.999335,0.000000,4.748652,18.763452,118.346577,1,0,472.057813
1789502525,1,-118.238653,50.999840,0.000000,4.748651,16.538307,87.802150,1,0,472.124811
1789502530,1,-118.237760,51.000238,0.000000,4.748651,14.852934,76.752204,1,0,471.654544
1789502536,1,-118.236724,51.000688,0.000000,4.748652,14.707488,88.296167,1,0,470.308826
1789502543,1,-118.235481,51.001230,0.000000,4.748652,15.637900,106.070139,1,0,467.263445
1789502548,1,-118.234512,51.001650,0.000000,4.748651,16.940327,82.529240,1,0,464.653352
1789502554,1,-118.233309,51.002174,0.000000,4.748651,17.056053,102.621382,1,0,460.832531
1789502559,1,-118.232348,51.002506,0.000000,4.748651,13.853960,76.914514,1,0,457.830430
1789502565,1,-118.231374,51.002724,0.000000,4.748652,11.112973,72.551456,1,0,455.213672
1789502571,1,-118.230283,51.002848,0.000000,4.748652,11.117873,77.823586,1,0,452.232096
1789502578,1,-118.229228,51.002935,0.000000,4.748652,10.726273,74.693525,1,0,450.293479
1789502586,1,-118.228028,51.003030,0.000000,4.748652,10.786258,84.903504,1,0,448.525112
1789502593,1,-118.226940,51.003120,0.000000,4.748652,11.174215,77.033897,1,0,447.867405
1789502599,1,-118.226081,51.003210,0.000000,4.748652,7.233900,61.129623,1,0,447.277171
1789502630,1,-118.225120,51.003401,0.000000,4.748652,9.940637,70.732138,1,0,447.165069
1789502638,1,-118.224035,51.003754,0.000000,4.748652,11.040439,85.698484,1,0,447.480068
1789502645,1,-118.223165,51.004181,0.000000,4.748652,11.034470,77.376718,1,0,447.955498
1789502652,1,-118.222428,51.004690,0.000000,4.748652,10.959876,76.706164,1,0,447.786508
1789502659,1,-118.221733,51.005202,0.000000,4.748652,10.668006,74.998931,1,0,448.654651
1789502666,1,-118.221046,51.005710,0.000000,4.748652,10.781508,74.295779,1,0,450.049261
1789502673,1,-118.220335,51.006233,0.000000,4.748652,11.191780,76.659067,1,0,451.001647
1789502680,1,-118.219608,51.006781,0.000000,4.748652,11.372580,79.507246,1,0,451.270896
1789502686,1,-118.218875,51.007328,0.000000,4.748652,11.425658,79.693232,1,0,450.278561
1789502693,1,-118.218128,51.007860,0.000000,4.748652,11.249977,79.074435,1,0,448.501093
1789502700,1,-118.217338,51.008349,0.000000,4.748652,10.920658,77.685191,1,0,447.634445
1789502707,1,-118.216627,51.008824,0.000000,4.748652,9.056393,72.688753,1,0,448.066141
1789502716,1,-118.215997,51.009073,0.000000,4.748652,4.604887,52.183453,1,0,448.370844
1789502726,1,-118.214951,51.008781,0.000000,4.748652,9.682365,80.290057,1,0,448.269587
1789502735,1,-118.213944,51.008604,0.000000,4.748652,10.230960,73.378271,1,0,448.750470
1789502742,1,-118.212989,51.008422,0.000000,4.748652,9.624877,70.027716,1,0,449.106003
1789502781,1,-118.214258,51.008728,0.000000,4.748652,9.164410,26.002715,1,0,449.987343
1789502794,1,-118.214300,51.009136,0.000000,4.748652,2.848837,45.488185,1,0,451.187687
1789502808,1,-118.214290,51.009663,0.000000,4.748652,4.148476,58.636245,1,0,451.403374
1789502875,1,-118.214286,51.009425,0.000000,4.748652,0.183142,26.480477,1,0,451.863298
1789504557,1,-118.214816,51.009718,0.000000,4.748652,3.242297,49.464444,1,0,451.761837
1789504571,1,-118.215156,51.009457,0.000000,4.748652,0.978612,37.587253,1,0,451.004609
1789504589,1,-118.214952,51.009167,0.000000,4.748652,0.972344,35.299331,1,0,450.973493
1789504685,1,-118.215714,51.009324,0.000000,4.748651,5.798107,56.268527,1,0,451.198974
1789504698,1,-118.214053,51.010182,0.000000,4.748651,17.093564,150.677258,1,0,458.455263
1789504703,1,-118.212857,51.010434,0.000000,4.748651,17.900228,88.503067,1,0,461.639271
1789504708,1,-118.211728,51.010543,0.000000,4.748652,13.858020,80.164863,1,0,463.953821
1789504715,1,-118.210911,51.010575,0.000000,4.748652,3.195377,57.454060,1,0,465.529434
1789504730,1,-118.210591,51.010548,0.000000,4.748652,0.017299,22.660173,1,0,466.164534
1789504775,1,-118.210504,51.010743,0.000000,4.748652,0.218248,22.538021,1,0,467.237714
1789504794,1,-118.209644,51.010398,0.000000,4.748652,11.973868,71.532085,1,0,469.293198
1789504801,1,-118.208261,51.009986,0.000000,4.748652,17.528604,107.348598,1,0,473.083732
1789504806,1,-118.207216,51.009472,0.000000,4.748652,18.835594,93.005187,1,0,476.428198
1789504812,1,-118.206374,51.008809,0.000000,4.748652,18.587123,94.517990,1,0,481.037818
1789504817,1,-118.205733,51.008131,0.000000,4.748652,16.672796,87.830374,1,0,485.494851
1789504823,1,-118.204954,51.007416,0.000000,4.748652,16.131570,96.527431,1,0,491.257961
1789504828,1,-118.204024,51.006983,0.000000,4.748652,16.513062,81.127156,1,0,495.849449
1789504833,1,-118.202901,51.006767,0.000000,4.748652,16.459953,82.403644,1,0,500.102710
1789504838,1,-118.201633,51.006730,0.000000,4.748652,19.089541,89.094138,1,0,504.390228
1789504843,1,-118.200255,51.006691,0.000000,4.748652,19.235843,96.817065,1,0,508.866535
1789504849,1,-118.198709,51.006368,0.000000,4.748652,19.157751,114.307314,1,0,514.963305
1789504854,1,-118.197588,51.005877,0.000000,4.748652,19.222580,95.785848,1,0,519.398020
1789504859,1,-118.196660,51.005242,0.000000,4.748652,19.224697,96.092661,1,0,523.487438
1789504865,1,-118.195576,51.004466,0.000000,4.748652,19.183796,115.082418,1,0,527.466790
1789504870,1,-118.194658,51.003818,0.000000,4.748652,19.359811,96.696438,1,0,529.951776
1789504875,1,-118.193737,51.003172,0.000000,4.748652,19.283509,96.671392,1,0,532.120117
1789504879,1,-118.192816,51.002525,0.000000,4.748652,19.384258,96.754161,1,0,532.974770
1789504884,1,-118.191831,51.001819,0.000000,4.748652,22.169417,104.644952,1,0,532.948871
1789504889,1,-118.190737,51.001093,0.000000,4.748652,22.259132,111.452699,1,0,531.465881
1789504893,1,-118.189757,51.000586,0.000000,4.748652,22.117194,88.961765,1,0,531.052490
1789504897,1,-118.188662,51.000191,0.000000,4.748652,22.092535,88.541052,1,0,529.932925
1789504902,1,-118.187194,50.999845,0.000000,4.748652,21.926014,110.013479,1,0,528.723961
1789504907,1,-118.185666,50.999676,0.000000,4.748652,21.536657,108.906277,1,0,528.778469
1789504912,1,-118.184137,50.999675,0.000000,4.748652,21.538379,107.341148,1,0,529.009514
1789504918,1,-118.182272,50.999703,0.000000,4.748652,21.842644,130.966514,1,0,529.395770
1789504924,1,-118.180396,50.999734,0.000000,4.748652,21.939699,131.746855,1,0,529.480020
1789504930,1,-118.178522,50.999769,0.000000,4.748652,21.835077,131.618917,1,0,530.051376
1789504936,1,-118.176956,50.999801,0.000000,4.748652,21.992722,109.996279,1,0,531.046112
1789504940,1,-118.175608,50.999829,0.000000,4.748652,24.725038,94.685557,1,0,531.225343
1789504945,1,-118.173755,50.999866,0.000000,4.748652,27.189059,130.152190,1,0,532.780980
1789504949,1,-118.172194,50.999891,0.000000,4.748652,27.300153,109.622980,1,0,535.154674
1789504953,1,-118.170634,50.999848,0.000000,4.748652,27.278763,109.621969,1,0,537.807386
1789504957,1,-118.169105,50.999655,0.000000,4.748652,27.219201,109.467915,1,0,540.249670
1789504962,1,-118.167274,50.999224,0.000000,4.748652,27.460857,137.195665,1,0,542.776306
1789504966,1,-118.165916,50.998736,0.000000,4.748652,27.460881,109.712664,1,0,545.188830
1789504971,1,-118.164399,50.997966,0.000000,4.748652,27.428364,136.678897,1,0,548.246625
1789504975,1,-118.163367,50.997224,0.000000,4.748652,27.528161,109.836630,1,0,550.606388
1789504979,1,-118.162433,50.996430,0.000000,4.748652,27.728945,110.014537,1,0,552.334920
1789504983,1,-118.161402,50.995676,0.000000,4.748652,27.806094,110.797757,1,0,551.572773
1789504988,1,-118.159835,50.994914,0.000000,4.748652,27.963895,138.895140,1,0,548.161855
1789504992,1,-118.158172,50.994235,0.000000,4.748652,27.709202,139.068021,1,0,544.372594
1789504997,1,-118.156527,50.993568,0.000000,4.748652,27.320260,137.282316,1,0,541.009706
1789505001,1,-118.155194,50.993075,0.000000,4.748652,27.108278,108.479369,1,0,538.421682
1789505005,1,-118.153792,50.992657,0.000000,4.748652,27.308620,108.868262,1,0,535.793003
1789505009,1,-118.152335,50.992300,0.000000,4.748652,27.492960,109.737196,1,0,533.076938
1789505014,1,-118.150441,50.991962,0.000000,4.748652,27.725568,138.193800,1,0,529.706840
1789505018,1,-118.148883,50.991777,0.000000,4.748652,27.833418,111.307674,1,0,527.485822
1789505022,1,-118.147309,50.991683,0.000000,4.748652,27.619509,111.005169,1,0,525.200027
1789505026,1,-118.145754,50.991672,0.000000,4.748652,27.015780,109.184249,1,0,524.060964
1789505031,1,-118.143804,50.991771,0.000000,4.748652,28.173768,137.352884,1,0,524.061481
1789505035,1,-118.142211,50.991948,0.000000,4.748652,28.474888,113.565797,1,0,526.440941
1789505040,1,-118.140255,50.992298,0.000000,4.748652,28.648261,142.745867,1,0,530.933292
1789505044,1,-118.138729,50.992667,0.000000,4.748652,28.721384,114.737598,1,0,534.804547
1789505049,1,-118.136889,50.993240,0.000000,4.748652,28.722602,144.061036,1,0,538.636821
1789505054,1,-118.135071,50.993842,0.000000,4.748651,28.812042,144.148140,1,0,542.524272
1789505059,1,-118.133742,50.994452,0.000000,4.748651,28.884364,115.380794,1,0,545.342995
1789505063,1,-118.132628,50.995227,0.000000,4.748651,29.132287,116.414172,1,0,546.598757
1789505067,1,-118.131652,50.996080,0.000000,4.748651,29.269231,117.056915,1,0,545.372033
1789505071,1,-118.130676,50.996933,0.000000,4.748651,29.311122,117.056884,1,0,543.269801
1789505076,1,-118.129182,50.997828,0.000000,4.748651,28.594154,144.631340,1,0,540.673610
1789505080,1,-118.127776,50.998318,0.000000,4.748651,28.074823,112.769310,1,0,538.603185
1789505085,1,-118.125977,50.998904,0.000000,4.748651,28.614771,142.142903,1,0,535.492440
1789505089,1,-118.124524,50.999380,0.000000,4.748651,28.782932,114.942982,1,0,533.148313
1789505093,1,-118.123068,50.999862,0.000000,4.748651,28.929119,115.438508,1,0,530.665144
1789505098,1,-118.121393,51.000615,0.000000,4.748651,28.893281,144.381571,1,0,528.281004
1789505102,1,-118.120300,51.001392,0.000000,4.748651,28.826067,115.589343,1,0,526.991550
1789505107,1,-118.119013,51.002403,0.000000,4.748651,28.866549,144.275478,1,0,524.832511
1789505111,1,-118.117736,51.003420,0.000000,4.748651,28.865677,144.359450,1,0,522.493984
1789505116,1,-118.116464,51.004435,0.000000,4.748651,28.798940,143.967072,1,0,520.300174
1789505121,1,-118.115154,51.005432,0.000000,4.748651,28.897770,144.083616,1,0,518.050011
1789505126,1,-118.113648,51.006309,0.000000,4.748651,28.738642,143.861433,1,0,516.923593
1789505130,1,-118.112281,51.006880,0.000000,4.748651,28.836934,115.081295,1,0,516.938612
1789505134,1,-118.110804,51.007335,0.000000,4.748651,28.871403,115.377670,1,0,516.305092
1789505139,1,-118.108849,51.007727,0.000000,4.748652,28.876634,143.996445,1,0,515.658361
1789505144,1,-118.106850,51.008026,0.000000,4.748652,28.874733,144.210859,1,0,514.967591
1789505149,1,-118.104849,51.008324,0.000000,4.748652,28.866357,144.321848,1,0,513.847061
1789505154,1,-118.102844,51.008624,0.000000,4.748652,28.928090,144.646289,1,0,512.199808
1789505159,1,-118.100908,51.009050,0.000000,4.748652,28.848415,143.926812,1,0,510.800759
1789505164,1,-118.099166,51.009743,0.000000,4.748652,28.800395,144.558936,1,0,508.910985
1789505169,1,-118.097488,51.010489,0.000000,4.748651,28.742027,144.082356,1,0,508.807250
1789505173,1,-118.096125,51.011069,0.000000,4.748651,28.908815,115.395220,1,0,509.196302
1789505177,1,-118.094683,51.011573,0.000000,4.748651,28.848147,115.706305,1,0,509.731482
1789505181,1,-118.093182,51.011981,0.000000,4.748651,28.549775,114.715372,1,0,512.178728
1789505186,1,-118.091724,51.012433,0.000000,4.748651,28.525868,114.022829,1,0,515.947379
1789505191,1,-118.089968,51.013087,0.000000,4.748651,28.671119,143.125865,1,0,522.213282
1789505195,1,-118.088624,51.013678,0.000000,4.748651,28.747817,114.987775,1,0,527.320887
1789505199,1,-118.087329,51.014315,0.000000,4.748651,28.870238,115.257956,1,0,531.817711
1789505203,1,-118.086050,51.014966,0.000000,4.748651,28.826195,115.346144,1,0,536.826329
1789505207,1,-118.084769,51.015616,0.000000,4.748651,28.795427,115.378001,1,0,541.824186
1789505211,1,-118.083435,51.016222,0.000000,4.748651,28.834397,115.371792,1,0,546.917504
1789505215,1,-118.081999,51.016728,0.000000,4.748651,28.777970,115.437411,1,0,551.854081
1789505219,1,-118.080542,51.017145,0.000000,4.748651,27.577800,112.286223,1,0,556.266135
1789505223,1,-118.079041,51.017494,0.000000,4.748651,28.986293,112.269722,1,0,561.555313
1789505227,1,-118.076940,51.017914,0.000000,4.748652,32.077315,154.677158,1,0,568.921623
1789505231,1,-118.075167,51.018264,0.000000,4.748652,32.649880,130.381600,1,0,574.795537
1789505236,1,-118.072938,51.018704,0.000000,4.748652,32.813327,163.914209,1,0,582.268081
1789505240,1,-118.071141,51.019060,0.000000,4.748652,33.044369,132.188764,1,0,586.345034
1789505244,1,-118.069335,51.019411,0.000000,4.748652,33.118573,132.626714,1,0,589.081655
1789505248,1,-118.067659,51.019898,0.000000,4.748652,31.788129,129.503235,1,0,589.924691
1789505253,1,-118.065873,51.020697,0.000000,4.748652,30.407974,153.655663,1,0,588.162141
1789505257,1,-118.064447,51.021315,0.000000,4.748652,30.257266,121.413134,1,0,586.548399
1789505261,1,-118.062868,51.021756,0.000000,4.748652,30.284162,121.181266,1,0,584.920903
1789505265,1,-118.061220,51.022076,0.000000,4.748652,30.279435,121.002179,1,0,583.625900
1789505269,1,-118.059554,51.022358,0.000000,4.748652,30.331427,121.045838,1,0,582.118580
1789505273,1,-118.057887,51.022645,0.000000,4.748652,30.268946,121.258885,1,0,580.481016
1789505278,1,-118.055829,51.023025,0.000000,4.748652,29.990745,150.478215,1,0,579.158743
1789505282,1,-118.054351,51.023543,0.000000,4.748652,29.591218,118.652926,1,0,577.003799
1789505286,1,-118.053062,51.024229,0.000000,4.748651,29.756637,118.351613,1,0,574.930131
1789505290,1,-118.051728,51.024911,0.000000,4.748652,30.213054,120.501464,1,0,574.245018
1789505295,1,-118.049921,51.025669,0.000000,4.748652,30.673836,152.275555,1,0,570.267881
1789505299,1,-118.048368,51.026189,0.000000,4.748652,30.841719,123.373562,1,0,564.390542
1789505303,1,-118.046755,51.026618,0.000000,4.748652,30.570780,122.830089,1,0,558.449915
1789505308,1,-118.044700,51.027049,0.000000,4.748652,30.276430,151.954848,1,0,550.962523
1789505313,1,-118.043057,51.027342,0.000000,4.748652,29.711961,119.802369,1,0,546.443449
1789505318,1,-118.040978,51.027602,0.000000,4.748652,29.930497,148.714538,1,0,541.429104
1789505322,1,-118.039280,51.027754,0.000000,4.748652,30.099667,120.335141,1,0,538.076052
1789505326,1,-118.037625,51.027971,0.000000,4.748652,29.455366,118.606982,1,0,539.101767
1789505330,1,-118.036024,51.028308,0.000000,4.748652,29.800076,118.426869,1,0,541.204226
1789505334,1,-118.034446,51.028725,0.000000,4.748652,30.128386,120.048435,1,0,542.620842
1789505339,1,-118.032480,51.029264,0.000000,4.748652,30.063086,150.416444,1,0,546.972308
1789505343,1,-118.030901,51.029698,0.000000,4.748652,30.146427,120.856440,1,0,550.724556
1789505346,1,-118.029319,51.030129,0.000000,4.748652,30.213676,120.916746,1,0,553.822346
1789505350,1,-118.027732,51.030556,0.000000,4.748652,30.237689,121.052497,1,0,556.789219
1789505354,1,-118.026132,51.030959,0.000000,4.748652,30.215734,120.876267,1,0,560.211268
1789505359,1,-118.024155,51.031497,0.000000,4.748652,30.175142,151.067069,1,0,565.191134
1789505363,1,-118.022579,51.031925,0.000000,4.748652,30.023650,120.387258,1,0,570.653962
1789505367,1,-118.021009,51.032360,0.000000,4.748652,30.130784,120.312031,1,0,576.234828
1789505371,1,-118.019507,51.032890,0.000000,4.748652,30.191204,120.754241,1,0,580.047173
1789505375,1,-118.018163,51.033577,0.000000,4.748652,30.493122,121.381278,1,0,582.907893
1789505380,1,-118.016509,51.034463,0.000000,4.748652,30.417050,152.259117,1,0,585.812857
1789505384,1,-118.015069,51.035066,0.000000,4.748652,30.285392,121.274976,1,0,587.859959
1789505389,1,-118.013053,51.035527,0.000000,4.748652,30.160401,150.437721,1,0,590.613487
1789505394,1,-118.010947,51.035823,0.000000,4.748652,30.290484,151.363866,1,0,592.616876
1789505398,1,-118.009260,51.036059,0.000000,4.748652,30.340934,121.222454,1,0,593.919307
1789505402,1,-118.007574,51.036294,0.000000,4.748652,30.291086,121.129931,1,0,595.337221
1789505406,1,-118.005890,51.036529,0.000000,4.748652,30.281051,120.992968,1,0,596.906215
1789505411,1,-118.003795,51.036840,0.000000,4.748652,30.211586,150.984648,1,0,599.693056
1789505416,1,-118.001766,51.037300,0.000000,4.748652,30.247509,151.257958,1,0,602.277507
1789505420,1,-118.000228,51.037795,0.000000,4.748652,30.306347,121.135572,1,0,603.971183
1789505425,1,-117.998384,51.038436,0.000000,4.748652,27.815707,147.715234,1,0,605.587081
1789505429,1,-117.997110,51.038887,0.000000,4.748652,25.047773,102.495212,1,0,605.329101
1789505433,1,-117.995785,51.039356,0.000000,4.748652,27.645263,106.595287,1,0,605.399380
1789505438,1,-117.994382,51.039849,0.000000,4.748652,27.802857,112.674316,1,0,605.969683
1789505443,1,-117.992676,51.040432,0.000000,4.748652,27.168987,136.114496,1,0,607.974309
1789505447,1,-117.991239,51.040799,0.000000,4.748652,27.265091,108.753080,1,0,610.327953
1789505451,1,-117.989704,51.040973,0.000000,4.748652,27.472706,109.397280,1,0,612.413282
1789505455,1,-117.988143,51.040963,0.000000,4.748652,27.410194,109.500162,1,0,614.714009
1789505459,1,-117.986580,51.040894,0.000000,4.748652,27.518900,109.903287,1,0,617.012792
1789505462,1,-117.985016,51.040858,0.000000,4.748652,27.521631,109.778114,1,0,619.368024
1789505466,1,-117.983453,51.040917,0.000000,4.748652,27.508007,109.831259,1,0,621.808910
1789505470,1,-117.981905,51.041060,0.000000,4.748652,27.409043,109.742238,1,0,624.710078
1789505474,1,-117.980392,51.041291,0.000000,4.748652,27.263375,109.195509,1,0,628.711191
1789505479,1,-117.978558,51.041701,0.000000,4.748652,27.353811,136.492453,1,0,634.221477
1789505483,1,-117.977083,51.042033,0.000000,4.748652,27.416328,109.858700,1,0,638.513674
1789505488,1,-117.975190,51.042280,0.000000,4.748652,26.895880,135.596836,1,0,644.089886
1789505492,1,-117.973690,51.042196,0.000000,4.748652,26.595801,105.630533,1,0,648.364434
1789505497,1,-117.971808,51.041906,0.000000,4.748652,27.517068,135.897346,1,0,654.363032
1789505501,1,-117.970268,51.041735,0.000000,4.748652,27.477015,109.684871,1,0,658.989571
1789505505,1,-117.968703,51.041786,0.000000,4.748652,27.443563,109.922449,1,0,662.569466
1789505510,1,-117.966817,51.042141,0.000000,4.748652,27.801593,138.062686,1,0,665.145082
1789505514,1,-117.965451,51.042652,0.000000,4.748652,27.827325,111.415178,1,0,664.898599
1789505519,1,-117.963952,51.043473,0.000000,4.748652,27.716302,139.282715,1,0,662.852300
1789505523,1,-117.962795,51.044129,0.000000,4.748652,27.022607,109.149243,1,0,661.209360
1789505527,1,-117.961545,51.044708,0.000000,4.748652,27.231711,108.801548,1,0,659.971997
1789505532,1,-117.959761,51.045215,0.000000,4.748652,27.470131,137.252065,1,0,658.411268
1789505537,1,-117.957920,51.045613,0.000000,4.748652,27.348839,136.504360,1,0,659.928340
1789505542,1,-117.956070,51.046010,0.000000,4.748652,27.276170,137.065767,1,0,663.350482
1789505547,1,-117.954297,51.046397,0.000000,4.748652,25.721695,131.596638,1,0,666.546930
1789505551,1,-117.952966,51.046726,0.000000,4.748652,24.587524,100.272659,1,0,668.709566
1789505555,1,-117.951746,51.047109,0.000000,4.748652,23.510740,95.590937,1,0,670.229850
1789505560,1,-117.950307,51.047647,0.000000,4.748652,23.584666,117.342892,1,0,669.399424
1789505566,1,-117.948883,51.048305,0.000000,4.748652,25.457265,123.833429,1,0,666.030486
1789505570,1,-117.947694,51.048892,0.000000,4.748652,26.994770,105.923535,1,0,661.487954
1789505575,1,-117.946151,51.049675,0.000000,4.748651,28.074755,138.929008,1,0,656.402818
1789505579,1,-117.944899,51.050282,0.000000,4.748650,27.691061,110.770931,1,0,650.989013
1789505582,1,-117.943651,51.050862,0.000000,4.748650,27.144064,108.739442,1,0,645.978944
1789505587,1,-117.941935,51.051450,0.000000,4.748651,27.520283,136.974777,1,0,639.670589
1789505591,1,-117.940484,51.051838,0.000000,4.748651,27.556208,110.535770,1,0,635.629422
1789505596,1,-117.938653,51.052260,0.000000,4.748651,27.221371,136.721328,1,0,633.517120
1789505601,1,-117.936934,51.052783,0.000000,4.748651,26.592982,133.861038,1,0,633.585090
1789505605,1,-117.935944,51.053473,0.000000,4.748651,25.724724,103.507514,1,0,634.190615
1789505610,1,-117.935348,51.054537,0.000000,4.748651,25.255186,125.542995,1,0,635.062553
1789505614,1,-117.935404,51.055455,0.000000,4.748651,25.641588,102.212522,1,0,635.523642
1789505619,1,-117.935673,51.056589,0.000000,4.748652,25.415723,127.571551,1,0,636.166653
1789505624,1,-117.935364,51.057707,0.000000,4.748651,25.594384,126.262231,1,0,637.218139
1789505628,1,-117.934997,51.058635,0.000000,4.748651,26.675991,106.408522,1,0,637.955334
1789505632,1,-117.934624,51.059573,0.000000,4.748651,26.969897,107.589954,1,0,638.823650
1789505636,1,-117.934484,51.060546,0.000000,4.748652,27.109161,108.700655,1,0,639.196416
1789505640,1,-117.934491,51.061504,0.000000,4.748652,26.283220,106.588767,1,0,639.021757
1789505645,1,-117.934237,51.062644,0.000000,4.748651,25.530761,128.081217,1,0,638.623736
1789505649,1,-117.933689,51.063508,0.000000,4.748651,26.091652,103.523404,1,0,637.077919
1789505654,1,-117.932720,51.064545,0.000000,4.748651,27.235235,133.894731,1,0,635.968863
1789505658,1,-117.932114,51.065459,0.000000,4.748651,27.683100,110.209988,1,0,635.525874
1789505662,1,-117.931834,51.066438,0.000000,4.748651,27.758706,110.678794,1,0,634.017454
1789505666,1,-117.931724,51.067433,0.000000,4.748652,27.713157,110.972546,1,0,632.446695
1789505670,1,-117.931495,51.068414,0.000000,4.748652,27.496086,110.320999,1,0,631.022773
1789505675,1,-117.930759,51.069554,0.000000,4.748651,27.545064,136.930683,1,0,628.961340
1789505679,1,-117.929826,51.070344,0.000000,4.748651,27.388550,109.558872,1,0,626.975535
1789505684,1,-117.928389,51.071187,0.000000,4.748651,27.515009,137.637315,1,0,624.984693
1789505688,1,-117.927284,51.071877,0.000000,4.748651,27.227593,109.057500,1,0,622.950941
1789505692,1,-117.926553,51.072706,0.000000,4.748651,25.928343,105.513299,1,0,621.684414
1789505696,1,-117.926353,51.073606,0.000000,4.748651,25.055753,101.111092,1,0,619.594510
1789505700,1,-117.926624,51.074478,0.000000,4.748652,24.723812,98.861415,1,0,617.253586
1789505704,1,-117.927197,51.075304,0.000000,4.748652,25.354920,100.293747,1,0,615.595975
1789505708,1,-117.927810,51.076157,0.000000,4.748652,26.193700,104.178052,1,0,614.483825
1789505712,1,-117.928326,51.077047,0.000000,4.748652,26.435895,105.419996,1,0,614.158722
1789505717,1,-117.928585,51.078220,0.000000,4.748652,26.318498,131.765019,1,0,614.344142
1789505721,1,-117.928482,51.079155,0.000000,4.748652,25.972689,104.278718,1,0,615.148314
1789505725,1,-117.928123,51.080053,0.000000,4.748652,25.870708,103.031251,1,0,615.601156
1789505730,1,-117.927326,51.081121,0.000000,4.748652,26.873817,131.300049,1,0,616.373387
1789505734,1,-117.926529,51.081971,0.000000,4.748652,27.558111,109.835269,1,0,617.211254
1789505738,1,-117.925734,51.082822,0.000000,4.748651,27.469855,109.859946,1,0,618.586831
1789505743,1,-117.924722,51.083882,0.000000,4.748651,27.473463,137.620338,1,0,620.709368
1789505747,1,-117.923920,51.084733,0.000000,4.748651,27.537807,110.106781,1,0,621.690666
1789505751,1,-117.923115,51.085586,0.000000,4.748651,27.600326,110.405468,1,0,621.537083
1789505755,1,-117.922318,51.086443,0.000000,4.748651,27.682025,110.503840,1,0,619.732890
1789505760,1,-117.921303,51.087519,0.000000,4.748651,27.954716,139.252564,1,0,616.703302
1789505765,1,-117.920312,51.088604,0.000000,4.748651,27.639377,139.268055,1,0,613.956017
1789505770,1,-117.919335,51.089678,0.000000,4.748651,27.493067,137.714670,1,0,610.739186
1789505774,1,-117.918545,51.090521,0.000000,4.748651,27.397997,108.909417,1,0,608.872386
1789505778,1,-117.917769,51.091359,0.000000,4.748650,27.066251,107.933167,1,0,607.569261
1789505782,1,-117.916984,51.092195,0.000000,4.748651,27.101241,108.060638,1,0,608.997018
1789505787,1,-117.915995,51.093251,0.000000,4.748651,27.317321,136.405791,1,0,611.051379
1789505792,1,-117.915000,51.094319,0.000000,4.748651,27.611072,137.766319,1,0,612.234380
1789505796,1,-117.914204,51.095170,0.000000,4.748651,27.470367,109.886968,1,0,614.193898
1789505801,1,-117.913208,51.096235,0.000000,4.748651,27.442793,137.514142,1,0,615.862638
1789505805,1,-117.912410,51.097085,0.000000,4.748651,27.370651,109.862426,1,0,618.093093
1789505809,1,-117.911622,51.097930,0.000000,4.748651,27.226928,109.027515,1,0,622.157797
1789505813,1,-117.910830,51.098773,0.000000,4.748651,27.291940,108.978197,1,0,626.811177
1789505818,1,-117.909838,51.099836,0.000000,4.748651,27.435334,137.176457,1,0,631.848671
1789505823,1,-117.908847,51.100897,0.000000,4.748651,27.418808,136.949236,1,0,637.291292
1789505828,1,-117.907851,51.101961,0.000000,2.018337,27.495810,137.414695,1,0,642.400585
1789505832,1,-117.907063,51.102815,0.000000,2.159246,27.471145,109.889356,1,0,647.024503
1789505836,1,-117.906253,51.103669,0.000000,3.530962,27.763701,110.671671,1,0,649.702272
1789505840,1,-117.905422,51.104520,0.000000,2.639663,27.774199,111.145592,1,0,649.632969
1789505844,1,-117.904621,51.105391,0.000000,3.391188,27.996966,111.979663,1,0,647.113495
1789505848,1,-117.903817,51.106266,0.000000,3.030011,28.000232,112.470050,1,0,642.409968
1789505853,1,-117.902823,51.107341,0.000000,2.272198,27.182171,138.396388,1,0,639.023263
1789505858,1,-117.901881,51.108384,0.000000,2.434906,26.636687,133.493764,1,0,640.249380
1789505862,1,-117.901101,51.109211,0.000000,2.223977,26.956186,107.009598,1,0,644.097312
1789505866,1,-117.900286,51.110069,0.000000,3.074125,28.486969,111.227482,1,0,648.551378
1789505871,1,-117.899204,51.111214,0.000000,3.954389,30.133652,148.231551,1,0,653.610961
1789505875,1,-117.898324,51.112149,0.000000,4.746942,30.216246,120.917973,1,0,658.008952
1789505879,1,-117.897439,51.113081,0.000000,4.748647,30.284920,120.810316,1,0,662.124862
1789505883,1,-117.896449,51.113978,0.000000,4.748650,30.567170,121.521744,1,0,664.550089
1789505887,1,-117.895303,51.114811,0.000000,4.748650,30.641625,122.601928,1,0,664.784152
1789505891,1,-117.894023,51.115562,0.000000,4.748650,30.605382,122.546930,1,0,662.653075
1789505896,1,-117.892293,51.116395,0.000000,4.748650,30.387096,152.541972,1,0,660.425828
1789505900,1,-117.890902,51.117044,0.000000,4.748650,30.213901,121.260554,1,0,658.188599
1789505905,1,-117.889246,51.117872,0.000000,4.748650,29.413152,148.112408,1,0,659.022778
1789505909,1,-117.888131,51.118685,0.000000,4.748650,29.908649,119.493410,1,0,660.698007
1789505913,1,-117.887264,51.119615,0.000000,4.748650,30.041314,119.970242,1,0,662.258412
1789505918,1,-117.886406,51.120847,0.000000,4.748650,29.838501,149.664451,1,0,662.986329
1789505922,1,-117.886083,51.121885,0.000000,4.748651,29.116009,117.684128,1,0,663.312736
1789505926,1,-117.886088,51.122903,0.000000,4.748652,27.889779,113.265375,1,0,663.034717
1789505930,1,-117.886311,51.123841,0.000000,4.748652,25.487791,105.525521,1,0,662.481514
1789505935,1,-117.886541,51.124897,0.000000,4.748652,22.555221,118.591427,1,0,662.859720
1789505940,1,-117.886272,51.125808,0.000000,4.748651,20.079700,103.095012,1,0,663.228980
1789505945,1,-117.885452,51.126551,0.000000,4.748651,20.589131,100.650294,1,0,662.966921
1789505951,1,-117.884066,51.127362,0.000000,4.748651,22.726691,132.514156,1,0,663.889591
1789505955,1,-117.883328,51.128043,0.000000,4.748651,23.158762,91.712626,1,0,664.813141
1789505960,1,-117.883051,51.129061,0.000000,4.748652,23.182916,114.913281,1,0,664.549955
1789505964,1,-117.883174,51.129894,0.000000,4.748652,23.310863,93.080712,1,0,663.658126
1789505969,1,-117.883262,51.130949,0.000000,4.748652,23.682698,117.543325,1,0,664.182063
1789505973,1,-117.882994,51.131754,0.000000,4.748651,22.739261,91.510358,1,0,663.995787
1789505977,1,-117.882641,51.132587,0.000000,4.748651,24.538704,95.919955,1,0,665.149967
1789505982,1,-117.882452,51.133699,0.000000,4.748652,25.629636,124.429242,1,0,664.659467
1789505987,1,-117.882310,51.134887,0.000000,4.748652,27.018137,132.553031,1,0,665.381855
1789505991,1,-117.881845,51.135798,0.000000,4.748652,26.249726,106.458846,1,0,665.456661
1789505995,1,-117.881048,51.136587,0.000000,4.748651,25.946355,104.015681,1,0,665.769988
1789505999,1,-117.879958,51.137241,0.000000,4.748651,26.594385,105.438007,1,0,666.273277
1789506003,1,-117.878618,51.137727,0.000000,4.748651,27.454083,108.274489,1,0,666.769763
1789506008,1,-117.876671,51.138071,0.000000,4.748651,28.739399,141.569582,1,0,666.867834
1789506013,1,-117.874652,51.138361,0.000000,4.748651,29.085417,144.959001,1,0,666.692374
1789506018,1,-117.872601,51.138655,0.000000,4.748651,29.628634,147.241748,1,0,665.500332
1789506022,1,-117.870936,51.138893,0.000000,4.748651,29.866837,119.514195,1,0,665.216528
1789506027,1,-117.868869,51.139096,0.000000,4.748652,28.593655,146.434515,1,0,666.874213
1789506032,1,-117.866879,51.139021,0.000000,4.748652,27.510516,139.542240,1,0,670.652949
1789506036,1,-117.865345,51.138957,0.000000,4.748652,26.451594,107.610141,1,0,673.791900
1789506040,1,-117.863887,51.138900,0.000000,4.748652,24.876486,102.251479,1,0,676.696707
1789506044,1,-117.862528,51.138843,0.000000,4.748652,23.405984,95.336197,1,0,679.416852
1789506048,1,-117.861216,51.138793,0.000000,4.748652,22.960779,92.003579,1,0,682.088570
1789506053,1,-117.859614,51.138810,0.000000,4.748652,22.076403,112.150178,1,0,684.848908
1789506058,1,-117.858132,51.139004,0.000000,4.748652,20.732127,105.956599,1,0,687.490997
1789506063,1,-117.856941,51.139287,0.000000,4.748652,15.556892,89.114018,1,0,688.636595
1789506069,1,-117.855924,51.139604,0.000000,4.748652,12.029903,79.444957,1,0,689.693267
1789506076,1,-117.854953,51.139914,0.000000,4.748652,9.936794,76.217583,1,0,690.721890
1789506085,1,-117.854104,51.140192,0.000000,4.748652,5.826726,66.994796,1,0,690.676580
1789506468,1,-117.853755,51.140322,0.000000,4.748652,0.311813,28.389748,1,0,692.842019
1789506646,1,-117.852996,51.140565,0.000000,4.748651,6.654159,59.611319,1,0,693.159582
1789506655,1,-117.851977,51.140890,0.000000,4.748651,10.862158,79.968999,1,0,693.039975
1789506663,1,-117.850808,51.141261,0.000000,4.748651,12.071205,91.648241,1,0,692.650496
1789506670,1,-117.849608,51.141643,0.000000,4.748651,14.430493,94.136888,1,0,692.578975
1789506677,1,-117.848257,51.142073,0.000000,4.748651,15.544406,105.979019,1,0,693.264386
1789506683,1,-117.847038,51.142468,0.000000,4.748651,16.553066,95.979100,1,0,693.882408
1789506689,1,-117.845713,51.142874,0.000000,4.748652,17.888369,103.161491,1,0,698.351908
1789506694,1,-117.844568,51.143259,0.000000,4.748652,18.757364,90.868058,1,0,704.281816
1789506700,1,-117.843001,51.143748,0.000000,4.748652,21.180253,122.427282,1,0,713.159870
1789506705,1,-117.841586,51.144200,0.000000,4.748652,22.923234,111.072666,1,0,721.561921
1789506709,1,-117.840376,51.144585,0.000000,4.748652,24.091349,94.904731,1,0,728.378684
1789506713,1,-117.839196,51.145031,0.000000,4.748652,23.945570,96.349560,1,0,735.283763
1789506718,1,-117.838105,51.145797,0.000000,4.748652,21.722211,114.431181,1,0,743.127210
1789506724,1,-117.837409,51.146731,0.000000,4.748652,18.071840,114.771254,1,0,751.198877
1789506730,1,-117.837089,51.147620,0.000000,4.748652,16.166765,101.417782,1,0,758.149807
1789506735,1,-117.836845,51.148313,0.000000,4.748652,15.413118,78.974367,1,0,764.353794
1789506741,1,-117.836555,51.149133,0.000000,4.748652,15.786122,93.466872,1,0,771.067375
1789506747,1,-117.836272,51.149955,0.000000,4.748652,15.603094,93.579306,1,0,778.344473
1789506752,1,-117.835974,51.150627,0.000000,4.748652,15.681457,77.623863,1,0,784.286605
1789506757,1,-117.835477,51.151266,0.000000,4.748652,16.089540,79.149914,1,0,790.682319
1789506762,1,-117.834652,51.151859,0.000000,4.748652,18.749389,87.674427,1,0,796.206218
1789506768,1,-117.833053,51.152447,0.000000,4.748652,23.278235,129.624416,1,0,801.168202
1789506772,1,-117.831825,51.152604,0.000000,4.748651,19.909246,87.696490,1,0,802.270963
1789506778,1,-117.830233,51.152696,0.000000,4.748651,18.663571,111.882131,1,0,803.413273
1789506784,1,-117.828557,51.152912,0.000000,4.748652,20.967223,119.728391,1,0,805.969132
1789506789,1,-117.827084,51.153226,0.000000,4.748652,22.112159,108.833730,1,0,807.609184
1789506794,1,-117.825557,51.153554,0.000000,4.748652,22.528859,112.912794,1,0,809.771010
1789506799,1,-117.823997,51.153824,0.000000,4.748651,22.706840,113.219864,1,0,812.411096
1789506804,1,-117.822383,51.153922,0.000000,4.748651,22.658196,113.465372,1,0,813.604164
1789506808,1,-117.821098,51.154002,0.000000,4.748651,22.421930,90.357849,1,0,814.855527
1789506813,1,-117.819663,51.154434,0.000000,4.748652,22.438131,111.326141,1,0,815.517980
1789506818,1,-117.818660,51.155255,0.000000,4.748652,23.747652,115.198114,1,0,816.468750
1789506822,1,-117.817896,51.155953,0.000000,4.748652,23.451053,94.285162,1,0,820.494876
1789506827,1,-117.816557,51.156608,0.000000,4.748651,23.920108,118.703400,1,0,826.096255
1789506831,1,-117.815437,51.157109,0.000000,4.748651,24.217211,96.175175,1,0,829.210426
1789506835,1,-117.814331,51.157595,0.000000,4.748651,23.051625,94.412854,1,0,830.542753
1789506839,1,-117.813254,51.158044,0.000000,4.748652,22.294755,90.418546,1,0,830.677561
1789506843,1,-117.812173,51.158453,0.000000,4.748652,21.843125,88.270148,1,0,829.974893
1789506848,1,-117.810797,51.158904,0.000000,4.748652,21.702294,108.568409,1,0,827.663493
1789506853,1,-117.809387,51.159299,0.000000,4.748652,21.644702,108.001355,1,0,825.774776
1789506858,1,-117.807933,51.159648,0.000000,4.748651,21.915011,108.892137,1,0,823.398908
1789506863,1,-117.806476,51.159972,0.000000,4.748652,21.781599,108.129307,1,0,821.284127
1789506868,1,-117.804951,51.160318,0.000000,4.748652,23.439380,113.433259,1,0,819.341637
1789506873,1,-117.803304,51.160702,0.000000,4.748652,25.314813,122.902336,1,0,817.483015
1789506878,1,-117.801591,51.161197,0.000000,4.748652,26.992719,131.903367,1,0,815.366122
1789506882,1,-117.800224,51.161683,0.000000,4.748652,27.683505,109.873539,1,0,813.397908
1789506886,1,-117.798905,51.162239,0.000000,4.748652,27.962547,111.103671,1,0,812.337253
1789506890,1,-117.797605,51.162847,0.000000,4.748652,28.449918,113.356767,1,0,811.588198
1789506894,1,-117.796303,51.163465,0.000000,4.748652,28.542151,114.128240,1,0,810.637356
1789506898,1,-117.795006,51.164082,0.000000,4.748652,28.382072,113.782083,1,0,811.302994
1789506902,1,-117.793709,51.164698,0.000000,4.748652,28.349259,113.715009,1,0,813.354438
1789506907,1,-117.792091,51.165467,0.000000,4.748652,28.395590,141.895332,1,0,816.168220
1789506911,1,-117.790779,51.166066,0.000000,4.748652,28.369703,113.432610,1,0,818.497444
1789506916,1,-117.789050,51.166735,0.000000,4.748652,28.373217,142.029668,1,0,821.000279
1789506921,1,-117.787258,51.167332,0.000000,4.748652,28.323378,141.879077,1,0,823.780470
1789506926,1,-117.785535,51.167988,0.000000,4.748652,28.122607,140.917849,1,0,826.466778
1789506930,1,-117.784259,51.168603,0.000000,4.748652,28.085001,112.470882,1,0,827.665012
1789506934,1,-117.783038,51.169252,0.000000,4.748652,27.943376,111.846879,1,0,829.349429
1789506938,1,-117.781828,51.169902,0.000000,4.748652,27.780094,111.332651,1,0,830.814502
1789506942,1,-117.780619,51.170540,0.000000,4.748651,27.400958,110.416403,1,0,833.066381
1789506946,1,-117.779431,51.171160,0.000000,4.748651,26.842755,108.005274,1,0,835.996860
1789506951,1,-117.777986,51.171929,0.000000,4.748651,26.336531,132.433406,1,0,839.772474
1789506955,1,-117.776843,51.172535,0.000000,4.748651,26.019826,104.591497,1,0,843.242833
1789506960,1,-117.775448,51.173291,0.000000,4.748651,25.581236,128.834594,1,0,847.936567
1789506964,1,-117.774363,51.173885,0.000000,4.748651,24.972266,100.635394,1,0,852.226304
1789506969,1,-117.773027,51.174605,0.000000,4.748651,24.514285,123.085784,1,0,857.289133
1789506973,1,-117.771905,51.175155,0.000000,4.748651,25.505285,99.518014,1,0,859.606048
1789506977,1,-117.770717,51.175687,0.000000,4.748651,25.370444,102.022547,1,0,861.107600
1789506981,1,-117.769565,51.176213,0.000000,4.748651,24.589994,99.588596,1,0,862.097386
1789506985,1,-117.768513,51.176750,0.000000,4.748651,22.882060,94.786044,1,0,862.651488
1789506989,1,-117.767547,51.177319,0.000000,4.748651,24.118943,92.593265,1,0,863.524136
1789506993,1,-117.766546,51.177920,0.000000,4.748651,23.183741,96.818611,1,0,865.491915
1789506998,1,-117.765489,51.178551,0.000000,4.748651,18.971279,101.957106,1,0,867.725877
1789507003,1,-117.764609,51.179079,0.000000,4.748651,15.927949,85.083301,1,0,869.642568
1789507008,1,-117.763827,51.179578,0.000000,4.748652,15.508437,77.934540,1,0,872.105812
1789507014,1,-117.762931,51.180166,0.000000,4.748652,14.405056,90.593348,1,0,875.208545
1789507020,1,-117.762169,51.180729,0.000000,4.748652,13.374169,82.244943,1,0,878.182095
1789507027,1,-117.761325,51.181382,0.000000,4.748652,13.520413,93.612371,1,0,881.440302
1789507034,1,-117.760378,51.182044,0.000000,4.748652,14.257810,99.056058,1,0,884.871577
1789507040,1,-117.759612,51.182644,0.000000,4.748652,14.311673,85.597231,1,0,887.331239
1789507046,1,-117.758856,51.183255,0.000000,4.748652,14.328902,86.124128,1,0,888.848280
1789507052,1,-117.758097,51.183886,0.000000,8.186796,15.146946,88.014522,1,0,889.770545
1789507058,1,-117.757246,51.184553,0.000000,15.361910,16.107753,95.128375,1,0,889.885318
1789507064,1,-117.756439,51.185205,0.000000,14.309114,15.052608,91.911424,1,0,889.411340
1789507070,1,-117.755534,51.185741,0.000000,12.450325,15.014311,86.960039,1,0,888.756621
1789507076,1,-117.754490,51.186145,0.000000,12.890434,14.122008,85.736213,1,0,889.032864
1789507083,1,-117.753264,51.186612,0.000000,4.748652,14.908509,100.251632,1,0,888.436865
1789507088,1,-117.752251,51.186920,0.000000,4.748652,15.860344,78.693305,1,0,887.468178
1789507094,1,-117.751213,51.187424,0.000000,4.748652,15.411777,91.726468,1,0,885.637550
1789507100,1,-117.750398,51.188129,0.000000,4.748652,16.987038,96.961667,1,0,885.274182
1789507105,1,-117.749972,51.188809,0.000000,4.748652,15.039744,81.314028,1,0,883.746442
1789507111,1,-117.749751,51.189512,0.000000,4.748652,12.289895,79.732685,1,0,881.081224
1789507119,1,-117.749531,51.190316,0.000000,4.748652,11.616885,90.771826,1,0,879.648527
1789507126,1,-117.749348,51.191012,0.000000,4.748652,10.937848,78.492011,1,0,879.618009
1789507133,1,-117.749151,51.191668,0.000000,4.748652,10.110978,74.279707,1,0,880.408575
1789507141,1,-117.748782,51.192376,0.000000,4.748652,10.443031,82.894893,1,0,881.370401
1789507148,1,-117.748364,51.192976,0.000000,4.748652,10.382371,72.877983,1,0,882.237146
1789507156,1,-117.747811,51.193622,0.000000,4.748652,9.771779,81.617342,1,0,884.079102
1789507163,1,-117.747323,51.194177,0.000000,4.748652,10.731239,70.551887,1,0,887.578543
1789507171,1,-117.746808,51.194753,0.000000,4.748652,7.206516,73.511892,1,0,890.882177
1789507182,1,-117.746415,51.195190,0.000000,4.748652,4.025324,55.850308,1,0,894.663690
1789507254,1,-117.746161,51.195471,0.000000,4.748652,1.015168,35.957474,1,0,897.359931
1789507334,1,-117.745872,51.195823,0.000000,4.748652,2.715995,44.071047,1,0,900.159384
1789507349,1,-117.745564,51.196345,0.000000,4.748652,6.775610,61.945142,1,0,903.043107
1789507359,1,-117.745310,51.197026,0.000000,4.748652,8.842856,77.826518,1,0,907.450240
1789507368,1,-117.745259,51.197729,0.000000,4.748652,8.947685,78.302524,1,0,911.097682
1789507375,1,-117.745334,51.198357,0.000000,4.748652,10.517868,70.072739,1,0,915.373749
1789507382,1,-117.745448,51.198975,0.000000,4.748652,9.658979,69.223953,1,0,918.300374
1789507390,1,-117.745612,51.199729,0.000000,4.748652,11.233354,84.675921,1,0,920.869840
1789507396,1,-117.745700,51.200359,0.000000,4.748652,11.907956,70.368366,1,0,921.972414
1789507402,1,-117.745599,51.201031,0.000000,4.748652,12.707446,75.104838,1,0,922.163183
1789507408,1,-117.745287,51.201690,0.000000,4.748652,12.603085,76.500986,1,0,922.664613
1789507413,1,-117.744704,51.202331,0.000000,4.748652,13.669112,82.146577,1,0,921.800848
1789507419,1,-117.743642,51.202904,0.000000,4.748651,17.816238,97.861682,1,0,922.162131
1789507424,1,-117.742456,51.203364,0.000000,4.748651,20.132637,97.429680,1,0,924.164845
1789507429,1,-117.741148,51.203824,0.000000,4.748652,21.341158,104.781851,1,0,923.788925
1789507434,1,-117.739809,51.204302,0.000000,4.748652,21.401340,107.653201,1,0,924.158020
1789507439,1,-117.738497,51.204770,0.000000,4.748652,20.642971,105.462584,1,0,923.706138
1789507444,1,-117.737252,51.205214,0.000000,4.748652,19.762254,100.071381,1,0,922.785094
1789507451,1,-117.735767,51.205695,0.000000,4.748652,19.504886,116.787817,1,0,922.667430
1789507456,1,-117.734421,51.205963,0.000000,4.748652,19.900207,98.699004,1,0,923.250932
1789507461,1,-117.732982,51.206112,0.000000,4.748652,19.939547,101.944404,1,0,923.715155
1789507466,1,-117.731613,51.206105,0.000000,4.748652,18.567317,95.697385,1,0,923.349499
1789507471,1,-117.730316,51.206079,0.000000,4.748652,17.995479,90.707500,1,0,923.456492
1789507477,1,-117.728725,51.206073,0.000000,4.748652,19.090599,111.214201,1,0,923.797746
1789507483,1,-117.727093,51.206230,0.000000,4.748652,19.255792,115.407940,1,0,924.700121
1789507488,1,-117.725828,51.206536,0.000000,4.748652,18.740887,94.753225,1,0,924.817559
1789507494,1,-117.724433,51.207088,0.000000,4.748652,18.866560,115.242999,1,0,923.166703
1789507500,1,-117.723240,51.207756,0.000000,8.964282,18.625401,111.708108,1,0,921.832598
1789507505,1,-117.722325,51.208250,0.000000,4.748652,17.335226,84.328173,1,0,919.573773
1789507511,1,-117.721104,51.208789,0.000000,4.748652,17.986587,104.305890,1,0,916.734696
1789507516,1,-117.719861,51.209168,0.000000,4.748652,20.379302,96.571489,1,0,912.747270
1789507522,1,-117.718077,51.209509,0.000000,4.748652,22.348603,130.334716,1,0,908.465123
1789507526,1,-117.716789,51.209616,0.000000,4.748652,23.053978,90.806383,1,0,904.795612
1789507530,1,-117.715128,51.209704,0.000000,4.748652,23.438947,116.504850,1,0,903.175630
1789507535,1,-117.713474,51.209957,0.000000,4.748652,23.656564,118.981577,1,0,904.985975
1789507539,1,-117.712285,51.210283,0.000000,4.748652,21.804315,90.674577,1,0,905.786724
1789507544,1,-117.710963,51.210668,0.000000,4.748652,19.854063,101.846290,1,0,907.291603
1789507550,1,-117.709507,51.211084,0.000000,4.748652,17.210511,111.797017,1,0,909.694473
1789507555,1,-117.708438,51.211334,0.000000,4.748652,15.281878,79.726147,1,0,910.504066
1789507561,1,-117.707216,51.211540,0.000000,4.748652,14.949944,88.431818,1,0,911.145189
1789507566,1,-117.706079,51.211691,0.000000,4.748652,17.065015,81.225393,1,0,912.261592
1789507572,1,-117.704515,51.211893,0.000000,4.748652,19.278148,111.599941,1,0,913.665874
1789507578,1,-117.703086,51.212079,0.000000,4.748652,20.994141,101.999275,1,0,914.710888
1789507583,1,-117.701581,51.212294,0.000000,4.748652,21.752351,107.875508,1,0,916.162165
1789507588,1,-117.700098,51.212618,0.000000,4.748652,22.016456,109.742336,1,0,918.401206
1789507593,1,-117.698713,51.213048,0.000000,4.748652,21.018212,107.971847,1,0,920.495098
1789507598,1,-117.697465,51.213502,0.000000,4.748652,19.680685,100.790912,1,0,921.678326
1789507604,1,-117.696033,51.214027,0.000000,4.748652,19.301021,115.878446,1,0,923.987359
1789507609,1,-117.694783,51.214445,0.000000,4.748652,20.271987,98.967506,1,0,926.151878
1789507615,1,-117.693144,51.214967,0.000000,4.748652,22.174628,128.427976,1,0,930.851771
1789507619,1,-117.691962,51.215336,0.000000,4.748652,23.476780,92.246641,1,0,934.569912
1789507624,1,-117.690408,51.215822,0.000000,4.748652,24.561523,121.321683,1,0,939.721497
1789507629,1,-117.688805,51.216351,0.000000,4.748652,25.746636,126.549864,1,0,944.805774
1789507633,1,-117.687556,51.216883,0.000000,4.748652,26.585271,105.466885,1,0,948.120476
1789507638,1,-117.686119,51.217670,0.000000,4.748652,26.594834,133.243423,1,0,952.416988
1789507642,1,-117.685028,51.218309,0.000000,4.748652,25.769741,104.247403,1,0,956.093802
1789507646,1,-117.683981,51.218922,0.000000,4.748652,24.677822,100.025776,1,0,959.638337
1789507649,1,-117.682969,51.219517,0.000000,4.748652,23.974189,96.871371,1,0,963.626309
1789507653,1,-117.682051,51.220138,0.000000,4.748652,23.469023,94.284805,1,0,966.984257
1789507657,1,-117.681251,51.220827,0.000000,4.748652,23.873729,94.882089,1,0,970.630732
1789507661,1,-117.680469,51.221544,0.000000,4.748652,24.165412,96.700469,1,0,973.545980
1789507666,1,-117.679504,51.222449,0.000000,4.748652,24.286687,121.191948,1,0,976.338842
1789507670,1,-117.678723,51.223177,0.000000,4.748652,24.439380,97.670596,1,0,977.422185
1789507674,1,-117.677932,51.223911,0.000000,4.748652,24.743373,98.614903,1,0,978.034971
1789507679,1,-117.676923,51.224831,0.000000,4.748652,24.869034,124.296149,1,0,978.520664
1789507684,1,-117.675901,51.225751,0.000000,4.748652,25.092231,124.813605,1,0,979.109556
1789507689,1,-117.674761,51.226623,0.000000,4.748652,25.264924,125.534730,1,0,979.639469
1789507694,1,-117.673424,51.227391,0.000000,4.748652,25.586155,126.607921,1,0,979.989751
1789507698,1,-117.672264,51.227966,0.000000,4.748652,25.991919,103.253810,1,0,979.815482
1789507704,1,-117.670847,51.228733,0.000000,4.748652,26.266144,130.706243,1,0,980.997562
1789507709,1,-117.669615,51.229619,0.000000,4.748652,26.026358,130.872232,1,0,985.172939
1789507713,1,-117.668805,51.230390,0.000000,4.748652,25.443846,102.772597,1,0,989.578729
1789507717,1,-117.668152,51.231197,0.000000,4.748652,24.987611,100.719568,1,0,993.992316
1789507721,1,-117.667576,51.232016,0.000000,4.748652,24.839022,99.619858,1,0,998.369725
1789507725,1,-117.667009,51.232840,0.000000,4.748652,25.046709,99.876520,1,0,1002.720685
1789507730,1,-117.666282,51.233887,0.000000,4.748652,25.594228,127.088512,1,0,1007.076343
1789507735,1,-117.665531,51.234944,0.000000,4.748652,25.712398,128.783191,1,0,1009.417562
1789507739,1,-117.664750,51.235732,0.000000,4.748652,25.860835,103.269592,1,0,1010.164761
1789507744,1,-117.663468,51.236587,0.000000,4.748652,26.360809,130.657491,1,0,1009.913150
1789507748,1,-117.662217,51.237141,0.000000,4.748652,27.149247,106.945077,1,0,1009.344186
1789507753,1,-117.660392,51.237666,0.000000,4.748652,28.668946,140.223667,1,0,1009.002957
1789507757,1,-117.658821,51.238063,0.000000,4.748652,30.005828,118.291826,1,0,1009.012266
1789507761,1,-117.657216,51.238482,0.000000,4.748652,30.369258,121.416943,1,0,1008.090260
1789507765,1,-117.655604,51.238894,0.000000,4.748652,30.342160,121.572688,1,0,1006.941139
1789507768,1,-117.653997,51.239312,0.000000,4.748652,30.279746,121.503265,1,0,1005.697978
1789507772,1,-117.652394,51.239716,0.000000,4.748652,30.047338,120.656164,1,0,1004.518827
1789507777,1,-117.650398,51.240217,0.000000,4.748652,29.692958,150.152172,1,0,1006.188160
1789507781,1,-117.648891,51.240596,0.000000,4.748652,27.312815,113.397012,1,0,1007.007730
1789507785,1,-117.647517,51.240958,0.000000,4.748652,25.298224,104.083716,1,0,1008.272717
1789507789,1,-117.646277,51.241389,0.000000,4.748652,24.583445,99.004461,1,0,1009.515307
1789507794,1,-117.644834,51.242049,0.000000,4.748652,25.227616,124.709727,1,0,1010.168086
1789507798,1,-117.643661,51.242598,0.000000,4.748652,25.962865,102.193056,1,0,1010.885270
1789507803,1,-117.642152,51.243312,0.000000,4.748652,26.766094,131.982505,1,0,1012.278131
1789507807,1,-117.640911,51.243894,0.000000,4.748652,27.218814,108.195465,1,0,1013.601535
1789507812,1,-117.639346,51.244627,0.000000,4.748652,27.323047,136.380014,1,0,1016.156114
1789507816,1,-117.638093,51.245217,0.000000,4.748652,27.249280,109.399951,1,0,1018.947950
1789507821,1,-117.636444,51.245828,0.000000,4.748652,26.502495,133.739909,1,0,1022.387311
1789507826,1,-117.634949,51.245980,0.000000,4.748652,26.725899,105.775589,1,0,1025.311093
1789507830,1,-117.633442,51.245813,0.000000,4.748652,26.936975,106.880561,1,0,1028.254787
1789507834,1,-117.631963,51.245539,0.000000,4.748652,27.005380,107.702635,1,0,1031.158950
1789507838,1,-117.630458,51.245401,0.000000,4.748652,26.245421,106.228896,1,0,1034.118582
1789507843,1,-117.628641,51.245596,0.000000,4.748652,25.485500,128.745773,1,0,1037.761650
1789507848,1,-117.626909,51.245974,0.000000,4.748652,25.830152,128.071269,1,0,1040.054879
1789507852,1,-117.625509,51.246288,0.000000,4.748652,26.018551,103.834703,1,0,1041.875438
1789507856,1,-117.624103,51.246601,0.000000,4.748652,25.985210,104.192202,1,0,1043.678452
1789507860,1,-117.622702,51.246909,0.000000,4.748652,25.854195,103.677931,1,0,1045.052965
1789507864,1,-117.621302,51.247219,0.000000,4.748652,25.912712,103.685864,1,0,1046.607503
1789507868,1,-117.619874,51.247487,0.000000,4.748652,26.064152,104.094292,1,0,1047.925340
1789507896,1,-117.619594,51.247584,0.000000,4.748652,18.623733,22.336078,1,0,1048.029321
1789507901,1,-117.620639,51.247456,0.000000,4.748652,10.199701,53.284194,1,0,1046.414569
1789507916,1,-117.620687,51.247673,0.000000,4.748652,0.013686,24.377435,1,0,1045.965125
1789508295,1,-117.620854,51.247447,0.000000,4.748652,0.019862,27.720036,1,0,1045.221271
1789508313,1,-117.619540,51.247538,0.000000,4.748651,14.153687,92.320450,1,0,1045.329358
1789508319,1,-117.618323,51.247706,0.000000,4.748651,13.002256,87.021035,1,0,1047.166409
1789508343,1,-117.617160,51.247940,0.000000,4.748651,11.399599,85.289954,1,0,1047.083435
1789508349,1,-117.615969,51.248241,0.000000,4.748651,16.828618,89.664015,1,0,1048.319347
1789508355,1,-117.614567,51.248781,0.000000,4.748651,19.850591,114.876307,1,0,1048.669730
1789508361,1,-117.613293,51.249388,0.000000,4.748651,18.576136,111.703021,1,0,1050.579906
1789508366,1,-117.612103,51.249968,0.000000,4.748651,21.923130,105.220468,1,0,1051.661620
1789508371,1,-117.610793,51.250520,0.000000,4.748651,22.050323,110.190754,1,0,1052.374655
1789508377,1,-117.609020,51.250910,0.000000,2.008104,21.933437,131.202489,1,0,1053.019118
1789508383,1,-117.607143,51.251016,0.000000,2.000023,21.838709,131.610471,1,0,1055.245051
1789508388,1,-117.605584,51.251065,0.000000,2.000000,21.821839,109.009743,1,0,1058.460221
1789508393,1,-117.604018,51.251105,0.000000,2.000000,21.947458,109.452742,1,0,1061.802618
1789508399,1,-117.602135,51.251198,0.000000,2.000000,22.016063,131.906643,1,0,1065.699282
1789508404,1,-117.600583,51.251365,0.000000,2.000502,21.899708,109.966057,1,0,1069.201123
1789508409,1,-117.599053,51.251601,0.000000,2.000005,22.011839,110.027973,1,0,1071.876361
1789508414,1,-117.597550,51.251926,0.000000,2.000335,22.215601,111.017889,1,0,1073.556238
1789508419,1,-117.596089,51.252322,0.000000,2.000003,22.226370,111.138038,1,0,1073.756307
1789508424,1,-117.594674,51.252789,0.000000,2.000446,22.252761,111.637334,1,0,1072.673602
1789508429,1,-117.593343,51.253331,0.000000,2.000004,22.237340,110.793319,1,0,1071.047355
1789508435,1,-117.591809,51.254026,0.000000,2.000000,22.015305,132.114597,1,0,1069.674805
1789508439,1,-117.590757,51.254511,0.000000,2.000456,23.192745,91.151434,1,0,1068.589985
1789508444,1,-117.589417,51.255131,0.000000,2.000002,23.214956,116.252136,1,0,1068.444492
1789508448,1,-117.588345,51.255617,0.000000,2.000000,23.114152,92.345731,1,0,1069.783332
1789508453,1,-117.587003,51.256234,0.000000,2.090640,23.261192,116.167021,1,0,1072.398813
1789508457,1,-117.585931,51.256729,0.000000,2.033479,23.257977,92.935794,1,0,1075.018487
1789508462,1,-117.584577,51.257339,0.000000,2.000139,23.359686,116.388149,1,0,1078.172577
1789508466,1,-117.583432,51.257783,0.000000,3.460201,23.563988,93.978075,1,0,1079.667915
1789508471,1,-117.581890,51.258218,0.000000,2.011175,23.621354,118.042872,1,0,1078.954730
1789508475,1,-117.580612,51.258485,0.000000,2.000173,23.537086,94.046114,1,0,1078.921400
1789508480,1,-117.579008,51.258808,0.000000,2.000000,23.491564,117.617300,1,0,1078.843727
1789508484,1,-117.577740,51.259063,0.000000,2.000000,23.158438,92.967740,1,0,1079.236488
1789508489,1,-117.576159,51.259384,0.000000,2.000485,23.324291,116.020599,1,0,1080.519910
1789508493,1,-117.574886,51.259640,0.000000,2.000008,23.334174,93.334175,1,0,1081.739727
1789508497,1,-117.573613,51.259894,0.000000,2.000000,23.255972,93.266513,1,0,1082.934996
1789508501,1,-117.572347,51.260146,0.000000,2.000000,23.214074,92.733358,1,0,1084.750922
1789508505,1,-117.571078,51.260399,0.000000,1.999999,23.270259,92.966705,1,0,1087.816486
1789508509,1,-117.569805,51.260654,0.000000,2.000000,23.396288,93.300394,1,0,1090.732206
1789508513,1,-117.568536,51.260914,0.000000,1.999999,23.323393,93.205611,1,0,1093.471090
1789508517,1,-117.567262,51.261161,0.000000,1.999999,23.357208,93.100328,1,0,1096.514036
1789508521,1,-117.565990,51.261427,0.000000,1.999999,23.399039,93.613776,1,0,1099.280499
1789508525,1,-117.564705,51.261680,0.000000,2.000000,23.586326,94.032187,1,0,1100.695604
1789508529,1,-117.563385,51.261867,0.000000,2.000000,23.548958,94.482606,1,0,1101.838621
1789508534,1,-117.561701,51.261975,0.000000,2.000000,23.740725,118.190001,1,0,1099.737624
1789508538,1,-117.560338,51.262018,0.000000,2.000000,23.803397,95.285302,1,0,1097.742298
1789508542,1,-117.558989,51.262050,0.000000,2.000000,23.355086,94.254866,1,0,1096.202014
1789508547,1,-117.557550,51.262043,0.000000,2.000000,16.424663,100.474423,1,0,1096.865455
1789508554,1,-117.556798,51.262013,0.000000,3.478892,1.326364,52.610878,1,0,1097.533394
1789508631,1,-117.555697,51.262080,0.000000,2.015901,12.257626,77.232836,1,0,1099.357415
1789508638,1,-117.554047,51.262139,0.000000,2.000047,18.662094,115.390468,1,0,1101.774256
1789508643,1,-117.552686,51.262210,0.000000,2.000000,18.856032,95.353363,1,0,1103.780377
1789508648,1,-117.551312,51.262237,0.000000,2.000000,20.727116,95.980241,1,0,1105.726339
1789508653,1,-117.549723,51.262065,0.000000,2.000000,23.051290,112.583332,1,0,1107.895693
1789508657,1,-117.548540,51.261710,0.000000,2.083170,22.973919,91.557357,1,0,1111.775820
1789508661,1,-117.547403,51.261290,0.000000,2.001435,23.079547,92.120759,1,0,1116.026463
1789508665,1,-117.546261,51.260872,0.000000,2.000024,23.164454,92.309498,1,0,1120.192773
1789508669,1,-117.545110,51.260451,0.000000,2.000000,23.295736,93.020554,1,0,1125.013402
1789508673,1,-117.543962,51.260029,0.000000,2.028207,22.739774,92.895923,1,0,1130.194605
1789508679,1,-117.542742,51.259556,0.000000,2.000185,12.748252,100.129835,1,0,1135.418040
1789508686,1,-117.541752,51.259313,0.000000,2.000003,10.691022,74.222976,1,0,1138.063234
1789508693,1,-117.540842,51.259200,0.000000,2.000000,8.033553,64.769112,1,0,1139.196749
1789508704,1,-117.540345,51.259152,0.000000,2.000000,0.061715,35.109560,1,0,1139.306400
1789508740,1,-117.539249,51.259324,0.000000,2.010865,13.155116,78.880641,1,0,1140.111226
1789508746,1,-117.538040,51.259603,0.000000,2.000100,14.955682,89.941158,1,0,1140.454101
1789508753,1,-117.536642,51.260072,0.000000,2.000000,17.794810,110.684665,1,0,1140.276992
1789508758,1,-117.535403,51.260495,0.000000,2.073809,21.024985,98.483855,1,0,1140.621322
1789508763,1,-117.533974,51.260970,0.000000,2.000714,22.955012,112.909044,1,0,1141.048379
1789508767,1,-117.532807,51.261356,0.000000,2.027631,23.047500,92.108393,1,0,1142.616761
1789508771,1,-117.531634,51.261741,0.000000,2.013889,23.205254,92.427585,1,0,1144.467346
1789508775,1,-117.530452,51.262135,0.000000,2.078846,23.373985,93.450503,1,0,1146.475312
1789508779,1,-117.529262,51.262529,0.000000,2.001193,23.580555,93.944190,1,0,1149.794195
1789508783,1,-117.528099,51.262907,0.000000,2.322573,22.983038,91.440655,1,0,1150.027075
1789508788,1,-117.526611,51.263391,0.000000,2.001333,23.457821,117.012579,1,0,1151.719827
1789508793,1,-117.525085,51.263830,0.000000,2.095085,23.341784,117.200217,1,0,1154.866915
1789508797,1,-117.523854,51.264162,0.000000,2.415078,23.390504,93.543829,1,0,1157.258367
1789508801,1,-117.522611,51.264477,0.000000,2.006546,23.323785,93.589330,1,0,1159.528899
1789508806,1,-117.521059,51.264869,0.000000,2.000027,23.363335,116.800572,1,0,1161.934505
1789508811,1,-117.519516,51.265260,0.000000,2.007648,23.274625,116.176291,1,0,1166.110462
1789508815,1,-117.518280,51.265575,0.000000,2.089199,23.194805,93.136525,1,0,1169.883028
1789508820,1,-117.516743,51.265977,0.000000,2.659179,23.279747,116.253612,1,0,1174.460247
1789508825,1,-117.515303,51.266509,0.000000,2.672783,23.342989,116.665743,1,0,1179.153820
1789508830,1,-117.513937,51.267117,0.000000,2.170277,23.386977,116.925802,1,0,1183.684114
1789508835,1,-117.512587,51.267732,0.000000,2.587782,23.313654,116.464832,1,0,1188.550180
1789508839,1,-117.511453,51.268173,0.000000,2.986945,23.395149,93.136601,1,0,1192.293446
1789508844,1,-117.509870,51.268476,0.000000,2.042146,23.180953,115.532735,1,0,1196.398337
1789508849,1,-117.508199,51.268545,0.000000,2.000813,23.297722,116.899020,1,0,1200.473682
1789508855,1,-117.506707,51.268553,0.000000,2.000003,10.961195,104.155106,1,0,1203.120238
1789508864,1,-117.506027,51.268438,0.000000,2.000519,3.117691,49.163040,1,0,1204.844288
1789508956,1,-117.504714,51.268847,0.000000,2.006895,15.243764,102.333267,1,0,1208.347526
1789508961,1,-117.503807,51.269357,0.000000,2.000087,18.501323,85.025276,1,0,1210.893903
1789508966,1,-117.503283,51.270220,0.000000,2.287155,22.000247,102.760648,1,0,1215.461925
1789508971,1,-117.503559,51.271213,0.000000,2.002641,22.777604,112.162878,1,0,1221.406617
1789508975,1,-117.504284,51.271898,0.000000,2.000047,23.082657,91.495019,1,0,1226.738236
1789508980,1,-117.505620,51.272511,0.000000,2.000000,23.293372,115.536970,1,0,1232.878569
1789508984,1,-117.506726,51.272981,0.000000,2.000000,23.310432,93.245938,1,0,1237.967900
1789508988,1,-117.507686,51.273558,0.000000,2.589295,23.254484,92.803072,1,0,1243.217816
1789508992,1,-117.508361,51.274280,0.000000,2.058628,23.218005,93.136660,1,0,1248.672842
1789508997,1,-117.508933,51.275266,0.000000,2.019340,23.284266,116.756038,1,0,1256.267290
1789509002,1,-117.509488,51.276252,0.000000,2.000080,23.448358,116.355753,1,0,1263.624420
1789509007,1,-117.510108,51.277230,0.000000,2.016466,23.255872,117.114870,1,0,1270.458205
1789509012,1,-117.510730,51.278199,0.000000,2.000268,23.251207,116.237032,1,0,1277.650865
1789509017,1,-117.511354,51.279167,0.000000,2.002439,23.220145,116.186199,1,0,1285.091700
1789509022,1,-117.511982,51.280138,0.000000,2.005972,23.352649,116.600543,1,0,1292.379865
1789509027,1,-117.512603,51.281111,0.000000,2.000024,23.315391,116.624492,1,0,1299.670880
1789509031,1,-117.513099,51.281890,0.000000,2.000000,23.375091,93.339692,1,0,1305.171254
1789509036,1,-117.513523,51.282902,0.000000,2.436008,23.232148,116.434339,1,0,1312.202569
1789509040,1,-117.513549,51.283720,0.000000,2.011440,21.643070,91.042352,1,0,1317.821628
1789509046,1,-117.513331,51.284420,0.000000,2.290092,5.334119,79.365457,1,0,1321.999642
1789509103,1,-117.513222,51.285172,0.000000,2.028201,10.553194,84.025160,1,0,1326.760769
1789509110,1,-117.513133,51.286056,0.000000,2.023744,16.168743,98.564627,1,0,1331.128441
1789509116,1,-117.513317,51.286872,0.000000,2.026526,15.642518,91.705286,1,0,1333.629393
1789509122,1,-117.513791,51.287836,0.000000,2.090664,20.124516,112.254421,1,0,1333.620683
1789509127,1,-117.514263,51.288688,0.000000,2.260723,19.631970,100.365955,1,0,1333.329244
1789509133,1,-117.514782,51.289576,0.000000,3.474650,14.911731,105.241419,1,0,1332.325982
1789509139,1,-117.515147,51.290224,0.000000,2.005304,9.895452,76.473392,1,0,1331.541853
1789509151,1,-117.516012,51.290281,0.000000,2.076178,5.951439,60.691246,1,0,1331.674823
1789509165,1,-117.515844,51.289992,0.000000,9.778532,0.292724,34.229091,1,0,1331.533204
1789509250,1,-117.515497,51.290090,0.000000,2.667631,0.197135,26.555740,1,0,1326.250302
1789509454,1,-117.515220,51.289668,0.000000,11.064532,0.532997,50.781286,1,0,1333.860517
1789509529,1,-117.515504,51.289841,0.000000,3.657698,0.214566,27.628272,1,0,1328.118408
1789510057,1,-117.515720,51.290029,0.000000,5.390011,0.083947,25.784138,1,0,1321.840771
1789511637,1,-117.515536,51.290984,0.000000,2.009992,17.713198,107.042223,1,0,1327.489204
1789511642,1,-117.515952,51.291716,0.000000,2.000096,17.073888,86.471553,1,0,1326.126171
1789511648,1,-117.516482,51.292672,0.000000,2.000000,19.428478,112.624664,1,0,1324.078961
1789511654,1,-117.517040,51.293673,0.000000,2.027792,19.638944,117.996091,1,0,1321.943435
1789511659,1,-117.517516,51.294497,0.000000,2.021642,19.447512,97.521496,1,0,1320.335696
1789511665,1,-117.518052,51.295484,0.000000,2.037338,19.217612,116.022699,1,0,1318.694787
1789511671,1,-117.518566,51.296456,0.000000,2.002284,18.827890,113.950466,1,0,1317.894632
1789511677,1,-117.519083,51.297419,0.000000,2.001426,18.945823,113.066873,1,0,1317.386334
1789511683,1,-117.519582,51.298405,0.000000,2.000003,19.260742,115.109418,1,0,1316.405399
1789511689,1,-117.519897,51.299422,0.000000,2.000198,19.212908,115.282578,1,0,1316.117672
1789511694,1,-117.519962,51.300282,0.000000,2.020051,19.155448,95.805522,1,0,1316.350694
1789511699,1,-117.520004,51.301140,0.000000,2.058048,19.046667,95.520612,1,0,1316.410900
1789511705,1,-117.520059,51.302167,0.000000,2.209830,19.108086,114.345864,1,0,1316.011912
1789511711,1,-117.520113,51.303198,0.000000,2.020337,19.069744,114.788403,1,0,1315.420299
1789511717,1,-117.520181,51.304238,0.000000,2.023671,19.255648,115.825239,1,0,1315.297541
1789511722,1,-117.520078,51.305106,0.000000,2.052692,19.495025,96.855284,1,0,1314.188320
1789511727,1,-117.519705,51.306020,0.000000,2.000291,22.229874,104.982032,1,0,1311.917888
1789511731,1,-117.519183,51.306757,0.000000,2.082713,22.732549,89.730020,1,0,1309.818456
1789511735,1,-117.518551,51.307532,0.000000,2.003957,24.947048,96.852939,1,0,1307.234897
1789511739,1,-117.517895,51.308334,0.000000,2.188120,25.181087,100.290128,1,0,1305.194625
1789511743,1,-117.517242,51.309139,0.000000,2.002120,25.082468,100.492258,1,0,1302.726525
1789511748,1,-117.516436,51.310136,0.000000,2.086561,24.826881,124.373836,1,0,1299.928743
1789511753,1,-117.515635,51.311123,0.000000,2.000238,24.573241,123.220986,1,0,1297.126012
1789511757,1,-117.514998,51.311900,0.000000,2.000003,24.207125,97.207707,1,0,1295.681985
1789511761,1,-117.514253,51.312635,0.000000,2.000000,24.331871,96.896687,1,0,1294.300950
1789511766,1,-117.513046,51.313433,0.000000,2.295703,24.688094,122.357192,1,0,1292.538388
1789511771,1,-117.511585,51.314068,0.000000,2.013747,24.748040,123.996526,1,0,1290.540057
1789511775,1,-117.510312,51.314460,0.000000,2.003107,24.723029,98.918702,1,0,1289.001821
1789511780,1,-117.508673,51.314888,0.000000,2.024202,24.839792,123.832086,1,0,1286.693861
1789511785,1,-117.507035,51.315317,0.000000,2.000064,24.746128,123.810537,1,0,1285.186997
1789511789,1,-117.505726,51.315660,0.000000,2.000000,24.728189,98.940857,1,0,1284.109393
1789511793,1,-117.504410,51.315991,0.000000,1.999999,24.770340,98.886273,1,0,1282.306252
1789511797,1,-117.503100,51.316334,0.000000,1.999999,24.758570,99.005150,1,0,1280.870185
1789511801,1,-117.501790,51.316674,0.000000,1.999999,24.691841,98.876915,1,0,1279.828966
1789511805,1,-117.500479,51.317019,0.000000,1.999999,24.811529,99.155415,1,0,1278.453159
1789511810,1,-117.498840,51.317448,0.000000,1.999999,24.742553,123.863610,1,0,1277.546170
1789511815,1,-117.497201,51.317878,0.000000,1.999999,24.789161,123.906515,1,0,1275.932782
1789511819,1,-117.495885,51.318214,0.000000,1.999999,24.778547,99.094733,1,0,1274.505115
1789511823,1,-117.494562,51.318551,0.000000,2.023157,24.935871,99.588789,1,0,1272.756591
1789511827,1,-117.493228,51.318890,0.000000,6.451406,25.206402,100.383203,1,0,1269.195960
1789511832,1,-117.491561,51.319323,0.000000,5.698134,25.136415,125.837122,1,0,1264.023192
1789511836,1,-117.490226,51.319695,0.000000,2.078279,25.055118,101.883588,1,0,1259.082437
1789511840,1,-117.488858,51.319973,0.000000,2.000849,24.884616,100.286826,1,0,1254.101819
1789511844,1,-117.487605,51.320128,0.000000,2.002119,20.005677,89.063008,1,0,1248.886607
1789511849,1,-117.486649,51.320230,0.000000,2.000035,10.345069,67.625164,1,0,1246.441833
1789511857,1,-117.485732,51.320328,0.000000,2.383794,7.095076,64.869389,1,0,1245.090289
1789511866,1,-117.484756,51.320429,0.000000,2.039761,8.037463,68.982213,1,0,1244.558406
1789511874,1,-117.483871,51.320531,0.000000,2.001903,7.978629,62.743157,1,0,1243.767412
1789511882,1,-117.482971,51.320701,0.000000,2.000079,8.054828,65.543127,1,0,1242.763992
1789511891,1,-117.482118,51.320950,0.000000,2.020942,6.699249,65.614031,1,0,1241.611398
1789511901,1,-117.481275,51.321209,0.000000,3.729912,6.584726,65.464840,1,0,1239.516917
1789511910,1,-117.480500,51.321501,0.000000,10.880559,6.570985,63.054542,1,0,1233.038856
1789511919,1,-117.479646,51.321798,0.000000,25.488647,8.388846,68.102885,1,0,1231.781598
1789511927,1,-117.478692,51.322074,0.000000,2.389140,9.208829,73.266742,1,0,1233.226523
1789511934,1,-117.477742,51.322419,0.000000,2.329474,12.426694,76.560804,1,0,1229.637835
1789511941,1,-117.476538,51.322859,0.000000,2.105422,13.237964,97.184940,1,0,1226.479935
1789511948,1,-117.475439,51.323182,0.000000,2.001055,12.241557,84.639683,1,0,1223.556922
1789511954,1,-117.474464,51.323358,0.000000,2.002783,11.772781,70.747894,1,0,1221.859857
1789511960,1,-117.473435,51.323441,0.000000,4.615203,11.552670,72.340364,1,0,1218.428712
1789511967,1,-117.472289,51.323525,0.000000,5.930452,12.174313,80.451130,1,0,1214.891335
1789511973,1,-117.471163,51.323579,0.000000,10.553464,13.514141,78.741308,1,0,1207.828475
1789511979,1,-117.470137,51.323715,0.000000,2.116654,12.103581,73.122202,1,0,1208.335300
1789511985,1,-117.469051,51.323849,0.000000,2.002187,13.129954,77.176714,1,0,1203.305810
1789511991,1,-117.468027,51.323975,0.000000,2.000042,12.335669,72.763110,1,0,1198.769091
1789511997,1,-117.466921,51.324127,0.000000,5.480698,13.788563,78.950044,1,0,1194.467849
1789512004,1,-117.465637,51.324448,0.000000,4.752788,12.786203,96.390679,1,0,1188.746873
1789512011,1,-117.464554,51.324832,0.000000,7.347772,12.517108,86.764386,1,0,1180.911060
1789512018,1,-117.463382,51.325376,0.000000,15.038700,15.335410,101.696888,1,0,1175.189091
1789512025,1,-117.462018,51.325796,0.000000,21.359335,16.056196,105.959138,1,0,1169.148475
1789512031,1,-117.460784,51.326085,0.000000,31.239341,15.256286,91.845880,1,0,1164.232077
1789512037,1,-117.459603,51.326377,0.000000,42.097887,15.428028,88.516121,1,0,1159.345300
1789512045,1,-117.458623,51.326719,0.000000,2.083248,14.731614,78.207147,1,0,1155.887181
1789512050,1,-117.457594,51.327002,0.000000,2.323253,15.871575,78.346930,1,0,1150.686611
1789512057,1,-117.456401,51.327308,0.000000,5.364813,14.706156,89.873239,1,0,1144.585261
1789512063,1,-117.455252,51.327663,0.000000,5.837914,14.915665,89.316046,1,0,1140.568629
1789512069,1,-117.454034,51.327965,0.000000,5.496741,16.096009,91.323761,1,0,1133.815776
1789512074,1,-117.452879,51.328397,0.000000,2.373336,18.872322,93.780898,1,0,1130.480098
1789512080,1,-117.451288,51.328813,0.000000,2.188278,20.655113,120.192136,1,0,1123.743079
1789512085,1,-117.449856,51.329056,0.000000,2.250616,20.715389,103.432348,1,0,1118.244843
1789512090,1,-117.448463,51.329287,0.000000,2.361161,19.496691,100.460443,1,0,1115.344255
1789512096,1,-117.446923,51.329604,0.000000,2.396874,18.455295,113.010813,1,0,1113.820515
1789512101,1,-117.445756,51.330097,0.000000,2.400861,21.151912,98.126887,1,0,1112.595528
1789512105,1,-117.444897,51.330729,0.000000,2.399098,24.310184,92.365346,1,0,1112.145303
1789512108,1,-117.444186,51.331497,0.000000,2.391941,24.909576,98.791279,1,0,1110.296900
1789512113,1,-117.443336,51.332483,0.000000,2.391622,25.107895,124.694042,1,0,1107.098218
1789512117,1,-117.442652,51.333278,0.000000,2.385990,25.076196,100.494745,1,0,1103.355764
1789512121,1,-117.441968,51.334072,0.000000,2.384847,25.235605,100.396738,1,0,1098.199985
1789512126,1,-117.441102,51.335067,0.000000,2.382459,25.108819,126.105957,1,0,1090.835608
1789512131,1,-117.440269,51.336053,0.000000,2.378122,24.687554,124.131909,1,0,1083.189421
1789512135,1,-117.439657,51.336846,0.000000,2.376606,24.431118,98.009957,1,0,1077.105385
1789512139,1,-117.439129,51.337655,0.000000,2.376588,24.577450,97.252600,1,0,1071.186302
1789512144,1,-117.438638,51.338543,0.000000,2.374860,27.038729,104.569655,1,0,1065.684114
1789512148,1,-117.438149,51.339482,0.000000,2.372793,27.655080,109.904333,1,0,1059.083969
1789512152,1,-117.437585,51.340418,0.000000,2.371058,27.914466,111.323744,1,0,1052.412999
1789512156,1,-117.436923,51.341332,0.000000,2.369360,27.904100,111.679264,1,0,1045.801038
1789512161,1,-117.436097,51.342466,0.000000,2.368553,27.661689,138.694708,1,0,1037.416390
1789512165,1,-117.435435,51.343362,0.000000,2.368295,27.402288,109.858113,1,0,1030.624331
1789512169,1,-117.434779,51.344248,0.000000,2.368010,27.330210,108.672578,1,0,1024.149530
1789512174,1,-117.434233,51.345430,0.000000,2.364759,27.045061,136.918262,1,0,1016.193061
1789512178,1,-117.434331,51.346364,0.000000,2.361870,25.662833,104.152715,1,0,1009.861975
1789512183,1,-117.434968,51.347416,0.000000,2.358117,24.787957,125.192480,1,0,1002.005010
1789512188,1,-117.435708,51.348410,0.000000,2.351981,23.784142,122.035095,1,0,993.776316
1789512192,1,-117.435983,51.349257,0.000000,2.346773,24.344056,96.176072,1,0,988.089265
1789512196,1,-117.436077,51.350146,0.000000,2.345773,24.945879,99.137530,1,0,982.643987
1789512200,1,-117.436171,51.351058,0.000000,2.351273,25.728823,101.691288,1,0,977.165999
1789512204,1,-117.436277,51.351997,0.000000,4.722905,26.493723,104.745116,1,0,971.114012
1789512208,1,-117.436482,51.352956,0.000000,4.748453,27.204560,107.661498,1,0,964.923343
1789512212,1,-117.436892,51.353912,0.000000,4.748650,27.772501,110.145071,1,0,958.056932
1789512216,1,-117.437459,51.354848,0.000000,4.748651,27.931980,111.391655,1,0,951.414575
1789512220,1,-117.437971,51.355795,0.000000,4.748652,27.716968,111.248223,1,0,944.291322
1789512224,1,-117.438224,51.356770,0.000000,4.748651,27.399753,109.912300,1,0,937.383346
1789512228,1,-117.438308,51.357746,0.000000,4.748651,27.244450,108.758435,1,0,931.058687
1789512231,1,-117.438398,51.358733,0.000000,4.748651,27.717193,110.003589,1,0,924.195922
1789512235,1,-117.438497,51.359732,0.000000,4.748651,27.658523,111.373658,1,0,917.960413
1789512239,1,-117.438687,51.360702,0.000000,4.748651,27.167107,108.741531,1,0,911.153517
1789512243,1,-117.439057,51.361647,0.000000,4.748651,27.091323,108.264092,1,0,904.101079
1789512247,1,-117.439580,51.362561,0.000000,4.748652,26.951306,108.030620,1,0,897.674515
1789512251,1,-117.440227,51.363442,0.000000,4.748652,26.901237,107.894595,1,0,890.548177
1789512255,1,-117.440876,51.364316,0.000000,4.748652,26.809934,107.245957,1,0,884.294855
1789512260,1,-117.441685,51.365398,0.000000,4.748652,26.488724,132.929920,1,0,877.689238
1789512264,1,-117.442330,51.366250,0.000000,4.748652,26.141638,104.909511,1,0,873.750243
1789512269,1,-117.442971,51.367085,0.000000,4.748652,25.452404,103.082293,1,0,871.695428
1789512274,1,-117.443942,51.368062,0.000000,4.748651,26.039592,128.033788,1,0,870.154665
1789512278,1,-117.444917,51.368799,0.000000,4.748651,26.885076,106.476835,1,0,868.318699
1789512282,1,-117.445925,51.369546,0.000000,4.748651,27.331068,108.805084,1,0,867.226082
1789512286,1,-117.446837,51.370353,0.000000,4.748651,27.557585,109.989929,1,0,866.347322
1789512290,1,-117.447596,51.371222,0.000000,4.748651,27.543080,110.200573,1,0,864.916093
1789512294,1,-117.448307,51.372104,0.000000,4.748651,27.422772,109.925987,1,0,863.476829
1789512298,1,-117.449027,51.372974,0.000000,4.748651,27.254686,109.022428,1,0,862.053235
1789512302,1,-117.449727,51.373849,0.000000,4.748651,27.183358,108.885941,1,0,860.630280
1789512306,1,-117.450340,51.374745,0.000000,4.748651,27.150722,108.455069,1,0,859.377839
1789512310,1,-117.450887,51.375657,0.000000,4.748651,27.014163,108.392670,1,0,858.209495
1789512314,1,-117.451416,51.376576,0.000000,4.748651,27.198137,108.690969,1,0,856.649030
1789512319,1,-117.452078,51.377726,0.000000,4.748651,27.216224,136.012230,1,0,854.650353
1789512323,1,-117.452582,51.378650,0.000000,4.748652,27.080716,108.639606,1,0,853.359797
1789512327,1,-117.452842,51.379600,0.000000,4.748652,26.767018,107.246289,1,0,852.117786
1789512331,1,-117.452724,51.380561,0.000000,4.748652,26.841422,107.246078,1,0,851.102490
1789512336,1,-117.452068,51.381703,0.000000,4.748652,27.233402,135.031509,1,0,849.395485
1789512340,1,-117.451195,51.382514,0.000000,4.748652,27.335202,108.805143,1,0,848.247415
1789512344,1,-117.450275,51.383303,0.000000,4.748651,27.213348,108.679973,1,0,847.176082
1789512347,1,-117.449357,51.384091,0.000000,4.748651,27.218164,108.507991,1,0,846.124977
1789512351,1,-117.448528,51.384906,0.000000,4.748651,26.701731,107.498721,1,0,846.412846
1789512355,1,-117.448116,51.385804,0.000000,4.748651,25.747239,103.956747,1,0,847.555564
1789512360,1,-117.448313,51.386931,0.000000,4.748651,25.182821,126.149660,1,0,849.018984
1789512365,1,-117.449217,51.387906,0.000000,4.748651,25.256593,125.424248,1,0,851.147111
1789512369,1,-117.450222,51.388612,0.000000,4.748651,27.193432,105.201145,1,0,853.118394
1789512373,1,-117.451278,51.389348,0.000000,4.748651,27.579369,110.056435,1,0,854.526805
1789512378,1,-117.452512,51.390319,0.000000,4.748651,27.571301,138.039797,1,0,854.255258
1789512383,1,-117.453637,51.391340,0.000000,4.748651,27.545913,137.986457,1,0,852.780627
1789512388,1,-117.454737,51.392369,0.000000,4.748651,27.577343,137.745153,1,0,851.211683
1789512394,1,-117.455838,51.393398,0.000000,4.748651,27.544181,137.783838,1,0,850.182786
1789512398,1,-117.456760,51.394202,0.000000,4.748651,27.528603,110.105188,1,0,849.837307
1789512402,1,-117.457793,51.394954,0.000000,4.748651,27.507824,110.331519,1,0,849.160385
1789512406,1,-117.458839,51.395692,0.000000,4.748651,27.531578,109.753147,1,0,848.841670
1789512410,1,-117.459787,51.396485,0.000000,4.748652,27.565852,110.182991,1,0,848.508026
1789512414,1,-117.460622,51.397325,0.000000,4.748652,27.417300,110.065195,1,0,847.577135
1789512418,1,-117.461346,51.398200,0.000000,4.748652,27.315215,109.631489,1,0,846.486913
1789512422,1,-117.461994,51.399094,0.000000,4.748652,27.284120,109.224462,1,0,845.682105
1789512426,1,-117.462630,51.399990,0.000000,4.748652,27.291693,109.085518,1,0,845.128213
1789512431,1,-117.463434,51.401108,0.000000,4.748652,27.309921,136.407197,1,0,844.301938
1789512435,1,-117.464076,51.402002,0.000000,4.748652,27.281218,109.050907,1,0,843.728743
1789512439,1,-117.464770,51.402878,0.000000,4.748652,27.083796,108.784992,1,0,842.889929
1789512444,1,-117.465997,51.403823,0.000000,4.748652,27.125727,135.461647,1,0,842.995304
1789512449,1,-117.467433,51.404649,0.000000,4.748652,27.214945,135.781816,1,0,844.552080
1789512454,1,-117.468754,51.405542,0.000000,4.748652,27.286498,135.376469,1,0,846.089792
1789512459,1,-117.469693,51.406616,0.000000,4.748652,27.454573,136.204518,1,0,846.638352
1789512464,1,-117.470442,51.407755,0.000000,4.748652,27.378457,137.037820,1,0,845.630061
1789512468,1,-117.471014,51.408928,0.000000,4.748652,27.209857,136.455932,1,0,844.931155
1789512473,1,-117.471419,51.410122,0.000000,4.748652,27.108957,135.814034,1,0,843.381624
1789512477,1,-117.471659,51.411085,0.000000,4.748652,27.214474,108.447441,1,0,842.307124
1789512481,1,-117.471897,51.412050,0.000000,4.748652,27.095867,108.646017,1,0,841.519110
1789512486,1,-117.472184,51.413257,0.000000,4.748652,27.242402,135.780598,1,0,841.036426
1789512490,1,-117.472419,51.414223,0.000000,4.748652,27.226483,108.724376,1,0,840.573546
1789512494,1,-117.472652,51.415191,0.000000,4.748652,27.196107,108.923579,1,0,839.904254
1789512498,1,-117.472883,51.416157,0.000000,4.748652,27.172791,108.682668,1,0,839.077504
1789512503,1,-117.473176,51.417367,0.000000,4.748652,27.119642,136.172395,1,0,837.980365
1789512507,1,-117.473425,51.418324,0.000000,4.748651,27.079795,107.886335,1,0,837.672473
1789512511,1,-117.473653,51.419291,0.000000,4.748651,27.202985,108.762040,1,0,837.224143
1789512515,1,-117.473887,51.420244,0.000000,4.748651,26.832901,107.283712,1,0,838.082498
1789512520,1,-117.474113,51.421213,0.000000,4.748651,27.287785,108.961909,1,0,840.205641
1789512524,1,-117.474346,51.422189,0.000000,4.748651,27.429232,109.803565,1,0,840.155947
1789512529,1,-117.474637,51.423405,0.000000,4.748651,27.385383,136.811669,1,0,838.253820
1789512534,1,-117.474897,51.424626,0.000000,4.748651,27.529752,137.060605,1,0,834.480695
1789512539,1,-117.475199,51.425829,0.000000,4.748651,26.914685,135.497468,1,0,833.909826
1789512544,1,-117.475623,51.427004,0.000000,4.748651,26.965894,134.029012,1,0,834.829019
1789512549,1,-117.476334,51.428133,0.000000,4.748650,27.002949,135.010597,1,0,836.123768
1789512553,1,-117.477014,51.429009,0.000000,4.748651,27.108053,108.344982,1,0,836.927429
1789512557,1,-117.477706,51.429880,0.000000,4.748651,27.000077,108.213484,1,0,837.946335
1789512562,1,-117.478513,51.430987,0.000000,4.748651,27.163650,135.363643,1,0,839.332128
1789512566,1,-117.478951,51.431930,0.000000,4.748651,27.445077,109.261907,1,0,840.533472
1789512571,1,-117.479175,51.433144,0.000000,4.748651,27.167233,135.978769,1,0,841.879919
1789512575,1,-117.479076,51.434116,0.000000,4.748651,27.151449,108.374599,1,0,842.903817
1789512579,1,-117.478740,51.435072,0.000000,4.748651,27.270265,108.912284,1,0,842.696539
1789512583,1,-117.478058,51.436221,0.000000,4.748650,27.257849,136.365459,1,0,840.528913
1789512587,1,-117.477462,51.437124,0.000000,4.748650,27.119221,108.691952,1,0,838.204973
1789512591,1,-117.477033,51.438064,0.000000,4.748650,27.168876,108.767084,1,0,836.077380
1789512596,1,-117.476812,51.439276,0.000000,4.748650,26.974285,135.733701,1,0,834.466083
1789512600,1,-117.476854,51.440235,0.000000,4.748650,26.608771,106.749029,1,0,835.218499
1789512604,1,-117.477133,51.441190,0.000000,4.748650,27.307705,108.020719,1,0,836.315072
1789512608,1,-117.477468,51.442132,0.000000,4.748650,26.676489,107.375142,1,0,839.408898
1789512612,1,-117.477812,51.443070,0.000000,4.748650,26.916464,107.078844,1,0,843.928462
1789512616,1,-117.478012,51.444030,0.000000,4.748651,27.003417,107.722223,1,0,849.970413
1789512620,1,-117.478083,51.445000,0.000000,4.748651,26.987540,108.046316,1,0,856.660093
1789512624,1,-117.478129,51.445973,0.000000,4.748651,27.001823,108.314701,1,0,863.394607
1789512628,1,-117.478209,51.446944,0.000000,4.748651,26.983821,108.188133,1,0,869.936731
1789512632,1,-117.478242,51.447917,0.000000,4.748651,27.078329,108.292003,1,0,876.629431
1789512636,1,-117.478228,51.448889,0.000000,4.748652,27.066285,108.160910,1,0,883.088756
1789512640,1,-117.478156,51.449865,0.000000,4.748652,27.326249,108.717048,1,0,888.149702
1789512644,1,-117.478130,51.450843,0.000000,4.748652,27.116778,108.839448,1,0,892.863748
1789512649,1,-117.478359,51.451806,0.000000,4.748652,27.277346,108.331783,1,0,897.104132
1789512654,1,-117.478827,51.452989,0.000000,4.748651,27.048451,135.597273,1,0,901.916585
1789512658,1,-117.479089,51.453940,0.000000,4.748652,26.823424,107.376676,1,0,906.270197
1789512663,1,-117.479022,51.455144,0.000000,4.748652,26.807431,134.053375,1,0,913.949461
1789512667,1,-117.478915,51.456108,0.000000,4.748652,26.928781,107.524768,1,0,920.710220
1789512672,1,-117.478863,51.457326,0.000000,4.748652,27.044687,135.578876,1,0,929.361437
1789512676,1,-117.478888,51.458296,0.000000,4.748652,27.044112,107.949050,1,0,935.032939
1789512680,1,-117.478932,51.459274,0.000000,4.748652,27.288932,108.868305,1,0,938.838623
1789512684,1,-117.478987,51.460259,0.000000,4.748652,27.430624,109.670967,1,0,941.647103
1789512689,1,-117.479104,51.461478,0.000000,4.748651,27.166608,135.886030,1,0,943.500497
1789512694,1,-117.479579,51.462664,0.000000,4.748651,27.259144,136.038028,1,0,944.687623
1789512698,1,-117.480005,51.463603,0.000000,4.748651,27.175886,108.600806,1,0,945.642737
1789512701,1,-117.480346,51.464550,0.000000,4.748651,26.922661,108.009057,1,0,947.658802
1789512705,1,-117.480615,51.465493,0.000000,4.748651,26.711588,106.584020,1,0,951.682191
1789512710,1,-117.480910,51.466684,0.000000,4.748652,27.016915,134.103805,1,0,958.416315
1789512715,1,-117.481139,51.467895,0.000000,4.748652,27.173193,135.689476,1,0,965.300022
1789512719,1,-117.481327,51.468858,0.000000,4.748652,26.960733,107.950656,1,0,971.456293
1789512723,1,-117.481511,51.469823,0.000000,4.748652,27.059187,108.138439,1,0,976.722767
1789512727,1,-117.481692,51.470793,0.000000,4.748652,27.272409,108.666683,1,0,982.404012
1789512731,1,-117.481884,51.471761,0.000000,4.748652,27.057440,108.536982,1,0,987.924636
1789512735,1,-117.482064,51.472727,0.000000,4.748652,27.056237,108.216648,1,0,992.792618
1789512740,1,-117.482283,51.473931,0.000000,4.748652,26.928715,134.836387,1,0,999.350509
1789512745,1,-117.482348,51.475136,0.000000,4.748652,26.826884,134.162196,1,0,1007.134679
1789512750,1,-117.482045,51.476330,0.000000,4.748652,27.182092,134.520343,1,0,1015.350053
1789512754,1,-117.481552,51.477254,0.000000,4.748652,27.033641,108.375212,1,0,1021.351667
1789512759,1,-117.480790,51.478371,0.000000,4.748651,27.142639,135.103078,1,0,1027.730196
1789512763,1,-117.480164,51.479274,0.000000,4.748651,27.380442,109.493354,1,0,1030.957745
1789512767,1,-117.479554,51.480180,0.000000,4.748651,27.286960,109.364123,1,0,1033.169564
1789512772,1,-117.478955,51.481087,0.000000,4.748651,27.289872,109.171403,1,0,1033.903899
1789512776,1,-117.478351,51.481990,0.000000,4.748651,27.278285,108.893458,1,0,1032.664182
1789512781,1,-117.477589,51.483112,0.000000,4.748651,27.142536,135.613162,1,0,1031.753557
1789512785,1,-117.476980,51.484007,0.000000,4.748651,27.094641,108.207908,1,0,1030.876557
1789512789,1,-117.476372,51.484908,0.000000,4.748651,27.207693,108.795690,1,0,1029.099503
1789512794,1,-117.475604,51.486026,0.000000,4.748651,27.073482,135.365078,1,0,1027.650045
1789512799,1,-117.474838,51.487145,0.000000,4.748651,27.001036,135.412654,1,0,1026.188779
1789512803,1,-117.474237,51.488042,0.000000,4.748651,27.139656,108.195309,1,0,1025.041906
1789512807,1,-117.473611,51.488939,0.000000,4.748651,27.093023,108.877346,1,0,1023.885421
1789512811,1,-117.472925,51.489814,0.000000,4.748651,27.018819,108.404396,1,0,1022.473378
1789512816,1,-117.471934,51.490861,0.000000,4.748651,27.088630,135.324110,1,0,1021.611923
1789512820,1,-117.471057,51.491665,0.000000,4.748651,27.036319,108.238419,1,0,1020.837829
1789512824,1,-117.470139,51.492449,0.000000,4.748651,27.022418,108.062170,1,0,1021.228761
1789512827,1,-117.469231,51.493227,0.000000,4.748651,26.773874,107.113376,1,0,1023.073959
1789512831,1,-117.468318,51.494007,0.000000,4.748651,26.986210,107.497923,1,0,1025.754488
1789512836,1,-117.467167,51.494983,0.000000,4.748651,26.988336,134.862779,1,0,1030.021212
1789512840,1,-117.466249,51.495764,0.000000,4.748651,27.021788,107.788937,1,0,1033.981273
1789512844,1,-117.465411,51.496583,0.000000,4.748651,27.196547,108.136786,1,0,1038.048976
1789512848,1,-117.464689,51.497451,0.000000,4.748651,27.218393,108.830569,1,0,1042.251133
1789512853,1,-117.463893,51.498566,0.000000,4.748651,27.040217,135.834249,1,0,1046.887141
1789512857,1,-117.463264,51.499456,0.000000,4.748651,26.997467,108.244419,1,0,1050.493474
1789512861,1,-117.462623,51.500341,0.000000,4.748651,27.061956,108.076360,1,0,1053.847978
1789512866,1,-117.461806,51.501449,0.000000,4.748651,27.015746,135.723989,1,0,1058.644692
1789512870,1,-117.460945,51.502240,0.000000,4.748651,26.129749,106.410221,1,0,1062.215102
1789512875,1,-117.459466,51.502908,0.000000,4.748651,25.044044,126.792161,1,0,1066.532480
1789512879,1,-117.458085,51.503235,0.000000,4.748651,26.112378,102.581969,1,0,1069.928024
1789512884,1,-117.456242,51.503631,0.000000,4.748651,27.309910,135.370662,1,0,1074.569660
1789512888,1,-117.454744,51.503952,0.000000,4.748652,27.455944,109.998547,1,0,1078.599226
1789512893,1,-117.452871,51.504350,0.000000,4.748652,27.466861,137.414137,1,0,1083.336040
1789512898,1,-117.451381,51.504679,0.000000,4.748651,27.406137,109.767043,1,0,1087.622080
1789512903,1,-117.449711,51.505305,0.000000,4.748651,26.788915,135.294179,1,0,1091.734200
1789512908,1,-117.448446,51.506216,0.000000,4.748651,27.224896,134.139912,1,0,1094.976904
1789512912,1,-117.447696,51.507088,0.000000,4.748651,27.727912,110.127790,1,0,1094.992366
1789512917,1,-117.446799,51.508196,0.000000,4.748651,27.691640,138.136921,1,0,1092.928021
1789512921,1,-117.446073,51.509091,0.000000,4.748651,28.009592,111.626730,1,0,1089.698267
1789512925,1,-117.445281,51.509951,0.000000,4.748651,27.330825,110.376911,1,0,1086.014507
1789512930,1,-117.444002,51.510885,0.000000,4.748651,27.511544,136.708001,1,0,1081.141379
1789512934,1,-117.442736,51.511473,0.000000,4.748651,27.395277,109.584402,1,0,1077.607260
1789512938,1,-117.441320,51.511902,0.000000,4.748651,27.251887,109.298164,1,0,1073.968752
1789512943,1,-117.439412,51.512195,0.000000,4.748652,27.276980,136.437424,1,0,1069.272103
1789512947,1,-117.437841,51.512227,0.000000,4.748652,27.241502,109.142500,1,0,1066.029824
1789512951,1,-117.435915,51.512007,0.000000,4.748652,27.183352,135.956422,1,0,1061.998611
1789512956,1,-117.434095,51.511568,0.000000,4.748652,27.116629,135.486969,1,0,1057.963066
1789512960,1,-117.432654,51.511185,0.000000,4.748652,27.215213,108.756023,1,0,1054.144062
1789512964,1,-117.431241,51.510763,0.000000,4.748652,27.192788,108.771869,1,0,1050.410881
1789512969,1,-117.429465,51.510250,0.000000,4.748652,27.181185,135.890067,1,0,1045.464786
1789512974,1,-117.427637,51.509820,0.000000,4.748652,27.124898,135.648395,1,0,1041.234330
1789512979,1,-117.425858,51.509318,0.000000,4.748652,27.156340,135.570018,1,0,1037.042801
1789512984,1,-117.424225,51.508659,0.000000,4.748652,26.981521,135.035052,1,0,1033.709362
1789512988,1,-117.423023,51.508052,0.000000,4.748652,26.916124,107.369309,1,0,1033.115695
1789512992,1,-117.421887,51.507391,0.000000,4.748652,27.108158,107.851940,1,0,1033.344865
1789512996,1,-117.420727,51.506736,0.000000,4.748652,27.152036,108.627552,1,0,1032.994611
1789513000,1,-117.419587,51.506069,0.000000,4.748652,27.149816,108.510809,1,0,1032.706991
1789513004,1,-117.418449,51.505404,0.000000,4.748652,27.087051,108.263169,1,0,1032.756213
1789513008,1,-117.417312,51.504735,0.000000,4.748652,27.155742,108.517349,1,0,1032.636576
1789513012,1,-117.416169,51.504068,0.000000,4.748652,27.161233,108.668757,1,0,1032.664307
1789513017,1,-117.414745,51.503235,0.000000,4.748652,27.064235,135.538107,1,0,1032.037830
1789513021,1,-117.413603,51.502569,0.000000,4.748652,27.156447,108.542024,1,0,1031.560280
1789513027,1,-117.412176,51.501734,0.000000,4.748652,27.212486,135.842281,1,0,1030.973583
1789513031,1,-117.411039,51.501067,0.000000,4.748652,27.066843,108.364766,1,0,1030.639596
1789513035,1,-117.409900,51.500401,0.000000,4.748652,27.144982,108.396162,1,0,1030.492832
1789513039,1,-117.408759,51.499733,0.000000,4.748652,27.133850,108.649703,1,0,1030.308436
1789513044,1,-117.407335,51.498901,0.000000,4.748652,27.119033,135.469836,1,0,1030.101561
1789513049,1,-117.405918,51.498067,0.000000,4.748652,26.975058,135.267928,1,0,1030.529452
1789513053,1,-117.404785,51.497402,0.000000,4.748652,26.999351,108.016185,1,0,1031.463272
1789513057,1,-117.403659,51.496736,0.000000,4.748652,26.868979,107.739079,1,0,1032.918511
1789513061,1,-117.402525,51.496071,0.000000,4.748652,27.060104,108.066833,1,0,1034.275494
1789513065,1,-117.401389,51.495404,0.000000,4.748652,27.134918,108.326740,1,0,1036.032401
1789513069,1,-117.400265,51.494723,0.000000,4.748652,27.210180,108.800405,1,0,1037.257290
1789513073,1,-117.398832,51.493887,0.000000,4.748652,27.224522,136.238433,1,0,1038.369725
1789513078,1,-117.397343,51.493093,0.000000,4.748652,27.131815,136.024475,1,0,1039.337807
1789513082,1,-117.396093,51.492505,0.000000,4.748652,27.195567,108.716718,1,0,1040.177170
1789513087,1,-117.394469,51.491827,0.000000,4.748652,27.196212,135.705056,1,0,1041.124278
1789513092,1,-117.392834,51.491164,0.000000,4.748652,27.102419,135.424331,1,0,1042.210855
1789513096,1,-117.391525,51.490637,0.000000,4.748652,27.054879,108.200264,1,0,1043.381400
1789513100,1,-117.390220,51.490109,0.000000,4.748652,27.038034,108.027361,1,0,1045.162932
1789513105,1,-117.388588,51.489448,0.000000,4.748652,27.060171,135.138500,1,0,1047.471967
1789513109,1,-117.387276,51.488919,0.000000,4.748652,27.102171,108.496136,1,0,1049.018226
1789513113,1,-117.385965,51.488388,0.000000,4.748652,27.138806,108.558789,1,0,1050.726993
1789513118,1,-117.384326,51.487727,0.000000,4.748652,27.083782,135.546800,1,0,1052.901195
1789513122,1,-117.383018,51.487197,0.000000,4.748652,27.155920,108.323465,1,0,1054.403307
1789513126,1,-117.381711,51.486665,0.000000,4.748652,27.024789,108.386625,1,0,1056.093175
1789513131,1,-117.380071,51.486005,0.000000,4.748652,27.136608,135.544942,1,0,1058.190506
1789513135,1,-117.378788,51.485446,0.000000,4.748652,27.164477,108.693420,1,0,1059.335485
1789513139,1,-117.377471,51.484914,0.000000,4.748652,27.278122,108.977919,1,0,1059.999791
1789513143,1,-117.376153,51.484378,0.000000,4.748652,27.231673,109.278557,1,0,1059.633716
1789513149,1,-117.374509,51.483720,0.000000,4.748652,27.105589,135.669218,1,0,1059.475322
1789513153,1,-117.373198,51.483190,0.000000,4.748652,27.080240,108.507050,1,0,1059.289942
1789513157,1,-117.371886,51.482662,0.000000,4.748652,27.155633,108.444633,1,0,1059.156453
1789513161,1,-117.370576,51.482131,0.000000,4.748652,27.084142,108.509291,1,0,1059.095731
1789513166,1,-117.368936,51.481472,0.000000,4.748652,27.067314,135.495536,1,0,1059.380642
1789513170,1,-117.367565,51.481006,0.000000,4.748652,27.141474,108.448954,1,0,1059.802149
1789513175,1,-117.365779,51.480514,0.000000,4.748652,27.125811,135.633807,1,0,1060.374620
1789513179,1,-117.364299,51.480210,0.000000,4.748652,27.032928,108.253446,1,0,1061.544732
1789513183,1,-117.362797,51.479978,0.000000,4.748652,26.782892,107.506602,1,0,1064.429202
1789513187,1,-117.361261,51.479824,0.000000,4.748652,27.088208,108.090382,1,0,1067.615543
1789513192,1,-117.359314,51.479735,0.000000,4.748652,27.081418,135.642263,1,0,1071.227620
1789513195,1,-117.357750,51.479751,0.000000,4.748652,27.108373,108.683513,1,0,1074.393675
1789513199,1,-117.356196,51.479846,0.000000,4.748652,27.110175,108.490426,1,0,1077.702149
1789513204,1,-117.354279,51.480073,0.000000,4.748652,27.088242,135.570025,1,0,1081.961906
1789513208,1,-117.352778,51.480340,0.000000,4.748652,27.100315,108.441253,1,0,1085.053347
1789513212,1,-117.351304,51.480691,0.000000,4.748652,27.355463,109.610798,1,0,1086.426818
1789513216,1,-117.349843,51.481057,0.000000,4.748652,27.250307,109.377794,1,0,1086.181574
1789513221,1,-117.348013,51.481507,0.000000,4.748651,27.212230,136.656069,1,0,1084.810894
1789513225,1,-117.346558,51.481864,0.000000,4.748651,27.096611,108.620700,1,0,1083.665591
1789513230,1,-117.344742,51.482309,0.000000,4.748651,27.113913,135.547156,1,0,1082.499573
1789513234,1,-117.343288,51.482664,0.000000,4.748651,27.116374,108.474752,1,0,1081.445213
1789513239,1,-117.341481,51.483108,0.000000,4.748651,26.904053,134.924417,1,0,1081.614657
1789513243,1,-117.340039,51.483462,0.000000,4.748651,26.946272,107.657894,1,0,1082.835131
1789513247,1,-117.338596,51.483816,0.000000,4.748651,27.015730,107.722580,1,0,1083.984254
1789513251,1,-117.337152,51.484169,0.000000,4.748651,26.663581,107.746657,1,0,1085.426786
1789513256,1,-117.335478,51.484588,0.000000,4.748651,23.642525,125.309156,1,0,1086.793679
1789513260,1,-117.334306,51.484873,0.000000,4.748652,20.705098,87.389930,1,0,1087.699648
1789513265,1,-117.332975,51.485207,0.000000,4.748652,19.641530,99.668868,1,0,1088.387531
1789513271,1,-117.331383,51.485584,0.000000,4.748652,19.802840,118.302638,1,0,1089.199025
1789513277,1,-117.330030,51.485886,0.000000,4.748652,20.096077,99.824967,1,0,1089.485863
1789513283,1,-117.328379,51.486276,0.000000,4.748651,20.657744,122.637024,1,0,1090.026569
1789513289,1,-117.326767,51.486673,0.000000,4.748651,19.259057,120.390336,1,0,1090.435186
1789513294,1,-117.325548,51.486971,0.000000,4.748652,17.479202,90.949530,1,0,1090.683880
1789513299,1,-117.324441,51.487243,0.000000,4.748652,16.066240,82.649326,1,0,1091.145297
1789513305,1,-117.323188,51.487551,0.000000,4.748652,15.314697,93.554939,1,0,1091.440643
1789513312,1,-117.321768,51.487900,0.000000,4.748652,15.078201,106.021911,1,0,1092.025168
1789513318,1,-117.320348,51.488248,0.000000,4.748652,15.249772,105.981213,1,0,1092.862223
1789513324,1,-117.319109,51.488556,0.000000,4.748651,15.573073,92.650633,1,0,1093.557265
1789513329,1,-117.318075,51.488828,0.000000,4.748651,15.564356,77.952200,1,0,1093.641920
1789513335,1,-117.316862,51.489141,0.000000,4.748652,14.752250,91.185960,1,0,1093.038262
1789513341,1,-117.315675,51.489430,0.000000,4.748652,14.965335,88.514361,1,0,1091.832309
1789513348,1,-117.314223,51.489779,0.000000,4.748651,15.637508,108.093610,1,0,1088.909082
1789513353,1,-117.313177,51.490040,0.000000,4.748651,15.599795,78.258602,1,0,1086.444825
1789513359,1,-117.311882,51.490360,0.000000,4.748651,16.478456,96.759232,1,0,1082.411197
1789513364,1,-117.310772,51.490632,0.000000,4.748652,16.584389,82.843170,1,0,1078.728571
1789513369,1,-117.309644,51.490905,0.000000,4.748652,16.940227,84.040562,1,0,1074.886978
1789513374,1,-117.308486,51.491184,0.000000,4.748652,17.488504,86.225021,1,0,1070.656969
1789513379,1,-117.307295,51.491478,0.000000,4.748652,17.798671,88.967593,1,0,1065.983027
1789513384,1,-117.306177,51.491737,0.000000,4.748652,15.584023,82.838285,1,0,1061.511779
1789513390,1,-117.304869,51.491865,0.000000,4.748652,15.422313,91.971208,1,0,1056.777910
1789513397,1,-117.303424,51.492148,0.000000,4.748652,14.493953,105.202251,1,0,1054.726819
1789513404,1,-117.302498,51.492538,0.000000,4.748652,11.805512,77.595953,1,0,1056.567056
1789513412,1,-117.301572,51.492917,0.000000,4.748652,8.130869,76.918092,1,0,1058.429591
1789513421,1,-117.300639,51.493166,0.000000,4.748652,7.381679,70.486121,1,0,1060.083251
1789513432,1,-117.299780,51.493356,0.000000,4.748652,5.741302,63.306199,1,0,1061.371804
1789513441,1,-117.298917,51.493546,0.000000,4.748652,7.566203,63.568191,1,0,1062.955615
1789513449,1,-117.297995,51.493733,0.000000,4.748652,8.734977,67.343256,1,0,1064.484963
1789513457,1,-117.296995,51.493847,0.000000,4.748652,9.057911,70.614897,1,0,1065.962804
1789513464,1,-117.296053,51.493892,0.000000,4.748652,8.799537,65.628413,1,0,1067.455304
1789513472,1,-117.295240,51.493872,0.000000,4.748652,4.244263,56.519812,1,0,1068.103377
1789513491,1,-117.294459,51.493802,0.000000,4.748652,4.181963,54.809393,1,0,1069.504786
1789513501,1,-117.293671,51.493674,0.000000,4.748652,6.255553,56.562082,1,0,1070.032405
1789513511,1,-117.292721,51.493492,0.000000,4.748652,7.300947,69.030525,1,0,1069.824745
1789513520,1,-117.291698,51.493280,0.000000,4.748652,9.348228,74.877182,1,0,1069.909705
1789513528,1,-117.290775,51.493090,0.000000,4.748652,9.496436,67.513187,1,0,1069.655836
1789513536,1,-117.289777,51.492883,0.000000,4.748652,9.608051,73.053679,1,0,1069.526023
1789513544,1,-117.288407,51.492603,0.000000,4.748652,14.012182,100.139170,1,0,1069.446164
1789513551,1,-117.287212,51.492355,0.000000,4.748652,10.712137,87.478972,1,0,1068.197105
1789513557,1,-117.286211,51.492130,0.000000,4.748652,11.180032,73.905762,1,0,1067.737998
1789513564,1,-117.285142,51.491911,0.000000,4.748652,10.709367,78.155728,1,0,1067.175702
1789513571,1,-117.284129,51.491700,0.000000,4.748652,10.811510,74.182891,1,0,1066.495375
1789513578,1,-117.283025,51.491482,0.000000,4.748652,11.197966,80.435765,1,0,1067.181441
1789513585,1,-117.281967,51.491267,0.000000,4.748652,11.853171,77.291134,1,0,1068.555888
1789513592,1,-117.280634,51.490986,0.000000,4.748652,14.188093,97.735321,1,0,1070.966543
1789513599,1,-117.279318,51.490722,0.000000,4.748652,13.586884,96.021703,1,0,1073.146884
1789513606,1,-117.277988,51.490441,0.000000,4.748652,14.589365,97.537968,1,0,1075.514590
1789513613,1,-117.276448,51.490121,0.000000,4.748652,17.594187,112.748658,1,0,1078.352803
1789513618,1,-117.275122,51.489847,0.000000,4.748652,20.136096,97.027305,1,0,1080.593934
1789513623,1,-117.273776,51.489570,0.000000,4.748652,18.865292,98.451257,1,0,1082.257963
1789513629,1,-117.272382,51.489278,0.000000,4.748652,15.621866,102.142048,1,0,1083.688590
1789513636,1,-117.270915,51.488971,0.000000,4.748652,16.188533,107.480664,1,0,1084.601205
1789513641,1,-117.269716,51.488736,0.000000,4.748652,18.213051,87.298734,1,0,1085.143191
1789513646,1,-117.268487,51.488478,0.000000,4.748652,17.584425,90.072019,1,0,1084.612684
1789513653,1,-117.267091,51.488183,0.000000,4.748652,17.055698,102.380340,1,0,1083.724418
1789513658,1,-117.265913,51.487940,0.000000,4.748652,17.478271,86.183161,1,0,1082.293337
1789513664,1,-117.264429,51.487632,0.000000,4.748652,18.624915,108.636001,1,0,1079.389041
1789513669,1,-117.262894,51.487308,0.000000,4.748652,18.834409,112.560942,1,0,1075.261810
1789513674,1,-117.261620,51.487025,0.000000,4.748652,18.985987,93.935822,1,0,1071.868210
1789513680,1,-117.260067,51.486628,0.000000,4.748652,19.719091,116.575655,1,0,1067.791469
1789513686,1,-117.258523,51.486149,0.000000,4.748652,20.154686,119.769850,1,0,1063.910109
1789513691,1,-117.257245,51.485703,0.000000,4.748652,20.398488,101.716252,1,0,1061.215858
1789513696,1,-117.256043,51.485277,0.000000,4.748652,18.145399,96.023586,1,0,1058.248288
1789513702,1,-117.254738,51.484816,0.000000,4.748652,17.018590,104.169319,1,0,1055.007512
1789513707,1,-117.253677,51.484439,0.000000,4.748652,16.882814,84.812938,1,0,1052.249992
1789513712,1,-117.252607,51.484059,0.000000,4.748652,17.205308,85.521438,1,0,1049.159697
1789513718,1,-117.251284,51.483588,0.000000,4.748652,17.901707,105.806100,1,0,1044.128962
1789513723,1,-117.250147,51.483183,0.000000,4.748652,18.465330,90.942799,1,0,1039.528970
1789513729,1,-117.248733,51.482683,0.000000,4.748652,18.996581,112.896837,1,0,1034.056506
1789513735,1,-117.247286,51.482172,0.000000,4.748652,19.548649,115.494857,1,0,1028.247639
1789513740,1,-117.246095,51.481747,0.000000,4.748652,18.408566,95.303964,1,0,1023.246004
1789513745,1,-117.244973,51.481348,0.000000,4.748652,17.834958,89.706525,1,0,1018.506101
1789513751,1,-117.243682,51.480892,0.000000,4.748652,16.816844,103.056339,1,0,1013.080246
1789513756,1,-117.242614,51.480513,0.000000,4.748652,17.262886,85.351884,1,0,1009.105723
1789513761,1,-117.241506,51.480119,0.000000,4.748652,17.933623,88.592836,1,0,1004.864450
1789513767,1,-117.240116,51.479629,0.000000,4.748652,18.893298,110.905942,1,0,999.418518
1789513773,1,-117.238769,51.479147,0.000000,4.748652,17.130348,107.868779,1,0,994.000647
1789513779,1,-117.237642,51.478745,0.000000,4.748652,19.242665,90.180391,1,0,991.318007
1789513785,1,-117.236109,51.478207,0.000000,4.748652,19.714597,122.183842,1,0,989.345399
1789513791,1,-117.234746,51.477729,0.000000,4.748652,17.701020,108.615914,1,0,988.502439
1789513795,1,-117.233622,51.477335,0.000000,4.748652,18.220931,89.560277,1,0,988.246672
1789513800,1,-117.232408,51.476903,0.000000,4.748652,20.606421,97.084938,1,0,987.881741
1789513805,1,-117.231023,51.476412,0.000000,4.748652,22.790814,110.658204,1,0,987.501163
1789513810,1,-117.229572,51.475894,0.000000,4.748652,23.439813,116.139336,1,0,985.616364
1789513814,1,-117.228382,51.475476,0.000000,4.748652,23.939559,94.874044,1,0,982.912030
1789513819,1,-117.226813,51.475020,0.000000,4.748652,24.048822,120.255065,1,0,978.783480
1789513823,1,-117.225465,51.474840,0.000000,4.748652,23.783520,95.786501,1,0,975.137532
1789513828,1,-117.223765,51.474851,0.000000,4.748652,23.744403,118.134797,1,0,970.720679
1789513832,1,-117.222425,51.475053,0.000000,4.748652,24.059127,95.787565,1,0,967.504306
1789513837,1,-117.220888,51.475538,0.000000,4.748652,23.767310,119.662836,1,0,965.292504
1789513842,1,-117.219635,51.476220,0.000000,4.748652,22.735172,115.498471,1,0,965.579149
1789513846,1,-117.218856,51.476865,0.000000,4.748652,22.497319,89.896179,1,0,967.330081
1789513851,1,-117.218201,51.477789,0.000000,4.748652,22.545598,112.440938,1,0,969.592535
1789513856,1,-117.217923,51.478791,0.000000,4.748652,22.790333,113.157927,1,0,971.732962
1789513860,1,-117.218008,51.479607,0.000000,4.748652,22.744086,90.991769,1,0,972.946829
1789513864,1,-117.218314,51.480397,0.000000,4.748652,22.499166,90.441791,1,0,974.153098
1789513868,1,-117.218857,51.481136,0.000000,4.748652,22.925541,90.475082,1,0,975.145801
1789513872,1,-117.219625,51.481821,0.000000,4.748652,23.555705,93.044343,1,0,976.513878
1789513876,1,-117.220478,51.482510,0.000000,4.748652,24.493671,96.904306,1,0,978.031851
1789513880,1,-117.221358,51.483223,0.000000,4.748652,25.256688,100.164647,1,0,979.209000
1789513884,1,-117.222263,51.483955,0.000000,4.748652,25.969869,102.899604,1,0,979.160516
1789513888,1,-117.223193,51.484705,0.000000,4.748652,26.592483,105.546600,1,0,977.783190
1789513893,1,-117.224390,51.485667,0.000000,4.748652,27.475948,135.556494,1,0,974.877322
1789513897,1,-117.225361,51.486454,0.000000,4.748652,27.604965,110.546232,1,0,972.103108
1789513901,1,-117.226332,51.487237,0.000000,4.748652,27.380164,110.189130,1,0,968.828946
1789513905,1,-117.227236,51.488022,0.000000,4.748652,26.675193,107.583308,1,0,965.817332
1789513909,1,-117.227878,51.488887,0.000000,4.748652,26.703306,106.083513,1,0,962.941686
1789513913,1,-117.228162,51.489825,0.000000,4.748652,26.794639,106.223716,1,0,960.217243
1789513917,1,-117.228079,51.490778,0.000000,4.748652,26.851213,106.201075,1,0,957.829107
1789513922,1,-117.227569,51.491939,0.000000,4.748652,26.878912,133.958887,1,0,954.819811
1789513927,1,-117.227028,51.493074,0.000000,4.748652,25.922035,131.768822,1,0,951.348872
1789513931,1,-117.226598,51.493951,0.000000,4.748652,25.316654,102.056396,1,0,946.803519
1789513935,1,-117.226078,51.494786,0.000000,4.748652,25.092655,99.688209,1,0,941.737918
1789513939,1,-117.225208,51.495478,0.000000,4.748652,25.049541,97.884977,1,0,936.838495
1789513943,1,-117.224007,51.495944,0.000000,4.748652,25.012082,98.227830,1,0,932.769878
1789513947,1,-117.222625,51.496130,0.000000,4.748652,24.972826,98.204659,1,0,927.952605
1789513951,1,-117.221206,51.496015,0.000000,4.748652,25.741769,99.396165,1,0,923.045481
1789513956,1,-117.219461,51.495604,0.000000,4.748652,26.540588,129.554627,1,0,916.708840
1789513960,1,-117.217992,51.495246,0.000000,4.748652,27.771062,109.542114,1,0,912.116427
1789513964,1,-117.216496,51.494882,0.000000,4.748652,27.845959,111.531948,1,0,907.562710
1789513968,1,-117.215022,51.494524,0.000000,4.748652,27.291927,109.865565,1,0,902.701150
1789513972,1,-117.213566,51.494170,0.000000,4.748652,27.177932,108.538850,1,0,898.226463
1789513976,1,-117.212104,51.493812,0.000000,4.748652,27.442074,109.088988,1,0,893.571395
1789513980,1,-117.210623,51.493454,0.000000,4.748652,27.772921,110.318623,1,0,889.176435
1789513985,1,-117.208761,51.493001,0.000000,4.748652,27.787611,138.815838,1,0,883.598700
1789513989,1,-117.207296,51.492608,0.000000,4.748652,27.814715,110.761794,1,0,878.807299
1789513994,1,-117.205554,51.492009,0.000000,4.748652,27.806793,138.147482,1,0,873.191787
1789513998,1,-117.204257,51.491432,0.000000,4.748652,27.778417,110.630364,1,0,868.445627
1789514002,1,-117.203053,51.490788,0.000000,4.748652,27.616146,110.134810,1,0,864.373654
1789514007,1,-117.201627,51.489941,0.000000,4.748652,27.135435,136.727577,1,0,859.838090
1789514011,1,-117.200427,51.489320,0.000000,4.748652,26.785402,108.272820,1,0,856.137670
1789514016,1,-117.198857,51.488665,0.000000,4.748652,25.735842,131.169332,1,0,851.402013
1789514020,1,-117.197583,51.488208,0.000000,4.748652,25.347960,102.065504,1,0,846.702618
1789514025,1,-117.196007,51.487650,0.000000,4.748652,25.127969,125.855439,1,0,840.277013
1789514029,1,-117.194744,51.487207,0.000000,4.748652,25.156626,100.631352,1,0,834.776546
1789514033,1,-117.193476,51.486756,0.000000,4.748652,25.386963,101.371915,1,0,829.185241
1789514037,1,-117.192185,51.486302,0.000000,4.748652,25.860684,102.934669,1,0,823.381722
1789514042,1,-117.190557,51.485724,0.000000,4.748652,26.193239,130.105221,1,0,816.558661
1789514046,1,-117.189245,51.485248,0.000000,4.748652,26.540535,105.416481,1,0,810.729075
1789514051,1,-117.187553,51.484681,0.000000,4.748652,26.755144,133.404633,1,0,803.688596
1789514055,1,-117.186089,51.484372,0.000000,4.748652,26.655516,107.358342,1,0,798.837592
1789514060,1,-117.184185,51.484151,0.000000,4.748652,27.156998,134.536704,1,0,794.855681
1789514065,1,-117.182602,51.484115,0.000000,4.748652,27.375143,110.043341,1,0,793.922872
1789514069,1,-117.180627,51.484253,0.000000,4.748652,27.484405,138.059077,1,0,792.453756
1789514073,1,-117.179095,51.484510,0.000000,4.748652,27.454758,110.202401,1,0,791.428308
1789514077,1,-117.177632,51.484887,0.000000,4.748652,27.330082,109.950974,1,0,791.639810
1789514082,1,-117.175878,51.485446,0.000000,4.748652,27.287236,136.807444,1,0,794.575802
1789514087,1,-117.174067,51.485936,0.000000,4.748652,27.610420,137.115990,1,0,797.913960
1789514091,1,-117.172547,51.486218,0.000000,4.748652,27.698616,110.157541,1,0,798.969248
1789514095,1,-117.170985,51.486382,0.000000,4.748652,27.665623,110.035359,1,0,798.352221
1789514100,1,-117.168998,51.486425,0.000000,4.748652,27.893490,138.119083,1,0,794.996356
1789514104,1,-117.167398,51.486350,0.000000,4.748652,27.989686,111.464220,1,0,791.420488
1789514109,1,-117.165465,51.486101,0.000000,4.748652,27.234964,137.113193,1,0,787.752242
1789514113,1,-117.163986,51.485794,0.000000,4.748652,27.461249,108.275357,1,0,786.246831
1789514117,1,-117.162546,51.485384,0.000000,4.748652,27.693028,109.947803,1,0,784.282908
1789514121,1,-117.161188,51.484871,0.000000,4.748652,27.736566,110.264809,1,0,782.268027
1789514125,1,-117.159925,51.484273,0.000000,4.748652,27.600919,110.117648,1,0,780.947172
1789514129,1,-117.158716,51.483644,0.000000,4.748652,27.236899,109.328062,1,0,780.231641
1789514133,1,-117.157520,51.483012,0.000000,4.748652,27.404518,108.851170,1,0,780.317970
1789514137,1,-117.156315,51.482370,0.000000,4.748652,27.546944,110.048177,1,0,780.908490
1789514141,1,-117.155114,51.481725,0.000000,4.748652,27.504603,110.054358,1,0,781.368593
1789514145,1,-117.153913,51.481081,0.000000,4.748652,27.477308,109.988889,1,0,781.645005
1789514150,1,-117.152407,51.480276,0.000000,4.748652,27.531743,137.736652,1,0,782.053174
1789514155,1,-117.150906,51.479472,0.000000,4.748652,27.492109,137.400476,1,0,782.500748
1789514159,1,-117.149701,51.478830,0.000000,4.748652,27.484833,110.055311,1,0,782.821606
1789514164,1,-117.148197,51.478025,0.000000,4.748652,27.525671,137.631147,1,0,783.115831
1789514169,1,-117.146689,51.477224,0.000000,4.748652,27.453536,137.553456,1,0,783.121392
1789514173,1,-117.145489,51.476584,0.000000,4.748652,27.425629,109.646627,1,0,783.607377
1789514177,1,-117.144291,51.475943,0.000000,4.748652,27.415216,109.620452,1,0,784.539969
1789514181,1,-117.143087,51.475302,0.000000,4.748652,27.489698,109.937396,1,0,785.651555
1789514185,1,-117.141884,51.474660,0.000000,4.748652,27.526856,109.956804,1,0,786.595127
1789514189,1,-117.140677,51.474019,0.000000,4.748652,27.527504,110.096145,1,0,787.685487
1789514193,1,-117.139473,51.473376,0.000000,4.748652,27.487313,110.081959,1,0,788.546331
1789514197,1,-117.138262,51.472740,0.000000,4.748652,27.449410,109.949138,1,0,789.965156
1789514201,1,-117.137009,51.472132,0.000000,4.748652,27.484532,110.259752,1,0,791.078637
1789514205,1,-117.135695,51.471575,0.000000,4.748652,27.617657,110.352229,1,0,791.717399
1789514209,1,-117.134387,51.471019,0.000000,4.748652,27.519328,109.953026,1,0,792.755593
1789514214,1,-117.132756,51.470330,0.000000,4.748652,27.326350,136.836445,1,0,795.075339
1789514219,1,-117.131119,51.469640,0.000000,4.748652,27.471826,137.244279,1,0,797.446503
1789514223,1,-117.129817,51.469078,0.000000,4.748652,27.641182,109.986903,1,0,799.362744
1789514227,1,-117.128580,51.468468,0.000000,4.748652,27.497844,109.529231,1,0,801.381913
1789514231,1,-117.127415,51.467805,0.000000,4.748652,27.338851,109.530007,1,0,803.019865
1789514235,1,-117.126295,51.467122,0.000000,4.748652,27.255798,108.782188,1,0,804.480418
1789514239,1,-117.125191,51.466416,0.000000,4.748652,27.575375,109.805599,1,0,805.111041
1789514244,1,-117.123802,51.465535,0.000000,4.748652,27.519160,137.583561,1,0,805.793906
1789514248,1,-117.122690,51.464830,0.000000,4.748652,27.478975,110.121732,1,0,806.353008
1789514252,1,-117.121577,51.464139,0.000000,4.748652,26.968294,109.066795,1,0,807.090078
1789514257,1,-117.120179,51.463305,0.000000,4.748652,27.046770,134.359272,1,0,807.629245
1789514261,1,-117.119074,51.462628,0.000000,4.748652,26.720820,107.576638,1,0,808.038637
1789514265,1,-117.118001,51.461952,0.000000,4.748652,26.432872,105.921311,1,0,808.668674
1789514269,1,-117.116932,51.461270,0.000000,4.748652,26.682589,106.201798,1,0,808.930026
1789514273,1,-117.115847,51.460580,0.000000,4.748652,27.149860,107.621745,1,0,809.321280
1789514278,1,-117.114447,51.459717,0.000000,4.748652,27.409103,136.714492,1,0,809.646384
1789514282,1,-117.113237,51.459077,0.000000,4.748652,27.564249,110.204863,1,0,810.113584
1789514287,1,-117.111724,51.458291,0.000000,4.748652,27.242173,136.781335,1,0,810.282717
1789514292,1,-117.110283,51.457485,0.000000,4.748652,26.697195,134.446131,1,0,810.669546
1789514297,1,-117.108959,51.456632,0.000000,4.748652,26.619865,132.205021,1,0,810.412432
1789514302,1,-117.107630,51.455751,0.000000,4.748652,27.155295,134.703886,1,0,808.412627
1789514307,1,-117.106197,51.454913,0.000000,4.748652,27.314425,136.447979,1,0,805.832571
1789514312,1,-117.104714,51.454105,0.000000,4.748652,27.503581,136.788975,1,0,804.053888
1789514317,1,-117.103266,51.453265,0.000000,4.748652,27.526880,137.362356,1,0,803.305482
1789514322,1,-117.101854,51.452399,0.000000,4.748652,27.508631,137.550157,1,0,802.555394
1789514327,1,-117.100437,51.451536,0.000000,4.748652,27.543566,137.565166,1,0,801.851230
1789514331,1,-117.099305,51.450846,0.000000,4.748652,27.515490,109.947527,1,0,801.267057
1789514335,1,-117.098174,51.450157,0.000000,4.748652,27.458676,109.820055,1,0,800.574760
1789514339,1,-117.097069,51.449488,0.000000,4.748652,26.215689,106.972744,1,0,799.876175
1789514343,1,-117.096057,51.448846,0.000000,4.748652,24.579525,100.266067,1,0,799.240368
1789514348,1,-117.095166,51.447934,0.000000,4.748652,24.224052,118.891602,1,0,799.421560
1789514352,1,-117.094565,51.447124,0.000000,4.748652,25.060374,99.343703,1,0,799.309022
1789514357,1,-117.093508,51.446161,0.000000,4.748652,26.346126,129.935418,1,0,796.926667
1789514361,1,-117.092379,51.445484,0.000000,4.748652,27.558763,108.797231,1,0,792.906987
1789514366,1,-117.090839,51.444684,0.000000,4.748652,27.552334,139.245468,1,0,786.679554
1789514370,1,-117.089648,51.444061,0.000000,4.748652,27.045664,107.995535,1,0,785.894295
1789514375,1,-117.088138,51.443276,0.000000,4.748652,27.464395,136.574427,1,0,789.265310
1789514380,1,-117.086624,51.442481,0.000000,4.748652,27.515077,137.501614,1,0,792.785809
1789514385,1,-117.085102,51.441692,0.000000,4.748652,27.497876,137.500770,1,0,795.836963
1789514389,1,-117.083897,51.441052,0.000000,4.748652,27.602849,109.966742,1,0,797.823270
1789514393,1,-117.082774,51.440360,0.000000,4.748652,27.492319,109.668459,1,0,800.600222
1789514397,1,-117.081699,51.439635,0.000000,4.748652,27.494919,109.981651,1,0,802.726945
1789514401,1,-117.080620,51.438907,0.000000,4.748652,27.608843,110.415590,1,0,803.754367
1789514405,1,-117.079537,51.438180,0.000000,4.748652,27.644665,110.523329,1,0,802.896466
1789514410,1,-117.078177,51.437265,0.000000,4.748652,28.004055,138.959356,1,0,799.941758
1789514414,1,-117.077089,51.436534,0.000000,4.748652,27.485706,111.085926,1,0,796.086195
1789514419,1,-117.075755,51.435642,0.000000,4.748652,27.237901,135.861518,1,0,792.180700
1789514423,1,-117.074647,51.434940,0.000000,4.748652,27.523403,109.723598,1,0,788.774851
1789514428,1,-117.073169,51.434110,0.000000,4.748652,27.592195,138.184508,1,0,785.117545
1789514432,1,-117.071964,51.433476,0.000000,4.748652,27.173013,109.542725,1,0,784.240724
1789514436,1,-117.070773,51.432844,0.000000,4.748652,27.390472,108.655498,1,0,784.299624
1789514441,1,-117.069275,51.432064,0.000000,4.748652,26.391693,135.595533,1,0,785.947061
1789514445,1,-117.068173,51.431498,0.000000,4.748652,23.788007,99.196905,1,0,787.755641
1789514449,1,-117.067161,51.430979,0.000000,4.748652,22.264379,91.046558,1,0,789.474398
1789514455,1,-117.065694,51.430226,0.000000,4.748652,22.256369,132.027823,1,0,792.656996
1789514459,1,-117.064709,51.429704,0.000000,4.748652,22.473797,89.818210,1,0,794.562118
1789514463,1,-117.063730,51.429183,0.000000,4.748652,21.979172,89.428142,1,0,794.880212
1789514469,1,-117.062378,51.428461,0.000000,4.748652,19.709140,123.680760,1,0,795.180555
1789514475,1,-117.061256,51.427699,0.000000,4.748652,19.818678,115.235073,1,0,795.098416
1789514481,1,-117.060291,51.426734,0.000000,4.748652,22.001050,126.627735,1,0,795.062189
1789514486,1,-117.059477,51.425879,0.000000,4.748652,22.014624,110.711392,1,0,794.366015
1789514491,1,-117.058680,51.425047,0.000000,4.748652,21.357322,107.907797,1,0,793.598460
1789514496,1,-117.057885,51.424218,0.000000,4.748652,21.832642,107.549928,1,0,792.060278
1789514501,1,-117.057046,51.423339,0.000000,4.748652,23.363109,113.895612,1,0,790.477726
1789514505,1,-117.056343,51.422597,0.000000,4.748652,24.423270,95.957878,1,0,789.169105
1789514509,1,-117.055612,51.421824,0.000000,4.748652,25.449083,99.918326,1,0,787.944327
1789514513,1,-117.054861,51.421020,0.000000,4.748652,26.077300,103.599864,1,0,788.298135
1789514518,1,-117.053867,51.420008,0.000000,4.748652,26.389456,132.143234,1,0,791.113867
1789514522,1,-117.053080,51.419187,0.000000,4.748652,26.676866,106.503241,1,0,793.159330
1789514526,1,-117.052291,51.418352,0.000000,4.748652,27.061778,107.913127,1,0,794.093577
1789514530,1,-117.051499,51.417508,0.000000,4.748652,27.122921,108.881995,1,0,793.493289
1789514534,1,-117.050711,51.416674,0.000000,4.748652,26.739233,107.781921,1,0,791.443870
1789514538,1,-117.049935,51.415851,0.000000,4.748652,26.411286,106.306501,1,0,788.179492
1789514542,1,-117.049163,51.415035,0.000000,4.748652,26.433209,105.494266,1,0,785.741956
1789514546,1,-117.048379,51.414213,0.000000,4.748652,26.814107,106.494612,1,0,784.347539
1789514550,1,-117.047571,51.413373,0.000000,4.748652,27.476011,109.070840,1,0,783.784210
1789514554,1,-117.046758,51.412526,0.000000,4.748652,27.459607,109.917654,1,0,784.485745
1789514559,1,-117.045740,51.411465,0.000000,4.748652,27.604891,137.674403,1,0,785.041088
1789514564,1,-117.044723,51.410401,0.000000,4.748652,27.617237,137.929168,1,0,783.623124
1789514568,1,-117.043903,51.409552,0.000000,4.748652,27.540819,110.362850,1,0,782.162816
1789514572,1,-117.043096,51.408706,0.000000,4.748652,27.289214,109.611061,1,0,781.385335
1789514576,1,-117.042286,51.407861,0.000000,4.748652,27.530095,109.622694,1,0,781.219589
1789514580,1,-117.041474,51.407012,0.000000,4.748652,27.502972,110.076044,1,0,781.169466
1789514585,1,-117.040459,51.405951,0.000000,4.748652,27.517802,137.571182,1,0,781.159990
1789514589,1,-117.039645,51.405103,0.000000,4.748652,27.525444,110.055490,1,0,781.007909
1789514593,1,-117.038826,51.404246,0.000000,4.748652,28.561893,111.093386,1,0,781.230808
1789514598,1,-117.037730,51.403116,0.000000,4.748652,29.764842,147.060697,1,0,781.367803
1789514602,1,-117.036848,51.402199,0.000000,4.748652,29.624149,119.073807,1,0,781.475096
1789514607,1,-117.035778,51.401086,0.000000,4.748652,28.262635,144.506093,1,0,782.580844
1789514611,1,-117.034955,51.400229,0.000000,4.748652,27.680806,111.239563,1,0,784.146189
1789514615,1,-117.034139,51.399377,0.000000,4.748652,27.620157,110.511884,1,0,786.825089
1789514619,1,-117.033326,51.398530,0.000000,4.748652,27.387146,109.927423,1,0,790.073581
1789514624,1,-117.032333,51.397502,0.000000,4.748652,26.347905,133.643469,1,0,792.886881
1789514628,1,-117.031574,51.396703,0.000000,4.748652,25.044453,103.414935,1,0,792.837631
1789514632,1,-117.030922,51.396011,0.000000,4.748652,20.485198,89.375996,1,0,791.775665
1789514637,1,-117.030236,51.395292,0.000000,4.748652,17.862161,93.169735,1,0,789.985118
1789514642,1,-117.029586,51.394611,0.000000,4.748652,17.644196,88.254714,1,0,788.752654
1789514648,1,-117.028896,51.393787,0.000000,4.748652,16.595281,103.504375,1,0,787.652253
1789514653,1,-117.028447,51.393135,0.000000,4.748652,15.468662,78.993531,1,0,786.784383
1789514659,1,-117.027991,51.392295,0.000000,4.748652,17.723595,98.709008,1,0,786.042378
1789514664,1,-117.027644,51.391453,0.000000,4.748652,20.330881,96.752414,1,0,785.726704
1789514670,1,-117.027258,51.390339,0.000000,4.748652,21.305022,126.833371,1,0,784.853776
1789514675,1,-117.026939,51.389411,0.000000,4.748652,20.843376,105.619030,1,0,784.494867
1789514681,1,-117.026560,51.388314,0.000000,4.748652,20.770255,124.881492,1,0,784.115480
1789514686,1,-117.026243,51.387395,0.000000,4.748652,20.996129,104.610736,1,0,784.384879
1789514692,1,-117.025887,51.386257,0.000000,4.748652,21.789217,129.027091,1,0,786.412092
1789514697,1,-117.025557,51.385282,0.000000,4.748652,22.301349,110.893859,1,0,790.722948
1789514702,1,-117.025063,51.384326,0.000000,4.748652,22.309605,111.795664,1,0,796.558557
1789514706,1,-117.024380,51.383650,0.000000,4.748652,21.962462,88.988775,1,0,799.214091
1789514712,1,-117.023623,51.382569,0.000000,4.748652,22.155487,131.322601,1,0,802.872627
1789514716,1,-117.023173,51.381802,0.000000,4.748652,23.104022,90.912891,1,0,803.636728
1789514720,1,-117.022700,51.381008,0.000000,4.748652,23.862705,94.286147,1,0,803.159130
1789514725,1,-117.022103,51.379995,0.000000,4.748652,24.128472,120.137150,1,0,800.960050
1789514730,1,-117.021496,51.378975,0.000000,4.748652,24.085950,121.109418,1,0,798.106025
1789514734,1,-117.021037,51.378193,0.000000,4.748652,22.274386,92.696735,1,0,795.707702
1789514740,1,-117.020626,51.377114,0.000000,4.748652,20.114256,123.423383,1,0,792.683081
1789514745,1,-117.020543,51.376219,0.000000,4.748652,20.110459,99.753653,1,0,791.856484
1789514750,1,-117.020684,51.375329,0.000000,4.748652,19.311835,99.515250,1,0,791.760356
1789514755,1,-117.020835,51.374522,0.000000,4.748652,17.497898,90.407907,1,0,791.658302
1789514760,1,-117.020754,51.373741,0.000000,4.748652,17.382118,87.084182,1,0,792.104981
1789514765,1,-117.020275,51.372982,0.000000,4.748652,18.778154,90.802154,1,0,792.690393
1789514770,1,-117.019443,51.372243,0.000000,4.748652,20.927485,100.589916,1,0,793.306623
1789514776,1,-117.018689,51.371173,0.000000,4.748652,22.225117,130.122339,1,0,795.057317
1789514781,1,-117.018328,51.370216,0.000000,4.748652,21.439926,109.412560,1,0,796.601680
1789514787,1,-117.017688,51.369210,0.000000,4.748652,18.618851,120.485006,1,0,799.418199
1789514792,1,-117.017237,51.368618,0.000000,4.748652,11.698426,72.977014,1,0,801.056041
1789514800,1,-117.016755,51.367887,0.000000,4.748652,12.455829,87.992874,1,0,804.660361
1789514806,1,-117.016387,51.367102,0.000000,4.748652,16.930440,91.029054,1,0,808.004923
1789514811,1,-117.015987,51.366316,0.000000,4.748652,19.088759,91.787539,1,0,810.054990
1789514817,1,-117.015274,51.365310,0.000000,4.748652,21.057950,122.459291,1,0,810.928409
1789514822,1,-117.014526,51.364456,0.000000,4.748652,21.867569,108.369911,1,0,809.506558
1789514827,1,-117.013848,51.363575,0.000000,4.748652,21.756108,108.810528,1,0,807.019686
1789514832,1,-117.013303,51.362664,0.000000,4.748652,21.751852,108.241248,1,0,803.452301
1789514838,1,-117.012563,51.361553,0.000000,4.748652,22.748047,133.935237,1,0,801.152344
1789514843,1,-117.011724,51.360663,0.000000,4.748652,22.880166,114.989786,1,0,800.643558
1789514847,1,-117.011000,51.359995,0.000000,4.748652,22.097609,89.823169,1,0,800.875692
1789514852,1,-117.010132,51.359204,0.000000,4.748652,20.842471,106.782311,1,0,801.490363
1789514857,1,-117.009318,51.358467,0.000000,4.748652,19.073245,99.700311,1,0,802.548646
1789514863,1,-117.008556,51.357656,0.000000,4.748652,16.427987,104.693502,1,0,803.338141
1789514868,1,-117.008079,51.356980,0.000000,4.748652,16.919076,82.230396,1,0,804.250662
1789514873,1,-117.007553,51.356222,0.000000,4.748652,19.457547,91.957414,1,0,805.185079
1789514878,1,-117.006965,51.355368,0.000000,4.748652,21.273500,103.477802,1,0,805.986768
1789514884,1,-117.006198,51.354322,0.000000,4.748652,21.097149,128.068012,1,0,807.161356
1789514890,1,-117.005160,51.353358,0.000000,4.748652,22.064515,129.363847,1,0,807.391087
1789514894,1,-117.004372,51.352708,0.000000,4.748652,23.007714,90.800626,1,0,807.614232
1789514899,1,-117.003433,51.351898,0.000000,4.748652,21.239367,111.367148,1,0,808.568997
1789514905,1,-117.002566,51.351053,0.000000,4.748652,16.667055,111.752743,1,0,810.640211
1789514910,1,-117.001961,51.350451,0.000000,4.748652,15.743790,79.144260,1,0,811.702995
1789514915,1,-117.001354,51.349799,0.000000,4.748652,17.729775,83.975359,1,0,812.100137
1789514920,1,-117.000865,51.349014,0.000000,4.748652,19.204025,93.756294,1,0,811.339051
1789514925,1,-117.000435,51.348173,0.000000,4.748652,20.023657,98.256594,1,0,809.394169
1789514930,1,-116.999995,51.347287,0.000000,4.748652,21.107424,103.241284,1,0,807.073057
1789514935,1,-116.999539,51.346369,0.000000,4.748652,21.608638,106.972296,1,0,805.254804
1789514940,1,-116.999055,51.345442,0.000000,4.748652,21.658110,108.520270,1,0,804.337631
1789514946,1,-116.998424,51.344401,0.000000,4.748652,19.686439,123.895848,1,0,804.586264
1789514952,1,-116.997872,51.343531,0.000000,4.748652,15.617316,104.166104,1,0,805.574642
1789514959,1,-116.997297,51.342627,0.000000,4.748652,16.338427,108.273755,1,0,806.733815
1789514964,1,-116.996830,51.341889,0.000000,4.748652,18.552012,88.329537,1,0,807.604888
1789514969,1,-116.996321,51.341088,0.000000,4.748652,19.457680,95.924770,1,0,809.169108
1789514974,1,-116.995802,51.340274,0.000000,4.748652,19.706295,97.527944,1,0,810.129559
1789514979,1,-116.995263,51.339434,0.000000,4.748652,20.554256,100.731805,1,0,810.757095
1789514985,1,-116.994602,51.338389,0.000000,4.748652,20.887945,125.068710,1,0,809.947672
1789514990,1,-116.994047,51.337521,0.000000,4.748652,20.574234,104.038473,1,0,807.796524
1789514996,1,-116.993390,51.336496,0.000000,4.748652,20.499146,122.898302,1,0,804.428165
1789515001,1,-116.992806,51.335653,0.000000,4.748652,20.304589,102.250400,1,0,802.831111
1789515006,1,-116.992069,51.334879,0.000000,4.748652,19.729233,100.277698,1,0,802.988023
1789515012,1,-116.991309,51.333967,0.000000,4.748652,19.075598,114.470432,1,0,804.936889
1789515017,1,-116.990811,51.333138,0.000000,4.748652,19.979687,98.556134,1,0,806.116280
1789515022,1,-116.990143,51.332335,0.000000,4.748652,20.000449,100.751639,1,0,806.068873
1789515028,1,-116.989256,51.331579,0.000000,4.748652,14.863373,104.393615,1,0,805.232328
1789515034,1,-116.988564,51.331027,0.000000,4.748652,12.408340,78.097215,1,0,804.301822
1789515040,1,-116.987884,51.330481,0.000000,4.748652,13.536998,77.055915,1,0,804.117407
1789515046,1,-116.987067,51.329820,0.000000,4.748652,16.380565,93.019414,1,0,803.466490
1789515052,1,-116.986156,51.329138,0.000000,4.748652,16.767350,98.949549,1,0,803.055882
1789515057,1,-116.985200,51.328605,0.000000,4.748652,18.523490,89.206977,1,0,801.975255
1789515063,1,-116.983902,51.327964,0.000000,4.748652,19.575451,115.209261,1,0,801.108140
1789515069,1,-116.982767,51.327142,0.000000,4.748652,21.053356,120.932648,1,0,799.780633
1789515074,1,-116.981727,51.326405,0.000000,4.748652,22.383911,109.453706,1,0,796.926293
1789515078,1,-116.980820,51.325817,0.000000,4.748652,22.835364,90.986509,1,0,793.349886
1789515082,1,-116.979890,51.325225,0.000000,4.748652,23.409519,92.424612,1,0,790.111192
1789515087,1,-116.978721,51.324479,0.000000,4.748652,22.553255,116.324473,1,0,787.981390
1789515092,1,-116.977670,51.323810,0.000000,4.748652,19.802421,104.447810,1,0,787.606205
1789515098,1,-116.976575,51.323074,0.000000,4.748652,18.046575,111.953948,1,0,787.598493
1789515103,1,-116.975853,51.322421,0.000000,4.748652,17.463680,88.388929,1,0,787.863380
1789515109,1,-116.975226,51.321567,0.000000,4.748652,17.192857,104.594268,1,0,788.416569
1789515115,1,-116.974888,51.320666,0.000000,4.748652,17.895911,102.985081,1,0,789.074814
1789515121,1,-116.974607,51.319597,0.000000,4.748652,21.983829,120.548362,1,0,790.102024
1789515126,1,-116.974339,51.318690,0.000000,4.748652,18.941310,102.635450,1,0,791.051626
1789515131,1,-116.974122,51.317950,0.000000,4.748652,15.401409,83.716943,1,0,792.889533
1789515137,1,-116.973870,51.317138,0.000000,4.748652,15.744777,92.042298,1,0,794.822794
1789515143,1,-116.973630,51.316368,0.000000,4.748652,11.986663,87.295311,1,0,796.681648
1789515151,1,-116.973691,51.316040,0.000000,4.748652,1.240070,36.743004,1,0,797.912455
1789515161,1,-116.973985,51.316771,0.000000,4.748652,10.134957,83.880711,1,0,795.994982
1789515168,1,-116.974173,51.317394,0.000000,4.748652,9.156469,70.548692,1,0,794.366277
1789515178,1,-116.974510,51.317881,0.000000,4.748652,5.832144,59.063274,1,0,793.482483
1789515193,1,-116.975252,51.317832,0.000000,4.748652,3.674278,52.024746,1,0,793.629235
1789515265,1,-116.974606,51.317224,0.000000,70.153589,-1.000000,81.275201,1,0,792.140000
1789515283,1,-116.975210,51.317842,0.000000,19.995890,-1.000000,80.636142,1,0,792.140000
1789515699,1,-116.974685,51.317317,0.000000,73.644599,-1.000000,68.938338,1,0,792.140000
1789515713,1,-116.975196,51.317908,0.000000,19.346736,-1.000000,74.792255,1,0,792.139999
1789517009,1,-116.974726,51.317892,0.000000,4.748652,0.037194,32.820543,1,0,796.837588
1789517030,1,-116.974195,51.317384,0.000000,4.748652,7.607211,67.571380,1,0,797.290686
1789517037,1,-116.973993,51.316709,0.000000,4.748652,11.323572,76.415388,1,0,798.540460
1789517044,1,-116.973849,51.316216,0.000000,4.748652,5.803439,55.766643,1,0,800.243975
1789517069,1,-116.973389,51.315568,0.000000,4.748652,11.102439,78.914411,1,0,803.647956
1789517076,1,-116.973108,51.314609,0.000000,4.748652,17.200516,108.490367,1,0,806.010909
1789517081,1,-116.972862,51.313820,0.000000,4.748652,18.151145,89.450821,1,0,806.737967
1789517087,1,-116.972438,51.312840,0.000000,4.748652,18.990757,112.979913,1,0,806.933682
1789517093,1,-116.971651,51.311926,0.000000,4.748651,19.602234,115.560125,1,0,806.041974
1789517098,1,-116.970799,51.311203,0.000000,4.748652,20.278104,100.008965,1,0,803.985014
1789517104,1,-116.969833,51.310382,0.000000,4.748652,16.767710,113.503268,1,0,802.178006
1789517110,1,-116.969275,51.309923,0.000000,4.748652,6.702771,64.206889,1,0,799.529765
1789517129,1,-116.968572,51.309356,0.000000,4.748652,13.903335,79.897246,1,0,800.478234
1789517134,1,-116.967910,51.308815,0.000000,4.748652,14.625079,75.860086,1,0,800.990023
1789517140,1,-116.967052,51.308105,0.000000,4.748652,18.390847,99.101150,1,0,801.912125
1789517145,1,-116.966198,51.307403,0.000000,4.748652,19.630948,98.223662,1,0,803.043918
1789517150,1,-116.965376,51.306662,0.000000,4.748652,20.125787,100.418234,1,0,803.470666
1789517156,1,-116.964787,51.305623,0.000000,4.748652,20.756076,122.689039,1,0,804.754106
1789517162,1,-116.964751,51.304529,0.000000,4.748652,20.034484,121.753328,1,0,809.968770
1789517167,1,-116.964842,51.303614,0.000000,4.748652,20.021902,102.008149,1,0,816.898791
1789517172,1,-116.964653,51.302774,0.000000,4.748652,18.285412,94.390427,1,0,823.829827
1789517178,1,-116.964277,51.301872,0.000000,4.748652,17.090983,103.733628,1,0,832.507481
1789517183,1,-116.963744,51.301188,0.000000,4.748652,17.032302,84.701032,1,0,839.441207
1789517189,1,-116.962663,51.300574,0.000000,4.748652,17.196101,101.749293,1,0,847.432527
1789517194,1,-116.961560,51.300294,0.000000,4.748652,16.655117,83.005216,1,0,854.319957
1789517199,1,-116.960358,51.300194,0.000000,4.748652,17.404624,84.577085,1,0,861.630366
1789517205,1,-116.958713,51.300306,0.000000,4.748651,20.192655,115.417039,1,0,869.972781
1789517211,1,-116.957397,51.300535,0.000000,4.748651,16.128971,95.264824,1,0,875.629207
1789517216,1,-116.956162,51.300737,0.000000,4.748651,18.534856,89.028020,1,0,881.379777
1789517221,1,-116.954821,51.300992,0.000000,4.748651,20.084185,97.746632,1,0,887.205828
1789517226,1,-116.953417,51.301288,0.000000,4.748651,20.896033,103.322389,1,0,892.923943
1789517231,1,-116.952010,51.301612,0.000000,4.748651,20.925848,104.553800,1,0,897.994611
1789517236,1,-116.950564,51.301875,0.000000,4.748651,20.919264,105.021657,1,0,902.426834
1789517241,1,-116.949081,51.301978,0.000000,4.748651,20.978166,104.075986,1,0,904.963469
1789517246,1,-116.947600,51.301874,0.000000,4.748651,20.819526,103.949697,1,0,907.179431
1789517251,1,-116.946182,51.301591,0.000000,4.748652,20.889046,103.800820,1,0,910.460813
1789517256,1,-116.944773,51.301269,0.000000,4.748652,21.401742,104.608616,1,0,915.268249
1789517261,1,-116.943122,51.301025,0.000000,4.748652,25.302594,118.318788,1,0,919.409093
1789517266,1,-116.941235,51.301026,0.000000,4.748651,26.494574,131.623455,1,0,921.374048
1789517270,1,-116.939659,51.300973,0.000000,4.748651,27.688688,110.088400,1,0,921.939837
1789517274,1,-116.938141,51.300682,0.000000,4.748651,27.734201,110.724898,1,0,921.760711
1789517278,1,-116.936740,51.300204,0.000000,4.748652,27.793221,111.259921,1,0,920.966674
1789517282,1,-116.935279,51.299802,0.000000,4.748652,28.005787,111.293364,1,0,917.838474
1789517287,1,-116.933311,51.299540,0.000000,4.748651,28.088052,140.334696,1,0,910.747931
1789517291,1,-116.931786,51.299310,0.000000,4.748652,26.883862,109.408017,1,0,908.510579
1789517296,1,-116.930005,51.298876,0.000000,4.748652,26.722821,133.285326,1,0,909.911198
1789517300,1,-116.928502,51.298665,0.000000,4.748651,26.852339,107.434918,1,0,911.029926
1789517305,1,-116.926577,51.298705,0.000000,4.748651,27.609539,134.347570,1,0,911.945009
1789517309,1,-116.925000,51.298808,0.000000,4.748651,27.641315,110.595352,1,0,912.129002
1789517313,1,-116.923422,51.298728,0.000000,4.748651,27.555496,110.429030,1,0,912.020662
1789517318,1,-116.921448,51.298624,0.000000,4.748651,27.756814,138.177113,1,0,909.737656
1789517323,1,-116.919482,51.298803,0.000000,4.748650,26.859771,138.572443,1,0,905.007300
1789517327,1,-116.917876,51.298871,0.000000,4.748651,27.714277,112.277828,1,0,901.780978
1789517332,1,-116.915946,51.298718,0.000000,4.748651,26.979825,135.694540,1,0,900.446727
1789517336,1,-116.914469,51.298465,0.000000,4.748651,26.657673,106.801396,1,0,903.218456
1789517340,1,-116.912946,51.298320,0.000000,4.748651,27.051186,107.451358,1,0,907.099106
1789517345,1,-116.911003,51.298415,0.000000,4.748651,27.294608,135.940935,1,0,911.892163
1789517349,1,-116.909510,51.298713,0.000000,4.748651,27.307370,109.292155,1,0,916.601196
1789517353,1,-116.908158,51.299215,0.000000,4.748651,27.423537,109.606705,1,0,921.729650
1789517357,1,-116.906915,51.299813,0.000000,4.748650,27.224344,109.292605,1,0,928.176519
1789517361,1,-116.905658,51.300396,0.000000,4.748650,27.289881,109.068137,1,0,934.889458
1789517365,1,-116.904351,51.300944,0.000000,4.748650,27.435864,109.679221,1,0,941.864630
1789517369,1,-116.902913,51.301342,0.000000,4.748651,27.525642,109.646144,1,0,948.192588
1789517373,1,-116.901366,51.301561,0.000000,4.748651,27.792960,110.625241,1,0,951.717408
1789517377,1,-116.899776,51.301625,0.000000,4.748651,27.841593,111.135799,1,0,953.564586
1789517381,1,-116.898205,51.301739,0.000000,4.748651,27.616182,110.313859,1,0,954.869515
1789517385,1,-116.896719,51.302058,0.000000,4.748651,27.320465,109.562289,1,0,957.904590
1789517389,1,-116.895379,51.302547,0.000000,4.748652,27.076129,108.153144,1,0,962.731510
1789517393,1,-116.894199,51.303189,0.000000,4.748652,27.346062,108.985443,1,0,967.350360
1789517397,1,-116.893023,51.303838,0.000000,4.748651,27.397066,109.288066,1,0,972.541922
1789517401,1,-116.891696,51.304364,0.000000,4.748651,27.465177,109.514575,1,0,977.920918
1789517405,1,-116.890218,51.304708,0.000000,4.748651,27.570869,109.971960,1,0,982.123163
1789517409,1,-116.888660,51.304858,0.000000,4.748651,27.451576,109.950074,1,0,986.793546
1789517413,1,-116.887086,51.304856,0.000000,4.748651,27.418530,109.792209,1,0,991.517842
1789517417,1,-116.885514,51.304852,0.000000,4.748651,27.403116,109.653463,1,0,996.410153
1789517421,1,-116.883946,51.304895,0.000000,4.748651,27.415821,109.478234,1,0,1001.228930
1789517426,1,-116.882052,51.305230,0.000000,4.748651,27.519510,137.271440,1,0,1006.206699
1789517430,1,-116.880585,51.305614,0.000000,4.748651,27.820312,110.891212,1,0,1008.628615
1789517435,1,-116.878705,51.306032,0.000000,4.748651,27.667010,139.127781,1,0,1010.582755
1789517440,1,-116.876751,51.306138,0.000000,4.748651,27.429845,136.793585,1,0,1011.959033
1789517445,1,-116.874818,51.305875,0.000000,4.748651,27.780422,137.959064,1,0,1011.823009
1789517449,1,-116.873413,51.305419,0.000000,4.748651,27.636978,110.350614,1,0,1010.370907
1789517453,1,-116.872150,51.304824,0.000000,4.748651,27.621617,110.195647,1,0,1008.783474
1789517458,1,-116.870728,51.303954,0.000000,4.748651,28.016552,138.592800,1,0,1004.891464
1789517462,1,-116.869726,51.303163,0.000000,4.748651,28.162979,112.386787,1,0,999.070764
1789517466,1,-116.868791,51.302337,0.000000,4.748651,28.127862,112.695046,1,0,991.153948
1789517471,1,-116.867575,51.301347,0.000000,4.748652,27.710439,139.024595,1,0,979.419807
1789517476,1,-116.866300,51.300406,0.000000,4.748652,27.311709,137.378581,1,0,967.949385
1789517480,1,-116.865255,51.299689,0.000000,4.748652,27.030658,108.066195,1,0,961.162395
1789517485,1,-116.863732,51.298917,0.000000,4.748652,27.610712,136.618623,1,0,951.305179
1789517489,1,-116.862366,51.298397,0.000000,4.748652,27.954326,111.474843,1,0,942.462949
1789517494,1,-116.860687,51.297736,0.000000,4.748651,27.443576,138.295059,1,0,932.121407
1789517498,1,-116.859334,51.297248,0.000000,4.748651,27.209652,108.881709,1,0,925.051295
1789517502,1,-116.857977,51.296763,0.000000,4.748651,27.536132,108.957789,1,0,917.138924
1789517507,1,-116.856298,51.296156,0.000000,4.748652,27.205594,135.194776,1,0,909.425876
1789517511,1,-116.854972,51.295634,0.000000,4.748652,27.383142,109.225558,1,0,903.393611
1789517515,1,-116.853674,51.295099,0.000000,4.748652,26.921388,108.364119,1,0,900.061294
1789517520,1,-116.852068,51.294438,0.000000,4.748652,26.691883,134.019618,1,0,900.325325
1789517525,1,-116.850409,51.293837,0.000000,4.748653,26.828400,133.663407,1,0,905.317570
1789517529,1,-116.848987,51.293463,0.000000,4.748653,26.967982,107.574302,1,0,911.076900
1789517533,1,-116.847591,51.293034,0.000000,4.748653,27.229493,108.455058,1,0,916.830657
1789517537,1,-116.846309,51.292463,0.000000,4.748654,27.575962,109.703783,1,0,921.706237
1789517541,1,-116.845038,51.291868,0.000000,4.748653,27.736837,110.655955,1,0,925.199131
1789517546,1,-116.843440,51.291126,0.000000,4.748653,27.640211,138.721619,1,0,928.337491
1789517551,1,-116.841693,51.290550,0.000000,4.748652,27.543548,137.708485,1,0,929.747500
1789517555,1,-116.840154,51.290342,0.000000,4.748652,27.589396,109.839066,1,0,928.787232
1789517559,1,-116.838560,51.290232,0.000000,4.748652,28.027948,111.881758,1,0,925.970490
1789517563,1,-116.837002,51.290011,0.000000,4.748652,27.708296,111.445387,1,0,923.221294
1789517567,1,-116.835517,51.289707,0.000000,4.748652,27.033907,108.987568,1,0,921.334372
1789517571,1,-116.833981,51.289530,0.000000,4.748651,27.312316,108.958320,1,0,918.970816
1789517575,1,-116.832541,51.289374,0.000000,4.748652,24.086646,101.954325,1,0,917.447576
1789517580,1,-116.831118,51.289049,0.000000,4.748652,19.823273,105.660827,1,0,917.494447
1789517585,1,-116.829899,51.288662,0.000000,4.748652,18.883967,95.327317,1,0,918.560823
1789517590,1,-116.828622,51.288362,0.000000,4.748652,19.265816,95.141832,1,0,919.139590
1789517596,1,-116.827160,51.288079,0.000000,4.748652,16.473512,106.750794,1,0,920.594861
1789517601,1,-116.826079,51.287818,0.000000,4.748652,16.181880,80.817432,1,0,922.534230
1789517606,1,-116.825161,51.287466,0.000000,4.748652,13.955051,75.073801,1,0,924.223002
1789517612,1,-116.824482,51.287120,0.000000,4.748652,6.334602,61.043887,1,0,925.446524
1789517623,1,-116.823786,51.287417,0.000000,4.748651,5.821483,58.737115,1,0,926.917678
1789517632,1,-116.824184,51.287977,0.000000,4.748652,8.409453,68.218253,1,0,926.064774
1789517742,1,-116.824533,51.288163,0.000000,46.095014,0.000010,31.956361,1,0,924.973030
1789517756,1,-116.824144,51.288021,0.000000,2.102655,0.540182,31.404084,1,0,922.395338
1789517884,1,-116.824507,51.288198,0.000000,44.559219,2.133379,32.082609,1,0,1012.747752
1789517886,1,-116.824852,51.288357,0.000000,17.462363,0.444635,29.872805,1,0,959.988490
1789517959,1,-116.825598,51.288285,0.000000,4.748652,4.214428,52.660070,1,0,928.604085
1789517971,1,-116.825032,51.287839,0.000000,4.748652,6.648924,63.420355,1,0,927.477247
1789517981,1,-116.824200,51.287667,0.000000,4.748651,4.586130,61.120655,1,0,927.423714
1789517997,1,-116.824113,51.287189,0.000000,4.748652,4.723975,53.532311,1,0,929.499354
1789518019,1,-116.823565,51.286540,0.000000,4.748652,13.561688,81.710826,1,0,933.351670
1789518024,1,-116.822734,51.286048,0.000000,4.748652,16.507696,79.739421,1,0,938.233242
1789518029,1,-116.821847,51.285579,0.000000,4.748652,16.222189,80.955905,1,0,942.459109
1789518034,1,-116.820911,51.285121,0.000000,4.748652,15.903523,82.840333,1,0,946.557563
1789518040,1,-116.819885,51.284625,0.000000,4.748652,15.882613,90.394029,1,0,951.912083
1789518046,1,-116.818710,51.284033,0.000000,4.748652,17.887172,105.171078,1,0,957.644465
1789518051,1,-116.817853,51.283504,0.000000,4.748652,16.051107,83.907992,1,0,962.643724
1789518056,1,-116.817043,51.282892,0.000000,4.748652,14.277380,88.496534,1,0,968.029792
1789518063,1,-116.816190,51.282212,0.000000,4.748652,13.449420,96.268202,1,0,974.060997
1789518070,1,-116.815359,51.281545,0.000000,4.748652,13.420765,94.182800,1,0,979.264441
1789518076,1,-116.814655,51.280979,0.000000,4.748652,13.210611,79.871219,1,0,984.156777
1789518082,1,-116.813957,51.280428,0.000000,4.748652,13.165184,78.304138,1,0,989.021491
1789518089,1,-116.813061,51.279813,0.000000,4.748652,13.262580,92.695513,1,0,994.697899
1789518095,1,-116.812186,51.279357,0.000000,4.748652,13.546833,79.391239,1,0,999.902000
1789518102,1,-116.810968,51.278908,0.000000,4.748651,14.363165,98.593076,1,0,1005.637340
1789518108,1,-116.809775,51.278591,0.000000,4.748651,15.426473,90.416728,1,0,1011.004925
1789518113,1,-116.808629,51.278455,0.000000,4.748651,16.735161,81.392014,1,0,1016.132833
1789518119,1,-116.807003,51.278457,0.000000,4.748651,20.897443,113.469639,1,0,1022.661905
1789518123,1,-116.805710,51.278584,0.000000,4.748650,24.071077,91.331195,1,0,1028.250101
1789518128,1,-116.803962,51.278996,0.000000,4.748649,27.049576,130.313491,1,0,1036.227044
1789518132,1,-116.802578,51.279522,0.000000,4.748649,29.046110,112.932298,1,0,1043.249078
1789518136,1,-116.801087,51.280097,0.000000,4.748649,30.717927,122.146644,1,0,1050.395251
1789518142,1,-116.799249,51.280761,0.000000,4.748651,29.055854,148.022649,1,0,1059.713759
1789518146,1,-116.797688,51.281097,0.000000,4.748651,28.559669,115.171514,1,0,1066.406920
1789518150,1,-116.796161,51.281385,0.000000,4.748651,27.325031,111.275996,1,0,1072.064956
1789518155,1,-116.794304,51.281713,0.000000,4.748651,26.780547,134.632171,1,0,1079.419391
1789518159,1,-116.792775,51.281831,0.000000,4.748651,27.168687,107.506224,1,0,1085.973968
1789518163,1,-116.791199,51.281794,0.000000,4.748651,27.666943,110.058438,1,0,1092.654147
1789518168,1,-116.789215,51.281609,0.000000,4.748651,28.271426,139.975865,1,0,1099.752941
1789518172,1,-116.787600,51.281457,0.000000,4.748651,28.697463,113.965295,1,0,1104.435709
1789518175,1,-116.785984,51.281296,0.000000,4.748651,28.372648,114.187217,1,0,1108.570331
1789518179,1,-116.784437,51.281030,0.000000,4.748651,27.829577,111.941981,1,0,1112.543888
1789518184,1,-116.782654,51.280444,0.000000,4.748652,28.464586,140.477809,1,0,1117.928657
1789518188,1,-116.781397,51.279788,0.000000,4.748652,28.510561,114.119076,1,0,1122.184314
1789518192,1,-116.780306,51.279044,0.000000,4.748652,27.931300,112.474148,1,0,1127.013250
1789518196,1,-116.779121,51.278387,0.000000,4.748652,27.478615,110.377484,1,0,1130.822983
1789518201,1,-116.777433,51.277780,0.000000,4.748652,27.347275,135.788284,1,0,1136.027945
1789518205,1,-116.775919,51.277463,0.000000,4.748652,28.156317,111.388169,1,0,1139.590147
1789518209,1,-116.774300,51.277282,0.000000,4.748651,28.841676,114.764177,1,0,1142.304431
1789518213,1,-116.772697,51.277020,0.000000,4.748652,29.018606,115.603038,1,0,1144.523332
1789518217,1,-116.771197,51.276553,0.000000,4.748652,29.425749,116.867259,1,0,1144.880976
1789518221,1,-116.769851,51.275906,0.000000,4.748652,29.669619,118.348186,1,0,1144.666873
1789518225,1,-116.768622,51.275187,0.000000,4.748652,29.052605,117.296539,1,0,1143.586434
1789518229,1,-116.767307,51.274599,0.000000,4.748652,27.620917,112.713015,1,0,1140.444548
1789518233,1,-116.765910,51.274197,0.000000,4.748652,26.546891,107.272979,1,0,1136.521727
1789518238,1,-116.764057,51.273922,0.000000,4.748652,26.558886,132.898138,1,0,1131.667174
1789518242,1,-116.762555,51.273740,0.000000,4.748652,26.843716,106.767973,1,0,1128.249917
1789518247,1,-116.760674,51.273404,0.000000,4.748652,27.496177,136.501421,1,0,1125.036321
1789518251,1,-116.759188,51.273122,0.000000,4.748652,26.757618,108.355960,1,0,1123.915719
1789518256,1,-116.757365,51.272778,0.000000,4.748652,26.773327,132.866517,1,0,1125.108494
1789518261,1,-116.755529,51.272408,0.000000,4.748652,26.766701,134.592279,1,0,1128.086959
1789518265,1,-116.754143,51.272039,0.000000,4.748652,25.987339,105.087153,1,0,1129.829168
1789518270,1,-116.752867,51.271611,0.000000,4.748652,24.825490,100.990983,1,0,1130.423474
1789518274,1,-116.751695,51.271146,0.000000,4.748652,24.130392,96.789128,1,0,1129.781027
1789518279,1,-116.750188,51.270440,0.000000,4.748652,28.002950,131.287188,1,0,1127.933821
1789518283,1,-116.748869,51.269748,0.000000,4.748652,31.099632,120.022818,1,0,1124.095187
1789518287,1,-116.747472,51.269013,0.000000,4.748652,32.212625,127.268842,1,0,1119.587486
1789518291,1,-116.746046,51.268257,0.000000,4.748652,32.880823,130.322216,1,0,1114.094264
1789518294,1,-116.744592,51.267494,0.000000,4.748652,33.058072,132.319289,1,0,1109.890452
1789518299,1,-116.742787,51.266544,0.000000,4.748652,32.795614,164.462228,1,0,1106.180285
1789518303,1,-116.741349,51.265788,0.000000,4.748652,32.709183,130.970495,1,0,1102.745649
1789518308,1,-116.739552,51.264842,0.000000,4.748652,32.813618,163.757773,1,0,1098.472229
1789518312,1,-116.738077,51.264106,0.000000,4.748652,32.969728,131.563614,1,0,1094.684871
1789518317,1,-116.736067,51.263307,0.000000,4.748652,33.411929,166.108369,1,0,1089.066003
1789518321,1,-116.734406,51.262716,0.000000,4.748652,33.034292,133.300283,1,0,1085.454991
1789518326,1,-116.732378,51.261989,0.000000,4.748652,32.646471,163.051346,1,0,1084.943711
1789518331,1,-116.730342,51.261257,0.000000,4.748652,32.676771,163.812426,1,0,1088.809931
1789518335,1,-116.728629,51.260772,0.000000,4.748652,32.673493,131.205764,1,0,1092.458572
1789518339,1,-116.726834,51.260469,0.000000,4.748652,32.300896,129.774170,1,0,1095.550671
1789518344,1,-116.724539,51.260345,0.000000,4.748651,32.003441,160.818563,1,0,1097.015354
1789518348,1,-116.722723,51.260336,0.000000,4.748651,31.285700,126.788133,1,0,1098.311438
1789518353,1,-116.720524,51.260149,0.000000,4.748652,30.741782,154.927126,1,0,1103.534162
1789518358,1,-116.718410,51.259794,0.000000,4.748652,30.498489,152.784098,1,0,1108.656158
1789518362,1,-116.716726,51.259510,0.000000,4.748652,30.464130,121.741833,1,0,1110.140859
1789518367,1,-116.714629,51.259159,0.000000,4.748652,30.269695,151.522663,1,0,1110.114243
1789518372,1,-116.712534,51.258802,0.000000,4.748652,30.237153,151.561344,1,0,1107.733687
1789518376,1,-116.710829,51.258577,0.000000,4.748652,31.120357,121.639304,1,0,1106.317304
1789518380,1,-116.708971,51.258510,0.000000,4.748651,32.783372,129.930636,1,0,1104.967694
1789518384,1,-116.707113,51.258553,0.000000,4.748651,31.627321,129.804746,1,0,1102.235585
1789518389,1,-116.704908,51.258623,0.000000,4.748651,31.110334,154.139253,1,0,1100.074120
1789518394,1,-116.703189,51.258532,0.000000,4.748651,29.346941,120.438568,1,0,1099.266435
1789518398,1,-116.701542,51.258292,0.000000,4.748651,29.946434,118.045891,1,0,1098.782631
1789518402,1,-116.699888,51.257895,0.000000,4.748652,31.449621,123.635456,1,0,1098.940201
1789518406,1,-116.698190,51.257437,0.000000,4.748652,32.914582,129.036288,1,0,1098.595012
1789518411,1,-116.696022,51.256834,0.000000,4.748652,33.008324,165.564571,1,0,1099.176811
1789518414,1,-116.694310,51.256364,0.000000,4.748652,32.403652,130.464329,1,0,1100.133463
1789518419,1,-116.692197,51.255798,0.000000,4.748652,31.841102,160.415435,1,0,1101.103205
1789518423,1,-116.690544,51.255359,0.000000,4.748652,31.006273,125.328403,1,0,1101.932776
1789518427,1,-116.688950,51.254907,0.000000,4.748652,30.362497,122.133831,1,0,1102.848571
1789518432,1,-116.687049,51.254241,0.000000,4.748652,30.456556,152.019402,1,0,1102.239940
1789518436,1,-116.685585,51.253639,0.000000,4.748652,30.588394,122.213354,1,0,1099.705643
1789518441,1,-116.683849,51.252787,0.000000,4.748652,30.870697,153.883513,1,0,1094.602879
1789518445,1,-116.682472,51.252079,0.000000,4.748652,31.194618,124.299536,1,0,1089.311402
1789518450,1,-116.680697,51.251170,0.000000,4.748652,32.589390,159.970073,1,0,1083.336795
1789518454,1,-116.679199,51.250452,0.000000,4.748651,32.948542,131.625707,1,0,1081.631820
1789518459,1,-116.677175,51.249701,0.000000,4.748652,32.979806,164.192558,1,0,1081.950149
1789518463,1,-116.675438,51.249232,0.000000,4.748652,33.111609,132.045430,1,0,1082.499540
1789518468,1,-116.673240,51.248719,0.000000,4.748652,32.134483,163.758121,1,0,1083.668649
1789518473,1,-116.671164,51.248225,0.000000,4.748652,30.350651,155.039366,1,0,1084.272128
1789518477,1,-116.669583,51.247781,0.000000,4.748652,30.388262,120.952050,1,0,1084.842926
1789518481,1,-116.668030,51.247255,0.000000,4.748652,31.099505,123.232786,1,0,1085.762636
1789518486,1,-116.666119,51.246488,0.000000,4.748652,32.081353,158.403569,1,0,1086.901038
1789518490,1,-116.664657,51.245781,0.000000,4.748652,32.267331,128.894378,1,0,1087.704795
1789518495,1,-116.662952,51.244838,0.000000,4.748652,31.266604,158.709051,1,0,1088.472954
1789518499,1,-116.661641,51.244111,0.000000,4.748652,30.073282,122.174628,1,0,1089.075335
1789518503,1,-116.660376,51.243405,0.000000,4.748652,29.406982,118.220594,1,0,1089.556115
1789518508,1,-116.658798,51.242529,0.000000,4.748652,29.491011,147.126047,1,0,1090.370309
1789518512,1,-116.657519,51.241822,0.000000,4.748652,30.024005,119.026545,1,0,1090.642472
1789518516,1,-116.656206,51.241092,0.000000,4.748652,30.929482,122.507393,1,0,1091.579089
1789518520,1,-116.654880,51.240355,0.000000,4.748652,30.809289,123.703564,1,0,1093.420077
1789518525,1,-116.653249,51.239445,0.000000,4.748652,30.325937,152.414191,1,0,1095.136854
1789518529,1,-116.651996,51.238693,0.000000,4.748652,30.433316,121.081412,1,0,1096.317726
1789518533,1,-116.650751,51.237919,0.000000,4.748652,30.663335,122.388301,1,0,1097.250064
1789518537,1,-116.649488,51.237150,0.000000,4.748652,30.747041,122.896718,1,0,1098.416100
1789518541,1,-116.648167,51.236362,0.000000,4.748652,32.475271,127.289971,1,0,1101.777847
1789518545,1,-116.646861,51.235555,0.000000,4.748652,31.358785,128.006678,1,0,1106.515393
1789518550,1,-116.645317,51.234589,0.000000,4.748652,29.790229,152.268828,1,0,1113.368781
1789518554,1,-116.644139,51.233858,0.000000,4.748652,28.424270,115.702781,1,0,1118.159892
1789518558,1,-116.642999,51.233160,0.000000,4.748652,27.486195,111.236175,1,0,1122.082841
1789518562,1,-116.641890,51.232494,0.000000,4.748652,26.432561,107.204892,1,0,1124.978227
1789518567,1,-116.640394,51.231778,0.000000,4.748652,26.234609,131.405757,1,0,1125.733383
1789518571,1,-116.639146,51.231226,0.000000,4.748652,27.058479,106.648919,1,0,1124.531367
1789518575,1,-116.637841,51.230646,0.000000,4.748652,28.467087,111.698870,1,0,1123.420518
1789518579,1,-116.636467,51.230039,0.000000,4.748652,29.821376,117.369503,1,0,1122.168158
1789518583,1,-116.635063,51.229424,0.000000,4.748652,29.706884,119.596699,1,0,1120.598724
1789518587,1,-116.633697,51.228819,0.000000,4.748652,28.946903,116.784401,1,0,1119.316014
1789518591,1,-116.632351,51.228222,0.000000,4.748652,28.726795,115.129563,1,0,1118.055882
1789518595,1,-116.631003,51.227627,0.000000,4.748652,28.849573,115.115551,1,0,1117.266599
1789518600,1,-116.629303,51.226873,0.000000,4.748652,29.123268,145.408011,1,0,1117.083191
1789518604,1,-116.627943,51.226271,0.000000,4.748652,28.999864,116.257689,1,0,1118.082420
1789518608,1,-116.626605,51.225662,0.000000,4.748652,28.874227,115.460250,1,0,1119.641081
1789518613,1,-116.624884,51.224919,0.000000,4.748652,29.374251,145.922301,1,0,1121.473849
1789518617,1,-116.623506,51.224307,0.000000,4.748652,29.478658,117.926927,1,0,1123.299270
1789518621,1,-116.622127,51.223701,0.000000,4.748652,29.325891,117.599935,1,0,1126.254263
1789518625,1,-116.620771,51.223095,0.000000,4.748652,28.826009,116.287104,1,0,1130.308920
1789518629,1,-116.619426,51.222545,0.000000,4.748652,27.704934,112.143398,1,0,1133.895552
1789518633,1,-116.617914,51.222251,0.000000,4.748652,27.557807,110.589310,1,0,1135.864292
1789518637,1,-116.616313,51.222253,0.000000,4.748652,28.402726,111.858334,1,0,1135.551244
1789518641,1,-116.614681,51.222468,0.000000,4.748651,29.611992,116.506685,1,0,1133.709091
1789518645,1,-116.613010,51.222699,0.000000,4.748651,29.965695,119.544848,1,0,1130.922662
1789518649,1,-116.611332,51.222921,0.000000,4.748651,29.928249,119.812001,1,0,1128.304363
1789518653,1,-116.609589,51.222900,0.000000,4.748651,30.683101,121.801593,1,0,1128.071870
1789518658,1,-116.607547,51.222417,0.000000,4.748652,30.788475,152.456839,1,0,1129.731828
1789518662,1,-116.605980,51.221883,0.000000,4.748652,31.322943,124.567621,1,0,1131.438794
1789518666,1,-116.604389,51.221343,0.000000,4.748652,31.721518,126.370540,1,0,1132.797493
1789518671,1,-116.602401,51.220661,0.000000,4.748652,31.488085,158.289027,1,0,1131.910995
1789518675,1,-116.600820,51.220120,0.000000,4.748652,31.445050,125.809439,1,0,1128.747305
1789518680,1,-116.598833,51.219439,0.000000,4.748652,31.852463,158.174194,1,0,1121.622379
1789518685,1,-116.596788,51.218811,0.000000,4.748652,32.019518,159.065510,1,0,1114.701162
1789518689,1,-116.595034,51.218452,0.000000,4.748652,32.417263,128.906270,1,0,1108.738731
1789518693,1,-116.593213,51.218193,0.000000,4.748652,32.628997,130.464950,1,0,1102.905591
1789518697,1,-116.591402,51.217919,0.000000,4.748652,32.511813,130.164273,1,0,1100.250998
1789518702,1,-116.589120,51.217620,0.000000,4.748652,32.608485,162.888188,1,0,1100.215898
1789518707,1,-116.586892,51.217351,0.000000,4.748652,30.857054,158.532333,1,0,1099.736787
1789518712,1,-116.584858,51.217085,0.000000,4.748652,27.795826,145.174554,1,0,1099.253879
1789518717,1,-116.583036,51.216875,0.000000,4.748652,24.522518,129.438474,1,0,1099.297149
1789518721,1,-116.581667,51.216936,0.000000,4.748651,23.513633,95.899061,1,0,1099.591513
1789518725,1,-116.580396,51.217141,0.000000,4.748651,22.574394,91.693461,1,0,1099.282495
1789518729,1,-116.579237,51.217509,0.000000,4.748651,22.531677,90.748462,1,0,1099.063625
1789518733,1,-116.578216,51.218012,0.000000,4.748651,22.832924,90.676914,1,0,1098.919679
1789518738,1,-116.577000,51.218711,0.000000,4.748651,23.004702,115.191461,1,0,1099.667837
1789518743,1,-116.575801,51.219415,0.000000,4.748651,22.942210,114.697341,1,0,1100.039482
1789518747,1,-116.574844,51.219986,0.000000,4.748652,23.139615,92.241316,1,0,1100.210307
1789518752,1,-116.573842,51.220804,0.000000,4.748651,22.787061,114.833458,1,0,1100.618030
1789518756,1,-116.573317,51.221551,0.000000,4.748651,22.694405,90.855195,1,0,1101.085706
1789518760,1,-116.573046,51.222335,0.000000,4.748651,22.185676,89.268559,1,0,1101.052133
1789518765,1,-116.573071,51.223354,0.000000,4.748652,23.362095,113.399356,1,0,1101.390898
1789518769,1,-116.573419,51.224208,0.000000,4.748652,25.165923,98.087931,1,0,1101.749247
1789518773,1,-116.573926,51.225092,0.000000,4.748652,26.669595,104.549316,1,0,1102.246027
1789518777,1,-116.574458,51.226028,0.000000,4.748652,28.160501,110.585535,1,0,1103.056054
1789518782,1,-116.575163,51.227258,0.000000,4.748652,29.434999,145.458087,1,0,1103.937535
1789518786,1,-116.575722,51.228245,0.000000,4.748652,28.745713,116.563118,1,0,1104.449303
1789518790,1,-116.576266,51.229208,0.000000,4.748652,28.126305,113.695856,1,0,1104.644860
1789518795,1,-116.576929,51.230383,0.000000,4.748652,27.305306,138.707762,1,0,1105.251608
1789518799,1,-116.577435,51.231284,0.000000,4.748652,26.012833,106.306557,1,0,1105.494731
1789518804,1,-116.578045,51.232366,0.000000,4.748652,25.435553,127.715484,1,0,1106.172634
1789518808,1,-116.578528,51.233215,0.000000,4.748652,24.712931,100.314998,1,0,1106.558637
1789518812,1,-116.578987,51.234023,0.000000,4.748652,23.379638,95.454731,1,0,1106.754204
1789518817,1,-116.579541,51.234998,0.000000,4.748652,23.322757,115.186731,1,0,1107.214211
1789518821,1,-116.580008,51.235840,0.000000,4.748652,25.683603,99.208681,1,0,1108.139151
1789518825,1,-116.580460,51.236767,0.000000,4.748652,27.628920,107.874138,1,0,1108.953625
1789518829,1,-116.580662,51.237779,0.000000,4.748652,28.959849,113.488004,1,0,1109.870530
1789518833,1,-116.580536,51.238835,0.000000,4.748652,29.860762,117.832594,1,0,1110.917125
1789518838,1,-116.580053,51.240159,0.000000,4.748652,30.073023,151.138165,1,0,1112.380309
1789518842,1,-116.579648,51.241195,0.000000,4.748652,29.380220,118.698528,1,0,1115.580998
1789518846,1,-116.579311,51.242217,0.000000,4.748652,28.633039,116.131117,1,0,1120.101710
1789518850,1,-116.579262,51.243237,0.000000,4.748652,28.079425,113.549539,1,0,1124.026838
1789518854,1,-116.579534,51.244224,0.000000,4.748652,27.606844,111.456960,1,0,1127.518241
1789518858,1,-116.580092,51.245160,0.000000,4.748652,27.784688,111.203950,1,0,1129.517440
1789518862,1,-116.580945,51.246023,0.000000,4.748652,28.589326,113.007760,1,0,1129.932564
1789518866,1,-116.581957,51.246873,0.000000,4.748652,30.027523,118.074303,1,0,1128.190484
1789518870,1,-116.583037,51.247762,0.000000,4.748652,31.707036,124.394853,1,0,1125.691411
1789518874,1,-116.584146,51.248690,0.000000,4.748652,32.246021,129.077746,1,0,1122.367930
1789518878,1,-116.585219,51.249590,0.000000,4.748652,30.370024,125.076809,1,0,1120.782304
1789518883,1,-116.586297,51.250707,0.000000,4.748652,28.342829,145.313262,1,0,1121.777487
1789518888,1,-116.586875,51.251885,0.000000,4.748652,27.140651,137.153555,1,0,1125.533892
1789518892,1,-116.587033,51.252827,0.000000,4.748652,25.911942,105.397998,1,0,1128.383318
1789518896,1,-116.587193,51.253730,0.000000,4.748652,25.133429,101.098604,1,0,1131.034616
1789518900,1,-116.587343,51.254631,0.000000,4.748652,25.337577,100.802506,1,0,1132.226195
1789518904,1,-116.587620,51.255546,0.000000,4.748652,26.301181,103.635705,1,0,1131.693838
1789518909,1,-116.588025,51.256722,0.000000,4.748652,27.031783,133.877969,1,0,1130.718185
1789518913,1,-116.588343,51.257662,0.000000,4.748652,26.453651,106.927165,1,0,1130.260296
1789518917,1,-116.588580,51.258591,0.000000,4.748652,26.176967,104.688610,1,0,1128.847659
1789518921,1,-116.588756,51.259531,0.000000,4.748652,26.488931,105.315898,1,0,1127.311196
1789518926,1,-116.589228,51.260719,0.000000,4.748652,27.691531,136.238152,1,0,1124.494243
1789518930,1,-116.589696,51.261643,0.000000,4.748652,26.376011,107.883682,1,0,1124.514007
1789518934,1,-116.590173,51.262518,0.000000,4.748652,25.612125,102.901303,1,0,1125.046984
1789518938,1,-116.590848,51.263348,0.000000,4.748652,26.179935,103.684273,1,0,1125.951350
1789518942,1,-116.591772,51.264113,0.000000,4.748652,26.993041,106.805129,1,0,1127.056991
1789518947,1,-116.593178,51.264957,0.000000,4.748652,26.892003,135.848967,1,0,1128.216444
1789518951,1,-116.594273,51.265618,0.000000,4.748652,26.290793,106.084038,1,0,1129.134549
1789518955,1,-116.595265,51.266317,0.000000,4.748652,25.997133,104.144124,1,0,1130.017101
1789518959,1,-116.596112,51.267064,0.000000,4.748652,25.404858,102.008449,1,0,1132.344555
1789518963,1,-116.596833,51.267860,0.000000,4.748652,25.391455,101.874223,1,0,1135.697378
1789518968,1,-116.597703,51.268855,0.000000,4.748652,25.065093,126.279395,1,0,1140.871606
1789518973,1,-116.598200,51.269925,0.000000,4.748652,25.260793,124.014165,1,0,1145.958200
1789518977,1,-116.598157,51.270849,0.000000,4.748652,26.291340,102.860442,1,0,1148.393605
1789518982,1,-116.597464,51.271949,0.000000,4.748652,26.626170,131.613576,1,0,1147.268192
1789518986,1,-116.596498,51.272691,0.000000,4.748651,26.963421,106.598026,1,0,1143.045197
1789518990,1,-116.595341,51.273363,0.000000,4.748651,27.985949,110.059379,1,0,1139.689909
1789518994,1,-116.594158,51.274044,0.000000,4.748651,28.042453,112.072462,1,0,1140.672729
1789518998,1,-116.592995,51.274722,0.000000,4.748651,27.350023,110.820461,1,0,1141.757879
1789519002,1,-116.591878,51.275373,0.000000,4.748651,26.251216,106.423336,1,0,1142.604193
1789519006,1,-116.590788,51.276006,0.000000,4.748651,26.020876,103.679560,1,0,1141.368853
1789519011,1,-116.589386,51.276822,0.000000,4.748651,27.064852,133.493586,1,0,1138.339426
1789519015,1,-116.588233,51.277493,0.000000,4.748651,27.551725,109.772748,1,0,1136.157996
1789519020,1,-116.586799,51.278324,0.000000,4.748651,26.821718,136.258732,1,0,1135.104564
1789519024,1,-116.585713,51.278964,0.000000,4.748651,25.734825,104.000764,1,0,1134.848448
1789519029,1,-116.584477,51.279849,0.000000,4.748651,26.738004,130.915202,1,0,1134.541701
1789519033,1,-116.583648,51.280665,0.000000,4.748651,26.717555,107.665575,1,0,1134.026884
1789519038,1,-116.582899,51.281752,0.000000,4.748651,26.190277,131.766540,1,0,1133.209173
1789519042,1,-116.582513,51.282656,0.000000,4.748651,25.956998,104.135284,1,0,1132.676204
1789519046,1,-116.582330,51.283588,0.000000,4.748651,26.233042,104.490163,1,0,1133.531224
1789519051,1,-116.582338,51.284779,0.000000,4.748651,26.440352,132.527872,1,0,1134.157406
1789519055,1,-116.582387,51.285731,0.000000,4.748651,26.401205,105.987520,1,0,1134.575903
1789519059,1,-116.582432,51.286669,0.000000,4.748651,26.066975,104.421753,1,0,1134.873787
1789519063,1,-116.582470,51.287607,0.000000,4.748651,26.176668,104.408292,1,0,1135.300258
1789519067,1,-116.582509,51.288547,0.000000,4.748652,26.193963,104.632564,1,0,1135.544576
1789519071,1,-116.582551,51.289493,0.000000,4.748652,26.350814,105.305608,1,0,1136.398028
1789519076,1,-116.582566,51.290653,0.000000,4.748652,25.412791,129.081628,1,0,1136.850552
1789519081,1,-116.582337,51.291785,0.000000,4.748652,25.798782,126.971161,1,0,1136.957306
1789519085,1,-116.581961,51.292713,0.000000,4.748652,27.111257,106.542031,1,0,1137.719521
1789519089,1,-116.581416,51.293657,0.000000,4.748652,28.311892,111.712600,1,0,1138.302891
1789519093,1,-116.580891,51.294605,0.000000,4.748652,27.497865,111.665771,1,0,1137.882973
1789519097,1,-116.580374,51.295508,0.000000,4.748652,26.062341,106.758230,1,0,1136.710058
1789519101,1,-116.579926,51.296368,0.000000,4.748652,24.973233,100.670514,1,0,1135.896564
1789519106,1,-116.579594,51.297491,0.000000,4.748652,25.792326,127.088698,1,0,1137.602647
1789519111,1,-116.579541,51.298676,0.000000,4.748652,26.835309,131.911323,1,0,1140.496632
1789519115,1,-116.579657,51.299677,0.000000,4.748652,28.542071,111.678740,1,0,1144.185780
1789519119,1,-116.579774,51.300710,0.000000,4.748652,28.676151,115.235430,1,0,1148.999198
1789519124,1,-116.579920,51.301994,0.000000,4.748652,28.559399,143.238481,1,0,1152.668134
1789519129,1,-116.580097,51.303297,0.000000,4.748652,29.331760,145.514975,1,0,1153.836561
1789519133,1,-116.580131,51.304358,0.000000,4.748652,29.661130,118.085712,1,0,1152.651067
1789519137,1,-116.580063,51.305432,0.000000,4.748652,30.132415,119.602510,1,0,1149.358393
1789519142,1,-116.579801,51.306779,0.000000,4.748652,30.196649,150.996136,1,0,1145.883680
1789519146,1,-116.579532,51.307849,0.000000,4.748652,30.171073,120.532508,1,0,1144.995362
1789519151,1,-116.579191,51.309217,0.000000,4.748652,31.672085,154.069846,1,0,1147.305662
1789519155,1,-116.578874,51.310362,0.000000,4.748652,32.236901,129.313149,1,0,1152.332527
1789519160,1,-116.578505,51.311757,0.000000,4.748652,30.811444,157.346460,1,0,1160.077275
1789519164,1,-116.578230,51.312849,0.000000,4.748652,30.662105,123.015965,1,0,1166.029715
1789519168,1,-116.577894,51.313938,0.000000,4.748652,30.950705,123.422894,1,0,1170.691312
1789519173,1,-116.577418,51.315298,0.000000,4.748652,31.031631,154.931722,1,0,1172.747661
1789519177,1,-116.577046,51.316393,0.000000,4.748652,31.133817,124.576627,1,0,1172.765348
1789519181,1,-116.576668,51.317498,0.000000,4.748652,31.451966,125.752213,1,0,1170.823641
1789519185,1,-116.576294,51.318602,0.000000,4.748652,31.333236,125.585144,1,0,1168.041996
1789519189,1,-116.575908,51.319699,0.000000,4.748652,31.218736,125.000767,1,0,1165.233514
1789519193,1,-116.575533,51.320789,0.000000,4.748652,31.065246,124.076259,1,0,1163.240564
1789519197,1,-116.575122,51.321873,0.000000,4.748652,31.097901,123.979123,1,0,1161.634507
1789519201,1,-116.574671,51.322951,0.000000,4.748652,31.164746,124.007346,1,0,1161.090910
1789519205,1,-116.573971,51.323973,0.000000,4.748652,30.962028,123.753746,1,0,1161.839595
1789519209,1,-116.572946,51.324877,0.000000,4.748652,31.050857,123.395379,1,0,1162.924844
1789519213,1,-116.571628,51.325626,0.000000,4.748652,31.201714,124.061928,1,0,1164.086652
1789519218,1,-116.569688,51.326290,0.000000,4.748652,30.996580,154.129539,1,0,1165.060571
1789519222,1,-116.568002,51.326643,0.000000,4.748652,30.968592,123.931814,1,0,1165.802594
1789519227,1,-116.565882,51.327060,0.000000,4.748652,31.051812,154.912015,1,0,1167.207927
1789519231,1,-116.564183,51.327395,0.000000,4.748651,31.004808,124.175858,1,0,1166.452325
1789519236,1,-116.562083,51.327811,0.000000,4.748651,30.536483,153.548657,1,0,1163.997122
1789519240,1,-116.560440,51.328135,0.000000,4.748651,29.632909,120.084295,1,0,1164.148774
1789519245,1,-116.558459,51.328570,0.000000,4.748651,29.409276,146.345477,1,0,1167.971521
1789519249,1,-116.556967,51.329135,0.000000,4.748651,30.661859,121.541230,1,0,1171.071380
1789519254,1,-116.555384,51.330118,0.000000,4.748651,31.102988,155.384603,1,0,1173.508348
1789519258,1,-116.554430,51.331069,0.000000,4.748651,31.366016,124.987802,1,0,1172.573971
1789519263,1,-116.553376,51.332314,0.000000,4.748651,31.155572,156.814893,1,0,1169.347150
1789519267,1,-116.552557,51.333292,0.000000,4.748651,30.501711,122.893227,1,0,1168.976847
1789519272,1,-116.551500,51.334481,0.000000,4.748652,30.189888,151.439582,1,0,1172.203598
1789519276,1,-116.550686,51.335453,0.000000,4.748652,30.593749,122.140190,1,0,1178.107605
1789519280,1,-116.549862,51.336427,0.000000,4.748652,30.632410,122.662299,1,0,1183.481842
1789519284,1,-116.549039,51.337403,0.000000,4.748652,30.862735,122.823556,1,0,1189.138930
1789519288,1,-116.548216,51.338393,0.000000,4.748652,31.103626,124.203290,1,0,1192.988307
1789519292,1,-116.547383,51.339380,0.000000,4.748652,30.938170,124.231580,1,0,1195.339930
1789519296,1,-116.546556,51.340359,0.000000,4.748652,30.741340,123.249181,1,0,1197.700617
1789519301,1,-116.545526,51.341582,0.000000,4.748652,30.779529,153.865652,1,0,1200.963566
1789519305,1,-116.544715,51.342557,0.000000,4.748652,30.382085,122.333935,1,0,1205.484788
1789519309,1,-116.543910,51.343527,0.000000,4.748652,30.648412,121.647458,1,0,1211.915113
1789519313,1,-116.543086,51.344509,0.000000,4.748652,30.868522,123.444374,1,0,1218.598445
1789519317,1,-116.542261,51.345489,0.000000,4.748652,30.789113,123.280029,1,0,1224.969112
1789519321,1,-116.541434,51.346472,0.000000,4.748652,31.003575,123.640448,1,0,1229.764447
1789519326,1,-116.540393,51.347714,0.000000,4.748652,31.337792,156.087200,1,0,1231.837149
1789519330,1,-116.539568,51.348706,0.000000,4.748652,30.843337,124.460158,1,0,1232.489767
1789519334,1,-116.538750,51.349678,0.000000,4.748652,30.367682,122.262424,1,0,1232.819916
1789519338,1,-116.537945,51.350636,0.000000,4.748652,29.876312,120.461902,1,0,1233.762934
1789519343,1,-116.536963,51.351801,0.000000,4.748652,28.944888,146.590197,1,0,1238.362674
1789519347,1,-116.536194,51.352706,0.000000,4.748652,28.448419,114.073106,1,0,1243.016642
1789519351,1,-116.535445,51.353601,0.000000,4.748652,28.002422,112.438461,1,0,1247.853341
1789519355,1,-116.534705,51.354480,0.000000,4.748652,27.717915,110.570782,1,0,1252.642845
1789519359,1,-116.533959,51.355373,0.000000,4.748652,28.207067,112.144511,1,0,1257.896557
1789519363,1,-116.533204,51.356270,0.000000,4.748652,28.232550,112.830209,1,0,1261.691393
1789519367,1,-116.532423,51.357160,0.000000,4.748651,28.319767,113.002956,1,0,1264.052307
1789519371,1,-116.531551,51.358025,0.000000,4.748651,28.505204,113.823847,1,0,1265.506353
1789519375,1,-116.530651,51.358882,0.000000,4.748651,28.598434,114.132058,1,0,1267.200032
1789519379,1,-116.529735,51.359741,0.000000,4.748651,28.816446,114.933318,1,0,1268.667017
1789519383,1,-116.528810,51.360608,0.000000,4.748651,29.143131,116.021889,1,0,1270.179542
1789519387,1,-116.527866,51.361473,0.000000,4.748651,29.053531,116.578567,1,0,1271.971205
1789519391,1,-116.526929,51.362335,0.000000,4.748651,29.069369,116.028024,1,0,1273.522854
1789519395,1,-116.526005,51.363211,0.000000,4.748651,29.346987,116.813755,1,0,1275.296559
1789519399,1,-116.525077,51.364104,0.000000,4.748651,29.793543,118.548706,1,0,1277.096204
1789519403,1,-116.524157,51.365005,0.000000,4.748651,29.634881,118.994851,1,0,1278.817014
1789519407,1,-116.523231,51.365898,0.000000,4.748651,29.654461,118.472839,1,0,1279.232489
1789519412,1,-116.522057,51.367017,0.000000,4.748651,29.922469,148.975728,1,0,1279.692011
1789519416,1,-116.521065,51.367910,0.000000,4.748651,30.566892,121.033789,1,0,1280.374860
1789519420,1,-116.519943,51.368769,0.000000,4.748651,30.959598,123.470524,1,0,1280.734357
1789519424,1,-116.518693,51.369560,0.000000,4.748651,31.000770,123.809309,1,0,1278.785026
1789519428,1,-116.517397,51.370314,0.000000,4.748651,30.669106,123.244118,1,0,1275.907593
1789519433,1,-116.515780,51.371212,0.000000,4.748651,29.444144,150.571141,1,0,1269.827776
1789519437,1,-116.514585,51.371926,0.000000,4.748651,28.402444,115.070681,1,0,1264.803567
1789519441,1,-116.513656,51.372748,0.000000,4.748652,27.480349,112.041323,1,0,1259.365955
1789519445,1,-116.513091,51.373624,0.000000,4.748651,25.477436,105.122101,1,0,1253.848612
1789519449,1,-116.512869,51.374510,0.000000,4.748652,24.469016,99.796688,1,0,1248.982403
1789519453,1,-116.512738,51.375376,0.000000,4.748652,24.007553,96.796988,1,0,1246.135649
1789519457,1,-116.512624,51.376218,0.000000,4.748652,22.998874,94.031164,1,0,1245.056775
1789519461,1,-116.512516,51.377018,0.000000,4.748652,22.188627,89.338926,1,0,1245.278531
1789519465,1,-116.512415,51.377812,0.000000,4.748652,22.028236,88.633650,1,0,1246.235552
1789519470,1,-116.512285,51.378761,0.000000,4.748652,20.650772,105.989471,1,0,1247.593578
1789519475,1,-116.512043,51.379642,0.000000,4.748652,19.293028,99.473298,1,0,1248.043953
1789519480,1,-116.511472,51.380426,0.000000,4.748652,19.843067,95.876402,1,0,1250.522589
1789519485,1,-116.510474,51.381139,0.000000,4.748652,21.651077,105.476739,1,0,1252.717539
1789519490,1,-116.509191,51.381670,0.000000,4.748651,21.258911,107.119458,1,0,1252.677525
1789519495,1,-116.507850,51.382135,0.000000,4.748652,21.122318,106.764624,1,0,1250.675994
1789519501,1,-116.506322,51.382712,0.000000,4.748651,20.170357,124.270788,1,0,1247.731088
1789519507,1,-116.504973,51.383370,0.000000,4.748651,20.328965,119.100424,1,0,1243.737850
1789519512,1,-116.503986,51.384093,0.000000,4.748651,21.574224,105.812155,1,0,1242.083275
1789519517,1,-116.503310,51.384886,0.000000,4.748651,18.764129,100.012705,1,0,1241.314510
1789519524,1,-116.502688,51.385644,0.000000,4.748651,12.185000,94.818218,1,0,1241.434932
1789519534,1,-116.502953,51.386222,0.000000,4.748652,9.549047,66.912904,1,0,1240.437529
1789519542,1,-116.503384,51.385632,0.000000,4.748652,11.342359,72.187883,1,0,1241.580921
1789519549,1,-116.503856,51.384791,0.000000,4.748652,16.157372,99.187762,1,0,1243.261512
1789519554,1,-116.504537,51.384101,0.000000,4.748652,18.890938,90.244170,1,0,1243.985736
1789519559,1,-116.505477,51.383442,0.000000,4.748652,19.982052,98.294749,1,0,1246.026708
1789519564,1,-116.506606,51.382905,0.000000,4.748652,19.604889,98.747814,1,0,1249.564909
1789519569,1,-116.507696,51.382520,0.000000,4.748652,16.061333,87.156017,1,0,1251.737023
1789519575,1,-116.508896,51.382090,0.000000,4.748652,16.773029,96.289668,1,0,1252.944096
1789519580,1,-116.509989,51.381694,0.000000,4.748652,17.309312,87.944935,1,0,1253.825615
1789519585,1,-116.510940,51.381245,0.000000,4.748652,16.734192,82.955050,1,0,1252.791574
1789519590,1,-116.511759,51.380675,0.000000,4.748652,16.854456,85.296281,1,0,1251.399054
1789519595,1,-116.512538,51.380171,0.000000,4.748652,14.754200,78.024285,1,0,1248.956297
1789519601,1,-116.513886,51.380015,0.000000,4.748652,17.927986,95.456503,1,0,1246.212462
1789519607,1,-116.515542,51.379900,0.000000,4.748652,19.559670,116.019523,1,0,1245.703048
1789519612,1,-116.516909,51.379942,0.000000,4.748652,18.607971,95.302470,1,0,1247.735172
1789519618,1,-116.518389,51.380099,0.000000,4.748652,16.889450,104.526661,1,0,1248.139520
1789519623,1,-116.519611,51.380348,0.000000,4.748652,18.815940,89.488703,1,0,1246.115635
1789519629,1,-116.521171,51.380662,0.000000,4.748652,18.438886,114.108142,1,0,1240.061093
1789519635,1,-116.522608,51.380668,0.000000,4.748652,15.698475,100.064150,1,0,1232.384889
1789519642,1,-116.524042,51.381055,0.000000,4.748652,17.054690,108.743416,1,0,1225.563357
1789519647,1,-116.525181,51.381434,0.000000,4.748652,18.416923,89.827178,1,0,1221.876736
1789519652,1,-116.526301,51.381823,0.000000,4.748652,17.123553,89.195866,1,0,1219.240929
1789519657,1,-116.526906,51.382462,0.000000,4.748652,16.623029,82.648548,1,0,1218.727231
1789519663,1,-116.527846,51.383099,0.000000,4.748652,16.053492,96.481743,1,0,1218.470678
1789519670,1,-116.529369,51.383068,0.000000,4.748652,16.247363,106.106106,1,0,1217.598672
1789519675,1,-116.530367,51.382812,0.000000,4.748652,12.614306,75.105165,1,0,1218.159723
1789519691,1,-116.530592,51.382268,0.000000,4.748651,6.276214,62.529196,1,0,1215.387748
1789519704,1,-116.530249,51.382212,0.000000,4.748652,0.029056,24.683417,1,0,1215.573710
1789519761,1,-116.530567,51.382038,0.000000,50.795014,0.211723,29.414426,1,0,1212.557635
1789519785,1,-116.530210,51.381872,0.000000,4.748652,0.019824,30.970447,1,0,1214.365660
1789519909,1,-116.530609,51.381665,0.000000,12.818201,0.983760,36.090037,1,0,1221.990626
1789519960,1,-116.530261,51.381892,0.000000,12.850540,0.571917,35.003578,1,0,1207.046640
1789520210,1,-116.530150,51.382181,0.000000,35.586941,0.220241,33.074767,1,0,1217.289701
1789520279,1,-116.530834,51.382501,0.000000,4.748652,6.940950,59.468038,1,0,1221.183691
1789520288,1,-116.529906,51.382870,0.000000,4.748651,13.365291,76.561160,1,0,1220.080917
1789520294,1,-116.528690,51.383125,0.000000,4.748651,14.785543,89.301042,1,0,1217.851617
1789520301,1,-116.527328,51.382826,0.000000,4.748652,15.310349,100.506164,1,0,1219.078435
1789520306,1,-116.526748,51.382187,0.000000,4.748651,16.536492,81.774946,1,0,1219.739012
1789520311,1,-116.526017,51.381617,0.000000,4.748652,16.443629,81.326657,1,0,1220.600862
1789520317,1,-116.524732,51.381286,0.000000,4.748652,16.061963,96.761992,1,0,1223.951109
1789520322,1,-116.523794,51.380878,0.000000,4.748652,16.004281,79.544502,1,0,1229.585953
1789520328,1,-116.522470,51.380636,0.000000,4.748652,16.475124,96.045808,1,0,1236.123901
1789520333,1,-116.521292,51.380641,0.000000,4.748652,16.361353,82.029018,1,0,1241.046161
1789520338,1,-116.520161,51.380427,0.000000,4.748652,16.511246,82.276004,1,0,1246.115443
1789520344,1,-116.519039,51.380171,0.000000,4.748652,16.921170,83.159281,1,0,1249.399450
1789520349,1,-116.517846,51.379986,0.000000,4.748652,16.983031,85.584548,1,0,1250.348775
1789520354,1,-116.516636,51.379886,0.000000,4.748652,17.017191,84.987162,1,0,1247.779491
1789520359,1,-116.515422,51.379859,0.000000,4.748651,16.785704,84.587383,1,0,1245.193678
1789520364,1,-116.514251,51.379934,0.000000,4.748651,16.247348,81.965788,1,0,1246.089676
1789520369,1,-116.513134,51.380046,0.000000,4.748652,15.578463,78.771839,1,0,1248.845532
1789520374,1,-116.512075,51.380301,0.000000,4.748651,16.352390,79.012130,1,0,1251.601402
1789520379,1,-116.511391,51.380908,0.000000,4.748651,16.427097,82.649141,1,0,1252.428132
1789520384,1,-116.510520,51.381410,0.000000,4.748651,16.557984,82.455530,1,0,1252.966578
1789520389,1,-116.509519,51.381821,0.000000,4.748651,16.740786,83.367304,1,0,1252.354113
1789520394,1,-116.508465,51.382198,0.000000,4.748651,16.903548,84.536657,1,0,1251.193962
1789520399,1,-116.507409,51.382575,0.000000,4.748651,16.912628,84.657577,1,0,1250.062014
1789520403,1,-116.506361,51.382962,0.000000,4.748651,16.874654,84.734243,1,0,1248.109093
1789520408,1,-116.505409,51.383443,0.000000,4.748651,16.886023,85.201291,1,0,1244.626112
1789520413,1,-116.504597,51.383989,0.000000,4.748651,16.432419,82.996518,1,0,1242.575192
1789520418,1,-116.503956,51.384598,0.000000,4.748651,16.168830,81.146285,1,0,1241.739363
1789520424,1,-116.503342,51.385380,0.000000,4.748651,16.124529,96.954695,1,0,1241.236426
1789520429,1,-116.503338,51.386004,0.000000,4.748651,11.234356,69.437564,1,0,1241.048615
1789520437,1,-116.502622,51.386120,0.000000,4.748652,4.235561,51.500809,1,0,1242.105256
1789520449,1,-116.501862,51.386614,0.000000,4.748651,14.831497,76.304749,1,0,1242.545510
1789520455,1,-116.501051,51.387611,0.000000,4.748651,23.325399,124.486578,1,0,1243.625328
1789520460,1,-116.500286,51.388554,0.000000,4.748651,23.385001,117.678653,1,0,1244.121775
1789520464,1,-116.499679,51.389292,0.000000,4.748651,22.942307,92.359483,1,0,1244.417998
1789520469,1,-116.499076,51.390023,0.000000,3.374326,23.013356,91.539505,1,0,1244.609579
1789520473,1,-116.498475,51.390766,0.000000,2.023141,23.189044,92.665167,1,0,1245.128597
1789520478,1,-116.497766,51.391712,0.000000,2.000096,23.300662,116.268206,1,0,1246.012587
1789520483,1,-116.497177,51.392696,0.000000,2.000001,23.475115,116.923101,1,0,1246.450010
1789520488,1,-116.496630,51.393679,0.000000,2.000000,23.081910,115.824929,1,0,1246.920408
1789520492,1,-116.496204,51.394447,0.000000,2.013518,22.508300,90.460800,1,0,1246.975031
1789520496,1,-116.495776,51.395210,0.000000,2.000252,22.343375,89.981364,1,0,1247.661201
1789520502,1,-116.495124,51.396275,0.000000,2.000001,19.883563,126.905815,1,0,1247.790845
1789520508,1,-116.494260,51.397130,0.000000,2.000000,18.405223,112.561348,1,0,1249.047898
1789520514,1,-116.492959,51.397926,0.000000,2.056781,23.005027,126.678405,1,0,1251.062427
1789520518,1,-116.491992,51.398455,0.000000,2.078265,21.774184,89.421397,1,0,1251.583047
1789520524,1,-116.490633,51.399192,0.000000,2.088999,20.421088,125.199895,1,0,1252.396045
1789520529,1,-116.489530,51.399793,0.000000,2.090995,20.191215,101.822201,1,0,1253.402123
1789520535,1,-116.488214,51.400513,0.000000,2.091940,20.194259,121.700291,1,0,1255.187037
1789520540,1,-116.487136,51.401109,0.000000,2.090523,20.156503,100.147176,1,0,1256.364215
1789520545,1,-116.486039,51.401713,0.000000,2.091628,20.493817,101.727956,1,0,1257.905954
1789520551,1,-116.484686,51.402454,0.000000,2.092458,21.068905,125.177496,1,0,1258.815151
1789520555,1,-116.483541,51.403078,0.000000,2.089298,21.241557,105.701067,1,0,1257.879739
1789520560,1,-116.482333,51.403693,0.000000,2.088926,21.892338,108.410162,1,0,1256.507097
1789520566,1,-116.480812,51.404367,0.000000,2.090810,21.155534,129.740008,1,0,1254.799075
1789520572,1,-116.479296,51.404944,0.000000,2.091169,20.180533,123.516361,1,0,1254.847058
1789520578,1,-116.477815,51.405498,0.000000,2.090167,19.922590,120.108380,1,0,1254.595014
1789520583,1,-116.476573,51.405964,0.000000,2.091041,20.365231,100.805825,1,0,1254.928439
1789520588,1,-116.475305,51.406438,0.000000,2.089852,20.725864,102.815753,1,0,1254.400433
1789520594,1,-116.474006,51.406938,0.000000,2.089564,21.448956,106.161027,1,0,1254.538337
1789520599,1,-116.472703,51.407462,0.000000,2.089524,21.696622,107.818850,1,0,1255.137691
1789520604,1,-116.471385,51.408010,0.000000,2.090325,22.391838,110.145951,1,0,1255.553554
1789520608,1,-116.470279,51.408466,0.000000,2.089398,23.378724,92.192246,1,0,1256.241616
1789520612,1,-116.469126,51.408944,0.000000,2.089075,24.442557,96.270915,1,0,1257.053325
1789520617,1,-116.467646,51.409568,0.000000,2.086175,24.976427,124.219494,1,0,1257.835369
1789520621,1,-116.466447,51.410068,0.000000,2.171516,24.893938,100.292248,1,0,1258.026956
1789520625,1,-116.465270,51.410564,0.000000,2.239809,24.589563,98.772618,1,0,1258.404893
1789520630,1,-116.463821,51.411172,0.000000,2.273955,24.072125,121.435684,1,0,1258.857080
1789520634,1,-116.462679,51.411653,0.000000,2.282708,23.809559,95.819888,1,0,1259.619002
1789520639,1,-116.461265,51.412245,0.000000,2.287118,23.512589,118.421078,1,0,1260.514925
1789520643,1,-116.460151,51.412712,0.000000,2.287826,23.257506,93.333619,1,0,1261.086859
1789520648,1,-116.458757,51.413294,0.000000,2.288608,23.451951,116.636290,1,0,1261.647257
1789520652,1,-116.457627,51.413767,0.000000,2.289174,23.818602,94.622867,1,0,1262.127751
1789520656,1,-116.456479,51.414244,0.000000,2.289586,24.000950,95.911915,1,0,1262.626014
1789520661,1,-116.455056,51.414836,0.000000,2.290090,23.533648,118.932690,1,0,1263.273957
1789520666,1,-116.453662,51.415426,0.000000,2.291616,23.190290,117.132979,1,0,1263.692702
1789520671,1,-116.452353,51.416040,0.000000,2.292244,22.522161,113.865783,1,0,1264.294676
1789520675,1,-116.451347,51.416526,0.000000,2.291329,21.730483,88.460887,1,0,1264.557268
1789520680,1,-116.449940,51.417203,0.000000,2.290011,19.749863,123.537083,1,0,1264.971408
1789520686,1,-116.448597,51.417861,0.000000,2.291659,20.286026,118.722718,1,0,1266.058051
1789520691,1,-116.447386,51.418455,0.000000,2.289627,21.975033,107.092577,1,0,1266.885555
1789520695,1,-116.446368,51.418942,0.000000,2.288646,22.326359,89.184470,1,0,1267.586692
1789520699,1,-116.445244,51.419335,0.000000,2.346509,22.367028,89.603349,1,0,1268.554430
1789520703,1,-116.444011,51.419540,0.000000,2.445515,21.891420,88.771581,1,0,1270.265738
1789520709,1,-116.442194,51.419576,0.000000,2.498467,20.163655,126.487911,1,0,1276.230063
1789520714,1,-116.440828,51.419580,0.000000,2.508133,18.410457,95.045608,1,0,1282.672271
1789520721,1,-116.439225,51.419592,0.000000,2.510964,19.138630,111.542848,1,0,1290.720551
1789520726,1,-116.437833,51.419702,0.000000,2.508980,19.941947,97.624277,1,0,1297.544189
1789520731,1,-116.436399,51.419935,0.000000,2.512891,21.055770,103.090068,1,0,1304.172584
1789520737,1,-116.434511,51.420195,0.000000,2.510296,23.528471,134.513669,1,0,1312.892892
1789520741,1,-116.433120,51.420254,0.000000,2.510116,24.528287,97.007021,1,0,1319.324495
1789520745,1,-116.431679,51.420282,0.000000,2.507431,25.078195,100.312053,1,0,1326.143534
1789520749,1,-116.430239,51.420470,0.000000,2.506639,25.237252,102.354981,1,0,1332.814232
1789520754,1,-116.428673,51.421039,0.000000,2.499657,25.011611,126.022796,1,0,1341.103343
1789520758,1,-116.427529,51.421639,0.000000,2.497730,26.357190,103.893835,1,0,1348.017371
1789520762,1,-116.426302,51.422200,0.000000,2.493585,26.398344,105.763833,1,0,1354.416531
1789520767,1,-116.424704,51.422874,0.000000,2.491013,26.762673,134.120189,1,0,1362.975202
1789520771,1,-116.423492,51.423481,0.000000,2.488859,26.916419,108.040263,1,0,1369.348158
1789520775,1,-116.422365,51.424130,0.000000,2.488614,26.075280,106.600403,1,0,1375.948543
1789520779,1,-116.421313,51.424782,0.000000,2.487314,25.722660,103.058116,1,0,1381.599874
1789520783,1,-116.420318,51.425473,0.000000,2.485766,25.797251,103.464176,1,0,1387.301484
1789520788,1,-116.419157,51.426393,0.000000,2.487607,25.948493,130.405704,1,0,1393.748199
1789520793,1,-116.418003,51.427324,0.000000,2.486640,26.302261,131.070139,1,0,1399.471292
1789520798,1,-116.416853,51.428294,0.000000,2.484102,27.090200,134.356336,1,0,1405.908752
1789520802,1,-116.415697,51.429286,0.000000,2.482827,27.261463,136.576505,1,0,1413.339553
1789520806,1,-116.414638,51.430009,0.000000,2.478105,26.906460,109.089307,1,0,1419.673877
1789520810,1,-116.413344,51.430494,0.000000,2.474808,25.781565,104.957830,1,0,1425.667677
1789520814,1,-116.411908,51.430719,0.000000,2.467600,25.790899,102.986418,1,0,1432.327358
1789520818,1,-116.410397,51.430739,0.000000,2.464354,26.728540,105.137474,1,0,1439.468010
1789520822,1,-116.408817,51.430724,0.000000,2.463882,27.395401,109.926753,1,0,1446.804951
1789520826,1,-116.407243,51.430738,0.000000,2.463429,27.267059,109.507892,1,0,1454.147908
1789520830,1,-116.405676,51.430847,0.000000,2.462437,27.420203,109.682744,1,0,1461.411468
1789520834,1,-116.404106,51.430990,0.000000,2.462810,27.434300,110.371983,1,0,1466.349685
1789520838,1,-116.402544,51.431142,0.000000,2.465387,27.408225,109.970971,1,0,1471.052133
1789520843,1,-116.400986,51.431294,0.000000,2.468121,27.340327,109.696106,1,0,1475.606920
1789520847,1,-116.399424,51.431425,0.000000,2.467825,27.394459,109.636005,1,0,1480.634417
1789520852,1,-116.397455,51.431524,0.000000,4.731931,27.385493,137.418403,1,0,1486.699003
1789520857,1,-116.395494,51.431633,0.000000,4.748636,27.309780,136.957883,1,0,1493.976681
1789520861,1,-116.393959,51.431866,0.000000,4.748651,27.409010,109.887373,1,0,1498.644239
1789520866,1,-116.392182,51.432392,0.000000,4.748651,27.320340,136.777684,1,0,1504.260198
1789520871,1,-116.390649,51.433158,0.000000,4.748651,27.395751,136.517830,1,0,1509.290680
1789520876,1,-116.389306,51.434065,0.000000,4.748651,27.418544,137.529968,1,0,1515.081902
1789520881,1,-116.388077,51.435035,0.000000,4.748651,27.361561,137.696246,1,0,1520.514459
1789520885,1,-116.386939,51.435710,0.000000,4.748652,27.283756,109.125977,1,0,1525.807302
1789520889,1,-116.385582,51.436192,0.000000,4.748651,27.212137,108.567596,1,0,1530.456577
1789520893,1,-116.384074,51.436460,0.000000,4.748651,27.399685,109.052832,1,0,1535.803873
1789520897,1,-116.382497,51.436472,0.000000,4.748652,27.477105,109.703249,1,0,1540.688988
1789520901,1,-116.380926,51.436359,0.000000,4.748652,27.503763,109.999004,1,0,1546.282499
1789520905,1,-116.379265,51.436370,0.000000,4.748652,29.662948,115.544789,1,0,1551.940089
1789520909,1,-116.377569,51.436615,0.000000,4.748651,30.311978,121.082525,1,0,1556.788876
1789520912,1,-116.375882,51.436873,0.000000,4.748652,30.040046,120.808370,1,0,1562.449317
1789520916,1,-116.374169,51.436933,0.000000,4.748651,29.362739,119.342627,1,0,1567.830982
1789520920,1,-116.372532,51.436756,0.000000,4.748652,28.813848,115.560324,1,0,1572.530446
1789520924,1,-116.370857,51.436548,0.000000,4.748652,30.071997,118.789636,1,0,1578.550198
1789520928,1,-116.369128,51.436448,0.000000,4.748652,30.176815,120.782719,1,0,1584.946129
1789520932,1,-116.367394,51.436566,0.000000,4.748651,30.299230,121.329573,1,0,1589.310145
1789520936,1,-116.365672,51.436792,0.000000,4.748651,30.572804,122.394073,1,0,1590.194358
1789520941,1,-116.363486,51.436891,0.000000,4.748652,30.242537,152.456629,1,0,1592.281185
1789520946,1,-116.361314,51.437008,0.000000,4.748651,30.237635,151.644234,1,0,1593.571841
1789520950,1,-116.359668,51.437335,0.000000,4.748651,30.025309,120.139507,1,0,1594.767978
1789520955,1,-116.357863,51.438077,0.000000,4.748651,29.898341,150.263678,1,0,1595.469476
1789520959,1,-116.356674,51.438835,0.000000,4.748651,29.643312,118.129097,1,0,1595.384465
1789520963,1,-116.355439,51.439606,0.000000,4.748651,30.464852,121.408611,1,0,1595.225581
1789520967,1,-116.354118,51.440317,0.000000,4.748651,30.178980,121.252686,1,0,1594.765896
1789520973,1,-116.352196,51.440916,0.000000,4.748651,29.731240,149.378011,1,0,1595.038780
1789520977,1,-116.350536,51.441164,0.000000,4.748651,29.994776,118.709869,1,0,1595.499251
1789520981,1,-116.348833,51.441412,0.000000,4.748651,30.367556,121.620674,1,0,1595.927020
1789520985,1,-116.347134,51.441659,0.000000,4.748651,30.248529,121.324484,1,0,1596.225958
1789520989,1,-116.345441,51.441911,0.000000,4.748651,30.291901,121.045766,1,0,1596.895186
1789520993,1,-116.343743,51.442167,0.000000,4.748651,30.332391,121.487719,1,0,1597.464690
1789520997,1,-116.342045,51.442411,0.000000,4.748651,30.241515,121.181526,1,0,1597.777031
1789521001,1,-116.340365,51.442692,0.000000,4.748651,30.268055,120.960267,1,0,1598.601173
1789521005,1,-116.338750,51.443103,0.000000,4.748651,30.310154,121.270508,1,0,1599.065211
1789521010,1,-116.336904,51.443817,0.000000,4.748651,30.246005,150.979251,1,0,1599.623014
1789521014,1,-116.335570,51.444511,0.000000,4.748651,30.266602,120.712326,1,0,1600.172265
1789521019,1,-116.333945,51.445408,0.000000,4.748651,30.215764,150.783917,1,0,1602.614367
1789521022,1,-116.332628,51.446119,0.000000,4.748651,30.269829,121.034363,1,0,1604.893986
1789521027,1,-116.330798,51.446833,0.000000,4.748651,29.648507,150.034400,1,0,1607.525056
1789521032,1,-116.328843,51.447262,0.000000,4.748651,28.726812,144.098393,1,0,1610.777394
1789521037,1,-116.326924,51.447653,0.000000,4.748651,28.326983,140.370805,1,0,1615.685210
1789521042,1,-116.324881,51.448039,0.000000,4.748651,30.094896,148.417091,1,0,1621.930656
1789521046,1,-116.323211,51.448348,0.000000,4.748651,30.268729,121.111788,1,0,1626.427233
1789521050,1,-116.321530,51.448656,0.000000,4.748651,30.515189,121.814125,1,0,1629.462199
1789521054,1,-116.319857,51.448970,0.000000,4.748651,30.300813,121.470851,1,0,1632.036787
1789521058,1,-116.318191,51.449282,0.000000,4.748651,30.210108,120.940707,1,0,1634.436131
1789521062,1,-116.316540,51.449615,0.000000,4.748651,30.142050,120.639237,1,0,1637.501775
1789521066,1,-116.314945,51.450054,0.000000,4.748651,30.340436,121.195340,1,0,1640.420663
1789521070,1,-116.313411,51.450571,0.000000,4.748651,30.213933,121.197623,1,0,1642.660552
1789521074,1,-116.311884,51.451090,0.000000,2.389079,30.249385,120.875661,1,0,1645.156890
1789521078,1,-116.310337,51.451586,0.000000,2.386875,30.215132,120.909500,1,0,1647.843501
1789521083,1,-116.308262,51.451997,0.000000,2.385863,30.317151,151.366469,1,0,1651.388167
1789521087,1,-116.306535,51.452137,0.000000,2.388064,30.320743,121.098051,1,0,1653.300618
1789521092,1,-116.304359,51.452259,0.000000,2.386578,30.297376,151.921992,1,0,1654.561028
1789521098,1,-116.302185,51.452384,0.000000,2.385519,30.375330,151.813718,1,0,1654.743826
1789521102,1,-116.300428,51.452486,0.000000,2.385115,31.382165,122.703979,1,0,1654.360593
1789521106,1,-116.298605,51.452590,0.000000,2.386111,31.655715,127.294536,1,0,1654.232015
1789521111,1,-116.296266,51.452727,0.000000,4.748616,33.700157,163.361764,1,0,1653.861042
1789521115,1,-116.294318,51.452838,0.000000,4.748651,34.002830,136.021562,1,0,1653.047644
1789521120,1,-116.291864,51.452970,0.000000,4.748651,34.224932,171.257894,1,0,1652.867648
1789521124,1,-116.289919,51.453061,0.000000,4.748651,33.699128,135.614568,1,0,1652.302600
1789521129,1,-116.287612,51.453188,0.000000,4.748651,31.209892,161.027205,1,0,1650.658188
1789521133,1,-116.285878,51.453289,0.000000,4.748651,29.715270,121.087834,1,0,1649.769718
1789521137,1,-116.283800,51.453416,0.000000,4.748651,28.607679,145.172961,1,0,1649.513689
1789521141,1,-116.282206,51.453615,0.000000,4.748651,28.156481,113.021720,1,0,1648.545414
1789521145,1,-116.280688,51.453969,0.000000,4.748651,28.203332,112.658980,1,0,1647.820233
1789521149,1,-116.279266,51.454466,0.000000,4.748651,28.541290,113.290247,1,0,1645.054330
1789521153,1,-116.277912,51.455072,0.000000,4.748651,29.240057,115.806010,1,0,1640.050164
1789521157,1,-116.276557,51.455705,0.000000,4.748651,29.607658,117.636751,1,0,1635.198139
1789521161,1,-116.275183,51.456349,0.000000,4.748651,30.074908,119.427866,1,0,1629.687523
1789521165,1,-116.273797,51.457003,0.000000,4.748651,30.203303,120.763642,1,0,1625.036434
1789521169,1,-116.272380,51.457622,0.000000,4.748651,30.026523,120.216996,1,0,1621.978172
1789521173,1,-116.270814,51.458049,0.000000,4.748651,29.624994,118.790168,1,0,1621.142779
1789521178,1,-116.268720,51.458251,0.000000,4.748651,29.525086,147.304825,1,0,1617.642981
1789521182,1,-116.267027,51.458145,0.000000,4.748652,29.844066,118.290630,1,0,1613.174187
1789521187,1,-116.265004,51.457655,0.000000,4.748651,30.708741,150.844273,1,0,1607.558074
1789521191,1,-116.263578,51.457000,0.000000,4.748652,30.983130,123.051342,1,0,1605.635869
1789521196,1,-116.261980,51.455991,0.000000,4.748652,31.919356,157.957740,1,0,1604.239914
1789521200,1,-116.260688,51.455171,0.000000,4.748652,32.070798,128.044174,1,0,1602.663574
1789521205,1,-116.259075,51.454146,0.000000,4.748652,31.944013,159.957665,1,0,1600.650158
1789521210,1,-116.257666,51.453013,0.000000,4.748652,32.154063,159.665615,1,0,1598.830809
1789521214,1,-116.256680,51.452023,0.000000,4.748652,32.564579,129.760824,1,0,1597.079826
1789521218,1,-116.255688,51.451029,0.000000,4.748652,32.606667,130.359194,1,0,1595.556289
1789521224,1,-116.254447,51.449786,0.000000,4.748652,32.682389,163.032954,1,0,1593.469982
1789521228,1,-116.253458,51.448783,0.000000,3.374326,32.779885,131.100543,1,0,1592.007325
1789521233,1,-116.252263,51.447518,0.000000,2.357335,32.604869,163.466523,1,0,1589.824675
1789521237,1,-116.251331,51.446520,0.000000,2.357043,31.771797,128.588731,1,0,1588.935758
1789521242,1,-116.249852,51.445475,0.000000,2.353849,30.803302,155.246383,1,0,1587.826663
1789521247,1,-116.247939,51.444812,0.000000,2.352580,30.545155,152.117825,1,0,1586.263340
1789521250,1,-116.246211,51.444588,0.000000,2.350460,31.020835,122.720493,1,0,1584.595441
1789521254,1,-116.244383,51.444569,0.000000,2.350597,32.265988,127.133465,1,0,1582.891667
1789521259,1,-116.242060,51.444561,0.000000,2.351574,32.251736,161.539714,1,0,1581.171985
1789521264,1,-116.239738,51.444557,0.000000,2.350393,32.263371,161.468292,1,0,1579.389495
1789521268,1,-116.237877,51.444499,0.000000,2.349277,32.423008,129.571408,1,0,1578.549182
1789521273,1,-116.235614,51.444154,0.000000,2.346231,32.448538,161.980702,1,0,1581.150312
1789521277,1,-116.233852,51.443742,0.000000,2.346483,32.830371,130.823726,1,0,1582.498819
1789521281,1,-116.232085,51.443346,0.000000,2.344104,32.443116,130.537635,1,0,1583.624956
1789521286,1,-116.229906,51.442875,0.000000,2.343835,31.892330,160.333395,1,0,1585.240764
1789521290,1,-116.228175,51.442532,0.000000,2.343695,31.460392,126.277879,1,0,1586.790099
1789521295,1,-116.225885,51.442216,0.000000,2.342842,34.082491,163.079272,1,0,1585.911741
1789521299,1,-116.224052,51.442124,0.000000,2.344848,29.863700,127.874097,1,0,1582.494542
1789521304,1,-116.221993,51.442185,0.000000,2.346567,29.434047,143.339956,1,0,1577.133961
1789521308,1,-116.220233,51.442231,0.000000,2.346103,31.590174,122.494131,1,0,1573.454705
1789521312,1,-116.218324,51.442268,0.000000,2.349416,34.177468,132.812069,1,0,1569.917150
1789521316,1,-116.216394,51.442294,0.000000,2.349161,32.684283,134.239640,1,0,1566.550480
1789521320,1,-116.214572,51.442322,0.000000,2.357458,31.236506,126.736601,1,0,1564.512719
1789521324,1,-116.212798,51.442359,0.000000,2.362687,30.564828,123.429127,1,0,1562.818622
1789521329,1,-116.210629,51.442439,0.000000,2.357215,30.163742,151.090428,1,0,1561.870507
1789521334,1,-116.208460,51.442508,0.000000,2.350073,30.210758,151.023218,1,0,1560.724434
1789521338,1,-116.206725,51.442557,0.000000,2.346529,30.113244,120.771546,1,0,1559.650575
1789521343,1,-116.204605,51.442412,0.000000,2.342446,29.623479,148.300942,1,0,1557.485593
1789521348,1,-116.203016,51.442049,0.000000,2.339844,29.538554,117.648456,1,0,1555.200617
1789521352,1,-116.201546,51.441485,0.000000,2.336776,30.401903,119.961677,1,0,1552.832439
1789521356,1,-116.200066,51.440879,0.000000,2.342562,31.057984,123.052954,1,0,1551.228215
1789521361,1,-116.198201,51.440079,0.000000,4.672215,31.600539,157.317133,1,0,1550.069725
1789521364,1,-116.196905,51.439275,0.000000,4.748595,31.902333,126.999741,1,0,1548.836288
1789521368,1,-116.195901,51.438316,0.000000,4.748651,32.054034,127.533472,1,0,1547.482041
1789521372,1,-116.195108,51.437273,0.000000,4.748652,32.024659,128.504864,1,0,1547.390686
1789521376,1,-116.194334,51.436233,0.000000,4.748652,31.919477,127.642952,1,0,1547.524776
1789521380,1,-116.193538,51.435203,0.000000,4.748652,32.227233,127.292843,1,0,1547.796766
1789521384,1,-116.192446,51.434206,0.000000,4.748652,33.897622,134.456744,1,0,1548.333389
1789521388,1,-116.191130,51.433421,0.000000,4.748652,30.203389,126.528757,1,0,1547.876450
1789521392,1,-116.189691,51.432891,0.000000,4.748652,28.798586,116.172985,1,0,1547.067913
1789521397,1,-116.187741,51.432316,0.000000,4.748652,31.259169,149.965822,1,0,1547.226591
1789521401,1,-116.186059,51.431812,0.000000,4.748652,32.724445,129.738741,1,0,1548.055694
1789521405,1,-116.184300,51.431284,0.000000,4.748652,34.386816,135.735214,1,0,1549.326277
1789521409,1,-116.182542,51.430723,0.000000,4.748652,34.000073,137.302887,1,0,1550.684974
1789521413,1,-116.180844,51.430204,0.000000,4.748652,32.054180,131.479962,1,0,1552.017075
1789521417,1,-116.179220,51.429719,0.000000,4.748652,30.900525,125.198783,1,0,1552.813447
1789521421,1,-116.177647,51.429240,0.000000,4.748652,30.219275,121.713437,1,0,1553.880809
1789521426,1,-116.175862,51.428496,0.000000,4.748652,29.989181,149.239687,1,0,1553.298322
1789521431,1,-116.174486,51.427441,0.000000,4.748652,30.705538,151.477367,1,0,1551.511407
1789521435,1,-116.173786,51.426412,0.000000,4.748652,31.495673,124.435479,1,0,1549.817981
1789521440,1,-116.173355,51.425006,0.000000,4.748652,32.089115,159.311634,1,0,1547.783572
1789521444,1,-116.173044,51.423869,0.000000,4.748652,32.078041,128.365734,1,0,1545.956495
1789521449,1,-116.172597,51.422425,0.000000,4.748652,33.800833,163.674502,1,0,1544.215168
1789521454,1,-116.172098,51.420947,0.000000,4.748652,32.945436,168.101026,1,0,1542.096893
1789521458,1,-116.171720,51.419830,0.000000,4.748652,31.192265,127.055158,1,0,1541.595620
1789521462,1,-116.171342,51.418746,0.000000,4.748652,30.815592,123.464684,1,0,1541.775746
1789521467,1,-116.170872,51.417385,0.000000,4.748652,31.227897,154.946495,1,0,1541.820038
1789521472,1,-116.170397,51.416013,0.000000,4.748652,31.226045,156.217123,1,0,1542.576385
1789521476,1,-116.170017,51.414915,0.000000,4.748652,31.247742,125.017214,1,0,1542.870309
1789521480,1,-116.169567,51.413842,0.000000,4.748652,30.669235,123.444244,1,0,1543.085545
1789521484,1,-116.168879,51.412843,0.000000,4.748652,30.073221,121.041639,1,0,1543.008700
1789521488,1,-116.168065,51.412000,0.000000,4.748652,25.178121,109.584968,1,0,1541.676493
1789521493,1,-116.167085,51.411138,0.000000,4.748652,23.921673,117.698784,1,0,1541.221397
1789521497,1,-116.166184,51.410418,0.000000,4.748652,26.065524,101.741663,1,0,1540.834175
1789521501,1,-116.165238,51.409648,0.000000,4.748652,27.550537,108.057808,1,0,1539.592642
1789521505,1,-116.164245,51.408851,0.000000,4.748652,28.365249,112.435729,1,0,1538.910883
1789521510,1,-116.162981,51.407830,0.000000,4.748652,28.759653,143.691019,1,0,1537.496803
1789521515,1,-116.161810,51.406767,0.000000,4.748652,28.698696,143.646531,1,0,1537.989241
1789521519,1,-116.160937,51.405891,0.000000,4.748652,28.679896,114.869142,1,0,1539.344247
1789521524,1,-116.159846,51.404796,0.000000,4.748652,28.878816,143.577244,1,0,1539.700674
1789521528,1,-116.158957,51.403914,0.000000,4.748652,29.051739,116.026340,1,0,1538.545816
1789521532,1,-116.158070,51.403027,0.000000,4.748651,29.079966,116.423501,1,0,1535.320512
1789521536,1,-116.157184,51.402140,0.000000,4.748652,29.012449,116.386551,1,0,1532.034698
1789521540,1,-116.156303,51.401260,0.000000,4.748652,28.702886,115.544744,1,0,1529.675239
1789521544,1,-116.155378,51.400418,0.000000,4.748652,28.292608,113.689226,1,0,1528.637811
1789521548,1,-116.154291,51.399661,0.000000,4.748652,28.360323,113.231200,1,0,1527.114454
1789521552,1,-116.153036,51.399005,0.000000,4.748652,28.496426,113.843230,1,0,1525.024304
1789521556,1,-116.151647,51.398462,0.000000,4.748652,28.542525,114.013204,1,0,1523.586238
1789521560,1,-116.150142,51.398056,0.000000,4.748652,28.556301,114.085284,1,0,1522.422521
1789521565,1,-116.148190,51.397659,0.000000,4.748652,28.485518,142.873714,1,0,1521.201921
1789521569,1,-116.146638,51.397348,0.000000,4.748652,28.314742,113.437446,1,0,1521.396259
1789521574,1,-116.144704,51.396968,0.000000,4.748652,28.161322,141.104293,1,0,1523.010940
1789521578,1,-116.143159,51.396661,0.000000,4.748652,28.271125,112.848917,1,0,1524.542365
1789521582,1,-116.141623,51.396315,0.000000,4.748652,28.527270,113.648071,1,0,1525.631085
1789521586,1,-116.140169,51.395838,0.000000,4.748652,28.743533,114.292857,1,0,1525.670189
1789521590,1,-116.138828,51.395238,0.000000,4.748652,28.689508,114.772760,1,0,1525.157710
1789521594,1,-116.137648,51.394521,0.000000,4.748652,28.728026,114.516626,1,0,1524.895542
1789521598,1,-116.136597,51.393727,0.000000,4.748652,28.650965,114.717806,1,0,1524.490868
1789521602,1,-116.135578,51.392922,0.000000,4.748652,28.557192,114.267177,1,0,1524.321771
1789521606,1,-116.134557,51.392120,0.000000,4.748652,28.549126,114.092313,1,0,1523.649647
1789521611,1,-116.133281,51.391116,0.000000,4.748652,28.563099,142.741341,1,0,1522.796196
1789521615,1,-116.132259,51.390315,0.000000,4.748651,28.518291,114.053639,1,0,1522.560416
1789521619,1,-116.131240,51.389513,0.000000,4.748652,28.515106,114.010540,1,0,1522.137373
1789521624,1,-116.129967,51.388510,0.000000,4.748652,28.551482,142.524241,1,0,1520.986455
1789521628,1,-116.128948,51.387706,0.000000,4.748652,28.505154,114.184818,1,0,1520.148801
1789521633,1,-116.127673,51.386699,0.000000,4.748652,28.584821,142.959485,1,0,1519.380841
1789521638,1,-116.126397,51.385695,0.000000,4.748652,28.540043,142.747705,1,0,1519.150525
1789521642,1,-116.125375,51.384892,0.000000,4.748652,28.531485,114.232772,1,0,1518.737237
1789521646,1,-116.124370,51.384082,0.000000,4.748652,28.561931,114.113454,1,0,1518.056010
1789521650,1,-116.123413,51.383248,0.000000,4.748652,28.573403,114.253640,1,0,1517.261614
1789521654,1,-116.122449,51.382415,0.000000,4.748652,28.643135,114.448427,1,0,1516.349044
1789521658,1,-116.121487,51.381577,0.000000,4.748652,28.682613,114.818235,1,0,1514.595964
1789521662,1,-116.120514,51.380746,0.000000,4.748652,28.658926,114.641747,1,0,1512.801736
1789521666,1,-116.119483,51.379940,0.000000,4.748652,28.675565,114.889395,1,0,1510.983699
1789521671,1,-116.118149,51.378967,0.000000,4.748652,28.391038,142.666398,1,0,1509.640042
1789521676,1,-116.116829,51.378004,0.000000,4.748652,28.064430,141.186997,1,0,1510.329728
1789521680,1,-116.115742,51.377243,0.000000,4.748652,29.222069,113.584807,1,0,1511.332417
1789521685,1,-116.114272,51.376181,0.000000,4.748652,32.239400,156.351722,1,0,1512.941637
1789521689,1,-116.113124,51.375348,0.000000,4.748651,29.407547,122.414839,1,0,1512.710904
1789521693,1,-116.112048,51.374571,0.000000,4.748651,28.225273,114.421045,1,0,1510.994055
1789521698,1,-116.110757,51.373630,0.000000,4.748652,27.043335,138.020759,1,0,1508.031567
1789521703,1,-116.109487,51.372705,0.000000,4.748651,27.229866,135.717087,1,0,1507.234855
1789521707,1,-116.108524,51.371933,0.000000,4.748652,27.254068,108.989252,1,0,1508.368590
1789521711,1,-116.107681,51.371104,0.000000,4.748652,27.449853,109.350606,1,0,1510.686915
1789521715,1,-116.106864,51.370254,0.000000,4.748652,27.731445,110.388192,1,0,1513.093417
1789521719,1,-116.106043,51.369391,0.000000,4.748652,28.093039,111.772623,1,0,1514.658802
1789521724,1,-116.105002,51.368302,0.000000,4.748652,28.373790,141.221798,1,0,1514.904117
1789521728,1,-116.104213,51.367405,0.000000,4.748652,28.591011,113.948250,1,0,1513.598241
1789521732,1,-116.103609,51.366445,0.000000,4.748652,28.770345,114.815900,1,0,1511.219967
1789521736,1,-116.103165,51.365451,0.000000,4.748652,28.690086,114.856703,1,0,1508.466183
1789521740,1,-116.102869,51.364442,0.000000,4.748652,28.473210,114.160684,1,0,1506.024993
1789521744,1,-116.102588,51.363437,0.000000,4.748652,28.285976,113.538067,1,0,1504.621078
1789521748,1,-116.102276,51.362441,0.000000,4.748652,28.225173,112.947237,1,0,1504.384244
1789521752,1,-116.101778,51.361473,0.000000,4.748652,28.304602,113.168760,1,0,1503.942930
1789521756,1,-116.101057,51.360564,0.000000,4.748652,28.253983,112.939841,1,0,1504.345523
1789521761,1,-116.099878,51.359530,0.000000,4.748652,28.349632,141.374280,1,0,1505.467353
1789521766,1,-116.098403,51.358644,0.000000,4.748652,28.632531,142.410339,1,0,1505.862657
1789521771,1,-116.096749,51.357876,0.000000,4.748652,28.698149,143.465147,1,0,1505.368314
1789521775,1,-116.095430,51.357255,0.000000,4.748652,28.748944,114.977147,1,0,1504.022649
1789521779,1,-116.094228,51.356548,0.000000,4.748652,28.750945,114.901834,1,0,1502.554232
1789521783,1,-116.093174,51.355752,0.000000,4.748652,28.782897,115.063028,1,0,1500.235271
1789521788,1,-116.092027,51.354686,0.000000,4.748652,28.521521,143.034583,1,0,1498.261331
1789521792,1,-116.091100,51.353847,0.000000,4.748652,28.400482,113.528606,1,0,1497.237924
1789521796,1,-116.090017,51.353089,0.000000,4.748652,28.350359,113.177147,1,0,1496.257798
1789521801,1,-116.088433,51.352280,0.000000,4.748652,28.596053,142.426538,1,0,1495.809121
1789521805,1,-116.087085,51.351694,0.000000,4.748652,28.482271,114.340803,1,0,1494.959924
1789521810,1,-116.085400,51.350967,0.000000,4.748652,28.560520,142.587921,1,0,1494.711807
1789521814,1,-116.084052,51.350384,0.000000,4.748652,28.520357,114.158799,1,0,1494.447965
1789521818,1,-116.082705,51.349799,0.000000,4.748652,28.580263,114.228157,1,0,1494.122148
1789521823,1,-116.081018,51.349069,0.000000,4.748652,28.622480,142.892212,1,0,1493.766693
1789521828,1,-116.079336,51.348335,0.000000,4.748652,28.591702,142.859741,1,0,1493.210022
1789521833,1,-116.077680,51.347579,0.000000,4.748652,28.584066,142.805533,1,0,1492.629643
1789521838,1,-116.076092,51.346767,0.000000,4.748652,28.533325,142.862410,1,0,1492.361780
1789521843,1,-116.074636,51.345861,0.000000,4.748652,28.609044,143.040868,1,0,1491.937794
1789521847,1,-116.073539,51.345098,0.000000,4.748652,28.616259,114.253508,1,0,1491.545468
1789521851,1,-116.072445,51.344336,0.000000,4.748652,28.549143,114.030938,1,0,1491.298859
1789521855,1,-116.071349,51.343575,0.000000,4.748652,28.547154,114.041511,1,0,1491.035275
1789521859,1,-116.070254,51.342813,0.000000,4.748652,28.527428,114.077535,1,0,1490.712125
1789521864,1,-116.068881,51.341862,0.000000,4.748652,28.559725,142.671351,1,0,1490.606467
1789521868,1,-116.067785,51.341098,0.000000,4.748652,28.639789,114.294939,1,0,1490.337855
1789521872,1,-116.066688,51.340335,0.000000,4.748652,28.590430,114.258807,1,0,1489.754556
1789521876,1,-116.065593,51.339572,0.000000,4.748652,28.557886,114.165565,1,0,1489.163547
1789521880,1,-116.064499,51.338808,0.000000,4.748651,28.557602,114.201798,1,0,1489.019413
1789521884,1,-116.063400,51.338046,0.000000,4.748651,28.581078,114.269506,1,0,1488.508671
1789521889,1,-116.062021,51.337095,0.000000,4.748652,28.581259,142.958798,1,0,1488.063276
1789521893,1,-116.060919,51.336334,0.000000,4.748652,28.580151,114.332603,1,0,1487.832819
1789521898,1,-116.059543,51.335378,0.000000,4.748651,28.665553,143.237660,1,0,1486.755546
1789521903,1,-116.058171,51.334421,0.000000,4.748651,28.628475,143.133851,1,0,1484.608302
1789521908,1,-116.056840,51.333447,0.000000,4.748651,28.384378,142.672127,1,0,1482.407414
1789521912,1,-116.055931,51.332594,0.000000,4.748652,28.527405,114.126769,1,0,1481.533520
1789521916,1,-116.055180,51.331687,0.000000,4.748652,28.392540,113.701436,1,0,1481.350895
1789521920,1,-116.054529,51.330746,0.000000,4.748652,28.553859,114.126065,1,0,1481.576211
1789521925,1,-116.053664,51.329589,0.000000,4.748652,28.583472,142.172773,1,0,1482.287254
1789521929,1,-116.052757,51.328735,0.000000,4.748652,28.595968,114.145491,1,0,1482.024884
1789521933,1,-116.051649,51.327975,0.000000,4.748652,28.693221,114.536834,1,0,1481.543668
1789521938,1,-116.050063,51.327148,0.000000,4.748652,28.671374,143.851885,1,0,1479.840608
1789521942,1,-116.048780,51.326511,0.000000,4.748652,28.470615,114.131889,1,0,1478.915929
1789521946,1,-116.047522,51.325853,0.000000,4.748652,28.528529,114.254393,1,0,1478.302596
1789521951,1,-116.045960,51.325026,0.000000,4.748652,28.536323,142.579500,1,0,1477.927826
1789521955,1,-116.044754,51.324331,0.000000,4.748652,28.564626,114.241753,1,0,1477.462585
1789521959,1,-116.043600,51.323603,0.000000,4.748652,28.544897,114.176029,1,0,1476.795079
1789521963,1,-116.042468,51.322862,0.000000,4.748652,28.542721,114.141087,1,0,1476.330403
1789521968,1,-116.041094,51.321912,0.000000,4.748652,28.584295,142.662275,1,0,1476.085973
1789521972,1,-116.039999,51.321146,0.000000,4.748652,28.642633,114.435705,1,0,1475.396723
1789521976,1,-116.038905,51.320379,0.000000,4.748652,28.612309,114.472127,1,0,1474.304197
1789521981,1,-116.037542,51.319422,0.000000,4.748652,28.541027,142.735880,1,0,1473.292665
1789521986,1,-116.036179,51.318467,0.000000,4.748652,28.514098,142.569883,1,0,1472.374070
1789521990,1,-116.035088,51.317704,0.000000,4.748652,28.512016,114.000885,1,0,1472.134756
1789521994,1,-116.034000,51.316940,0.000000,4.748652,28.517096,113.944405,1,0,1471.776069
1789521998,1,-116.032914,51.316173,0.000000,4.748652,28.525731,114.106488,1,0,1471.625136
1789522002,1,-116.031822,51.315411,0.000000,4.748652,28.534728,113.970038,1,0,1471.539674
1789522006,1,-116.030732,51.314644,0.000000,4.748652,28.519811,114.291807,1,0,1471.454691
1789522011,1,-116.029368,51.313686,0.000000,4.748652,28.585483,142.872056,1,0,1471.110876
1789522015,1,-116.028309,51.312903,0.000000,4.748652,28.612234,114.218006,1,0,1470.690895
1789522019,1,-116.027415,51.312043,0.000000,4.748652,28.525114,114.216030,1,0,1470.808726
1789522023,1,-116.026588,51.311154,0.000000,4.748652,28.572541,114.513570,1,0,1470.584542
1789522028,1,-116.025609,51.310027,0.000000,4.748652,28.478217,142.794097,1,0,1470.495089
1789522032,1,-116.024796,51.309138,0.000000,4.748652,28.513828,114.024909,1,0,1470.896891
1789522037,1,-116.023618,51.308089,0.000000,4.748652,28.598302,142.745305,1,0,1470.896616
1789522041,1,-116.022564,51.307300,0.000000,4.748652,28.691972,114.509059,1,0,1470.216715
1789522046,1,-116.021186,51.306347,0.000000,4.748652,28.586436,143.124572,1,0,1469.341088
1789522050,1,-116.020275,51.305646,0.000000,4.748652,19.468797,100.611606,1,0,1467.920839
1789522064,1,-116.020844,51.305306,0.000000,4.748652,5.425351,54.832473,1,0,1467.572020
1789522148,1,-116.020073,51.305294,0.000000,4.748651,4.453653,53.793594,1,0,1467.737824
1789522162,1,-116.018993,51.304714,0.000000,4.748651,18.775903,99.198110,1,0,1468.724607
1789522166,1,-116.018084,51.304089,0.000000,4.748651,24.991786,94.111946,1,0,1468.582312
1789522170,1,-116.017141,51.303395,0.000000,4.748651,25.042442,101.441633,1,0,1468.344561
1789522174,1,-116.016179,51.302694,0.000000,4.748651,26.845094,102.895167,1,0,1468.115781
1789522178,1,-116.015108,51.301907,0.000000,4.748651,29.715359,115.109250,1,0,1467.533384
1789522183,1,-116.013623,51.300820,0.000000,4.748650,32.981082,159.256297,1,0,1467.095042
1789522187,1,-116.012367,51.299905,0.000000,4.748649,33.744063,134.328156,1,0,1466.317506
1789522191,1,-116.011089,51.298969,0.000000,4.748650,34.301379,137.100972,1,0,1466.282203
1789522195,1,-116.009810,51.298025,0.000000,4.748651,34.505651,137.823659,1,0,1466.028312
1789522199,1,-116.008542,51.297096,0.000000,4.748651,33.632059,136.055571,1,0,1465.467604
1789522204,1,-116.007020,51.295979,0.000000,4.748651,32.180990,163.478034,1,0,1464.517021
1789522209,1,-116.005559,51.294905,0.000000,4.748651,30.962267,157.075650,1,0,1463.590109
1789522213,1,-116.004424,51.294073,0.000000,4.748651,30.079857,121.827461,1,0,1462.916408
1789522217,1,-116.003320,51.293262,0.000000,4.748652,29.402805,118.645885,1,0,1462.446512
1789522221,1,-116.002251,51.292461,0.000000,4.748652,28.842148,116.219853,1,0,1462.037182
1789522225,1,-116.001215,51.291663,0.000000,4.748652,28.513592,114.496947,1,0,1461.314264
1789522229,1,-116.000184,51.290872,0.000000,4.748652,28.329815,113.677962,1,0,1460.621469
1789522233,1,-115.999147,51.290091,0.000000,4.748652,28.196521,113.085898,1,0,1460.206590
1789522237,1,-115.998042,51.289351,0.000000,4.748652,28.158358,112.806443,1,0,1459.674539
1789522242,1,-115.996560,51.288494,0.000000,4.748652,28.111666,140.666640,1,0,1458.810250
1789522247,1,-115.994986,51.287704,0.000000,4.748652,28.161954,140.674695,1,0,1458.329669
1789522251,1,-115.993656,51.287132,0.000000,4.748652,28.159088,112.530326,1,0,1457.927137
1789522256,1,-115.991910,51.286499,0.000000,4.748652,28.177774,140.722559,1,0,1457.304497
1789522260,1,-115.990458,51.286056,0.000000,4.748652,28.178536,112.677553,1,0,1456.713546
1789522265,1,-115.988576,51.285598,0.000000,4.748652,28.198551,140.870081,1,0,1455.846758
1789522270,1,-115.986654,51.285202,0.000000,4.748652,28.184831,141.172363,1,0,1454.861235
1789522275,1,-115.984729,51.284817,0.000000,4.748652,28.191549,140.994486,1,0,1454.108124
1789522279,1,-115.983192,51.284501,0.000000,4.748652,28.204301,112.870321,1,0,1453.512792
1789522283,1,-115.981663,51.284169,0.000000,4.748652,28.205478,112.909959,1,0,1452.788414
1789522287,1,-115.980134,51.283839,0.000000,4.748652,28.208396,112.837323,1,0,1452.388411
1789522291,1,-115.978622,51.283481,0.000000,4.748652,28.176948,112.778880,1,0,1451.735458
1789522295,1,-115.977193,51.283015,0.000000,4.748652,28.140334,112.394149,1,0,1451.586912
1789522299,1,-115.975853,51.282451,0.000000,4.748652,28.217870,112.616087,1,0,1451.767390
1789522303,1,-115.974587,51.281816,0.000000,4.748652,28.244494,113.126100,1,0,1451.231388
1789522308,1,-115.973007,51.281024,0.000000,4.748652,28.218460,141.158789,1,0,1450.902853
1789522312,1,-115.971656,51.280383,0.000000,4.748652,30.589787,118.225813,1,0,1450.571691
1789522317,1,-115.969831,51.279470,0.000000,4.748653,33.707675,162.921634,1,0,1450.441018
1789522321,1,-115.968309,51.278702,0.000000,4.748653,34.235990,136.330190,1,0,1449.672236
1789522326,1,-115.966388,51.277736,0.000000,4.748653,34.365322,171.837407,1,0,1448.537273
1789522330,1,-115.964850,51.276961,0.000000,4.748652,34.398942,137.688460,1,0,1447.966085
1789522335,1,-115.962925,51.275993,0.000000,4.748653,34.452427,172.205566,1,0,1446.974889
1789522340,1,-115.961001,51.275025,0.000000,4.748652,34.472530,172.151092,1,0,1446.119336
1789522344,1,-115.959462,51.274250,0.000000,4.748652,34.444238,137.751760,1,0,1445.551716
1789522348,1,-115.957914,51.273476,0.000000,4.748653,34.600153,138.172736,1,0,1444.937925
1789522352,1,-115.956380,51.272699,0.000000,4.748653,34.408749,137.619502,1,0,1444.163383
1789522356,1,-115.954863,51.271906,0.000000,4.748653,34.448063,137.831483,1,0,1443.382445
1789522360,1,-115.953330,51.271128,0.000000,4.748652,34.413055,137.644060,1,0,1443.071974
1789522365,1,-115.951405,51.270161,0.000000,4.748652,34.418985,172.147092,1,0,1442.663047
1789522369,1,-115.949829,51.269418,0.000000,4.748652,34.444594,137.615630,1,0,1442.725460
1789522373,1,-115.948159,51.268759,0.000000,4.748652,34.470193,137.718727,1,0,1442.271472
1789522377,1,-115.946420,51.268175,0.000000,4.748652,34.437375,137.688592,1,0,1441.947489
1789522382,1,-115.944167,51.267545,0.000000,4.748652,34.425245,172.184127,1,0,1440.966107
1789522386,1,-115.942370,51.267035,0.000000,4.748652,34.429510,137.676969,1,0,1440.418152
1789522391,1,-115.940105,51.266426,0.000000,4.748652,34.442186,172.030586,1,0,1440.123282
1789522396,1,-115.937853,51.265810,0.000000,4.748652,34.151822,171.506669,1,0,1441.705969
1789522401,1,-115.935608,51.265191,0.000000,4.748652,34.355419,171.192942,1,0,1444.272843
1789522405,1,-115.933793,51.264698,0.000000,4.748652,34.650018,138.072243,1,0,1444.018529
1789522409,1,-115.931943,51.264236,0.000000,4.748652,34.723091,139.005335,1,0,1441.524023
1789522414,1,-115.929703,51.263671,0.000000,4.748652,33.029447,168.540810,1,0,1440.587605
1789522419,1,-115.927563,51.263134,0.000000,4.748652,31.679834,160.901640,1,0,1440.396446
1789522423,1,-115.925925,51.262717,0.000000,4.748652,30.153581,123.405649,1,0,1440.154526
1789522428,1,-115.924393,51.262331,0.000000,4.748652,28.050746,115.252443,1,0,1439.662512
1789522431,1,-115.922940,51.261951,0.000000,4.748652,27.169920,109.895315,1,0,1440.622726
1789522435,1,-115.921523,51.261559,0.000000,4.748652,26.854084,108.121612,1,0,1441.357034
1789522439,1,-115.920132,51.261177,0.000000,4.748652,26.191890,106.012095,1,0,1442.492200
1789522443,1,-115.918773,51.260799,0.000000,4.748652,25.761291,103.788085,1,0,1443.444381
1789522448,1,-115.917025,51.260348,0.000000,4.748652,27.479364,131.957545,1,0,1442.688228
1789522452,1,-115.915466,51.259930,0.000000,4.748652,30.694128,118.368065,1,0,1440.495058
1789522456,1,-115.913759,51.259467,0.000000,4.748652,33.550704,129.838699,1,0,1437.256882
1789522461,1,-115.911524,51.258853,0.000000,4.748652,34.013495,170.345348,1,0,1434.738131
1789522465,1,-115.909743,51.258362,0.000000,4.748652,34.023473,135.819764,1,0,1436.041720
1789522470,1,-115.907501,51.257745,0.000000,4.748652,34.279733,170.926996,1,0,1437.775910
1789522474,1,-115.905696,51.257251,0.000000,4.748652,34.482782,137.488670,1,0,1438.169089
1789522478,1,-115.903879,51.256750,0.000000,4.748652,34.623160,138.580513,1,0,1436.637181
1789522482,1,-115.902061,51.256261,0.000000,4.748652,34.398400,138.112872,1,0,1435.714134
1789522486,1,-115.900204,51.255841,0.000000,4.748652,34.560545,137.830605,1,0,1434.164140
1789522491,1,-115.897831,51.255517,0.000000,4.748651,33.332121,169.571525,1,0,1432.189133
1789522495,1,-115.896012,51.255263,0.000000,4.748652,32.193230,130.118279,1,0,1431.352493
1789522499,1,-115.894308,51.254878,0.000000,4.748652,31.494539,126.459609,1,0,1431.104760
1789522504,1,-115.892354,51.254184,0.000000,4.748652,31.632721,156.777707,1,0,1430.615957
1789522508,1,-115.890964,51.253488,0.000000,4.748652,30.412163,124.170831,1,0,1429.719055
1789522513,1,-115.889504,51.252490,0.000000,4.748652,30.140475,150.751316,1,0,1429.309732
1789522517,1,-115.888454,51.251603,0.000000,4.748652,30.876507,122.958521,1,0,1428.579799
1789522522,1,-115.887156,51.250512,0.000000,4.748652,29.623203,151.509192,1,0,1427.988353
1789522526,1,-115.886182,51.249691,0.000000,4.748652,27.646067,113.898085,1,0,1427.078235
1789522530,1,-115.885275,51.248926,0.000000,4.748652,25.890553,106.105630,1,0,1426.736198
1789522534,1,-115.884355,51.248198,0.000000,4.748652,26.018917,103.393384,1,0,1428.421270
1789522538,1,-115.883297,51.247523,0.000000,4.748652,26.560334,105.359142,1,0,1431.378357
1789522542,1,-115.881973,51.247015,0.000000,4.748652,27.068040,108.378060,1,0,1433.026652
1789522546,1,-115.880544,51.246627,0.000000,4.748652,27.256206,108.739791,1,0,1433.298222
1789522550,1,-115.879041,51.246345,0.000000,4.748652,27.368600,109.559072,1,0,1432.520072
1789522554,1,-115.877531,51.246065,0.000000,4.748652,27.527798,109.964273,1,0,1431.507396
1789522558,1,-115.876024,51.245784,0.000000,4.748652,27.284247,109.794977,1,0,1430.236596
1789522563,1,-115.874211,51.245362,0.000000,4.748652,26.926840,135.046507,1,0,1428.480845
1789522567,1,-115.872835,51.244938,0.000000,4.748652,26.668791,107.056874,1,0,1427.323956
1789522571,1,-115.871530,51.244447,0.000000,4.748652,26.462364,106.263110,1,0,1426.151032
1789522575,1,-115.870257,51.243940,0.000000,4.748652,26.161577,105.295746,1,0,1425.123079
1789522580,1,-115.868687,51.243317,0.000000,4.748652,25.832328,129.725829,1,0,1425.854004
1789522584,1,-115.867419,51.242841,0.000000,4.748652,25.865298,103.188604,1,0,1427.404166
1789522588,1,-115.866069,51.242431,0.000000,4.748652,26.286776,104.742030,1,0,1429.415631
1789522592,1,-115.864646,51.242107,0.000000,4.748652,26.383285,105.729594,1,0,1430.836712
1789522596,1,-115.863218,51.241807,0.000000,4.748652,26.427413,105.180097,1,0,1432.424236
1789522601,1,-115.861379,51.241428,0.000000,4.748652,27.464881,135.195365,1,0,1433.063582
1789522605,1,-115.859879,51.241082,0.000000,4.748652,28.099763,111.621296,1,0,1431.956668
1789522609,1,-115.858459,51.240637,0.000000,4.748652,27.443677,110.857318,1,0,1430.194398
1789522613,1,-115.857177,51.240088,0.000000,4.748652,27.100133,108.398802,1,0,1428.796729
1789522617,1,-115.855895,51.239433,0.000000,4.748652,30.012089,115.458356,1,0,1427.353953
1789522621,1,-115.854537,51.238675,0.000000,4.748652,32.756935,126.931651,1,0,1425.887013
1789522625,1,-115.853099,51.237876,0.000000,4.748652,33.563570,134.139360,1,0,1426.789038
1789522629,1,-115.851654,51.237060,0.000000,4.748652,33.937847,135.771526,1,0,1428.772967
1789522633,1,-115.850187,51.236245,0.000000,4.748652,34.158580,136.844189,1,0,1430.969779
1789522638,1,-115.848349,51.235212,0.000000,4.748652,34.565680,172.331350,1,0,1431.922454
1789522642,1,-115.846859,51.234448,0.000000,4.748652,32.741501,134.391366,1,0,1430.891845
1789522647,1,-115.845102,51.233556,0.000000,4.748652,30.942322,157.848567,1,0,1429.180714
1789522652,1,-115.843404,51.232706,0.000000,4.748652,29.789095,151.708603,1,0,1428.109676
1789522657,1,-115.841696,51.231946,0.000000,4.748652,29.066569,146.255256,1,0,1428.287326
1789522662,1,-115.839880,51.231345,0.000000,4.748652,28.494106,143.417415,1,0,1428.142773
1789522666,1,-115.838427,51.230882,0.000000,4.748652,28.458932,113.836229,1,0,1428.471978
1789522671,1,-115.836624,51.230299,0.000000,4.748652,28.339601,141.686396,1,0,1428.999711
1789522675,1,-115.835178,51.229837,0.000000,4.748652,28.310596,113.349865,1,0,1429.325716
1789522680,1,-115.833393,51.229233,0.000000,4.748652,28.424047,141.663288,1,0,1429.708971
1789522684,1,-115.832035,51.228670,0.000000,4.748652,28.566650,113.691636,1,0,1429.819891
1789522688,1,-115.830750,51.228033,0.000000,4.748652,28.656312,114.383968,1,0,1429.639984
1789522692,1,-115.829480,51.227383,0.000000,4.748652,28.668499,114.471887,1,0,1429.340005
1789522696,1,-115.828167,51.226760,0.000000,4.748652,28.808831,114.987863,1,0,1428.420972
1789522701,1,-115.826374,51.226132,0.000000,4.748652,28.736854,143.449919,1,0,1427.052536
1789522705,1,-115.824798,51.225753,0.000000,4.748652,30.485558,117.915340,1,0,1426.078181
1789522710,1,-115.822631,51.225226,0.000000,4.748652,33.691922,162.368540,1,0,1424.986773
1789522714,1,-115.820808,51.224794,0.000000,4.748652,34.212432,136.142619,1,0,1423.786556
1789522719,1,-115.818475,51.224316,0.000000,4.748652,34.293930,171.465620,1,0,1422.362227
1789522723,1,-115.816610,51.223927,0.000000,4.748652,34.355127,137.309240,1,0,1421.454935
1789522727,1,-115.814782,51.223463,0.000000,4.748652,34.452492,137.764096,1,0,1420.414445
1789522732,1,-115.812500,51.222880,0.000000,4.748652,34.444262,172.136306,1,0,1418.724013
1789522737,1,-115.810216,51.222298,0.000000,4.748652,34.444282,172.223832,1,0,1417.252574
1789522741,1,-115.808385,51.221837,0.000000,4.748652,34.455950,137.846622,1,0,1415.920651
1789522745,1,-115.806558,51.221372,0.000000,4.748652,34.428175,137.753776,1,0,1414.707607
1789522749,1,-115.804728,51.220910,0.000000,4.748652,34.483115,137.823180,1,0,1413.312862
1789522753,1,-115.802901,51.220443,0.000000,4.748652,34.442832,137.837472,1,0,1412.132124
1789522758,1,-115.800620,51.219866,0.000000,4.748652,34.272976,171.836788,1,0,1412.040299
1789522762,1,-115.798813,51.219399,0.000000,4.748652,34.191117,136.544075,1,0,1414.280696
1789522766,1,-115.797130,51.218788,0.000000,4.748652,33.647449,135.843176,1,0,1417.254432
1789522770,1,-115.795725,51.217985,0.000000,4.748652,33.300261,132.752966,1,0,1420.094303
1789522774,1,-115.794403,51.217077,0.000000,4.748652,34.538137,136.904253,1,0,1422.969016
1789522779,1,-115.792739,51.215940,0.000000,4.748653,34.396281,171.846843,1,0,1426.068465
1789522783,1,-115.791404,51.215019,0.000000,4.748653,34.596999,138.592785,1,0,1426.169135
1789522787,1,-115.790065,51.214100,0.000000,4.748653,34.654453,138.616834,1,0,1424.388468
1789522791,1,-115.788731,51.213187,0.000000,4.748652,34.527199,137.888481,1,0,1423.463157
1789522795,1,-115.787399,51.212275,0.000000,4.748652,34.483843,137.711978,1,0,1422.961550
1789522800,1,-115.785738,51.211132,0.000000,4.748652,34.477399,172.205610,1,0,1421.779504
1789522804,1,-115.784403,51.210221,0.000000,4.748652,34.471850,137.778360,1,0,1420.791712
1789522808,1,-115.783071,51.209309,0.000000,4.748654,34.447967,137.718406,1,0,1420.071251
1789522812,1,-115.781736,51.208401,0.000000,4.748654,34.429832,137.532888,1,0,1419.373696
1789522817,1,-115.780081,51.207254,0.000000,4.748654,34.433553,172.252636,1,0,1418.344098
1789522821,1,-115.778824,51.206299,0.000000,4.748654,34.432731,137.889448,1,0,1416.957557
1789522825,1,-115.777685,51.205287,0.000000,4.748654,34.476136,137.914367,1,0,1415.470059
1789522830,1,-115.776413,51.203958,0.000000,4.748653,34.434637,172.557842,1,0,1413.181138
1789522834,1,-115.775389,51.202896,0.000000,4.748653,34.462915,138.163042,1,0,1411.413630
1789522838,1,-115.774237,51.201900,0.000000,4.748653,34.061197,136.996503,1,0,1411.929285
1789522843,1,-115.772575,51.200793,0.000000,4.748653,33.722164,169.333785,1,0,1414.178665
1789522847,1,-115.771107,51.200020,0.000000,4.748653,33.424842,133.906947,1,0,1415.794478
1789522852,1,-115.769259,51.199089,0.000000,4.748652,32.866314,165.599479,1,0,1417.105567
1789522856,1,-115.767806,51.198355,0.000000,4.748652,32.367337,130.342597,1,0,1418.717188
1789522861,1,-115.766039,51.197436,0.000000,4.748652,31.830840,160.366017,1,0,1420.681045
1789522865,1,-115.764763,51.196629,0.000000,4.748653,31.570365,126.575880,1,0,1422.473232
1789522870,1,-115.763301,51.195551,0.000000,4.748653,31.713990,157.601361,1,0,1424.035006
1789522874,1,-115.762120,51.194658,0.000000,4.748653,32.500358,129.199722,1,0,1423.564849
1789522879,1,-115.760657,51.193556,0.000000,4.748653,31.712349,159.688237,1,0,1420.656571
1789522883,1,-115.759508,51.192691,0.000000,4.748653,31.142777,125.373647,1,0,1418.412798
1789522887,1,-115.758380,51.191840,0.000000,4.748653,30.766145,123.236827,1,0,1416.169005
1789522891,1,-115.757235,51.190999,0.000000,4.748653,30.878937,123.158299,1,0,1414.200139
1789522895,1,-115.756073,51.190160,0.000000,4.748653,30.945857,123.766346,1,0,1412.602761
1789522899,1,-115.754888,51.189338,0.000000,4.748653,30.802540,123.419574,1,0,1412.012915
1789522903,1,-115.753708,51.188510,0.000000,4.748653,30.989240,123.681687,1,0,1412.031005
1789522907,1,-115.752545,51.187667,0.000000,4.748653,31.084234,124.148209,1,0,1411.572687
1789522911,1,-115.751392,51.186816,0.000000,4.748652,31.076843,124.367784,1,0,1411.141474
1789522916,1,-115.749997,51.185727,0.000000,4.748652,31.154750,155.568389,1,0,1410.566908
1789522920,1,-115.748973,51.184811,0.000000,4.748652,31.146014,124.569513,1,0,1410.097249
1789522924,1,-115.747948,51.183886,0.000000,4.748652,31.422719,125.430226,1,0,1407.677939
1789522928,1,-115.746919,51.182959,0.000000,4.748652,31.393615,125.772696,1,0,1404.066845
1789522932,1,-115.745904,51.182041,0.000000,4.748652,30.774967,124.391333,1,0,1402.535515
1789522936,1,-115.744916,51.181137,0.000000,4.748652,30.483813,122.040257,1,0,1403.750552
1789522940,1,-115.743910,51.180238,0.000000,4.748652,30.538703,122.301950,1,0,1405.646755
1789522944,1,-115.742904,51.179335,0.000000,4.748652,30.756654,122.666325,1,0,1407.142618
1789522948,1,-115.741873,51.178429,0.000000,4.748652,31.160767,123.948894,1,0,1408.096276
1789522952,1,-115.740822,51.177516,0.000000,4.748652,31.382244,125.398056,1,0,1407.163655
1789522957,1,-115.739495,51.176383,0.000000,4.748652,31.291381,156.557723,1,0,1405.774199
1789522961,1,-115.738449,51.175468,0.000000,4.748652,31.301655,125.378230,1,0,1404.027883
1789522965,1,-115.737403,51.174568,0.000000,4.748652,30.833886,124.026560,1,0,1404.777231
1789522969,1,-115.736374,51.173672,0.000000,4.748652,30.791778,122.967731,1,0,1408.112990
1789522973,1,-115.735330,51.172776,0.000000,4.748652,30.952492,123.584824,1,0,1411.749985
1789522977,1,-115.734288,51.171875,0.000000,4.748652,31.064504,123.956112,1,0,1415.289858
1789522982,1,-115.732974,51.170742,0.000000,4.748652,31.053924,156.025932,1,0,1417.847062
1789522986,1,-115.731990,51.169886,0.000000,4.748652,27.455485,117.520669,1,0,1417.321887
1789522991,1,-115.730928,51.168969,0.000000,4.748652,24.638478,126.218966,1,0,1416.271693
1789522996,1,-115.729860,51.168088,0.000000,4.748652,24.599196,123.256935,1,0,1415.690232
1789523000,1,-115.728930,51.167409,0.000000,4.748652,25.256794,99.705053,1,0,1415.255279
1789523004,1,-115.727895,51.166740,0.000000,4.748652,26.263993,103.850818,1,0,1415.095145
1789523008,1,-115.726777,51.166098,0.000000,4.748652,26.524449,105.930806,1,0,1414.660067
1789523012,1,-115.725634,51.165464,0.000000,4.748652,26.837848,106.637687,1,0,1413.970433
1789523017,1,-115.724447,51.164811,0.000000,4.748652,27.648884,110.345662,1,0,1413.396619
1789523022,1,-115.722959,51.163993,0.000000,4.748652,27.616764,138.284069,1,0,1412.479728
1789523026,1,-115.721765,51.163336,0.000000,4.748652,28.078081,111.007291,1,0,1411.294983
1789523030,1,-115.720563,51.162676,0.000000,4.748652,27.274218,111.648352,1,0,1410.083957
1789523035,1,-115.718994,51.161957,0.000000,4.748652,27.483604,135.840915,1,0,1408.459997
1789523039,1,-115.717564,51.161548,0.000000,4.748652,27.479944,109.918817,1,0,1407.647979
1789523043,1,-115.716064,51.161241,0.000000,4.748652,27.588611,110.371658,1,0,1406.256922
1789523048,1,-115.714217,51.160866,0.000000,4.748652,27.106414,135.800655,1,0,1404.683291
1789523052,1,-115.712722,51.160565,0.000000,4.748652,27.669307,109.833565,1,0,1403.961633
1789523056,1,-115.711196,51.160253,0.000000,4.748652,28.814920,112.273652,1,0,1403.902431
1789523061,1,-115.709150,51.159835,0.000000,4.748652,30.244984,150.521128,1,0,1403.828524
1789523065,1,-115.707499,51.159503,0.000000,4.748652,30.294478,121.280585,1,0,1403.390211
1789523070,1,-115.705380,51.159076,0.000000,4.748652,31.682650,155.689512,1,0,1403.094429
1789523074,1,-115.703659,51.158723,0.000000,4.748652,31.703011,126.659505,1,0,1403.018120
1789523078,1,-115.701484,51.158325,0.000000,4.748652,31.640631,158.493420,1,0,1402.530097
1789523082,1,-115.699697,51.158135,0.000000,4.748652,31.708747,126.807428,1,0,1401.918275
1789523086,1,-115.697913,51.157953,0.000000,4.748652,31.585605,126.454837,1,0,1401.395984
1789523091,1,-115.695689,51.157730,0.000000,2.002471,31.447034,157.574552,1,0,1402.794990
1789523095,1,-115.693910,51.157553,0.000000,2.000002,31.533674,126.021409,1,0,1404.203120
1789523100,1,-115.691676,51.157331,0.000000,2.000000,31.643370,158.248206,1,0,1406.107275
1789523105,1,-115.689444,51.157109,0.000000,2.000000,31.584395,158.127030,1,0,1408.254166
1789523110,1,-115.687653,51.156930,0.000000,2.000000,31.740411,126.899258,1,0,1409.364115
1789523115,1,-115.685387,51.156823,0.000000,2.000000,31.919793,159.011103,1,0,1408.534141
1789523119,1,-115.683583,51.156968,0.000000,2.000000,31.818030,127.262938,1,0,1407.331250
1789523124,1,-115.681441,51.157423,0.000000,2.000000,31.718193,158.207965,1,0,1405.061649
1789523128,1,-115.679868,51.157989,0.000000,2.000000,31.754700,126.816745,1,0,1403.165866
1789523133,1,-115.678039,51.158882,0.000000,2.000000,33.087665,162.032305,1,0,1401.115774
1789523137,1,-115.676556,51.159624,0.000000,2.000000,33.106076,132.613030,1,0,1399.225108
1789523142,1,-115.674708,51.160552,0.000000,2.000238,33.082187,165.486279,1,0,1397.046751
1789523146,1,-115.673227,51.161293,0.000000,2.024737,33.113155,132.434152,1,0,1395.526276
1789523151,1,-115.671400,51.162205,0.000000,2.000060,31.900836,163.227609,1,0,1393.741056
1789523155,1,-115.669997,51.162936,0.000000,2.000000,32.515864,127.486518,1,0,1392.596273
1789523159,1,-115.668536,51.163679,0.000000,2.000000,32.965031,131.472485,1,0,1391.897527
1789523164,1,-115.666694,51.164604,0.000000,2.000000,32.977791,164.938128,1,0,1391.358568
1789523168,1,-115.665219,51.165346,0.000000,2.000000,32.941825,132.165964,1,0,1390.873518
1789523173,1,-115.663371,51.166265,0.000000,2.000000,32.882423,164.851353,1,0,1391.229308
1789523177,1,-115.661879,51.166985,0.000000,2.000000,32.879139,131.592180,1,0,1392.148094
1789523182,1,-115.660046,51.167890,0.000000,2.000000,32.159730,163.052300,1,0,1395.528819
1789523186,1,-115.658620,51.168599,0.000000,2.000000,31.440510,127.188874,1,0,1399.505549
1789523191,1,-115.656920,51.169451,0.000000,2.000000,29.601120,152.096127,1,0,1403.633895
1789523194,1,-115.655632,51.170096,0.000000,2.000000,28.419726,115.199511,1,0,1406.260645
1789523198,1,-115.654367,51.170726,0.000000,2.000000,28.423050,112.901405,1,0,1407.402715
1789523203,1,-115.652722,51.171546,0.000000,2.000000,29.912836,146.868378,1,0,1408.182963
1789523207,1,-115.651366,51.172232,0.000000,2.000000,30.562855,121.764681,1,0,1408.757266
1789523211,1,-115.649988,51.172920,0.000000,2.047584,30.943628,123.097512,1,0,1407.657603
1789523216,1,-115.648245,51.173790,0.000000,2.000004,31.190684,155.686844,1,0,1404.423632
1789523221,1,-115.646395,51.174588,0.000000,2.000000,31.540895,156.947579,1,0,1401.824976
1789523225,1,-115.644799,51.175110,0.000000,2.000000,31.338095,125.850485,1,0,1401.851306
1789523230,1,-115.642726,51.175627,0.000000,2.000000,31.001625,156.006077,1,0,1404.440160
1789523234,1,-115.641065,51.175996,0.000000,2.000000,30.704015,123.232725,1,0,1407.412038
1789523239,1,-115.639408,51.176365,0.000000,2.000000,30.665713,122.968978,1,0,1408.338805
1789523243,1,-115.637757,51.176731,0.000000,2.000000,30.640503,122.462005,1,0,1407.003645
1789523247,1,-115.636074,51.177042,0.000000,2.000000,30.742941,122.710770,1,0,1403.523613
1789523251,1,-115.634342,51.177178,0.000000,2.000000,30.507540,122.098870,1,0,1401.398380
1789523255,1,-115.632604,51.177191,0.000000,2.000000,30.401619,121.585677,1,0,1401.528627
1789523260,1,-115.630407,51.177240,0.000000,2.000000,30.971011,153.781893,1,0,1403.858702
1789523264,1,-115.628637,51.177370,0.000000,2.003426,31.194859,124.657799,1,0,1405.596272
1789523268,1,-115.626880,51.177592,0.000000,2.000004,31.442613,125.351495,1,0,1407.109831
1789523273,1,-115.624735,51.177982,0.000000,2.000000,31.157368,156.182368,1,0,1409.360956
1789523278,1,-115.622682,51.178493,0.000000,2.000000,30.602186,154.445465,1,0,1409.724975
1789523282,1,-115.621107,51.178935,0.000000,2.000000,29.951893,120.644229,1,0,1409.551638
1789523287,1,-115.619122,51.179382,0.000000,2.000000,29.292746,147.481768,1,0,1411.569599
1789523291,1,-115.617469,51.179496,0.000000,2.000000,29.176169,116.312917,1,0,1416.274205
1789523296,1,-115.615390,51.179536,0.000000,2.000000,29.109928,145.483864,1,0,1420.728449
1789523301,1,-115.613314,51.179612,0.000000,2.000000,28.984292,145.452063,1,0,1422.708786
1789523306,1,-115.611268,51.179835,0.000000,2.000000,29.291310,145.243129,1,0,1421.163599
1789523311,1,-115.609292,51.180263,0.000000,2.000000,29.124754,146.187101,1,0,1417.801259
1789523315,1,-115.607835,51.180745,0.000000,2.000000,28.331182,115.162337,1,0,1414.211741
1789523318,1,-115.606517,51.181265,0.000000,2.000000,26.614740,108.842730,1,0,1410.884405
1789523323,1,-115.605103,51.181825,0.000000,2.000000,18.437611,116.896372,1,0,1408.536629
1789523329,1,-115.604210,51.182079,0.000000,2.017456,8.598145,68.558140,1,0,1408.220504
1789523338,1,-115.603826,51.182122,0.000000,2.002188,0.039497,27.281738,1,0,1408.324556
1789523573,1,-115.603157,51.182213,0.000000,9.309456,0.177655,47.876356,1,0,1426.767596
1789523616,1,-115.603700,51.182196,0.000000,14.000253,0.055075,38.027227,1,0,1404.638632
1789523712,1,-115.603010,51.182627,0.000000,8.285304,8.443273,68.035954,1,0,1404.892786
1789523721,1,-115.602257,51.182946,0.000000,2.279840,8.471553,63.509269,1,0,1405.461884
1789523727,1,-115.601017,51.183461,0.000000,2.002019,20.240383,103.946657,1,0,1406.165462
1789523731,1,-115.599750,51.183818,0.000000,2.000030,24.119639,97.108150,1,0,1406.409171
1789523735,1,-115.598462,51.184034,0.000000,2.000001,23.033119,93.231013,1,0,1407.401725
1789523739,1,-115.597186,51.184169,0.000000,2.000000,22.658905,90.495778,1,0,1408.394388
1789523744,1,-115.595631,51.184382,0.000000,2.000000,22.043033,111.305633,1,0,1407.709284
1789523750,1,-115.593947,51.184786,0.000000,2.000000,20.637807,126.063011,1,0,1404.799510
1789523755,1,-115.592595,51.185182,0.000000,2.000000,21.182744,104.319129,1,0,1400.844487
1789523760,1,-115.591200,51.185596,0.000000,2.000000,21.911284,107.892342,1,0,1395.386320
1789523764,1,-115.590033,51.185944,0.000000,2.000000,22.996666,90.337503,1,0,1391.851853
1789523768,1,-115.588819,51.186308,0.000000,2.000000,23.901024,94.070616,1,0,1390.922066
1789523773,1,-115.587259,51.186777,0.000000,2.000000,24.207069,120.941794,1,0,1390.245466
1789523777,1,-115.585990,51.187151,0.000000,2.000000,24.988956,98.023609,1,0,1389.280456
1789523781,1,-115.584596,51.187575,0.000000,2.000000,27.429334,108.299649,1,0,1388.718406
1789523785,1,-115.583174,51.188000,0.000000,2.000000,27.453938,110.113147,1,0,1388.331913
1789523790,1,-115.581402,51.188527,0.000000,2.000000,27.440048,137.091231,1,0,1388.406096
1789523794,1,-115.579980,51.188951,0.000000,2.000000,27.549617,110.065402,1,0,1388.778700
1789523798,1,-115.578557,51.189375,0.000000,2.000000,27.527613,110.128584,1,0,1388.224361
1789523802,1,-115.577129,51.189801,0.000000,2.000000,27.535719,110.539868,1,0,1387.747932
1789523806,1,-115.575708,51.190224,0.000000,1.999999,27.497848,109.954526,1,0,1387.157772
1789523810,1,-115.574290,51.190648,0.000000,1.999999,27.470929,109.812728,1,0,1387.323539
1789523814,1,-115.572872,51.191072,0.000000,2.000000,27.437180,109.812736,1,0,1388.103335
1789523818,1,-115.571442,51.191485,0.000000,1.999999,27.504682,110.054356,1,0,1388.489088
1789523822,1,-115.569992,51.191866,0.000000,1.999999,27.462399,109.904627,1,0,1389.762128
1789523826,1,-115.568536,51.192218,0.000000,1.999999,27.259041,109.092103,1,0,1392.138787
1789523830,1,-115.567066,51.192539,0.000000,2.107548,27.284518,108.815409,1,0,1395.345358
1789523834,1,-115.565586,51.192861,0.000000,2.000662,27.480960,109.512542,1,0,1398.898759
1789523838,1,-115.564103,51.193183,0.000000,2.000003,27.437388,109.710843,1,0,1402.184362
1789523842,1,-115.562614,51.193503,0.000000,1.999999,27.590363,110.035283,1,0,1404.460145
1789523846,1,-115.561118,51.193824,0.000000,1.999999,27.608335,110.534460,1,0,1406.174677
1789523850,1,-115.559617,51.194144,0.000000,2.000000,27.688317,110.829593,1,0,1407.274430
1789523854,1,-115.558117,51.194470,0.000000,1.999999,27.764683,110.979826,1,0,1406.600145
1789523858,1,-115.556620,51.194793,0.000000,2.135899,27.705838,110.672725,1,0,1405.866886
1789523862,1,-115.555129,51.195117,0.000000,2.000800,27.688174,110.312327,1,0,1405.773950
1789523866,1,-115.553643,51.195447,0.000000,2.000004,27.576668,110.202642,1,0,1405.238130
1789523870,1,-115.552181,51.195811,0.000000,2.000000,27.470269,109.958535,1,0,1404.194222
1789523874,1,-115.550754,51.196234,0.000000,2.001698,27.516485,110.324364,1,0,1403.321951
1789523879,1,-115.549092,51.196893,0.000000,2.000001,27.497282,137.413387,1,0,1402.249479
1789523884,1,-115.547712,51.197773,0.000000,4.732390,27.540995,137.469424,1,0,1400.617424
1789523889,1,-115.546571,51.198782,0.000000,4.748556,27.560637,137.731768,1,0,1398.598399
1789523894,1,-115.545553,51.199840,0.000000,4.748651,27.433173,137.572163,1,0,1397.770962
1789523898,1,-115.544782,51.200702,0.000000,4.748651,27.376060,110.028982,1,0,1397.785361
1789523903,1,-115.543828,51.201780,0.000000,2.213928,27.524950,137.252188,1,0,1398.297963
1789523908,1,-115.542870,51.202858,0.000000,2.000200,27.487988,137.384883,1,0,1398.727150
1789523912,1,-115.542103,51.203723,0.000000,2.000007,27.512483,110.181025,1,0,1399.071377
1789523916,1,-115.541335,51.204585,0.000000,2.000000,27.483040,109.923645,1,0,1399.517839
1789523920,1,-115.540569,51.205451,0.000000,2.000000,27.578915,110.244292,1,0,1400.067143
1789523924,1,-115.539801,51.206314,0.000000,2.000000,27.480355,110.020775,1,0,1400.366733
1789523928,1,-115.538997,51.207165,0.000000,2.041194,27.512925,110.120191,1,0,1401.047567
1789523932,1,-115.537973,51.207910,0.000000,2.006447,27.398375,109.525624,1,0,1402.331279
1789523936,1,-115.536704,51.208494,0.000000,2.000038,27.705456,109.960132,1,0,1402.393717
1789523940,1,-115.535253,51.208896,0.000000,2.000000,27.795916,110.850754,1,0,1400.876184
1789523944,1,-115.533689,51.209079,0.000000,2.001988,27.887017,111.202997,1,0,1398.420018
1789523948,1,-115.532120,51.209035,0.000000,2.014316,27.273199,109.781295,1,0,1397.303229
1789523952,1,-115.530627,51.208788,0.000000,2.000095,27.121792,107.918429,1,0,1395.694287
1789523956,1,-115.529249,51.208342,0.000000,2.036994,27.232534,108.355230,1,0,1394.683081
1789523961,1,-115.527612,51.207665,0.000000,2.000115,27.526757,136.997677,1,0,1393.916362
1789523965,1,-115.526270,51.207103,0.000000,2.000001,28.902256,112.739875,1,0,1393.171003
1789523969,1,-115.524887,51.206527,0.000000,2.004258,29.005148,115.988933,1,0,1392.583604
1789523974,1,-115.523220,51.205751,0.000000,2.010287,29.015382,145.030413,1,0,1390.967470
1789523978,1,-115.522113,51.204988,0.000000,2.000039,28.647781,114.874352,1,0,1391.070326
1789523982,1,-115.521121,51.204176,0.000000,2.000000,28.563856,113.896213,1,0,1390.178751
1789523986,1,-115.520057,51.203387,0.000000,2.000000,28.798772,115.063707,1,0,1390.198477
1789523990,1,-115.518826,51.202703,0.000000,2.062146,28.822494,114.878717,1,0,1390.209305
1789523994,1,-115.517385,51.202216,0.000000,2.000247,28.505799,114.387288,1,0,1389.940687
1789523998,1,-115.515803,51.201949,0.000000,2.000330,28.863559,114.514140,1,0,1387.575870
1789524003,1,-115.513751,51.201715,0.000000,2.000001,29.167927,145.793047,1,0,1384.788322
1789524007,1,-115.512076,51.201525,0.000000,2.007168,30.182916,118.987446,1,0,1383.289029
1789524012,1,-115.509945,51.201282,0.000000,2.000001,30.257613,151.405675,1,0,1381.591201
1789524017,1,-115.507829,51.200990,0.000000,2.000000,30.308169,151.449486,1,0,1379.921591
1789524021,1,-115.506178,51.200651,0.000000,2.000000,30.323995,121.424408,1,0,1378.453373
1789524025,1,-115.504558,51.200269,0.000000,2.000000,30.185262,120.963753,1,0,1377.404946
1789524029,1,-115.502946,51.199874,0.000000,2.000000,30.252139,120.958434,1,0,1376.718232
1789524033,1,-115.501368,51.199429,0.000000,3.374326,30.142223,120.917172,1,0,1376.955811
1789524037,1,-115.499913,51.198842,0.000000,4.745834,30.355820,120.881777,1,0,1377.186110
1789524042,1,-115.498325,51.197916,0.000000,4.748651,30.308565,151.463738,1,0,1377.018743
1789524046,1,-115.497237,51.197072,0.000000,4.748652,30.280822,120.857601,1,0,1376.880274
1789524051,1,-115.496129,51.195898,0.000000,4.748652,30.422741,151.878728,1,0,1375.102170
1789524056,1,-115.495095,51.194701,0.000000,4.748652,30.313667,151.550625,1,0,1372.658935
1789524060,1,-115.494272,51.193742,0.000000,4.748652,30.285347,121.237768,1,0,1371.051942
1789524064,1,-115.493448,51.192793,0.000000,4.748652,29.891574,120.292912,1,0,1369.596796
1789524068,1,-115.492647,51.191862,0.000000,4.748652,29.136447,117.768220,1,0,1368.293169
1789524072,1,-115.491862,51.190961,0.000000,4.748652,28.196436,114.301143,1,0,1367.257642
1789524076,1,-115.491108,51.190085,0.000000,4.748652,27.341087,110.821524,1,0,1366.520125
1789524080,1,-115.490372,51.189237,0.000000,4.748652,26.588120,107.482851,1,0,1365.728832
1789524084,1,-115.489655,51.188405,0.000000,4.748651,26.084874,105.284145,1,0,1364.950489
1789524088,1,-115.488951,51.187587,0.000000,4.748652,25.709174,103.481406,1,0,1364.158791
1789524093,1,-115.488078,51.186580,0.000000,4.748651,25.366654,127.605603,1,0,1363.606079
1789524097,1,-115.487388,51.185781,0.000000,4.748651,25.224809,101.158661,1,0,1362.950570
1789524101,1,-115.486699,51.184986,0.000000,4.748652,25.109020,100.734202,1,0,1362.142854
1789524106,1,-115.485842,51.183997,0.000000,4.748652,25.046575,125.311406,1,0,1361.356592
1789524110,1,-115.485157,51.183207,0.000000,4.748652,24.962887,100.111783,1,0,1360.924927
1789524115,1,-115.484203,51.182257,0.000000,4.748652,25.059105,125.002518,1,0,1360.527049
1789524119,1,-115.483287,51.181562,0.000000,4.748652,25.086773,100.424052,1,0,1359.753254
1789524123,1,-115.482254,51.180932,0.000000,4.748652,25.225271,100.667475,1,0,1358.176783
1789524128,1,-115.480905,51.180187,0.000000,4.748652,25.067789,125.592989,1,0,1356.397361
1789524132,1,-115.479827,51.179588,0.000000,4.748652,25.150080,100.632135,1,0,1354.943970
1789524137,1,-115.478473,51.178840,0.000000,4.748652,25.171734,126.075967,1,0,1353.596809
1789524142,1,-115.477123,51.178094,0.000000,4.748652,25.087909,125.718896,1,0,1352.262870
1789524146,1,-115.476049,51.177495,0.000000,4.748652,25.082848,100.422656,1,0,1351.053422
1789524150,1,-115.474969,51.176901,0.000000,4.748652,25.145412,100.375387,1,0,1350.566074
1789524154,1,-115.473892,51.176308,0.000000,4.748652,24.951829,100.144201,1,0,1349.941041
1789524158,1,-115.472843,51.175703,0.000000,4.748652,24.843039,99.577303,1,0,1349.874157
1789524163,1,-115.471655,51.174864,0.000000,4.748652,25.102289,124.982963,1,0,1349.209965
1789524168,1,-115.470657,51.173928,0.000000,4.748652,25.090535,125.382163,1,0,1349.053000
1789524173,1,-115.469785,51.172953,0.000000,4.748652,24.932983,124.462068,1,0,1350.723166
1789524178,1,-115.468933,51.171973,0.000000,4.748652,24.712351,124.273387,1,0,1353.095626
1789524182,1,-115.468258,51.171198,0.000000,4.748652,24.358320,98.318570,1,0,1355.737324
1789524186,1,-115.467564,51.170473,0.000000,4.748652,23.287452,94.155013,1,0,1359.916843
1789524190,1,-115.466730,51.169836,0.000000,4.748652,23.024708,91.803420,1,0,1363.743511
1789524194,1,-115.465734,51.169302,0.000000,4.748652,22.964271,91.570118,1,0,1367.363587
1789524198,1,-115.464600,51.168882,0.000000,4.748652,23.220696,92.069481,1,0,1370.680574
1789524203,1,-115.463024,51.168541,0.000000,4.748652,23.500435,116.591953,1,0,1373.591137
1789524207,1,-115.461704,51.168367,0.000000,4.748652,23.572081,94.345005,1,0,1375.905682
1789524211,1,-115.460378,51.168196,0.000000,4.748652,23.746887,94.688201,1,0,1377.097194
1789524215,1,-115.459052,51.168031,0.000000,4.748652,23.697407,94.556308,1,0,1377.795472
1789524220,1,-115.457391,51.167818,0.000000,4.748652,23.652712,118.583416,1,0,1377.968361
1789524225,1,-115.455739,51.167569,0.000000,4.748652,23.819839,118.836298,1,0,1378.225285
1789524229,1,-115.454486,51.167242,0.000000,4.748652,23.729992,94.911764,1,0,1377.969271
1789524233,1,-115.453285,51.166843,0.000000,4.748652,23.684887,95.031175,1,0,1377.329933
1789524237,1,-115.452095,51.166439,0.000000,4.748652,23.624609,94.614537,1,0,1377.084988
1789524241,1,-115.450904,51.166038,0.000000,4.748652,23.623222,94.518040,1,0,1376.524732
1789524246,1,-115.449421,51.165534,0.000000,4.748652,23.568620,117.938282,1,0,1376.087991
1789524250,1,-115.448238,51.165119,0.000000,4.748652,23.901702,94.774248,1,0,1375.798007
1789524254,1,-115.447070,51.164647,0.000000,4.748652,24.506884,97.136964,1,0,1374.972073
1789524259,1,-115.445623,51.163991,0.000000,4.748652,25.189455,124.805481,1,0,1374.592880
1789524263,1,-115.444507,51.163410,0.000000,4.748652,25.451053,101.368072,1,0,1373.716765
1789524267,1,-115.443439,51.162784,0.000000,4.748652,25.518034,102.151536,1,0,1372.475186
1789524272,1,-115.442187,51.161954,0.000000,4.748652,25.476686,127.293802,1,0,1370.337293
1789524277,1,-115.441030,51.161082,0.000000,4.748652,25.164695,126.366484,1,0,1369.390913
1789524282,1,-115.439988,51.160167,0.000000,4.748652,24.969031,125.227645,1,0,1369.088188
1789524287,1,-115.438987,51.159240,0.000000,4.748652,24.924161,124.682004,1,0,1369.099702
1789524291,1,-115.438184,51.158502,0.000000,4.748652,24.926577,99.501275,1,0,1369.085357
1789524295,1,-115.437379,51.157761,0.000000,4.748652,24.995337,99.855829,1,0,1368.757478
1789524299,1,-115.436586,51.157008,0.000000,4.748652,25.180816,100.498505,1,0,1367.998580
1789524304,1,-115.435635,51.156051,0.000000,4.748652,25.190624,125.572997,1,0,1367.596695
1789524308,1,-115.434913,51.155267,0.000000,4.748652,25.292569,100.812841,1,0,1367.310552
1789524312,1,-115.434231,51.154466,0.000000,4.748652,25.329315,101.103297,1,0,1365.786319
1789524316,1,-115.433569,51.153657,0.000000,4.748652,25.275716,101.240983,1,0,1364.384617
1789524320,1,-115.432911,51.152847,0.000000,4.748652,25.237316,101.212279,1,0,1363.093391
1789524326,1,-115.432075,51.151846,0.000000,4.748652,25.020445,125.816421,1,0,1362.353263
1789524330,1,-115.431317,51.151092,0.000000,4.748652,24.750095,99.264223,1,0,1362.557387
1789524335,1,-115.430163,51.150248,0.000000,4.748652,24.887964,123.864328,1,0,1363.871747
1789524339,1,-115.429179,51.149605,0.000000,4.748652,24.806578,99.304878,1,0,1365.482126
1789524343,1,-115.428189,51.148964,0.000000,3.665087,24.941475,99.436780,1,0,1367.159526
1789524347,1,-115.427195,51.148317,0.000000,2.186213,25.143884,100.111107,1,0,1368.325996
1789524351,1,-115.426184,51.147665,0.000000,2.002025,25.383135,101.338991,1,0,1368.605805
1789524356,1,-115.424918,51.146842,0.000000,2.001618,25.577488,127.428716,1,0,1366.698454
1789524360,1,-115.423905,51.146181,0.000000,2.003630,25.547426,102.160778,1,0,1364.934241
1789524364,1,-115.422883,51.145521,0.000000,2.000037,25.569811,102.519168,1,0,1362.759307
1789524367,1,-115.421868,51.144863,0.000000,2.329032,25.491858,102.018059,1,0,1360.911532
1789524371,1,-115.420862,51.144202,0.000000,2.003445,25.415973,101.821280,1,0,1358.903023
1789524376,1,-115.419605,51.143380,0.000000,2.007281,25.324893,126.911097,1,0,1356.856342
1789524380,1,-115.418605,51.142723,0.000000,2.000078,25.219646,101.209299,1,0,1355.034689
1789524384,1,-115.417606,51.142069,0.000000,2.061885,25.212785,100.924938,1,0,1353.402099
1789524389,1,-115.416348,51.141255,0.000000,2.007884,25.247953,126.326070,1,0,1351.234227
1789524393,1,-115.415343,51.140598,0.000000,2.032672,25.479990,101.456595,1,0,1348.253651
1789524398,1,-115.414073,51.139773,0.000000,2.000164,25.716934,127.789345,1,0,1344.463142
1789524404,1,-115.412798,51.138942,0.000000,2.000000,25.824919,128.512523,1,0,1339.180375
1789524409,1,-115.411536,51.138091,0.000000,2.000000,25.958361,129.500497,1,0,1334.638383
1789524413,1,-115.410604,51.137371,0.000000,2.000000,25.657505,103.322665,1,0,1331.585168
1789524418,1,-115.409549,51.136448,0.000000,2.000000,24.979217,126.502986,1,0,1328.706140
1789524422,1,-115.408797,51.135693,0.000000,2.075839,24.603843,99.142862,1,0,1327.381599
1789524426,1,-115.408108,51.134930,0.000000,2.032423,24.331136,97.646206,1,0,1327.594175
1789524430,1,-115.407416,51.134164,0.000000,2.000417,24.655012,98.040205,1,0,1328.146094
1789524435,1,-115.406518,51.133206,0.000000,2.452874,24.766205,123.755962,1,0,1328.778770
1789524439,1,-115.405684,51.132482,0.000000,2.117554,24.970364,99.496989,1,0,1329.058518
1789524444,1,-115.404472,51.131660,0.000000,2.135253,25.028649,124.765644,1,0,1329.293776
1789524448,1,-115.403388,51.131081,0.000000,2.144760,24.735802,99.552018,1,0,1329.142146
1789524452,1,-115.402190,51.130575,0.000000,2.503196,25.256365,101.020003,1,0,1328.235121
1789524457,1,-115.400633,51.130006,0.000000,2.140181,25.340087,126.061593,1,0,1327.078708
1789524462,1,-115.399080,51.129439,0.000000,2.137741,25.010817,125.707655,1,0,1327.006751
1789524466,1,-115.397841,51.128989,0.000000,4.602339,25.033009,100.159444,1,0,1327.532979
1789524470,1,-115.396609,51.128543,0.000000,4.746974,24.794021,99.512599,1,0,1328.970745
1789524475,1,-115.395079,51.127983,0.000000,4.748647,24.744674,123.924089,1,0,1331.400158
1789524480,1,-115.393542,51.127433,0.000000,4.748651,24.852881,123.804481,1,0,1334.650752
1789524484,1,-115.392309,51.126983,0.000000,4.748652,25.078411,99.804251,1,0,1336.692027
1789524487,1,-115.391060,51.126528,0.000000,4.748652,25.308765,101.052553,1,0,1337.804379
1789524492,1,-115.389509,51.125938,0.000000,4.748652,25.403429,126.902090,1,0,1337.012165
1789524496,1,-115.388367,51.125366,0.000000,4.748652,25.692514,102.201353,1,0,1335.677755
1789524501,1,-115.387061,51.124520,0.000000,4.748652,26.687133,131.240925,1,0,1333.020189
1789524505,1,-115.386071,51.123770,0.000000,4.748652,27.511552,108.489477,1,0,1330.638967
1789524509,1,-115.385046,51.122994,0.000000,4.748652,28.401079,112.280828,1,0,1327.880764
1789524514,1,-115.383720,51.121997,0.000000,4.748652,29.282204,144.671785,1,0,1325.506360
1789524518,1,-115.382627,51.121173,0.000000,4.748652,30.098895,119.437453,1,0,1324.312310
1789524522,1,-115.381528,51.120334,0.000000,4.748652,30.234869,120.990343,1,0,1324.566033
1789524526,1,-115.380461,51.119481,0.000000,4.748652,30.139580,120.797662,1,0,1325.899326
1789524531,1,-115.379421,51.118614,0.000000,4.748652,30.304714,120.877068,1,0,1328.096698
1789524536,1,-115.378130,51.117519,0.000000,4.748652,30.397284,151.720978,1,0,1329.788812
1789524541,1,-115.376845,51.116421,0.000000,4.748652,30.410007,151.745937,1,0,1329.077360
1789524545,1,-115.375821,51.115553,0.000000,4.748652,29.592856,120.299705,1,0,1327.266275
1789524549,1,-115.374829,51.114720,0.000000,4.748652,28.604570,115.837932,1,0,1324.484693
1789524553,1,-115.373858,51.113909,0.000000,4.748652,27.997287,112.997307,1,0,1321.651505
1789524558,1,-115.372651,51.112926,0.000000,4.748652,27.369810,138.239663,1,0,1319.299308
1789524562,1,-115.371798,51.112183,0.000000,4.748652,23.888481,102.001266,1,0,1317.999213
1789524567,1,-115.371068,51.111335,0.000000,4.748652,20.433040,107.322995,1,0,1316.420256
1789524572,1,-115.370831,51.110455,0.000000,4.748652,19.421914,99.317726,1,0,1316.997687
1789524578,1,-115.370780,51.109510,0.000000,4.748652,15.979256,105.214048,1,0,1319.908988
1789524584,1,-115.370182,51.109177,0.000000,4.748652,4.432855,55.923483,1,0,1322.276958
1789524594,1,-115.370149,51.108503,0.000000,4.748652,13.352302,75.033933,1,0,1320.065318
1789524600,1,-115.369917,51.107748,0.000000,4.748652,14.413856,85.568606,1,0,1317.058757
1789524606,1,-115.369233,51.107127,0.000000,4.748652,13.707112,84.084783,1,0,1315.919762
1789524611,1,-115.368575,51.106523,0.000000,4.748652,13.554878,81.496390,1,0,1316.028879
1789524618,1,-115.367807,51.105824,0.000000,4.748652,13.508963,94.573074,1,0,1316.556159
1789524625,1,-115.367026,51.105130,0.000000,4.748652,13.378483,94.639533,1,0,1315.467670
1789524631,1,-115.366351,51.104535,0.000000,4.748652,13.595275,81.358765,1,0,1314.875642
1789524637,1,-115.365548,51.104007,0.000000,4.748652,13.574897,81.338680,1,0,1315.485118
1789524643,1,-115.364636,51.103554,0.000000,4.748652,13.571471,81.377552,1,0,1315.790084
1789524650,1,-115.363585,51.103012,0.000000,4.748652,13.569240,95.172017,1,0,1316.772459
1789524657,1,-115.362812,51.102466,0.000000,4.748652,13.595613,81.383908,1,0,1317.446856
1789524664,1,-115.362085,51.101748,0.000000,4.748652,13.623701,94.747882,1,0,1318.435359
1789524670,1,-115.361482,51.101117,0.000000,4.748652,13.773220,81.942414,1,0,1319.039792
1789524676,1,-115.360869,51.100480,0.000000,4.748652,13.859141,82.876069,1,0,1319.075974
1789524683,1,-115.360155,51.099732,0.000000,4.748652,13.854755,97.106994,1,0,1318.394066
1789524689,1,-115.359540,51.099092,0.000000,2.151863,13.918049,83.234184,1,0,1317.615067
1789524695,1,-115.358924,51.098450,0.000000,2.048052,13.891954,83.460867,1,0,1316.860925
1789524702,1,-115.358259,51.097749,0.000000,2.002019,10.415851,90.856383,1,0,1315.677800
1789524709,1,-115.358083,51.097565,0.000000,2.000253,0.033979,23.900404,1,0,1315.959617
1789524737,1,-115.357493,51.096978,0.000000,2.174638,12.634354,77.299537,1,0,1312.756475
1789524744,1,-115.356702,51.096262,0.000000,2.375576,13.626344,97.052032,1,0,1311.864924
1789524750,1,-115.356030,51.095651,0.000000,2.499203,13.692784,82.699624,1,0,1311.284173
1789524756,1,-115.355364,51.095046,0.000000,2.531217,13.648887,81.911413,1,0,1310.963706
1789524762,1,-115.354696,51.094443,0.000000,2.539275,13.698853,81.808691,1,0,1310.343451
1789524768,1,-115.354035,51.093839,0.000000,2.543192,13.640717,81.620684,1,0,1310.013447
1789524775,1,-115.353248,51.093134,0.000000,2.542331,13.746176,95.888298,1,0,1309.995424
1789524783,1,-115.352492,51.092445,0.000000,2.534373,12.489531,93.185762,1,0,1309.925830
1789524789,1,-115.351900,51.091913,0.000000,2.526198,11.707116,72.285244,1,0,1309.657381
1789524796,1,-115.351246,51.091320,0.000000,2.524916,11.465572,80.337853,1,0,1309.680643
1789524803,1,-115.350702,51.090823,0.000000,2.527323,6.663001,67.167602,1,0,1309.100239
1789524822,1,-115.349982,51.090977,0.000000,2.061208,3.079713,53.283140,1,0,1309.540126
1789524837,1,-115.350168,51.091232,0.000000,2.061478,0.106182,31.224844,1,0,1310.772037
1789525065,1,-115.350642,51.090762,0.000000,50.028181,-1.000000,61.954101,1,0,1304.026389
1789525798,1,-115.350526,51.091309,0.000000,44.495014,-1.000000,61.406584,1,0,0.000000
1789525935,1,-115.350653,51.090770,0.000000,35.408549,-1.000000,60.632703,1,0,1306.480885
1789526003,1,-115.350193,51.090512,0.000000,33.270275,1.338896,43.164465,1,0,1309.810642
1789526054,1,-115.350041,51.089921,0.000000,28.010499,-1.000000,66.619208,1,0,1303.178936
1789526087,1,-115.349385,51.089904,0.000000,6.914863,0.494883,46.006676,1,0,1310.992468
1789526150,1,-115.348976,51.089303,0.000000,21.108536,-1.000000,72.757492,1,0,1310.161643
1789526227,1,-115.348462,51.088655,0.000000,21.600238,-1.000000,80.600032,1,0,1310.251187
1789526271,1,-115.347536,51.088362,0.000000,22.193126,-1.000000,72.617744,1,0,1310.883673
1789526453,1,-115.346711,51.088092,0.000000,25.779197,-1.000000,65.150845,1,0,1311.376512
1789527738,1,-115.347486,51.088361,0.000000,24.785566,-1.000000,62.009214,1,0,1311.382431
1789527777,1,-115.348397,51.088702,0.000000,26.672714,-1.000000,74.261939,1,0,1310.754470
1789527838,1,-115.348897,51.089176,0.000000,20.913856,-1.000000,63.319930,1,0,1310.273410
1789527889,1,-115.349413,51.089634,0.000000,21.017244,-1.000000,62.486785,1,0,1310.400179
1789527914,1,-115.349572,51.089973,0.000000,12.093276,1.738259,39.332526,1,0,1309.749172
1789527964,1,-115.350218,51.090403,0.000000,16.386652,-1.000000,65.867112,1,0,1311.065956
1789528003,1,-115.350369,51.090957,0.000000,17.726859,-1.000000,62.546690,1,0,1311.298161
1789528138,1,-115.350231,51.091179,0.000000,4.588542,0.115734,26.527867,1,0,1309.371051
1789528600,1,-115.350666,51.091173,0.000000,11.387108,0.252373,30.489001,1,0,1310.362197
